respondent_id,survey_weight,school_enrollment,employment_status,prepared_for_independence,advice_finances,advice_career,advice_mental_health,advice_physical_health,advice_friendships,relies_on_parents_emotionally,phone_video_frequency,text_frequency,in_person_frequency,financial_independence,received_financial_help,lives_with_parents,relationship_rating,true_self_with_parent,parent_relies_on_child_emotionally,knows_parent_beyond_parent_role,parent_involvement_level,communication_satisfaction,age_group,gender,education_level,race_ethnicity,marital_status,income_tier,census_region
102198,0.362393397854942,4-year college or graduate school,Working part time,A great deal,Extremely often,Extremely often,Very often,Rarely,Extremely often,A great deal,,,,Mostly,Yes,Lives with all parents,Excellent,Most of the time,A great deal,Extremely well,More involved than desired,About as often as desired,18–29,Woman,College graduate or higher,"White, non-Hispanic",Never married,Lower income,Northeast
274825,1.6814015105575095,Not enrolled in school,Working full time,A fair amount,Extremely often,Very often,Sometimes,Very often,Sometimes,Some,A few times a month,A few times a week,Less than once a month,Completely,No,Does not live with a parent,Excellent,Most of the time,A fair amount,Extremely well,As involved as desired,About as often as desired,18–29,Man,College graduate or higher,"White, non-Hispanic",Never married,Upper income,West
278114,0.3960992910346649,Not enrolled in school,Working part time,A great deal,Never,Never,Never,Rarely,Never,A fair amount,A few times a month,A few times a week,A few times a month,Completely,No,Does not live with a parent,Excellent,Most of the time,Some,Very well,As involved as desired,About as often as desired,30–34,Woman,College graduate or higher,"White, non-Hispanic",Married,Lower income,Midwest
309053,3.5883102340932944,Not enrolled in school,Working full time,A great deal,Sometimes,Very often,Rarely,Sometimes,Rarely,Some,A few times a month,A few times a month,Less than once a month,A little,No,Does not live with a parent,Very good,All of the time,Not much,Somewhat well,As involved as desired,Less often than desired,18–29,Man,College graduate or higher,"White, non-Hispanic",Living with a partner,Middle income,West
319198,0.3212080274888562,Not enrolled in school,Working full time,Not much,Sometimes,Rarely,Never,Never,Never,Not at all,Less than once a month,A few times a week,Less than once a month,Mostly,Yes,Does not live with a parent,Poor,Never,Not much,Not too well,As involved as desired,More often than desired,30–34,Man,College graduate or higher,"White, non-Hispanic",Never married,Middle income,Midwest
601394,4.319443365904856,Not enrolled in school,Working full time,A fair amount,Sometimes,Sometimes,Never,Rarely,Never,Not much,Once a month,A few times a month,Less than once a month,Completely,No,Does not live with a parent,Very good,Most of the time,Not much,Very well,As involved as desired,About as often as desired,18–29,Man,Some college,"White, non-Hispanic",Living with a partner,Middle income,West
601538,1.517542625273916,Not enrolled in school,Working full time,A great deal,Rarely,Rarely,Sometimes,Never,Rarely,Not much,,,,Completely,Yes,Lives with all parents,Good,Some of the time,Some,Not too well,Less involved than desired,Less often than desired,30–34,Woman,Some college,Hispanic,Never married,Lower income,South
603590,1.812167388042596,Not enrolled in school,Not currently working for pay,A great deal,Sometimes,Very often,Very often,Very often,Sometimes,Some,,,,Mostly,Yes,Lives with all parents,Excellent,Most of the time,A fair amount,Somewhat well,As involved as desired,About as often as desired,30–34,Man,Some college,"Asian, non-Hispanic",Never married,Upper income,West
604534,0.4009511910867191,Not enrolled in school,Working full time,A great deal,Sometimes,Sometimes,Rarely,Sometimes,Rarely,Some,A few times a week,A few times a week,A few times a week,Completely,No,Does not live with a parent,Good,Most of the time,Some,Somewhat well,As involved as desired,About as often as desired,30–34,Woman,College graduate or higher,"White, non-Hispanic",Married,Upper income,Midwest
605031,2.0461155556067,Not enrolled in school,Working full time,A great deal,Rarely,Rarely,Rarely,Never,Never,Not much,A few times a month,A few times a month,A few times a month,Completely,No,Does not live with a parent,Very good,All of the time,Not at all,Very well,As involved as desired,About as often as desired,30–34,Man,High school or less,"White, non-Hispanic",Married,Middle income,Northeast
605493,0.5942078379936837,Not enrolled in school,Working part time,A great deal,Sometimes,Sometimes,Sometimes,Sometimes,Sometimes,A fair amount,A few times a week,A few times a week,Less than once a month,Mostly,Yes,Does not live with a parent,Very good,Most of the time,A fair amount,Very well,Less involved than desired,Less often than desired,30–34,Woman,College graduate or higher,"Asian, non-Hispanic",Married,Middle income,West
606171,0.4463020804917564,4-year college or graduate school,Working full time,Not much,Rarely,Very often,Rarely,Very often,Very often,A great deal,A few times a week,A few times a week,A few times a week,Completely,No,Lives with at least one parent,Excellent,Most of the time,A great deal,Somewhat well,As involved as desired,About as often as desired,30–34,Woman,College graduate or higher,Hispanic,Living with a partner,Middle income,West
606790,0.50831401847266,Not enrolled in school,Working full time,A great deal,Very often,Sometimes,Never,Very often,Never,Not much,A few times a week,A few times a week,A few times a week,Completely,No,Does not live with a parent,Very good,Most of the time,Not much,Somewhat well,Less involved than desired,Less often than desired,30–34,Woman,College graduate or higher,Hispanic,Married,Middle income,West
607694,0.618016868628595,Not enrolled in school,Working full time,Some,Sometimes,Sometimes,Never,Never,Never,Not at all,A few times a week,A few times a week,Never,Completely,No,Does not live with a parent,Very good,Most of the time,A great deal,Extremely well,As involved as desired,About as often as desired,30–34,Woman,Some college,Hispanic,Living with a partner,Upper income,West
608491,2.5030488089344987,Not enrolled in school,Working full time,A fair amount,Sometimes,Rarely,Rarely,Rarely,Never,Not much,At least once a day,Never,At least once a day,Mostly,No,Lives with at least one parent,Very good,Most of the time,Some,Somewhat well,More involved than desired,About as often as desired,18–29,Woman,Some college,"Black, non-Hispanic",Never married,Lower income,South
610786,0.5975662126396958,4-year college or graduate school,Working full time,A great deal,Sometimes,Sometimes,Sometimes,Never,Sometimes,A great deal,A few times a month,A few times a week,Less than once a month,Completely,No,Does not live with a parent,Excellent,Most of the time,A fair amount,Somewhat well,As involved as desired,About as often as desired,30–34,Man,College graduate or higher,"Other or multiracial, non-Hispanic",Never married,Middle income,South
612332,0.6464232893018635,Not enrolled in school,Not currently working for pay,Not much,Rarely,Rarely,Never,Rarely,Rarely,Not much,A few times a week,At least once a day,A few times a week,Mostly,Yes,Does not live with a parent,Good,Rarely,Not at all,Extremely well,More involved than desired,More often than desired,30–34,Man,Some college,"White, non-Hispanic",Never married,Middle income,Midwest
615859,0.6313720159485123,Not enrolled in school,Working full time,A great deal,Very often,Sometimes,Sometimes,Rarely,Rarely,A fair amount,A few times a month,At least once a day,Once a month,Mostly,Yes,Does not live with a parent,Very good,All of the time,Some,Somewhat well,As involved as desired,Less often than desired,18–29,Man,College graduate or higher,"White, non-Hispanic",Never married,Middle income,Northeast
617876,1.6847429696994776,Not enrolled in school,Working full time,A fair amount,Sometimes,Sometimes,Rarely,Rarely,Sometimes,Some,A few times a month,A few times a week,At least once a day,Completely,No,Does not live with a parent,Very good,Most of the time,Not much,Very well,As involved as desired,Less often than desired,30–34,Man,Some college,"White, non-Hispanic",Never married,Middle income,Northeast
619330,0.1153522785847851,Not enrolled in school,Working full time,A great deal,Rarely,Never,Never,Never,Never,Not at all,,,,Completely,Yes,Lives with all parents,Excellent,Most of the time,Some,Somewhat well,As involved as desired,About as often as desired,30–34,Man,College graduate or higher,Hispanic,Never married,Upper income,Midwest
622962,0.3144036928102103,4-year college or graduate school,Working full time,A great deal,Sometimes,Very often,Rarely,Very often,Sometimes,Some,A few times a month,A few times a month,Less than once a month,Mostly,No,Does not live with a parent,Excellent,Most of the time,Some,Somewhat well,As involved as desired,About as often as desired,30–34,Man,College graduate or higher,"White, non-Hispanic",Married,Middle income,West
623762,0.3633296742809729,Not enrolled in school,Working full time,A fair amount,Rarely,Never,Never,Sometimes,Never,Some,Once a month,A few times a month,Once a month,Mostly,Yes,Does not live with a parent,Excellent,All of the time,Not at all,Somewhat well,Less involved than desired,Less often than desired,30–34,Man,College graduate or higher,"White, non-Hispanic",Married,Middle income,West
623771,2.829656817579432,Not enrolled in school,Working full time,A fair amount,Sometimes,Sometimes,Sometimes,Sometimes,Sometimes,Some,Less than once a month,A few times a month,Less than once a month,Completely,No,Does not live with a parent,Very good,Most of the time,Not much,Somewhat well,Less involved than desired,Less often than desired,30–34,Man,Some college,"White, non-Hispanic",Married,Middle income,South
623809,0.9165120240644484,Not enrolled in school,Working full time,A great deal,Sometimes,Sometimes,Sometimes,Sometimes,Sometimes,A fair amount,A few times a week,A few times a week,A few times a week,Completely,No,Does not live with a parent,Very good,Most of the time,A fair amount,Very well,As involved as desired,About as often as desired,30–34,Woman,College graduate or higher,"White, non-Hispanic",Living with a partner,Middle income,Midwest
625088,1.509724482034236,Not enrolled in school,Working part time,A fair amount,Sometimes,Sometimes,Sometimes,Sometimes,Sometimes,Some,A few times a month,A few times a month,A few times a month,Mostly,No,Does not live with a parent,Excellent,All of the time,Not much,Very well,As involved as desired,Less often than desired,30–34,Woman,High school or less,"White, non-Hispanic",Living with a partner,Lower income,South
625237,2.58458320120069,Not enrolled in school,Working full time,A fair amount,Sometimes,Sometimes,Sometimes,Sometimes,Sometimes,Some,Once a month,A few times a week,Less than once a month,Completely,Yes,Does not live with a parent,Good,Most of the time,A fair amount,Somewhat well,As involved as desired,Less often than desired,30–34,Man,College graduate or higher,"White, non-Hispanic",Married,Middle income,West
626152,0.2539530529224423,Not enrolled in school,Working full time,A great deal,Rarely,Rarely,Rarely,Rarely,Never,Not much,A few times a month,A few times a month,Less than once a month,Completely,No,Does not live with a parent,Very good,All of the time,Not at all,Very well,As involved as desired,About as often as desired,30–34,Man,College graduate or higher,"White, non-Hispanic",Married,Upper income,Midwest
630914,1.3408364814360956,Not enrolled in school,Working part time,A fair amount,Rarely,Sometimes,Sometimes,Sometimes,Rarely,Not much,,,,Completely,No,Lives with all parents,Excellent,All of the time,Not much,Very well,As involved as desired,About as often as desired,30–34,Man,Some college,"White, non-Hispanic",Never married,Middle income,Midwest
633392,0.6545217770736571,Not enrolled in school,Not currently working for pay,Not much,Never,Rarely,Never,Never,Never,Not at all,Never,A few times a week,A few times a month,Completely,No,Does not live with a parent,Poor,Never,Not at all,Not well at all,As involved as desired,About as often as desired,30–34,Woman,Some college,"White, non-Hispanic",Never married,Lower income,West
636675,2.7380608597943903,Not enrolled in school,Working part time,A fair amount,Extremely often,Very often,Very often,Very often,Very often,A fair amount,A few times a week,A few times a week,Less than once a month,Mostly,Yes,Does not live with a parent,Very good,All of the time,A fair amount,Somewhat well,Less involved than desired,Less often than desired,30–34,Woman,High school or less,"White, non-Hispanic",Married,Lower income,South
637024,1.3361204343155595,Not enrolled in school,Working full time,Not much,Sometimes,Never,Never,Never,Never,Not much,A few times a month,A few times a month,Less than once a month,Completely,Yes,Does not live with a parent,Good,Some of the time,Not at all,Somewhat well,As involved as desired,Less often than desired,18–29,Man,College graduate or higher,"Black, non-Hispanic",Never married,Middle income,South
643728,0.5541329383750135,Not enrolled in school,Working full time,Some,Never,Never,Rarely,Never,Never,Not much,A few times a month,A few times a week,Never,Completely,No,Does not live with a parent,Good,Most of the time,Not much,Extremely well,As involved as desired,About as often as desired,30–34,Man,College graduate or higher,"White, non-Hispanic",Never married,Middle income,Northeast
645149,0.5165282484794159,Not enrolled in school,Working part time,A great deal,Extremely often,Sometimes,Sometimes,Sometimes,Sometimes,Some,At least once a day,At least once a day,A few times a week,Mostly,Yes,Does not live with a parent,Good,Some of the time,Some,Somewhat well,As involved as desired,About as often as desired,30–34,Woman,Some college,"White, non-Hispanic",Married,Lower income,South
651256,0.7676433150752916,Not enrolled in school,Not currently working for pay,Some,Never,Rarely,Never,Never,Never,Not at all,A few times a month,A few times a week,Less than once a month,Completely,No,Does not live with a parent,Fair,Most of the time,Some,Somewhat well,As involved as desired,About as often as desired,30–34,Woman,College graduate or higher,"Other or multiracial, non-Hispanic",Married,Upper income,Northeast
651396,0.6514684520235187,Not enrolled in school,Working full time,A fair amount,Sometimes,Sometimes,Sometimes,Sometimes,Rarely,Some,At least once a day,A few times a week,A few times a month,Completely,No,Does not live with a parent,Good,All of the time,Some,Very well,As involved as desired,About as often as desired,30–34,Woman,College graduate or higher,Hispanic,Married,Middle income,West
652059,0.3521535297902666,Not enrolled in school,Not currently working for pay,A fair amount,Rarely,Rarely,Never,Rarely,Sometimes,Some,A few times a month,A few times a week,A few times a month,Completely,No,Does not live with a parent,Fair,Some of the time,Not at all,Somewhat well,Less involved than desired,Less often than desired,30–34,Woman,College graduate or higher,"White, non-Hispanic",Married,Middle income,South
653972,1.0916673562200516,Not enrolled in school,Working full time,A fair amount,Rarely,Rarely,Never,Rarely,Never,Not at all,Less than once a month,Less than once a month,Less than once a month,Completely,No,Does not live with a parent,Good,Most of the time,Not much,Somewhat well,As involved as desired,About as often as desired,30–34,Man,Some college,Hispanic,Never married,Middle income,West
654956,0.8812464525622957,Not enrolled in school,Working full time,A great deal,Sometimes,Very often,Sometimes,Sometimes,Very often,Some,A few times a week,A few times a week,Less than once a month,Completely,No,Does not live with a parent,Excellent,All of the time,Some,Very well,As involved as desired,About as often as desired,30–34,Man,College graduate or higher,"White, non-Hispanic",Married,Middle income,West
655741,0.4441773841261953,Not enrolled in school,Working full time,A fair amount,Sometimes,Sometimes,Never,Sometimes,Sometimes,Some,,,,Somewhat,Yes,Lives with all parents,Excellent,Most of the time,Some,Extremely well,As involved as desired,About as often as desired,30–34,Man,College graduate or higher,"White, non-Hispanic",Never married,Middle income,Midwest
657883,2.4398511082260725,2-year college or technical school,Not currently working for pay,Some,Rarely,Rarely,Sometimes,Rarely,Sometimes,Not much,A few times a week,A few times a week,Less than once a month,Mostly,No,Does not live with a parent,Very good,Most of the time,A fair amount,Somewhat well,As involved as desired,About as often as desired,30–34,Woman,Some college,"White, non-Hispanic",Living with a partner,Middle income,South
658382,1.381807571222842,Not enrolled in school,Working full time,Some,Never,Never,Never,Never,Never,Not at all,Less than once a month,A few times a month,Less than once a month,Completely,No,Does not live with a parent,Excellent,Most of the time,Not much,Not too well,Less involved than desired,Less often than desired,30–34,Man,Some college,Hispanic,Married,Middle income,West
658651,0.6427966040895615,Not enrolled in school,Working full time,A fair amount,Sometimes,Sometimes,Rarely,Rarely,Never,Not much,,,,Mostly,Yes,Lives with all parents,Very good,Some of the time,Not at all,Not too well,As involved as desired,About as often as desired,30–34,Man,College graduate or higher,"White, non-Hispanic",Living with a partner,Upper income,Northeast
662351,2.474055702375646,Not enrolled in school,Working full time,A great deal,Never,Sometimes,Never,Never,Sometimes,Not at all,At least once a day,At least once a day,A few times a month,Completely,No,Does not live with a parent,Excellent,All of the time,Not at all,Extremely well,As involved as desired,About as often as desired,18–29,Nonbinary,High school or less,"Asian, non-Hispanic",Never married,Middle income,Midwest
663768,1.277058357288676,Not enrolled in school,Working full time,A great deal,Rarely,Very often,Sometimes,Sometimes,Very often,Some,A few times a month,A few times a week,Less than once a month,Completely,No,Does not live with a parent,Fair,Some of the time,Not much,Not too well,As involved as desired,About as often as desired,30–34,Woman,College graduate or higher,"White, non-Hispanic",Married,Lower income,West
664996,0.2919805355463652,Not enrolled in school,Working full time,A great deal,Extremely often,Very often,Very often,Very often,Sometimes,A great deal,At least once a day,A few times a week,Less than once a month,Completely,No,Does not live with a parent,Excellent,All of the time,Some,Very well,As involved as desired,About as often as desired,30–34,Woman,College graduate or higher,"White, non-Hispanic",Married,Upper income,West
668249,1.0814447407394538,4-year college or graduate school,Working full time,Some,Sometimes,Sometimes,Very often,Sometimes,Sometimes,Some,A few times a month,A few times a week,A few times a month,Mostly,Yes,Does not live with a parent,Good,All of the time,Not much,Very well,As involved as desired,Less often than desired,30–34,Man,College graduate or higher,"White, non-Hispanic",Married,Middle income,Northeast
671577,1.6380486045067064,Not enrolled in school,Working part time,Not much,Rarely,Sometimes,Rarely,Sometimes,Rarely,A great deal,A few times a month,A few times a month,Once a month,Completely,No,Does not live with a parent,Excellent,All of the time,A fair amount,Extremely well,As involved as desired,About as often as desired,30–34,Woman,Some college,"White, non-Hispanic",Living with a partner,Lower income,West
672516,1.0814447407394538,Not enrolled in school,Working full time,Some,Sometimes,Sometimes,Rarely,Sometimes,Rarely,Not much,A few times a month,A few times a month,A few times a month,Mostly,No,Does not live with a parent,Very good,Most of the time,Some,Somewhat well,As involved as desired,About as often as desired,30–34,Man,College graduate or higher,"White, non-Hispanic",Living with a partner,Middle income,Northeast
673888,1.037326684833045,Not enrolled in school,Working full time,A great deal,Rarely,Sometimes,Never,Very often,Rarely,Some,Less than once a month,A few times a month,Once a month,Completely,No,Does not live with a parent,Very good,Most of the time,Not much,Somewhat well,As involved as desired,About as often as desired,30–34,Man,College graduate or higher,"White, non-Hispanic",Never married,Middle income,South
674200,1.1170069123931652,Not enrolled in school,Not currently working for pay,Some,Never,Never,Never,Never,Never,Some,A few times a week,A few times a week,Less than once a month,Completely,No,Does not live with a parent,Fair,Some of the time,Not much,Somewhat well,Less involved than desired,About as often as desired,30–34,Man,College graduate or higher,"White, non-Hispanic",Married,Middle income,South
676445,0.3842920410819323,Not enrolled in school,Working full time,A great deal,Extremely often,Extremely often,Very often,Extremely often,Extremely often,A great deal,At least once a day,At least once a day,Less than once a month,Mostly,Yes,Does not live with a parent,Excellent,All of the time,A fair amount,Extremely well,As involved as desired,About as often as desired,30–34,Woman,College graduate or higher,"White, non-Hispanic",Living with a partner,Middle income,Northeast
676590,1.3060106441880743,Not enrolled in school,Working part time,A fair amount,Very often,Very often,Never,Sometimes,Sometimes,Not much,Once a month,A few times a month,At least once a day,Somewhat,Yes,Lives with at least one parent,Very good,Some of the time,Some,Very well,As involved as desired,About as often as desired,30–34,Man,Some college,"White, non-Hispanic",Never married,Lower income,South
678783,0.7140062090307076,Not enrolled in school,Working full time,A great deal,Sometimes,Sometimes,Never,Rarely,Rarely,A great deal,A few times a month,At least once a day,Once a month,Mostly,Yes,Does not live with a parent,Excellent,Most of the time,Not much,Somewhat well,As involved as desired,Less often than desired,18–29,Woman,College graduate or higher,"White, non-Hispanic",Living with a partner,Middle income,West
679176,0.7210669400942177,Not enrolled in school,Working full time,A great deal,Rarely,Sometimes,Rarely,Extremely often,Sometimes,Some,,,,Somewhat,No,Lives with all parents,Good,Rarely,Not at all,Somewhat well,More involved than desired,More often than desired,30–34,Man,Some college,"Other or multiracial, non-Hispanic",Married,Lower income,West
684102,0.2317695967330946,Not enrolled in school,Working full time,A great deal,Very often,Very often,Sometimes,Sometimes,Very often,A great deal,At least once a day,At least once a day,A few times a week,Completely,No,Does not live with a parent,Excellent,All of the time,A fair amount,Extremely well,As involved as desired,About as often as desired,30–34,Woman,College graduate or higher,"White, non-Hispanic",Married,Upper income,South
687177,0.6349981372541201,Not enrolled in school,Working full time,A great deal,Never,Never,Never,Never,Never,Some,A few times a week,At least once a day,Less than once a month,Mostly,No,Does not live with a parent,Very good,Some of the time,Some,Somewhat well,As involved as desired,About as often as desired,30–34,Man,College graduate or higher,Hispanic,Never married,Lower income,West
687497,2.037740364683013,Not enrolled in school,Not currently working for pay,Not much,Extremely often,Extremely often,Never,Sometimes,Very often,Not much,At least once a day,At least once a day,A few times a month,Somewhat,Yes,Does not live with a parent,Good,Rarely,A fair amount,Somewhat well,As involved as desired,About as often as desired,30–34,Woman,Some college,Hispanic,Never married,Lower income,South
688022,0.8194030026601017,Not enrolled in school,Working full time,Some,Sometimes,Never,Never,Rarely,Rarely,Some,,,,Completely,No,Lives with all parents,Very good,All of the time,Some,Extremely well,As involved as desired,About as often as desired,18–29,Man,College graduate or higher,"Other or multiracial, non-Hispanic",Never married,Middle income,Northeast
688563,0.4645628343239373,Not enrolled in school,Working full time,Some,Never,Never,Sometimes,Never,Never,Not much,Once a month,A few times a month,A few times a month,Completely,No,Does not live with a parent,Poor,Never,Not at all,Not well at all,As involved as desired,About as often as desired,30–34,Woman,College graduate or higher,"White, non-Hispanic",Never married,Middle income,West
690065,1.0839472931920973,Not enrolled in school,Working full time,A great deal,Sometimes,Rarely,Rarely,Rarely,,Not at all,Less than once a month,A few times a month,Less than once a month,Completely,No,Does not live with a parent,Excellent,All of the time,Not at all,Very well,As involved as desired,About as often as desired,30–34,Man,College graduate or higher,"White, non-Hispanic",Married,Upper income,Northeast
692394,4.465495814493455,Not enrolled in school,Working full time,Some,Rarely,Rarely,Rarely,Rarely,Rarely,Not much,A few times a month,A few times a month,Less than once a month,Completely,No,Does not live with a parent,Excellent,All of the time,Not at all,Very well,As involved as desired,About as often as desired,30–34,Man,High school or less,"White, non-Hispanic",Married,Lower income,West
694680,0.4585783825269988,Not enrolled in school,Working full time,Some,Very often,Very often,Sometimes,Sometimes,Sometimes,A fair amount,A few times a week,A few times a week,Less than once a month,Mostly,Yes,Does not live with a parent,Fair,Some of the time,Not at all,Not too well,As involved as desired,Less often than desired,30–34,Woman,College graduate or higher,"White, non-Hispanic",Never married,Middle income,West
697580,0.981124418825384,Not enrolled in school,Working full time,A great deal,Sometimes,Sometimes,Sometimes,Sometimes,Sometimes,A fair amount,A few times a week,A few times a week,A few times a week,Completely,No,Does not live with a parent,Excellent,All of the time,Not much,Very well,As involved as desired,Less often than desired,30–34,Woman,College graduate or higher,"White, non-Hispanic",Married,Lower income,West
698078,0.5376973706346726,Not enrolled in school,Not currently working for pay,A great deal,Rarely,Very often,Very often,Rarely,Very often,A fair amount,A few times a week,A few times a week,Once a month,Completely,No,Does not live with a parent,Excellent,Most of the time,A fair amount,Very well,As involved as desired,About as often as desired,30–34,Man,College graduate or higher,"White, non-Hispanic",Married,Upper income,South
698477,1.0437494903128428,Not enrolled in school,Working part time,A fair amount,Never,Rarely,Never,Rarely,Never,Not at all,At least once a day,At least once a day,A few times a week,,No,Does not live with a parent,Good,Never,A great deal,Very well,More involved than desired,Less often than desired,30–34,Woman,High school or less,Hispanic,Never married,Lower income,Northeast
704965,0.2792210421445001,Not enrolled in school,Working full time,A fair amount,Rarely,Never,Never,Never,Never,Not at all,A few times a month,A few times a week,A few times a week,Completely,Yes,Does not live with a parent,Poor,Never,Not at all,Not well at all,Less involved than desired,Less often than desired,30–34,Woman,College graduate or higher,"Asian, non-Hispanic",Married,Lower income,South
705563,5.110539139983708,4-year college or graduate school,Working full time,A great deal,Rarely,Sometimes,Rarely,Rarely,Rarely,Not much,,,,Mostly,No,Lives with all parents,Very good,Most of the time,Some,Somewhat well,As involved as desired,About as often as desired,18–29,Man,Some college,Hispanic,Never married,Lower income,West
707103,0.6541122808939748,Not enrolled in school,Working full time,A great deal,Sometimes,Rarely,Rarely,Rarely,Rarely,Not much,A few times a week,A few times a week,Less than once a month,Completely,No,Does not live with a parent,Fair,Some of the time,Some,Very well,As involved as desired,About as often as desired,30–34,Woman,College graduate or higher,"White, non-Hispanic",Married,Upper income,West
709312,0.2171203812250989,Not enrolled in school,Working part time,Some,Never,Sometimes,Never,Sometimes,Rarely,Some,A few times a week,A few times a week,A few times a month,Completely,No,Does not live with a parent,Good,Most of the time,A great deal,Somewhat well,As involved as desired,More often than desired,18–29,Woman,College graduate or higher,"White, non-Hispanic",Living with a partner,Middle income,South
710918,0.5874252386275616,Not enrolled in school,Working full time,A fair amount,Sometimes,Sometimes,Never,Sometimes,Never,Some,A few times a week,At least once a day,A few times a week,Mostly,No,Does not live with a parent,Poor,Never,Not at all,Extremely well,More involved than desired,About as often as desired,30–34,Man,College graduate or higher,"White, non-Hispanic",Married,Middle income,Midwest
714196,1.0360233653159157,Not enrolled in school,Working full time,A fair amount,Never,Never,Never,Never,Never,Not at all,Less than once a month,Less than once a month,Less than once a month,Completely,No,Does not live with a parent,Fair,Some of the time,Not at all,Somewhat well,Less involved than desired,Less often than desired,18–29,Man,College graduate or higher,"Other or multiracial, non-Hispanic",Living with a partner,Upper income,Midwest
717762,0.4426591535026973,4-year college or graduate school,Working full time,Some,Rarely,Rarely,Never,Rarely,Rarely,Not at all,Less than once a month,A few times a week,A few times a month,Completely,No,Does not live with a parent,Good,Rarely,A fair amount,Very well,As involved as desired,About as often as desired,30–34,Woman,College graduate or higher,"White, non-Hispanic",Married,Middle income,West
724684,1.886570240992819,Not enrolled in school,Working full time,A great deal,Rarely,Sometimes,Rarely,Sometimes,Sometimes,Some,,,,Mostly,Yes,Lives with all parents,Very good,Most of the time,Not much,Somewhat well,As involved as desired,About as often as desired,18–29,Woman,College graduate or higher,"Black, non-Hispanic",Never married,Upper income,Northeast
727271,0.3651641655296874,Not enrolled in school,Working full time,A great deal,Very often,Sometimes,Rarely,Very often,Sometimes,Not much,Less than once a month,A few times a week,Less than once a month,Completely,No,Does not live with a parent,Very good,Some of the time,Some,Somewhat well,More involved than desired,About as often as desired,30–34,Woman,College graduate or higher,"Other or multiracial, non-Hispanic",Divorced,Middle income,South
201501118992,1.5395815214177344,Not enrolled in school,Working part time,A great deal,Sometimes,Very often,Extremely often,Extremely often,Rarely,A fair amount,,,,A little,Yes,Lives with all parents,Very good,Most of the time,Not much,Somewhat well,As involved as desired,Less often than desired,30–34,Woman,High school or less,Hispanic,Never married,Lower income,South
201501134047,0.3661423934551699,4-year college or graduate school,Working part time,Some,Sometimes,Never,Sometimes,Very often,Sometimes,Some,A few times a month,A few times a week,Less than once a month,Somewhat,Yes,Does not live with a parent,Poor,Rarely,Not much,Not well at all,As involved as desired,About as often as desired,18–29,Woman,College graduate or higher,"White, non-Hispanic",Never married,Lower income,Northeast
201501140481,0.4029672466078119,Not enrolled in school,Working full time,A fair amount,Never,Never,Never,Never,Never,Not at all,A few times a week,Less than once a month,Less than once a month,Mostly,Yes,Does not live with a parent,Poor,Some of the time,Not at all,Not too well,Less involved than desired,Less often than desired,30–34,Man,College graduate or higher,Hispanic,Never married,Middle income,West
201501205715,0.2550543351717373,Not enrolled in school,Working part time,Some,Rarely,Rarely,Rarely,Rarely,Rarely,Not at all,Less than once a month,A few times a month,Less than once a month,Completely,No,Does not live with a parent,Very good,Most of the time,A fair amount,Very well,Less involved than desired,Less often than desired,30–34,Woman,College graduate or higher,"White, non-Hispanic",Living with a partner,Middle income,South
201501208167,0.8048957828253382,2-year college or technical school,Working full time,A fair amount,Sometimes,Sometimes,Very often,Rarely,Sometimes,A fair amount,Once a month,At least once a day,Less than once a month,Completely,No,Does not live with a parent,Excellent,All of the time,Not much,Somewhat well,As involved as desired,About as often as desired,18–29,Man,Some college,"White, non-Hispanic",Never married,Middle income,South
201501228955,0.6242171701922763,4-year college or graduate school,Working part time,Not much,Sometimes,Rarely,Rarely,Never,Never,Some,,,,Not at all,Yes,Lives with all parents,Good,Rarely,Not much,Somewhat well,As involved as desired,About as often as desired,30–34,Man,College graduate or higher,"Asian, non-Hispanic",Never married,Lower income,West
201501229317,1.7426978315424235,Not enrolled in school,Working full time,A great deal,Sometimes,Sometimes,Sometimes,Sometimes,Sometimes,Some,At least once a day,At least once a day,Less than once a month,Completely,No,Does not live with a parent,Very good,Most of the time,A great deal,Very well,As involved as desired,About as often as desired,30–34,Woman,College graduate or higher,"Black, non-Hispanic",Never married,Middle income,South
201501265578,0.3020662759724152,4-year college or graduate school,Working part time,A great deal,Sometimes,Sometimes,Sometimes,Rarely,Sometimes,A great deal,At least once a day,At least once a day,Once a month,Completely,No,Does not live with a parent,Excellent,All of the time,Some,Extremely well,As involved as desired,About as often as desired,30–34,Woman,College graduate or higher,"Asian, non-Hispanic",Divorced,Lower income,West
201501603640,0.5035428391834412,4-year college or graduate school,Working part time,A great deal,Extremely often,Very often,Sometimes,Very often,Sometimes,A great deal,At least once a day,A few times a week,Less than once a month,Mostly,Yes,Does not live with a parent,Very good,Most of the time,Not much,Somewhat well,As involved as desired,Less often than desired,30–34,Man,College graduate or higher,"White, non-Hispanic",Never married,Lower income,South
201501605978,0.4905964131006797,Not enrolled in school,Not currently working for pay,Some,Never,Never,Never,Never,Never,Not at all,Less than once a month,Less than once a month,Less than once a month,Completely,No,Does not live with a parent,Poor,Rarely,Not much,Somewhat well,Less involved than desired,Less often than desired,30–34,Man,College graduate or higher,"White, non-Hispanic",Married,Middle income,West
201501606159,0.538901664812224,4-year college or graduate school,Working full time,Some,Rarely,Sometimes,Sometimes,Rarely,Rarely,A fair amount,A few times a week,A few times a week,A few times a month,Completely,No,Does not live with a parent,Very good,Most of the time,Some,Somewhat well,As involved as desired,About as often as desired,30–34,Woman,College graduate or higher,"White, non-Hispanic",Married,Lower income,West
201501606632,0.8714188079549712,Not enrolled in school,Not currently working for pay,A fair amount,Sometimes,Sometimes,Sometimes,Rarely,Rarely,Not much,A few times a month,A few times a month,Less than once a month,Mostly,Yes,Does not live with a parent,Very good,Most of the time,Not much,Extremely well,As involved as desired,About as often as desired,30–34,Man,Some college,"White, non-Hispanic",Never married,Middle income,West
201501608065,0.451780669148742,4-year college or graduate school,Working full time,A great deal,Never,Never,Sometimes,Sometimes,Never,Not at all,Less than once a month,A few times a week,Less than once a month,Completely,No,Does not live with a parent,Good,Some of the time,A great deal,Very well,As involved as desired,About as often as desired,30–34,Woman,College graduate or higher,"White, non-Hispanic",Living with a partner,,West
201501610567,0.4480881945413474,Not enrolled in school,Working full time,A great deal,Very often,Very often,Very often,Sometimes,Sometimes,A great deal,A few times a week,A few times a week,A few times a month,Mostly,Yes,Does not live with a parent,Excellent,Most of the time,A fair amount,Very well,As involved as desired,About as often as desired,18–29,Man,College graduate or higher,"White, non-Hispanic",Never married,Middle income,West
201501610872,0.3637607413241751,Not enrolled in school,Working full time,A great deal,Rarely,Rarely,Sometimes,Sometimes,Sometimes,A fair amount,A few times a week,A few times a week,Once a month,Completely,No,Does not live with a parent,Very good,Most of the time,A fair amount,Very well,As involved as desired,About as often as desired,30–34,Woman,College graduate or higher,"White, non-Hispanic",Married,Upper income,Northeast
201501611818,0.488854591019136,Not enrolled in school,Working full time,A fair amount,Very often,Never,Sometimes,Very often,Never,Not at all,A few times a month,A few times a week,Less than once a month,Mostly,Yes,Does not live with a parent,Very good,All of the time,Some,Very well,As involved as desired,Less often than desired,30–34,Man,College graduate or higher,"White, non-Hispanic",Married,Upper income,South
201501616297,1.5466052392287828,Not enrolled in school,Working full time,A fair amount,Sometimes,Rarely,Never,Never,Never,Not at all,A few times a month,Once a month,Less than once a month,Completely,No,Does not live with a parent,Good,Some of the time,Not much,Very well,Less involved than desired,Less often than desired,30–34,Man,College graduate or higher,"White, non-Hispanic",Married,Middle income,South
201501617649,0.4541523504313142,Not enrolled in school,Working full time,A great deal,Never,Never,Never,Never,Never,Not at all,A few times a month,Once a month,Less than once a month,Completely,No,Does not live with a parent,Good,Rarely,Not at all,Somewhat well,As involved as desired,About as often as desired,30–34,Man,College graduate or higher,Hispanic,Married,Middle income,Midwest
201501622472,4.7091678454126304,Not enrolled in school,Working full time,A great deal,Extremely often,Extremely often,Sometimes,Very often,Sometimes,A great deal,A few times a week,A few times a week,Once a month,Mostly,Yes,Does not live with a parent,Excellent,All of the time,A great deal,Extremely well,As involved as desired,About as often as desired,18–29,Woman,Some college,"White, non-Hispanic",Living with a partner,Upper income,South
201501622724,2.4383869989034563,Not enrolled in school,Working full time,A great deal,Sometimes,Sometimes,Sometimes,Sometimes,Rarely,A fair amount,Less than once a month,A few times a month,A few times a month,Completely,No,Does not live with a parent,Good,All of the time,Some,Somewhat well,As involved as desired,About as often as desired,30–34,Man,High school or less,"White, non-Hispanic",Never married,Upper income,Midwest
201501624218,5.972011849555488,2-year college or technical school,Working full time,A fair amount,Very often,Very often,Very often,Rarely,Rarely,Not much,A few times a month,A few times a week,Less than once a month,Completely,Yes,Does not live with a parent,Excellent,All of the time,Not much,Very well,Less involved than desired,Less often than desired,18–29,Man,Some college,"White, non-Hispanic",Married,Middle income,Midwest
201501624300,0.2518599959238841,Not enrolled in school,Working full time,A great deal,Sometimes,Very often,Very often,Very often,Sometimes,A great deal,A few times a month,A few times a week,Once a month,Mostly,Yes,Does not live with a parent,Excellent,Most of the time,A fair amount,Extremely well,As involved as desired,About as often as desired,18–29,Woman,College graduate or higher,"White, non-Hispanic",Living with a partner,Middle income,Midwest
201501624671,0.8533694789461876,Not enrolled in school,Working full time,A great deal,Sometimes,Very often,Very often,Sometimes,Rarely,A fair amount,A few times a week,A few times a week,A few times a month,Completely,No,Does not live with a parent,Excellent,Most of the time,Not much,Very well,As involved as desired,About as often as desired,30–34,Man,College graduate or higher,"White, non-Hispanic",Living with a partner,Middle income,South
201501626417,0.3153989970011514,Not enrolled in school,Working full time,A great deal,Sometimes,Very often,Very often,Extremely often,Extremely often,Some,A few times a month,A few times a week,A few times a month,Completely,No,Does not live with a parent,Excellent,Most of the time,Some,Very well,As involved as desired,About as often as desired,30–34,Man,College graduate or higher,"White, non-Hispanic",Married,Upper income,Midwest
201501640302,0.2996737350647932,Not enrolled in school,Working full time,Some,Sometimes,,Rarely,Sometimes,,A fair amount,A few times a week,A few times a week,A few times a week,Somewhat,Yes,Lives with at least one parent,Fair,Some of the time,A great deal,Somewhat well,As involved as desired,About as often as desired,30–34,Woman,Some college,"Black, non-Hispanic",Never married,Lower income,South
201501644301,0.488854591019136,Not enrolled in school,Working full time,A great deal,Sometimes,Sometimes,Sometimes,Sometimes,Very often,Some,A few times a month,At least once a day,Less than once a month,Completely,Yes,Does not live with a parent,Excellent,All of the time,Not much,Somewhat well,As involved as desired,About as often as desired,30–34,Man,College graduate or higher,"White, non-Hispanic",Married,Upper income,South
201501649465,2.915002057064943,Not enrolled in school,Not currently working for pay,Not at all,Sometimes,Sometimes,Sometimes,Sometimes,Sometimes,Not much,A few times a week,A few times a month,A few times a week,Somewhat,Yes,Lives with at least one parent,Very good,Rarely,Some,Very well,More involved than desired,More often than desired,18–29,Woman,High school or less,Hispanic,Divorced,Lower income,South
201501650065,0.3404290469526549,Not enrolled in school,Working full time,Some,Very often,Sometimes,Never,Rarely,Never,Some,,,,A little,Yes,Lives with all parents,Good,Some of the time,Some,Somewhat well,More involved than desired,About as often as desired,18–29,Woman,College graduate or higher,"Other or multiracial, non-Hispanic",Never married,Upper income,Northeast
201501653278,0.3370198589616606,Not enrolled in school,Not currently working for pay,A great deal,Very often,Very often,Very often,Very often,Sometimes,A fair amount,A few times a month,A few times a month,Less than once a month,Completely,No,Does not live with a parent,Excellent,All of the time,Not much,Extremely well,As involved as desired,About as often as desired,30–34,Man,College graduate or higher,Hispanic,Never married,Upper income,Northeast
201501655718,0.7373214858356415,Not enrolled in school,Working full time,A great deal,Sometimes,Sometimes,Sometimes,Sometimes,Very often,A fair amount,A few times a month,A few times a month,Once a month,Completely,No,Does not live with a parent,Excellent,All of the time,A fair amount,Very well,As involved as desired,About as often as desired,18–29,Woman,College graduate or higher,"White, non-Hispanic",Never married,Upper income,Midwest
201501667434,0.6301618295481428,Not enrolled in school,Working full time,A fair amount,Sometimes,Very often,Sometimes,Very often,Very often,Some,,,,Completely,Yes,Lives with all parents,Very good,All of the time,A fair amount,Very well,As involved as desired,About as often as desired,30–34,Woman,High school or less,"White, non-Hispanic",Never married,Middle income,Northeast
201501676079,2.671576449407988,Not enrolled in school,Working full time,A great deal,Sometimes,Rarely,Sometimes,Sometimes,Never,Some,A few times a week,A few times a week,Less than once a month,Completely,No,Does not live with a parent,Very good,Most of the time,Not at all,Very well,Less involved than desired,Less often than desired,18–29,Man,College graduate or higher,"White, non-Hispanic",Married,Middle income,South
201501676648,1.5950462757493908,Not enrolled in school,Working full time,A fair amount,Sometimes,Sometimes,Sometimes,Very often,Rarely,Not much,A few times a month,A few times a month,Less than once a month,Mostly,No,Does not live with a parent,Good,Some of the time,Some,Somewhat well,As involved as desired,About as often as desired,18–29,Man,College graduate or higher,"White, non-Hispanic",Never married,Upper income,Northeast
201501676768,0.2316458777695321,Not enrolled in school,Working full time,A fair amount,Very often,Extremely often,Rarely,Sometimes,Rarely,Not much,At least once a day,At least once a day,A few times a month,Completely,No,Does not live with a parent,Very good,Most of the time,Some,Somewhat well,As involved as desired,More often than desired,30–34,Woman,College graduate or higher,"Asian, non-Hispanic",Married,Middle income,West
201501678221,1.2116837838023362,Not enrolled in school,Working full time,A fair amount,Rarely,Sometimes,Never,Sometimes,Never,Not much,A few times a month,Less than once a month,Less than once a month,Completely,No,Does not live with a parent,Poor,Rarely,Not much,Somewhat well,As involved as desired,Less often than desired,18–29,Woman,College graduate or higher,"White, non-Hispanic",Married,Middle income,Midwest
201501678471,1.918749447435812,Not enrolled in school,Working full time,A fair amount,Sometimes,Rarely,Sometimes,Sometimes,Rarely,A fair amount,A few times a month,A few times a week,Less than once a month,Mostly,Yes,Does not live with a parent,Good,Most of the time,Some,Very well,Less involved than desired,About as often as desired,18–29,Woman,College graduate or higher,"White, non-Hispanic",Never married,Lower income,West
201501680124,0.9830405621317913,Not enrolled in school,Working full time,A great deal,Rarely,Sometimes,Never,Sometimes,Sometimes,Some,A few times a month,A few times a week,A few times a month,Mostly,No,Does not live with a parent,Good,All of the time,Not much,Somewhat well,As involved as desired,Less often than desired,18–29,Woman,Some college,"Other or multiracial, non-Hispanic",Married,Middle income,Midwest
201501680788,0.335494764564973,Not enrolled in school,Working full time,A great deal,Very often,Sometimes,Rarely,Sometimes,Sometimes,Some,Less than once a month,A few times a week,Less than once a month,Mostly,No,Does not live with a parent,Excellent,Most of the time,Some,Very well,As involved as desired,Less often than desired,30–34,Woman,Some college,"White, non-Hispanic",Married,Middle income,South
201501682318,1.3131616627166145,Not enrolled in school,Working part time,A fair amount,Never,Never,Never,Never,Never,Not at all,Once a month,Once a month,Less than once a month,Mostly,No,Does not live with a parent,Fair,Rarely,Not at all,Not too well,As involved as desired,About as often as desired,30–34,Nonbinary,College graduate or higher,"White, non-Hispanic",Never married,Lower income,Midwest
201501683849,0.5390680441493876,Not enrolled in school,Not currently working for pay,A fair amount,Rarely,Sometimes,Rarely,Sometimes,Sometimes,A fair amount,A few times a week,A few times a week,Less than once a month,Completely,No,Does not live with a parent,Good,Most of the time,Some,Somewhat well,As involved as desired,About as often as desired,30–34,Man,College graduate or higher,"Black, non-Hispanic",Married,Upper income,South
201501684131,0.3333324237113266,4-year college or graduate school,Working full time,A great deal,Sometimes,Extremely often,Sometimes,Rarely,Sometimes,A great deal,Once a month,At least once a day,Less than once a month,Mostly,No,Does not live with a parent,Excellent,All of the time,A fair amount,Very well,As involved as desired,Less often than desired,18–29,Woman,College graduate or higher,"White, non-Hispanic",Living with a partner,Upper income,South
201501686078,0.5221632279900154,Not enrolled in school,Working full time,Not much,Never,Rarely,Never,Never,Rarely,Not much,A few times a month,A few times a week,A few times a month,Completely,No,Does not live with a parent,Fair,Most of the time,A fair amount,Somewhat well,As involved as desired,About as often as desired,18–29,Woman,College graduate or higher,"White, non-Hispanic",Living with a partner,Lower income,South
201501687391,0.3897533618430241,Not enrolled in school,Working full time,A great deal,Never,Never,Never,Rarely,Never,Not at all,A few times a week,A few times a week,A few times a month,Completely,No,Does not live with a parent,Very good,Most of the time,Some,Very well,As involved as desired,About as often as desired,30–34,Woman,College graduate or higher,"White, non-Hispanic",Married,Upper income,West
201501687650,0.3538962867655155,Not enrolled in school,Working full time,A great deal,Never,Rarely,Very often,Sometimes,Sometimes,Some,A few times a month,A few times a week,Less than once a month,Completely,No,Does not live with a parent,Very good,Most of the time,Not much,Somewhat well,Less involved than desired,Less often than desired,30–34,Woman,College graduate or higher,"White, non-Hispanic",Living with a partner,Middle income,Northeast
201501687662,0.6604280495825496,Not enrolled in school,Working full time,A great deal,Extremely often,Extremely often,Extremely often,Extremely often,Sometimes,A fair amount,A few times a month,A few times a week,Once a month,Completely,No,Does not live with a parent,Excellent,All of the time,Some,Somewhat well,As involved as desired,About as often as desired,30–34,Man,College graduate or higher,"White, non-Hispanic",Married,Upper income,South
201501688342,0.2331918138962437,Not enrolled in school,Working full time,A great deal,Very often,Very often,Sometimes,Sometimes,Very often,A great deal,At least once a day,At least once a day,A few times a month,Mostly,No,Does not live with a parent,Excellent,All of the time,Some,Extremely well,As involved as desired,About as often as desired,30–34,Woman,College graduate or higher,"White, non-Hispanic",Never married,Middle income,South
201501689057,0.4579585678958912,Not enrolled in school,Working full time,A great deal,Rarely,Rarely,Rarely,Rarely,Rarely,Some,A few times a month,Less than once a month,Less than once a month,Completely,Yes,Does not live with a parent,Good,Some of the time,Some,Somewhat well,As involved as desired,About as often as desired,30–34,Man,College graduate or higher,"White, non-Hispanic",Never married,,Northeast
201501690936,2.34276697713878,Not enrolled in school,Working full time,A great deal,Never,Never,Never,Never,Never,Not at all,A few times a month,A few times a week,A few times a month,Completely,No,Does not live with a parent,Excellent,Never,Not at all,Extremely well,As involved as desired,About as often as desired,30–34,Man,Some college,"White, non-Hispanic",Married,Middle income,Midwest
201501691173,0.6073382236784455,Not enrolled in school,Working full time,A fair amount,Sometimes,Sometimes,Rarely,Rarely,Rarely,Some,Once a month,A few times a month,Less than once a month,Mostly,No,Does not live with a parent,Good,Most of the time,Not much,Somewhat well,As involved as desired,About as often as desired,18–29,Woman,College graduate or higher,"White, non-Hispanic",Never married,Middle income,West
201501691275,0.3405506061209443,Not enrolled in school,Working full time,A great deal,Extremely often,Extremely often,Extremely often,Extremely often,Extremely often,A great deal,At least once a day,At least once a day,Less than once a month,Mostly,Yes,Does not live with a parent,Excellent,All of the time,Not much,Extremely well,As involved as desired,About as often as desired,30–34,Woman,College graduate or higher,"White, non-Hispanic",Never married,Middle income,South
201501694020,6.314159461681934,Not enrolled in school,Working full time,A fair amount,Sometimes,Never,Never,Never,Never,Not at all,A few times a month,A few times a month,Less than once a month,Completely,Yes,Does not live with a parent,Good,All of the time,Some,Not too well,As involved as desired,About as often as desired,30–34,Man,Some college,"Black, non-Hispanic",Never married,Lower income,Northeast
201501695233,4.306226691869545,Not enrolled in school,Working full time,Not much,Rarely,Rarely,Never,Rarely,Rarely,Not much,A few times a week,Never,At least once a day,Mostly,Yes,Lives with at least one parent,Fair,Rarely,Not much,Somewhat well,More involved than desired,About as often as desired,18–29,Man,High school or less,"White, non-Hispanic",Never married,Middle income,South
201501697631,0.6657900243114468,Not enrolled in school,Working full time,Not at all,Sometimes,Rarely,Never,Never,Never,Not at all,A few times a month,Never,Less than once a month,Completely,No,Does not live with a parent,Good,Some of the time,Some,Not well at all,Less involved than desired,Less often than desired,30–34,Woman,Some college,"White, non-Hispanic",Married,Lower income,South
201501700859,0.2894763707948369,4-year college or graduate school,Working full time,Not much,Never,Never,Never,Never,Never,Not at all,Less than once a month,Less than once a month,Less than once a month,Completely,No,Does not live with a parent,Poor,Never,Not at all,Extremely well,Less involved than desired,Less often than desired,30–34,Woman,Some college,"White, non-Hispanic",Married,Lower income,South
201501701762,0.3602560904852916,Not enrolled in school,Working full time,A fair amount,Sometimes,Rarely,Sometimes,Never,Rarely,Some,A few times a month,A few times a week,A few times a month,Completely,No,Does not live with a parent,Very good,Most of the time,Not much,Somewhat well,As involved as desired,About as often as desired,30–34,Man,College graduate or higher,"White, non-Hispanic",Married,Middle income,West
201501726321,0.2719718016441227,Not enrolled in school,Working part time,A great deal,Sometimes,Extremely often,Extremely often,Very often,Rarely,A fair amount,At least once a day,At least once a day,A few times a week,Mostly,Yes,Does not live with a parent,Very good,All of the time,A fair amount,Extremely well,As involved as desired,About as often as desired,30–34,Woman,College graduate or higher,"White, non-Hispanic",Married,Middle income,Midwest
201501726340,2.0061428061826017,2-year college or technical school,Not currently working for pay,A fair amount,Sometimes,Sometimes,Sometimes,Sometimes,Very often,Some,A few times a month,A few times a month,A few times a month,Mostly,Yes,Lives with at least one parent,Good,Some of the time,Not much,Somewhat well,More involved than desired,About as often as desired,30–34,Woman,High school or less,Hispanic,Separated,Lower income,South
201501726887,0.8081633920811111,Not enrolled in school,Working full time,A great deal,Rarely,Rarely,Never,Rarely,Rarely,Some,A few times a month,A few times a week,Less than once a month,Completely,No,Does not live with a parent,Excellent,Most of the time,Not much,Extremely well,As involved as desired,About as often as desired,30–34,Man,College graduate or higher,"White, non-Hispanic",Never married,Upper income,Midwest
201501728252,0.2947449439391508,Not enrolled in school,Working full time,A fair amount,Rarely,Rarely,Rarely,Rarely,Never,Not much,A few times a month,A few times a month,Less than once a month,Completely,No,Does not live with a parent,Fair,Rarely,Not at all,Somewhat well,As involved as desired,Less often than desired,30–34,Man,College graduate or higher,"White, non-Hispanic",Married,Middle income,Midwest
201501728687,4.852521621115174,Not enrolled in school,Working full time,Some,Never,Never,Never,Never,Never,Not at all,Never,Never,Never,Completely,No,Lives with at least one parent,Good,Some of the time,A fair amount,Very well,As involved as desired,More often than desired,30–34,Man,High school or less,"White, non-Hispanic",Never married,Middle income,Northeast
201501729167,0.2853047129916281,Not enrolled in school,Working full time,A fair amount,Rarely,Rarely,Rarely,Rarely,Rarely,Some,A few times a week,A few times a week,A few times a week,Mostly,No,Does not live with a parent,Very good,Some of the time,A fair amount,Somewhat well,More involved than desired,About as often as desired,30–34,Man,College graduate or higher,"White, non-Hispanic",Married,Upper income,West
201501729858,0.7350920770524269,Not enrolled in school,Working full time,A fair amount,Rarely,Rarely,Never,Sometimes,Never,Not much,A few times a month,A few times a week,Less than once a month,Completely,No,Does not live with a parent,Good,Some of the time,Some,Somewhat well,Less involved than desired,Less often than desired,30–34,Woman,College graduate or higher,"White, non-Hispanic",Never married,Middle income,Northeast
201501731054,0.9997273456439032,Not enrolled in school,Unable to work due to disability,A great deal,Very often,Very often,Sometimes,Sometimes,Rarely,Not much,A few times a month,A few times a month,Less than once a month,Mostly,Yes,Lives with at least one parent,Good,Some of the time,Not much,Somewhat well,As involved as desired,About as often as desired,30–34,Man,College graduate or higher,"Asian, non-Hispanic",Married,Middle income,South
201501734824,0.5098215161424883,Not enrolled in school,Working full time,A fair amount,Very often,Very often,Very often,Very often,Very often,A fair amount,,,,Completely,No,Lives with all parents,Excellent,All of the time,A fair amount,Very well,Less involved than desired,About as often as desired,30–34,Man,College graduate or higher,"Other or multiracial, non-Hispanic",Married,Lower income,Northeast
201501735187,0.3538962867655155,4-year college or graduate school,Working full time,A great deal,Rarely,Rarely,Sometimes,Sometimes,Rarely,Some,A few times a month,A few times a week,Less than once a month,Mostly,Yes,Does not live with a parent,Good,Some of the time,A fair amount,Somewhat well,As involved as desired,Less often than desired,30–34,Woman,College graduate or higher,"White, non-Hispanic",Living with a partner,Middle income,Northeast
201501735861,2.570016420207565,Not enrolled in school,Working full time,Some,Sometimes,Sometimes,Sometimes,Sometimes,Never,Not much,A few times a month,A few times a month,Once a month,Mostly,Yes,Does not live with a parent,Fair,Never,Not at all,Somewhat well,Less involved than desired,Less often than desired,18–29,Nonbinary,Some college,"White, non-Hispanic",Living with a partner,Lower income,South
201501736093,0.8823119078393715,Not enrolled in school,Working full time,A fair amount,Rarely,Sometimes,Rarely,Never,Rarely,Some,A few times a week,A few times a week,Less than once a month,Mostly,No,Does not live with a parent,Very good,Most of the time,A fair amount,Very well,As involved as desired,About as often as desired,18–29,Woman,College graduate or higher,"White, non-Hispanic",Living with a partner,Middle income,Northeast
201501736475,1.0050719350700288,Not enrolled in school,Working full time,A great deal,Very often,Very often,Rarely,Rarely,Sometimes,Some,A few times a month,A few times a week,Less than once a month,Completely,No,Does not live with a parent,Excellent,Most of the time,Not at all,Very well,As involved as desired,About as often as desired,18–29,Man,College graduate or higher,"White, non-Hispanic",Never married,Upper income,Northeast
201501794979,0.2853047129916281,Not enrolled in school,Working full time,A fair amount,Sometimes,Rarely,Rarely,Sometimes,Rarely,Not much,A few times a month,A few times a week,Less than once a month,Mostly,Yes,Does not live with a parent,Good,Most of the time,A great deal,Very well,As involved as desired,About as often as desired,30–34,Man,College graduate or higher,"White, non-Hispanic",Married,Upper income,West
201701218985,2.910681528609685,Not enrolled in school,Working full time,A fair amount,Sometimes,Sometimes,Never,Never,Rarely,Not much,,,,Mostly,No,Lives with all parents,Very good,Some of the time,Not much,Very well,As involved as desired,About as often as desired,18–29,Man,Some college,Hispanic,Never married,Middle income,West
201701256892,0.3939732420670037,Not enrolled in school,Working full time,A fair amount,Rarely,Extremely often,Extremely often,Very often,Rarely,A great deal,,,,Somewhat,Yes,Lives with all parents,Excellent,All of the time,Not much,Extremely well,As involved as desired,About as often as desired,30–34,Man,College graduate or higher,"White, non-Hispanic",Never married,Middle income,Midwest
201701602961,0.5524444017845986,Not enrolled in school,Working full time,Not much,Sometimes,Very often,Very often,Very often,Sometimes,A fair amount,A few times a week,A few times a week,Less than once a month,Mostly,Yes,Does not live with a parent,Excellent,All of the time,Some,Extremely well,As involved as desired,About as often as desired,18–29,Man,College graduate or higher,"White, non-Hispanic",Never married,Middle income,Northeast
201701603739,0.1332576089846679,Not enrolled in school,Not currently working for pay,A fair amount,Never,Rarely,Never,Sometimes,Never,Not much,A few times a month,A few times a month,Less than once a month,Completely,No,Does not live with a parent,Very good,Most of the time,Not much,Somewhat well,As involved as desired,Less often than desired,30–34,Man,College graduate or higher,Hispanic,Never married,Lower income,West
201701606150,0.6074973185084243,4-year college or graduate school,Working part time,A fair amount,Very often,Never,Never,Sometimes,Rarely,Not much,Less than once a month,Once a month,Less than once a month,Mostly,Yes,Does not live with a parent,Good,Most of the time,A fair amount,Not too well,As involved as desired,About as often as desired,18–29,Woman,College graduate or higher,"Asian, non-Hispanic",Never married,Middle income,South
201701607480,1.4556630394131431,Not enrolled in school,Working part time,A great deal,Extremely often,Extremely often,Extremely often,Extremely often,Extremely often,A great deal,A few times a week,At least once a day,Less than once a month,Mostly,Yes,Does not live with a parent,Excellent,All of the time,A great deal,Extremely well,As involved as desired,About as often as desired,18–29,Woman,College graduate or higher,"White, non-Hispanic",Living with a partner,Lower income,Midwest
201701610536,1.138829714411207,Not enrolled in school,Working full time,A great deal,Rarely,Rarely,Never,Sometimes,Never,A fair amount,A few times a week,A few times a week,At least once a day,Completely,No,Does not live with a parent,Excellent,All of the time,Some,Very well,As involved as desired,Less often than desired,18–29,Woman,College graduate or higher,Hispanic,Married,Middle income,West
201701610762,0.5324946860997153,Not enrolled in school,Working full time,A fair amount,Rarely,Sometimes,Rarely,Rarely,Rarely,Some,Less than once a month,A few times a month,Less than once a month,Completely,No,Does not live with a parent,Very good,Most of the time,Not much,Very well,As involved as desired,Less often than desired,30–34,Man,College graduate or higher,"White, non-Hispanic",Married,Middle income,Midwest
201701610930,0.5233511310411485,Not enrolled in school,Working part time,A great deal,Extremely often,Extremely often,Extremely often,Extremely often,Extremely often,A great deal,At least once a day,At least once a day,At least once a day,Mostly,Yes,Lives with at least one parent,Excellent,All of the time,Some,Very well,As involved as desired,About as often as desired,30–34,Woman,College graduate or higher,Hispanic,Married,Middle income,Northeast
201701611096,0.5159865957425868,Not enrolled in school,Working full time,A great deal,Very often,Sometimes,Very often,Rarely,Rarely,Some,Once a month,A few times a week,Less than once a month,Mostly,Yes,Does not live with a parent,Very good,Most of the time,A fair amount,Extremely well,As involved as desired,Less often than desired,18–29,Woman,College graduate or higher,"Other or multiracial, non-Hispanic",Never married,Middle income,South
201701611152,0.8920351119592214,Not enrolled in school,Working full time,A fair amount,Sometimes,Sometimes,Sometimes,Very often,Sometimes,Some,At least once a day,A few times a week,A few times a month,Mostly,No,Does not live with a parent,Good,Some of the time,Some,Somewhat well,More involved than desired,About as often as desired,30–34,Woman,College graduate or higher,Hispanic,Married,Lower income,South
201701612823,0.3746494484843643,Not enrolled in school,Working part time,A great deal,Very often,Very often,Very often,Very often,Sometimes,A fair amount,Less than once a month,A few times a week,A few times a month,Mostly,No,Does not live with a parent,Excellent,Most of the time,A fair amount,Very well,As involved as desired,About as often as desired,18–29,Woman,College graduate or higher,"Other or multiracial, non-Hispanic",Living with a partner,Lower income,Northeast
201701618655,0.3885634126987383,Not enrolled in school,Working full time,A great deal,Very often,Very often,Very often,Very often,Very often,A great deal,A few times a week,A few times a week,A few times a month,Mostly,Yes,Does not live with a parent,Excellent,Most of the time,Not much,Extremely well,As involved as desired,About as often as desired,18–29,Man,College graduate or higher,"White, non-Hispanic",Never married,Middle income,Northeast
201701628100,1.4516104362298126,Not enrolled in school,Working full time,A great deal,Sometimes,Sometimes,Sometimes,Sometimes,Sometimes,Not much,A few times a month,A few times a month,A few times a month,Completely,No,Does not live with a parent,Good,All of the time,Not much,Not too well,Less involved than desired,Less often than desired,30–34,Man,Some college,"White, non-Hispanic",Living with a partner,Middle income,Northeast
201701629027,1.4596834654511788,Not enrolled in school,Working full time,A great deal,Never,Never,Never,Never,Never,Not much,A few times a month,A few times a week,Once a month,Completely,No,Does not live with a parent,Fair,Some of the time,Not at all,Not too well,As involved as desired,Less often than desired,18–29,Man,College graduate or higher,"White, non-Hispanic",Married,Middle income,Midwest
201701634759,0.9561683402663232,Not enrolled in school,Working full time,Some,Very often,Very often,Rarely,Sometimes,Sometimes,Not much,A few times a month,A few times a week,Less than once a month,Mostly,No,Does not live with a parent,Very good,Some of the time,Not much,Not too well,Less involved than desired,Less often than desired,18–29,Man,College graduate or higher,"Other or multiracial, non-Hispanic",Living with a partner,Middle income,West
201701637196,1.035087684240269,4-year college or graduate school,Working full time,A great deal,Sometimes,Sometimes,Sometimes,Very often,Sometimes,A fair amount,,,,Somewhat,Yes,Lives with all parents,Very good,Most of the time,A fair amount,Very well,As involved as desired,About as often as desired,18–29,Man,Some college,"Black, non-Hispanic",Never married,Middle income,West
201701640014,0.4010469026372703,4-year college or graduate school,Working full time,A great deal,Sometimes,Extremely often,Never,Never,Rarely,Not much,A few times a month,A few times a week,Less than once a month,Completely,No,Does not live with a parent,Excellent,Most of the time,Not at all,Extremely well,As involved as desired,About as often as desired,30–34,Woman,College graduate or higher,"White, non-Hispanic",Married,Upper income,South
201701641473,0.2455862833523246,4-year college or graduate school,Working full time,A great deal,Very often,Very often,Very often,Very often,Very often,A fair amount,At least once a day,A few times a week,Less than once a month,Mostly,No,Does not live with a parent,Excellent,Most of the time,Some,Somewhat well,As involved as desired,About as often as desired,30–34,Man,College graduate or higher,"Other or multiracial, non-Hispanic",Never married,Upper income,Midwest
201701643011,0.3045805209534003,4-year college or graduate school,Working full time,A fair amount,Sometimes,Sometimes,Sometimes,Sometimes,Rarely,Some,A few times a month,A few times a month,A few times a month,Completely,No,Does not live with a parent,Very good,Most of the time,Some,Very well,As involved as desired,About as often as desired,30–34,Man,College graduate or higher,"White, non-Hispanic",Living with a partner,Middle income,Northeast
201701643053,2.0233508790285746,Not enrolled in school,Not currently working for pay,Not at all,Extremely often,Rarely,Never,Sometimes,Rarely,Not at all,A few times a week,At least once a day,At least once a day,Not at all,Yes,Lives with at least one parent,Good,Rarely,Some,Somewhat well,Less involved than desired,About as often as desired,18–29,Woman,High school or less,"Black, non-Hispanic",Never married,Middle income,Northeast
201701653417,0.2545017339559448,Not enrolled in school,Working full time,A fair amount,Never,Never,Never,Never,Never,Not at all,Once a month,Less than once a month,Less than once a month,Completely,No,Does not live with a parent,Very good,Most of the time,Some,Somewhat well,Less involved than desired,Less often than desired,30–34,Man,College graduate or higher,"Other or multiracial, non-Hispanic",Married,Middle income,South
201701667125,2.956906914429727,Not enrolled in school,Working part time,Not much,Never,Never,Never,Never,Never,Not at all,At least once a day,At least once a day,At least once a day,Mostly,No,Does not live with a parent,Fair,Some of the time,Some,Somewhat well,More involved than desired,More often than desired,30–34,Man,Some college,Hispanic,Never married,Lower income,West
201701669600,6.314159461681934,Not enrolled in school,Not currently working for pay,A fair amount,Very often,Very often,Sometimes,Sometimes,Rarely,Not at all,,,,Not at all,Yes,Lives with all parents,Good,Rarely,Not much,Somewhat well,As involved as desired,About as often as desired,18–29,Man,High school or less,Hispanic,Never married,Middle income,West
201701677591,0.2106181930528347,Not enrolled in school,Working full time,A great deal,Very often,Sometimes,Rarely,Sometimes,Sometimes,A fair amount,A few times a week,At least once a day,A few times a week,Mostly,Yes,Does not live with a parent,Excellent,All of the time,A fair amount,Very well,As involved as desired,About as often as desired,30–34,Woman,College graduate or higher,"White, non-Hispanic",Never married,Upper income,South
201701678401,3.850459669405764,Not enrolled in school,Working full time,A great deal,Extremely often,Very often,Never,Rarely,Never,Not much,A few times a month,At least once a day,A few times a month,Mostly,Yes,Does not live with a parent,Very good,Most of the time,Not at all,Not too well,Less involved than desired,Less often than desired,18–29,Woman,College graduate or higher,"White, non-Hispanic",Living with a partner,Middle income,Northeast
201701684911,0.2717874867719778,Not enrolled in school,Working full time,A fair amount,Sometimes,Very often,Sometimes,Very often,Sometimes,A fair amount,A few times a week,At least once a day,A few times a week,Somewhat,Yes,Does not live with a parent,Good,Some of the time,Not much,Somewhat well,As involved as desired,About as often as desired,18–29,Man,College graduate or higher,Hispanic,Never married,Middle income,South
201701686171,0.1906472600955951,Not enrolled in school,Working full time,A great deal,Rarely,Sometimes,Sometimes,Rarely,Rarely,Some,A few times a month,A few times a month,Once a month,Completely,No,Does not live with a parent,Excellent,All of the time,Some,Very well,As involved as desired,About as often as desired,30–34,Woman,College graduate or higher,"White, non-Hispanic",Living with a partner,Upper income,Midwest
201701687851,0.660064862424488,Not enrolled in school,Working full time,A fair amount,Never,Rarely,Rarely,Rarely,Rarely,Not at all,Less than once a month,Less than once a month,Less than once a month,Completely,No,Does not live with a parent,Poor,Rarely,Not much,Not well at all,As involved as desired,More often than desired,30–34,Man,College graduate or higher,"White, non-Hispanic",Divorced,Upper income,Northeast
201701690935,0.1849957625327775,Not enrolled in school,Working full time,A fair amount,Sometimes,Very often,Sometimes,Sometimes,Sometimes,A fair amount,A few times a month,At least once a day,A few times a month,Completely,No,Does not live with a parent,Fair,All of the time,Some,Very well,Less involved than desired,About as often as desired,30–34,Woman,College graduate or higher,"White, non-Hispanic",Never married,Middle income,Northeast
201701691779,3.5292702840888617,Not enrolled in school,Unable to work due to disability,A great deal,Extremely often,Extremely often,Extremely often,Extremely often,Extremely often,A great deal,,,,Somewhat,Yes,Lives with all parents,Excellent,All of the time,A great deal,Extremely well,Less involved than desired,About as often as desired,18–29,Man,High school or less,"White, non-Hispanic",Never married,Lower income,South
201701694992,0.5442125121810325,Not enrolled in school,Working full time,A great deal,Sometimes,Sometimes,Rarely,Rarely,Never,Some,A few times a month,A few times a month,A few times a month,Completely,No,Does not live with a parent,Good,Most of the time,Not much,Very well,As involved as desired,About as often as desired,30–34,Man,College graduate or higher,"White, non-Hispanic",Married,Middle income,Midwest
201701695713,0.5926969027667496,Not enrolled in school,Working full time,A fair amount,Rarely,Rarely,Rarely,Sometimes,Rarely,Not at all,A few times a month,A few times a month,Never,Completely,No,Does not live with a parent,Excellent,All of the time,Not at all,Very well,As involved as desired,About as often as desired,30–34,Woman,Some college,Hispanic,Living with a partner,Lower income,Northeast
201701701371,6.314159461681934,Not enrolled in school,Working full time,Some,Never,Never,Never,Never,Never,Not at all,Less than once a month,Less than once a month,Less than once a month,Completely,No,Does not live with a parent,Fair,Most of the time,Not much,Somewhat well,Less involved than desired,Less often than desired,18–29,Man,High school or less,"White, non-Hispanic",Never married,Middle income,Midwest
201701707483,0.3424226113023347,Not enrolled in school,Working full time,A great deal,Sometimes,Rarely,Rarely,Rarely,Never,Not much,A few times a month,A few times a week,Less than once a month,Completely,No,Does not live with a parent,Good,Most of the time,Not at all,Somewhat well,Less involved than desired,Less often than desired,30–34,Man,College graduate or higher,"White, non-Hispanic",Married,Upper income,West
201701715648,0.7130543492525682,Not enrolled in school,Working full time,A fair amount,Sometimes,Sometimes,Rarely,Rarely,Rarely,A fair amount,A few times a week,A few times a week,Once a month,Completely,No,Does not live with a parent,Very good,Some of the time,Some,Somewhat well,As involved as desired,About as often as desired,30–34,Man,College graduate or higher,"White, non-Hispanic",Married,Middle income,South
201701716173,0.1804692363824049,Not enrolled in school,Working full time,A great deal,Never,Never,Never,Rarely,Sometimes,Not much,A few times a month,A few times a week,A few times a week,Completely,No,Does not live with a parent,Good,Most of the time,Not much,Somewhat well,As involved as desired,About as often as desired,18–29,Woman,College graduate or higher,Hispanic,Living with a partner,,West
201701722580,0.157643209528383,4-year college or graduate school,Not currently working for pay,A great deal,Sometimes,Sometimes,Rarely,Never,Sometimes,Some,A few times a week,A few times a week,Less than once a month,Somewhat,Yes,Does not live with a parent,Very good,Some of the time,Some,Somewhat well,As involved as desired,About as often as desired,30–34,Man,College graduate or higher,"Other or multiracial, non-Hispanic",Married,Lower income,South
201701723603,1.3898938439322488,Not enrolled in school,Working full time,A fair amount,Rarely,Sometimes,Very often,Rarely,Very often,Some,At least once a day,A few times a month,A few times a month,Completely,No,Does not live with a parent,Good,Most of the time,Not at all,Very well,Less involved than desired,Less often than desired,18–29,Woman,High school or less,"White, non-Hispanic",Living with a partner,Middle income,West
201701727498,0.4694453360566885,Not enrolled in school,Working full time,A great deal,Never,Rarely,Never,Never,Never,Not much,A few times a month,A few times a month,A few times a month,Completely,No,Does not live with a parent,Fair,Some of the time,Some,Somewhat well,As involved as desired,About as often as desired,30–34,Man,College graduate or higher,Hispanic,Married,Middle income,Northeast
201701729596,1.0384084419003026,Not enrolled in school,Working full time,A fair amount,Never,Sometimes,Very often,Never,Sometimes,Some,A few times a month,A few times a week,Less than once a month,Completely,No,Does not live with a parent,Fair,Some of the time,Not much,Somewhat well,Less involved than desired,Less often than desired,30–34,Man,College graduate or higher,"White, non-Hispanic",Married,Upper income,Midwest
201701734148,1.1418200906033789,4-year college or graduate school,Working full time,A fair amount,Extremely often,Extremely often,Sometimes,Rarely,Sometimes,A great deal,A few times a month,A few times a week,Less than once a month,Mostly,Yes,Does not live with a parent,Excellent,Most of the time,Not much,Somewhat well,Less involved than desired,Less often than desired,18–29,Man,College graduate or higher,"White, non-Hispanic",Married,Lower income,Midwest
201801000099,0.1449103812874704,Not enrolled in school,Working full time,A fair amount,Rarely,Sometimes,Rarely,Very often,Rarely,Some,At least once a day,A few times a week,A few times a week,Completely,No,Does not live with a parent,Very good,Most of the time,Some,Very well,As involved as desired,About as often as desired,18–29,Woman,College graduate or higher,Hispanic,Never married,Middle income,Northeast
201801000162,1.404130105109431,Not enrolled in school,Not currently working for pay,Some,Never,Never,Rarely,Never,Never,Not much,A few times a week,At least once a day,A few times a week,Completely,No,Does not live with a parent,Very good,Most of the time,A fair amount,Very well,As involved as desired,About as often as desired,18–29,Woman,High school or less,Hispanic,Married,Lower income,Northeast
201801000341,0.616019225846344,Not enrolled in school,Working full time,A fair amount,Very often,Very often,Sometimes,Extremely often,Very often,A fair amount,,,,A little,Yes,Lives with all parents,Very good,Some of the time,Not much,Very well,As involved as desired,About as often as desired,18–29,Woman,College graduate or higher,Hispanic,Separated,Lower income,Northeast
201801001116,0.1573206897353543,Not enrolled in school,Working full time,A great deal,Never,Never,Never,Never,Never,Not at all,Once a month,A few times a month,Less than once a month,Completely,No,Does not live with a parent,Excellent,Most of the time,Not at all,Very well,As involved as desired,About as often as desired,30–34,Woman,College graduate or higher,Hispanic,Living with a partner,Lower income,Northeast
201801001147,1.3727722856022186,Not enrolled in school,Working full time,A great deal,Very often,Very often,Sometimes,Very often,Very often,A fair amount,A few times a week,A few times a week,A few times a week,Completely,Yes,Does not live with a parent,Excellent,Most of the time,A fair amount,Somewhat well,As involved as desired,Less often than desired,18–29,Woman,College graduate or higher,Hispanic,Married,Middle income,South
201801001456,1.2462335315383135,Not enrolled in school,Not currently working for pay,Not much,Rarely,Sometimes,Very often,Sometimes,Sometimes,A fair amount,,,,Not at all,Yes,Lives with all parents,Very good,Some of the time,Some,Very well,As involved as desired,About as often as desired,30–34,Woman,High school or less,Hispanic,Never married,Lower income,South
201801001642,0.0694516170653306,Not enrolled in school,Working part time,A great deal,Rarely,Sometimes,Never,Extremely often,Never,Not at all,,,,Mostly,No,Lives with all parents,Good,All of the time,Some,Somewhat well,As involved as desired,About as often as desired,18–29,Woman,Some college,Hispanic,Never married,Lower income,South
201801002185,3.285814423015389,Not enrolled in school,Working part time,A fair amount,Very often,Sometimes,Rarely,Sometimes,Rarely,Not at all,Less than once a month,At least once a day,A few times a week,Somewhat,No,Lives with at least one parent,Good,Most of the time,Not at all,Very well,More involved than desired,About as often as desired,18–29,Man,High school or less,Hispanic,Never married,Middle income,Midwest
201801002212,3.6471688490655256,4-year college or graduate school,Not currently working for pay,Some,Sometimes,Very often,Sometimes,Rarely,Sometimes,A great deal,A few times a week,At least once a day,A few times a month,A little,No,Lives with at least one parent,Very good,Most of the time,A fair amount,Not too well,Less involved than desired,Less often than desired,18–29,Woman,High school or less,"Asian, non-Hispanic",Separated,Lower income,Midwest
201801002768,4.798764205573833,Not enrolled in school,Working full time,A great deal,Sometimes,Very often,Rarely,Very often,Rarely,Not much,At least once a day,A few times a week,A few times a week,Completely,No,Does not live with a parent,Poor,Some of the time,Not at all,Not too well,Less involved than desired,Less often than desired,18–29,Woman,High school or less,Hispanic,Married,Middle income,South
201801002962,1.5995683795437676,Not enrolled in school,Not currently working for pay,Some,Sometimes,Never,Never,Never,Never,Not much,,,,A little,No,Lives with all parents,Good,Some of the time,Some,Somewhat well,As involved as desired,About as often as desired,18–29,Man,Some college,Hispanic,Never married,Lower income,South
201801002992,0.7014338171599123,4-year college or graduate school,Not currently working for pay,A fair amount,Very often,Rarely,Rarely,Rarely,Rarely,Some,Once a month,Once a month,Once a month,Somewhat,Yes,Does not live with a parent,Fair,Some of the time,Not much,Not too well,Less involved than desired,Less often than desired,18–29,Woman,College graduate or higher,Hispanic,Living with a partner,Lower income,South
201801003350,0.6090860602802404,4-year college or graduate school,Working part time,Not much,Rarely,Sometimes,Rarely,Very often,Rarely,Some,,,,Somewhat,Yes,Lives with all parents,Good,Most of the time,Not much,Not too well,More involved than desired,About as often as desired,30–34,Man,Some college,Hispanic,Never married,Lower income,South
201801004035,0.4547563224107384,Not enrolled in school,Not currently working for pay,A fair amount,Very often,Very often,Very often,Very often,Extremely often,A great deal,At least once a day,At least once a day,A few times a week,Completely,No,Does not live with a parent,Excellent,All of the time,A fair amount,Very well,As involved as desired,About as often as desired,30–34,Woman,Some college,Hispanic,Married,Middle income,South
201801005161,0.3054428221506098,Not enrolled in school,Working full time,Some,Very often,Very often,Sometimes,Very often,Very often,A great deal,,,,Mostly,No,Lives with all parents,Very good,Most of the time,Some,Somewhat well,,About as often as desired,18–29,Woman,College graduate or higher,Hispanic,Never married,Middle income,West
201801005504,1.3350091147687244,Not enrolled in school,Working full time,Some,Very often,Very often,Rarely,Never,Very often,A fair amount,At least once a day,A few times a week,A few times a month,Mostly,Yes,Does not live with a parent,Very good,Some of the time,Not much,Somewhat well,As involved as desired,About as often as desired,18–29,Woman,Some college,Hispanic,Living with a partner,Lower income,West
201801005675,0.2277382842946813,4-year college or graduate school,Working full time,Some,Sometimes,Sometimes,Never,Sometimes,Rarely,Not at all,Less than once a month,Less than once a month,Less than once a month,Completely,No,Does not live with a parent,Poor,All of the time,Not at all,Somewhat well,As involved as desired,About as often as desired,30–34,Man,College graduate or higher,Hispanic,Married,Upper income,West
201801006202,0.644975053245403,4-year college or graduate school,Working part time,A fair amount,Never,Never,Never,Never,Never,Some,Less than once a month,A few times a month,Never,Completely,No,Does not live with a parent,Good,Some of the time,Not much,Somewhat well,Less involved than desired,Less often than desired,18–29,Woman,College graduate or higher,Hispanic,Living with a partner,Middle income,West
201801006487,0.2302108250842327,Not enrolled in school,Working full time,Some,Very often,Rarely,Sometimes,Sometimes,Very often,A fair amount,A few times a month,Never,A few times a month,Mostly,No,Does not live with a parent,Excellent,Most of the time,A fair amount,Very well,As involved as desired,Less often than desired,30–34,Woman,College graduate or higher,Hispanic,Married,Lower income,West
201801006552,1.1351345473229706,Not enrolled in school,Working full time,A fair amount,Rarely,Rarely,Rarely,Never,Rarely,A fair amount,A few times a week,A few times a week,Once a month,Completely,No,Does not live with a parent,Excellent,All of the time,A fair amount,Extremely well,As involved as desired,Less often than desired,18–29,Woman,College graduate or higher,Hispanic,Married,Middle income,West
201801006666,0.3054428221506098,Not enrolled in school,Working full time,A fair amount,Sometimes,Very often,Sometimes,Extremely often,Never,A fair amount,,,,A little,No,Lives with all parents,Fair,Some of the time,Not at all,Not too well,Less involved than desired,About as often as desired,18–29,Woman,College graduate or higher,Hispanic,Never married,Middle income,West
201801007224,0.1922892524990812,Not enrolled in school,Working full time,A great deal,Rarely,Rarely,Rarely,Rarely,Rarely,Not much,A few times a month,A few times a week,A few times a month,Completely,No,Does not live with a parent,Excellent,All of the time,Not much,Somewhat well,As involved as desired,Less often than desired,30–34,Man,College graduate or higher,"Other or multiracial, non-Hispanic",Married,Upper income,West
201801007441,0.6634944549399259,Not enrolled in school,Working full time,A great deal,Never,Rarely,Never,Never,Never,Not at all,Less than once a month,A few times a month,A few times a week,Completely,No,Does not live with a parent,Fair,Rarely,Some,Not too well,Less involved than desired,Less often than desired,18–29,Woman,High school or less,Hispanic,Married,Lower income,West
201801007475,0.5167742071999019,Not enrolled in school,Working full time,A great deal,Sometimes,Sometimes,Sometimes,Sometimes,Sometimes,Not much,A few times a week,A few times a week,At least once a day,Completely,Yes,Does not live with a parent,Excellent,All of the time,Some,Somewhat well,As involved as desired,About as often as desired,30–34,Woman,High school or less,Hispanic,Living with a partner,Lower income,West
201801007627,0.2609809943559936,Not enrolled in school,Working full time,A fair amount,Never,Never,Never,Never,Never,Not much,Less than once a month,Less than once a month,Less than once a month,Completely,No,Does not live with a parent,Good,Some of the time,Not at all,Somewhat well,As involved as desired,About as often as desired,30–34,Woman,College graduate or higher,Hispanic,Married,Upper income,Northeast
201801007690,2.1573415855214124,Not enrolled in school,Working full time,A fair amount,Sometimes,Sometimes,Rarely,Sometimes,Rarely,Not much,A few times a month,A few times a week,Less than once a month,Completely,No,Does not live with a parent,Fair,Some of the time,Not much,Somewhat well,As involved as desired,About as often as desired,18–29,Woman,College graduate or higher,Hispanic,Never married,Upper income,West
201801007785,0.2756845834246194,Not enrolled in school,Working part time,A fair amount,Rarely,Rarely,Never,Never,Never,Not at all,A few times a month,A few times a month,Less than once a month,Completely,No,Does not live with a parent,Good,Most of the time,Not much,Very well,As involved as desired,About as often as desired,18–29,Woman,College graduate or higher,"White, non-Hispanic",Married,Middle income,Northeast
201801008522,0.9891603461489664,Not enrolled in school,Working full time,Not much,Sometimes,Very often,Rarely,Sometimes,Sometimes,Not at all,At least once a day,At least once a day,Once a month,Completely,No,Does not live with a parent,Good,Some of the time,A fair amount,Very well,More involved than desired,About as often as desired,30–34,Woman,College graduate or higher,,Never married,Middle income,South
201801008997,0.3069384046166448,2-year college or technical school,Working part time,Some,Rarely,Sometimes,Rarely,Rarely,Rarely,Not much,A few times a month,A few times a week,A few times a month,Completely,No,Does not live with a parent,Fair,Some of the time,Some,Somewhat well,As involved as desired,About as often as desired,30–34,Woman,Some college,Hispanic,Married,Middle income,Northeast
201801009141,0.0813668309152204,Not enrolled in school,Working full time,Some,Rarely,Very often,Sometimes,Very often,Rarely,A fair amount,A few times a week,A few times a week,Less than once a month,Completely,No,Does not live with a parent,Good,Most of the time,Some,Somewhat well,As involved as desired,About as often as desired,30–34,Woman,College graduate or higher,"Asian, non-Hispanic",Never married,Upper income,Northeast
201801011633,0.2858222031225366,Not enrolled in school,Working full time,A great deal,Sometimes,Sometimes,Rarely,Rarely,Sometimes,Some,A few times a week,A few times a week,Less than once a month,Completely,No,Does not live with a parent,Very good,Most of the time,Not much,Somewhat well,As involved as desired,About as often as desired,30–34,Woman,College graduate or higher,"White, non-Hispanic",Married,Upper income,South
201801011816,0.7565328567442292,Not enrolled in school,Working full time,Some,Sometimes,Sometimes,Sometimes,Sometimes,Sometimes,Some,,,,Somewhat,No,Lives with all parents,Fair,Some of the time,Not at all,Somewhat well,Less involved than desired,About as often as desired,18–29,Woman,College graduate or higher,Hispanic,Never married,Lower income,South
201801012544,0.5608862918609998,Not enrolled in school,Working full time,A fair amount,Sometimes,Very often,Very often,Rarely,Rarely,Not much,A few times a week,A few times a month,Less than once a month,Completely,Yes,Does not live with a parent,Excellent,All of the time,A fair amount,Very well,As involved as desired,About as often as desired,30–34,Man,Some college,"Asian, non-Hispanic",Married,Middle income,South
201801013404,0.2156811163660652,Not enrolled in school,Working full time,A great deal,Never,Sometimes,Sometimes,Rarely,Sometimes,A great deal,Less than once a month,A few times a week,A few times a month,Completely,No,Does not live with a parent,Excellent,All of the time,Not much,Somewhat well,As involved as desired,Less often than desired,30–34,Woman,College graduate or higher,"White, non-Hispanic",Married,Middle income,South
201801013491,0.4187381814415576,Not enrolled in school,Working full time,A fair amount,Extremely often,Sometimes,Sometimes,Sometimes,Rarely,A fair amount,A few times a week,A few times a week,Less than once a month,Completely,No,Does not live with a parent,Excellent,All of the time,A fair amount,Somewhat well,As involved as desired,About as often as desired,18–29,Woman,College graduate or higher,"Other or multiracial, non-Hispanic",Never married,Middle income,South
201801013592,0.8894569322609096,Not enrolled in school,Working full time,A fair amount,Sometimes,Never,Never,Never,Never,Not at all,A few times a week,Once a month,A few times a week,Somewhat,No,Does not live with a parent,Excellent,Some of the time,A great deal,Somewhat well,As involved as desired,About as often as desired,18–29,Man,College graduate or higher,Hispanic,Never married,Middle income,South
201801015620,0.2397484535711283,4-year college or graduate school,Working full time,Some,Rarely,Sometimes,Rarely,Sometimes,Sometimes,A fair amount,At least once a day,At least once a day,A few times a month,Completely,No,Does not live with a parent,Excellent,Most of the time,Some,Somewhat well,As involved as desired,About as often as desired,18–29,Woman,College graduate or higher,Hispanic,Living with a partner,Lower income,Midwest
201801015678,3.491906583259308,Not enrolled in school,Working full time,Some,Rarely,Never,Never,Never,Rarely,Not at all,A few times a month,A few times a month,Less than once a month,Completely,No,Does not live with a parent,Fair,Rarely,Some,Very well,Less involved than desired,About as often as desired,18–29,Woman,High school or less,"White, non-Hispanic",Married,Lower income,Midwest
201801016074,0.3889128691444562,Not enrolled in school,Not currently working for pay,Some,Rarely,Rarely,Rarely,Never,Never,Some,A few times a week,At least once a day,A few times a week,Completely,No,Does not live with a parent,Good,Some of the time,Some,Somewhat well,As involved as desired,About as often as desired,30–34,Woman,College graduate or higher,"White, non-Hispanic",Married,Middle income,Midwest
201801016120,0.4509599296438329,Not enrolled in school,Working full time,Some,Rarely,Never,Never,Rarely,Never,Not much,A few times a month,A few times a month,Less than once a month,Completely,No,Does not live with a parent,Good,Most of the time,Some,Very well,,,30–34,Woman,Some college,Hispanic,Married,Upper income,Midwest
201801016180,0.1108833546020394,Not enrolled in school,Working full time,Not much,Rarely,Never,Never,Never,Never,Not at all,A few times a month,A few times a week,Less than once a month,Completely,No,Does not live with a parent,Fair,Most of the time,Not at all,Somewhat well,As involved as desired,About as often as desired,30–34,Woman,College graduate or higher,"Other or multiracial, non-Hispanic",Married,Middle income,Northeast
201801017444,0.0798014056222611,Not enrolled in school,Working full time,A great deal,Rarely,Sometimes,Rarely,Sometimes,Sometimes,Some,Once a month,A few times a month,A few times a month,Completely,No,Does not live with a parent,Poor,All of the time,Not at all,Not too well,As involved as desired,About as often as desired,30–34,Woman,College graduate or higher,"White, non-Hispanic",Never married,,Midwest
201801017510,0.8182172225627469,Not enrolled in school,Working full time,A fair amount,Very often,Sometimes,Rarely,Sometimes,Rarely,A fair amount,A few times a week,A few times a month,A few times a week,Mostly,No,Does not live with a parent,Excellent,Most of the time,Some,Very well,As involved as desired,About as often as desired,18–29,Man,College graduate or higher,Hispanic,Never married,Middle income,Midwest
201801019118,1.6241741052226562,Not enrolled in school,Not currently working for pay,A fair amount,Sometimes,Sometimes,Never,Sometimes,Sometimes,A great deal,At least once a day,At least once a day,Less than once a month,Not at all,No,Does not live with a parent,Excellent,All of the time,Some,Very well,As involved as desired,About as often as desired,18–29,Woman,High school or less,Hispanic,Married,Lower income,South
201801019314,0.3158273343677185,Not enrolled in school,Working part time,A fair amount,Sometimes,Sometimes,Sometimes,Rarely,Rarely,A fair amount,A few times a week,A few times a week,A few times a week,Completely,No,Does not live with a parent,Very good,All of the time,Some,Somewhat well,Less involved than desired,Less often than desired,30–34,Woman,College graduate or higher,Hispanic,Married,Lower income,South
201801019417,1.3331016677140854,Not enrolled in school,Working full time,A great deal,Very often,Very often,Sometimes,Rarely,Sometimes,Some,,,,Mostly,Yes,Lives with all parents,Excellent,All of the time,Some,Extremely well,As involved as desired,About as often as desired,18–29,Man,College graduate or higher,Hispanic,Never married,Middle income,South
201801019645,2.680696824399948,4-year college or graduate school,Not currently working for pay,A great deal,Sometimes,Sometimes,Rarely,Very often,Rarely,Not much,,,,Not at all,Yes,Lives with all parents,Fair,Some of the time,Some,Somewhat well,As involved as desired,About as often as desired,18–29,Man,Some college,Hispanic,Never married,Lower income,South
201801021976,6.314159461681934,Not enrolled in school,Working full time,A fair amount,Extremely often,Very often,,Very often,Sometimes,Some,A few times a week,A few times a month,Once a month,Mostly,Yes,Does not live with a parent,Very good,Most of the time,A fair amount,Somewhat well,More involved than desired,Less often than desired,18–29,Woman,High school or less,Hispanic,Living with a partner,Lower income,South
201801022163,0.2034444083307471,2-year college or technical school,Working full time,Some,Rarely,Sometimes,Sometimes,Rarely,Rarely,Some,A few times a month,A few times a week,A few times a month,Completely,No,Does not live with a parent,Very good,Most of the time,Some,Very well,As involved as desired,About as often as desired,30–34,Woman,Some college,Hispanic,Married,Middle income,South
201801023124,0.133828064848043,4-year college or graduate school,Working full time,Some,Rarely,Sometimes,Sometimes,Sometimes,Sometimes,A fair amount,At least once a day,At least once a day,A few times a week,Completely,No,Does not live with a parent,Fair,Most of the time,Not much,Somewhat well,As involved as desired,About as often as desired,30–34,Woman,College graduate or higher,Hispanic,Married,Middle income,South
201801023479,0.2949172046305198,Not enrolled in school,Working full time,Some,Sometimes,Never,Rarely,Rarely,Never,Not much,A few times a month,A few times a week,Less than once a month,Completely,Yes,Does not live with a parent,Good,Some of the time,Not much,Somewhat well,More involved than desired,More often than desired,30–34,Woman,High school or less,Hispanic,Divorced,Lower income,South
201801023720,0.4775620957752589,Not enrolled in school,Working full time,A fair amount,Rarely,Sometimes,Rarely,Rarely,Never,Not much,A few times a week,A few times a week,A few times a month,Completely,Yes,Does not live with a parent,Very good,Most of the time,Not much,Somewhat well,Less involved than desired,Less often than desired,18–29,Woman,College graduate or higher,Hispanic,Married,Middle income,West
201801023941,0.5167823536799695,Not enrolled in school,Not currently working for pay,Some,Sometimes,Sometimes,Rarely,Sometimes,Rarely,Not much,A few times a week,A few times a week,Less than once a month,Completely,No,Does not live with a parent,Good,Most of the time,Some,Very well,As involved as desired,More often than desired,30–34,Woman,Some college,"White, non-Hispanic",Married,Middle income,West
201801024212,0.1548311552187248,Not enrolled in school,Working full time,A great deal,Sometimes,Sometimes,Extremely often,Sometimes,Sometimes,Some,At least once a day,At least once a day,A few times a week,Completely,No,Does not live with a parent,Excellent,All of the time,A great deal,Very well,As involved as desired,About as often as desired,30–34,Woman,College graduate or higher,Hispanic,Married,Upper income,West
201801025006,6.314159461681934,Not enrolled in school,Working full time,Some,Never,Never,Rarely,Rarely,Rarely,Not at all,At least once a day,At least once a day,Never,Completely,No,Does not live with a parent,Good,Some of the time,Some,Somewhat well,As involved as desired,More often than desired,30–34,Woman,High school or less,Hispanic,Never married,Lower income,West
201801025674,1.66468187084481,Not enrolled in school,Working full time,Some,Very often,Sometimes,Rarely,Sometimes,Rarely,Not much,A few times a month,Less than once a month,A few times a month,A little,Yes,Does not live with a parent,Fair,Some of the time,Not much,Somewhat well,More involved than desired,More often than desired,30–34,Woman,High school or less,Hispanic,Never married,Lower income,West
201801025815,0.2994673772352765,Not enrolled in school,Not currently working for pay,A fair amount,Rarely,Very often,Sometimes,Rarely,Sometimes,A fair amount,A few times a week,A few times a week,Less than once a month,Completely,No,Does not live with a parent,Excellent,Most of the time,A great deal,Very well,As involved as desired,About as often as desired,30–34,Woman,College graduate or higher,Hispanic,Living with a partner,Upper income,West
201801026461,1.181551739270883,Not enrolled in school,Working part time,Some,Rarely,Never,Never,Sometimes,Never,Some,,,,Somewhat,Yes,Lives with all parents,Good,Some of the time,Some,Somewhat well,As involved as desired,About as often as desired,18–29,Man,College graduate or higher,Hispanic,Never married,Lower income,West
201801026736,0.4098878179779636,Not enrolled in school,Working full time,Not much,Rarely,Rarely,Rarely,Rarely,Rarely,Not much,Once a month,Once a month,Once a month,Completely,No,Does not live with a parent,Fair,Some of the time,Some,Somewhat well,More involved than desired,About as often as desired,30–34,Woman,Some college,Hispanic,Never married,Lower income,West
201801027066,0.2994673772352765,Not enrolled in school,Working full time,Some,Rarely,Sometimes,Sometimes,Rarely,Rarely,Some,A few times a month,A few times a month,Less than once a month,Completely,No,Lives with at least one parent,Very good,All of the time,Some,Very well,More involved than desired,About as often as desired,30–34,Woman,College graduate or higher,Hispanic,Living with a partner,Middle income,West
201801029055,2.1319389837594227,Not enrolled in school,Not currently working for pay,A great deal,Sometimes,Sometimes,Very often,Sometimes,Sometimes,A great deal,A few times a week,Less than once a month,Less than once a month,Completely,No,Does not live with a parent,Excellent,All of the time,Some,Very well,Less involved than desired,Less often than desired,30–34,Woman,High school or less,Hispanic,Married,Lower income,West
201801029241,0.7593552819630216,Not enrolled in school,Working full time,A fair amount,Never,Never,Never,Never,Never,Not at all,At least once a day,At least once a day,At least once a day,Completely,No,Does not live with a parent,Very good,All of the time,Some,Extremely well,As involved as desired,About as often as desired,30–34,Woman,Some college,Hispanic,Married,,West
201801029259,1.053401118872164,Not enrolled in school,Working full time,A fair amount,Sometimes,Very often,Rarely,Very often,Sometimes,Not much,A few times a week,A few times a week,A few times a week,Mostly,No,Does not live with a parent,Good,Some of the time,Some,Somewhat well,More involved than desired,About as often as desired,18–29,Woman,College graduate or higher,Hispanic,Never married,Middle income,West
201801029858,0.9285121296481468,Not enrolled in school,Working full time,Not much,Never,Never,Never,Never,Never,Not at all,Never,Less than once a month,Once a month,Completely,No,Does not live with a parent,Good,Some of the time,Not much,Very well,Less involved than desired,Less often than desired,18–29,Woman,College graduate or higher,Hispanic,Never married,Middle income,West
201801030954,1.0232108838492602,Not enrolled in school,Working full time,Not much,Rarely,Never,Never,Never,Never,Not much,Less than once a month,A few times a month,At least once a day,Not at all,Yes,Lives with at least one parent,Very good,Most of the time,Some,Not too well,More involved than desired,About as often as desired,18–29,Man,College graduate or higher,Hispanic,Never married,Lower income,West
201801031827,0.2686050797682953,4-year college or graduate school,Working full time,A fair amount,Rarely,Sometimes,Sometimes,Sometimes,Sometimes,Some,A few times a week,A few times a month,Less than once a month,Completely,No,Does not live with a parent,Very good,Most of the time,Some,Not too well,As involved as desired,About as often as desired,30–34,Man,College graduate or higher,"Other or multiracial, non-Hispanic",Married,Middle income,Northeast
201801032543,0.3544699454279701,Not enrolled in school,Working full time,A fair amount,Very often,Very often,Very often,Rarely,Very often,A great deal,A few times a week,A few times a week,Once a month,Completely,No,Does not live with a parent,Fair,Some of the time,Some,Somewhat well,As involved as desired,About as often as desired,18–29,Woman,College graduate or higher,Hispanic,Living with a partner,Middle income,West
201801034847,1.7785849626202117,2-year college or technical school,Working part time,A great deal,Sometimes,Sometimes,Rarely,Rarely,Never,Some,At least once a day,At least once a day,Less than once a month,Somewhat,Yes,Does not live with a parent,Excellent,All of the time,Some,Very well,As involved as desired,About as often as desired,18–29,Woman,Some college,"Black, non-Hispanic",Living with a partner,Lower income,South
201801035061,0.6727299418510515,Not enrolled in school,Working full time,A great deal,Rarely,Sometimes,Sometimes,Very often,Very often,A fair amount,A few times a week,At least once a day,Less than once a month,Completely,No,Does not live with a parent,Excellent,All of the time,A fair amount,Extremely well,As involved as desired,About as often as desired,18–29,Man,College graduate or higher,Hispanic,Living with a partner,Upper income,South
201801035093,0.2724807570015752,Not enrolled in school,Working full time,Not much,Sometimes,Sometimes,Very often,Very often,Sometimes,Not much,Never,Less than once a month,Less than once a month,Completely,No,Does not live with a parent,Fair,Rarely,A fair amount,Somewhat well,More involved than desired,Less often than desired,30–34,Woman,High school or less,"Black, non-Hispanic",Never married,Middle income,South
201801036406,0.6157463590567019,4-year college or graduate school,Unable to work due to disability,Not much,Extremely often,Extremely often,Rarely,Extremely often,Rarely,Not much,A few times a week,At least once a day,A few times a month,A little,Yes,Lives with at least one parent,Good,Most of the time,Not much,Very well,As involved as desired,About as often as desired,18–29,Man,Some college,Hispanic,Separated,,South
201801036666,2.3107190555022146,Not enrolled in school,Working full time,Some,Never,Never,Rarely,Rarely,Never,Some,A few times a week,Never,Never,Completely,No,Does not live with a parent,Very good,All of the time,Some,Extremely well,As involved as desired,About as often as desired,18–29,Man,Some college,"White, non-Hispanic",Married,Middle income,South
201801037188,5.577383575537368,Not enrolled in school,Working part time,Some,Very often,Very often,Sometimes,Sometimes,Rarely,Some,,,,A little,Yes,Lives with all parents,Good,Most of the time,Not much,Somewhat well,As involved as desired,,18–29,Man,High school or less,"White, non-Hispanic",Never married,Lower income,Midwest
201801038195,0.4855750819242031,Not enrolled in school,Working full time,A great deal,Sometimes,Sometimes,Sometimes,Sometimes,Sometimes,Some,A few times a month,A few times a month,Less than once a month,Mostly,Yes,Does not live with a parent,Good,Most of the time,Not much,Somewhat well,Less involved than desired,Less often than desired,18–29,Man,College graduate or higher,"Black, non-Hispanic",Never married,Middle income,Northeast
201801039165,0.3018377078906017,2-year college or technical school,Working full time,A great deal,Extremely often,Extremely often,Extremely often,Sometimes,Sometimes,A fair amount,A few times a week,A few times a week,A few times a week,Completely,No,Does not live with a parent,Excellent,All of the time,A great deal,Not too well,More involved than desired,More often than desired,30–34,Woman,Some college,"Black, non-Hispanic",Never married,Lower income,South
201801039611,0.6771145091538942,Not enrolled in school,Not currently working for pay,A great deal,Sometimes,Sometimes,Sometimes,Very often,Sometimes,Some,,,,Somewhat,Yes,Lives with all parents,Excellent,All of the time,Not much,Extremely well,As involved as desired,About as often as desired,30–34,Woman,College graduate or higher,"Black, non-Hispanic",Never married,,Northeast
201801040000,1.0989237344546785,Not enrolled in school,Working full time,A fair amount,Very often,Very often,Rarely,Sometimes,Rarely,Some,A few times a week,At least once a day,A few times a month,Completely,No,Does not live with a parent,Very good,Most of the time,A great deal,Very well,As involved as desired,About as often as desired,18–29,Man,College graduate or higher,Hispanic,Never married,Middle income,Northeast
201801041113,0.2080398967317699,Not enrolled in school,Working full time,A great deal,Sometimes,Sometimes,Sometimes,Sometimes,Sometimes,A fair amount,A few times a month,A few times a week,Once a month,Completely,No,Does not live with a parent,Very good,Most of the time,Not much,Somewhat well,As involved as desired,Less often than desired,30–34,Woman,College graduate or higher,"White, non-Hispanic",Divorced,Upper income,South
201801041193,0.2577133326146054,Not enrolled in school,Working full time,Not much,Sometimes,Rarely,Very often,Sometimes,Sometimes,Some,A few times a week,A few times a week,A few times a month,Completely,No,Does not live with a parent,Good,Some of the time,A great deal,Very well,As involved as desired,About as often as desired,30–34,Woman,Some college,"White, non-Hispanic",Separated,Lower income,Northeast
201801041371,2.418548484855934,Not enrolled in school,Working full time,A great deal,Very often,Sometimes,Rarely,Sometimes,Sometimes,Some,A few times a month,A few times a week,Less than once a month,Mostly,Yes,Does not live with a parent,Good,Most of the time,Some,Somewhat well,As involved as desired,About as often as desired,18–29,Man,College graduate or higher,"White, non-Hispanic",Never married,Middle income,Midwest
201801042319,0.1444847923949558,Not enrolled in school,Working full time,A great deal,Sometimes,Very often,Sometimes,Sometimes,Sometimes,A fair amount,A few times a week,At least once a day,Never,Mostly,No,Does not live with a parent,Excellent,Most of the time,A great deal,Extremely well,As involved as desired,About as often as desired,30–34,Woman,College graduate or higher,"Black, non-Hispanic",Never married,Upper income,South
201801042514,0.5348302925410843,Not enrolled in school,Working full time,A great deal,Very often,Sometimes,Rarely,Rarely,Sometimes,A fair amount,,,,Mostly,No,Lives with all parents,Very good,Most of the time,Not much,Very well,As involved as desired,About as often as desired,18–29,Woman,College graduate or higher,"Black, non-Hispanic",Never married,Middle income,South
201801044875,0.2039018628149782,Not enrolled in school,Working full time,A fair amount,Sometimes,Very often,Sometimes,Sometimes,Sometimes,A fair amount,At least once a day,At least once a day,Once a month,Completely,Yes,Does not live with a parent,Excellent,All of the time,A fair amount,Extremely well,Less involved than desired,About as often as desired,30–34,Woman,College graduate or higher,Hispanic,Married,Middle income,South
201801044917,0.5034808566958856,Not enrolled in school,Working full time,Some,Never,Rarely,Never,Never,Never,A fair amount,A few times a week,A few times a week,Less than once a month,Completely,No,Does not live with a parent,Excellent,Most of the time,A fair amount,Somewhat well,As involved as desired,About as often as desired,30–34,Man,College graduate or higher,Hispanic,Never married,Upper income,West
201801045534,0.3359277428296174,Not enrolled in school,Working part time,A fair amount,Never,Rarely,Never,Never,Rarely,Not at all,A few times a week,A few times a week,Less than once a month,Completely,No,Does not live with a parent,Fair,Rarely,A great deal,Not too well,More involved than desired,More often than desired,30–34,Woman,College graduate or higher,"White, non-Hispanic",Married,Middle income,South
201801046176,2.006694897992877,Not enrolled in school,Working full time,A great deal,Rarely,Rarely,Very often,Sometimes,Sometimes,A fair amount,A few times a week,A few times a week,A few times a month,A little,Yes,Does not live with a parent,Excellent,All of the time,A great deal,Extremely well,As involved as desired,About as often as desired,18–29,Woman,Some college,"Black, non-Hispanic",Married,Middle income,South
201801046811,1.5844035038969306,Not enrolled in school,Working full time,Not at all,Never,Sometimes,Never,Never,Rarely,Not at all,A few times a month,A few times a week,Once a month,Completely,No,Does not live with a parent,Fair,Most of the time,Some,Not too well,Less involved than desired,Less often than desired,30–34,Woman,High school or less,"Black, non-Hispanic",Living with a partner,Lower income,South
201801046833,2.547265845243514,Not enrolled in school,Working part time,A fair amount,Very often,Very often,Sometimes,Very often,Sometimes,A fair amount,,,,A little,Yes,Lives with all parents,Excellent,All of the time,A fair amount,Extremely well,As involved as desired,About as often as desired,18–29,Woman,College graduate or higher,"White, non-Hispanic",Never married,Upper income,South
201801046930,0.1660516501839604,Not enrolled in school,Working full time,A great deal,Sometimes,Very often,Rarely,Very often,Sometimes,A fair amount,A few times a week,A few times a week,A few times a month,Mostly,Yes,Does not live with a parent,Excellent,All of the time,Not at all,Extremely well,As involved as desired,About as often as desired,30–34,Woman,College graduate or higher,"Black, non-Hispanic",Living with a partner,Lower income,South
201801047644,0.1803940404308712,Not enrolled in school,Working part time,Some,Rarely,Rarely,Rarely,Sometimes,Rarely,Not much,Once a month,A few times a month,Once a month,Somewhat,Yes,Does not live with a parent,Fair,Some of the time,Not much,Somewhat well,Less involved than desired,Less often than desired,30–34,Woman,College graduate or higher,"Black, non-Hispanic",Living with a partner,Middle income,South
201801047656,0.1600065707085361,Not enrolled in school,Working full time,A fair amount,Very often,Sometimes,Sometimes,Sometimes,Sometimes,Some,A few times a week,At least once a day,Once a month,Mostly,Yes,Does not live with a parent,Excellent,Most of the time,A fair amount,Extremely well,As involved as desired,About as often as desired,30–34,Woman,College graduate or higher,"White, non-Hispanic",Married,Middle income,South
201801047657,0.3693950107535527,Not enrolled in school,Working full time,A fair amount,Very often,Sometimes,Sometimes,Very often,Sometimes,A great deal,A few times a month,A few times a week,A few times a month,Somewhat,Yes,Does not live with a parent,Excellent,Most of the time,Some,Very well,Less involved than desired,Less often than desired,30–34,Woman,College graduate or higher,"White, non-Hispanic",Never married,Lower income,South
201801048506,6.314159461681934,4-year college or graduate school,Working full time,Not much,Very often,Very often,Very often,Very often,Very often,A fair amount,A few times a week,A few times a week,Less than once a month,A little,Yes,Does not live with a parent,Very good,Most of the time,Not much,Somewhat well,As involved as desired,About as often as desired,18–29,Man,Some college,"Black, non-Hispanic",Living with a partner,Middle income,South
201801048664,2.049833870511826,Not enrolled in school,Working full time,A great deal,Extremely often,Extremely often,Extremely often,Extremely often,Extremely often,A great deal,At least once a day,At least once a day,Less than once a month,Completely,No,Does not live with a parent,Excellent,All of the time,A great deal,Extremely well,As involved as desired,About as often as desired,18–29,Woman,Some college,"Black, non-Hispanic",Never married,Middle income,South
201801049501,0.9566384710002755,Not enrolled in school,Working full time,A fair amount,Rarely,Rarely,Never,Never,Never,Not at all,A few times a month,Less than once a month,Less than once a month,Completely,No,Does not live with a parent,Excellent,Most of the time,Not much,Very well,As involved as desired,About as often as desired,18–29,Woman,College graduate or higher,"White, non-Hispanic",Never married,,South
201801051220,0.4653683726545207,Not enrolled in school,Working full time,Some,Never,Rarely,Rarely,Sometimes,Never,A fair amount,At least once a day,A few times a month,Once a month,Completely,No,Does not live with a parent,Good,Most of the time,A fair amount,Somewhat well,Less involved than desired,Less often than desired,30–34,Woman,College graduate or higher,"Other or multiracial, non-Hispanic",Married,Lower income,Northeast
201801051240,0.1498198503984146,Not enrolled in school,Working full time,A great deal,Rarely,Rarely,Sometimes,Very often,Rarely,A fair amount,A few times a week,A few times a week,A few times a week,Completely,No,Does not live with a parent,Excellent,All of the time,Not much,Very well,As involved as desired,About as often as desired,30–34,Woman,College graduate or higher,"White, non-Hispanic",Never married,Upper income,South
201801051392,2.119423862459441,Not enrolled in school,Not currently working for pay,Some,Never,Never,Sometimes,Sometimes,Never,Some,Never,At least once a day,At least once a day,Completely,No,Lives with at least one parent,Very good,All of the time,A fair amount,Very well,As involved as desired,About as often as desired,30–34,Woman,High school or less,"White, non-Hispanic",Living with a partner,Lower income,South
201801052974,1.2362831986476384,Not enrolled in school,Working full time,A great deal,Rarely,Rarely,Rarely,Very often,Sometimes,Not much,A few times a month,A few times a month,Less than once a month,Completely,No,Does not live with a parent,Fair,Some of the time,Some,Somewhat well,Less involved than desired,Less often than desired,30–34,Woman,High school or less,"Black, non-Hispanic",Living with a partner,Middle income,Midwest
201801054987,0.595840656982804,Not enrolled in school,Working part time,A fair amount,Sometimes,Rarely,Never,Sometimes,Never,Not at all,,,,A little,No,Lives with all parents,Good,Rarely,Some,Somewhat well,As involved as desired,Less often than desired,18–29,Man,College graduate or higher,"Black, non-Hispanic",Never married,Lower income,Midwest
201801054990,0.3063890494949589,2-year college or technical school,Working full time,Some,Rarely,Sometimes,Rarely,Rarely,Very often,Not much,A few times a week,At least once a day,A few times a month,Mostly,Yes,Does not live with a parent,Good,All of the time,Some,Extremely well,Less involved than desired,Less often than desired,30–34,Woman,Some college,"Black, non-Hispanic",Never married,Middle income,Midwest
201801055010,0.1762811133672411,2-year college or technical school,Working part time,Not much,Never,Never,Never,Never,Never,Not at all,A few times a month,A few times a week,Less than once a month,Completely,Yes,Does not live with a parent,Good,Some of the time,Some,Very well,As involved as desired,About as often as desired,30–34,Woman,College graduate or higher,"White, non-Hispanic",Married,Middle income,Midwest
201801055311,0.5367744008579596,Not enrolled in school,Working full time,A fair amount,Sometimes,Very often,Never,Never,Rarely,Not much,A few times a month,A few times a month,Less than once a month,Mostly,Yes,Does not live with a parent,Very good,All of the time,Not much,Somewhat well,As involved as desired,About as often as desired,30–34,Man,College graduate or higher,"White, non-Hispanic",Married,Middle income,Midwest
201801056183,0.7067177035426621,Not enrolled in school,Working full time,A fair amount,Sometimes,Rarely,Sometimes,Rarely,Rarely,Not much,A few times a month,A few times a week,A few times a month,Completely,No,Does not live with a parent,Very good,Most of the time,A fair amount,Not too well,As involved as desired,Less often than desired,18–29,Woman,College graduate or higher,"White, non-Hispanic",Married,Middle income,Midwest
201801057956,0.9141050267393176,Not enrolled in school,Working full time,A great deal,Sometimes,Extremely often,Rarely,Very often,Rarely,A great deal,A few times a week,At least once a day,Less than once a month,Completely,Yes,Does not live with a parent,Excellent,All of the time,A great deal,Extremely well,As involved as desired,About as often as desired,30–34,Woman,Some college,"Black, non-Hispanic",Living with a partner,Lower income,South
201801058202,0.246538481831794,Not enrolled in school,Working full time,A great deal,Sometimes,Sometimes,Rarely,Rarely,Rarely,A great deal,A few times a month,A few times a week,A few times a month,Completely,No,Does not live with a parent,Excellent,Most of the time,Some,Somewhat well,As involved as desired,Less often than desired,30–34,Man,College graduate or higher,"White, non-Hispanic",Married,Upper income,South
201801059020,0.9960993489947476,Not enrolled in school,Not currently working for pay,Not much,Sometimes,Never,Rarely,Rarely,Sometimes,A fair amount,A few times a week,A few times a week,A few times a week,Completely,No,Does not live with a parent,Excellent,Most of the time,A great deal,Extremely well,More involved than desired,About as often as desired,30–34,Woman,High school or less,Hispanic,Married,Middle income,South
201801059595,0.755357797405599,Not enrolled in school,Working full time,A great deal,Sometimes,Sometimes,Very often,Very often,Very often,A great deal,At least once a day,At least once a day,Less than once a month,Completely,No,Does not live with a parent,Excellent,All of the time,A great deal,Extremely well,As involved as desired,Less often than desired,30–34,Woman,Some college,"White, non-Hispanic",Married,Upper income,West
201801060511,4.940840606722948,Not enrolled in school,Unable to work due to disability,Some,Rarely,Never,Never,Rarely,Never,Not at all,,,,Not at all,Yes,Lives with all parents,Good,Some of the time,Not much,Very well,More involved than desired,More often than desired,30–34,Man,High school or less,"White, non-Hispanic",Never married,Lower income,Northeast
201801060539,2.142997979245142,Not enrolled in school,Working full time,Not much,Never,Never,Never,Never,Never,Not at all,Once a month,A few times a month,Once a month,Completely,No,Does not live with a parent,Poor,Never,Some,Not well at all,More involved than desired,More often than desired,18–29,Man,Some college,"White, non-Hispanic",Living with a partner,Middle income,Northeast
201801060802,3.6604753343479777,Not enrolled in school,Working part time,A fair amount,Sometimes,Rarely,Sometimes,Sometimes,Sometimes,A fair amount,Never,Never,Never,Somewhat,Yes,Lives with at least one parent,Very good,Most of the time,A fair amount,Very well,More involved than desired,More often than desired,18–29,Man,High school or less,"Asian, non-Hispanic",Never married,Middle income,Northeast
201801060817,0.8565518245006307,4-year college or graduate school,Working full time,A great deal,Very often,Extremely often,Very often,Extremely often,Sometimes,A great deal,A few times a week,A few times a week,Less than once a month,Completely,No,Does not live with a parent,Very good,Most of the time,A great deal,Somewhat well,As involved as desired,About as often as desired,18–29,Woman,College graduate or higher,"White, non-Hispanic",Never married,Middle income,Northeast
201801061089,3.517438467971177,Not enrolled in school,Working part time,Some,Sometimes,Very often,Sometimes,Very often,Very often,Some,A few times a month,Less than once a month,A few times a month,A little,Yes,Lives with at least one parent,Fair,Most of the time,Some,Very well,As involved as desired,Less often than desired,18–29,Man,Some college,"White, non-Hispanic",Never married,Middle income,Northeast
201801061142,2.1195268586141225,Not enrolled in school,Working full time,A great deal,Sometimes,Very often,Rarely,Sometimes,Rarely,Not much,,,,Somewhat,Yes,Lives with all parents,Very good,Most of the time,Some,Very well,As involved as desired,About as often as desired,18–29,Man,College graduate or higher,"White, non-Hispanic",Never married,Middle income,Northeast
201801061168,1.1962027717835657,Not enrolled in school,Working full time,A great deal,Sometimes,Sometimes,Rarely,Sometimes,Never,Not much,A few times a week,A few times a week,Less than once a month,Mostly,No,Does not live with a parent,Very good,All of the time,A fair amount,Very well,Less involved than desired,Less often than desired,18–29,Man,College graduate or higher,"White, non-Hispanic",Living with a partner,Middle income,South
201801061714,1.1266111942456345,Not enrolled in school,Working full time,A great deal,Extremely often,Extremely often,Rarely,Extremely often,Rarely,A fair amount,,,,A little,Yes,Lives with all parents,Excellent,All of the time,Not much,Very well,As involved as desired,About as often as desired,18–29,Woman,College graduate or higher,"Other or multiracial, non-Hispanic",Never married,Lower income,Northeast
201801062154,0.3090267826559987,Not enrolled in school,Working full time,A fair amount,Sometimes,Sometimes,Rarely,Sometimes,Sometimes,Some,A few times a month,A few times a week,A few times a month,Mostly,Yes,Does not live with a parent,Excellent,Most of the time,Not much,Very well,As involved as desired,About as often as desired,18–29,Woman,College graduate or higher,"White, non-Hispanic",Living with a partner,Middle income,Northeast
201801062179,4.412190756888884,Not enrolled in school,Not currently working for pay,Some,Sometimes,Never,Never,Sometimes,Never,Not at all,Less than once a month,A few times a month,Less than once a month,Somewhat,Yes,Does not live with a parent,Good,Most of the time,Not much,Not too well,As involved as desired,About as often as desired,18–29,Woman,Some college,"White, non-Hispanic",Married,Lower income,West
201801062310,0.9873639821302284,Not enrolled in school,Working full time,Some,Rarely,Sometimes,Sometimes,Rarely,Sometimes,Some,At least once a day,At least once a day,A few times a week,Completely,No,Does not live with a parent,Very good,All of the time,A great deal,Very well,As involved as desired,More often than desired,18–29,Woman,Some college,"White, non-Hispanic",Married,Lower income,Northeast
201801062327,5.871603169901023,Not enrolled in school,Working full time,Some,Very often,Sometimes,Rarely,Rarely,Never,Some,A few times a month,A few times a month,A few times a month,Somewhat,Yes,Does not live with a parent,Good,Most of the time,Not much,Somewhat well,Less involved than desired,Less often than desired,18–29,Man,Some college,"White, non-Hispanic",Never married,Lower income,Northeast
201801062334,4.8250649527470975,Not enrolled in school,Not currently working for pay,A great deal,Rarely,Sometimes,,Extremely often,Very often,A great deal,A few times a week,A few times a week,A few times a month,,No,Does not live with a parent,Excellent,All of the time,Some,Extremely well,As involved as desired,About as often as desired,18–29,Woman,High school or less,"White, non-Hispanic",Married,,Northeast
201801062481,0.3289484687276543,Not enrolled in school,Working full time,Some,Sometimes,Sometimes,Rarely,Sometimes,Sometimes,A fair amount,At least once a day,At least once a day,A few times a week,Mostly,Yes,Does not live with a parent,Good,Some of the time,Not at all,Not too well,Less involved than desired,Less often than desired,18–29,Woman,College graduate or higher,"White, non-Hispanic",Married,Middle income,Northeast
201801062517,0.361079123402839,Not enrolled in school,Working full time,A fair amount,Rarely,Never,Never,Rarely,Never,Not at all,A few times a month,A few times a week,Less than once a month,Completely,No,Does not live with a parent,Fair,Some of the time,Not at all,Not well at all,Less involved than desired,About as often as desired,30–34,,College graduate or higher,"White, non-Hispanic",Married,Upper income,Northeast
201801062543,0.6845991759816747,Not enrolled in school,Working full time,Some,Rarely,Never,Never,Never,Never,Not at all,Less than once a month,Less than once a month,Less than once a month,Mostly,Yes,Does not live with a parent,Fair,Rarely,Not much,Somewhat well,More involved than desired,More often than desired,18–29,Nonbinary,College graduate or higher,"White, non-Hispanic",Never married,Middle income,Northeast
201801062596,1.6092793938865846,Not enrolled in school,Working full time,A fair amount,Sometimes,Sometimes,Never,Very often,Never,Not much,A few times a month,A few times a month,A few times a week,Completely,No,Does not live with a parent,Very good,Some of the time,Not much,Somewhat well,As involved as desired,About as often as desired,18–29,Woman,Some college,,Married,Middle income,Northeast
201801062889,0.4153790970540292,Not enrolled in school,Working full time,A great deal,Very often,Sometimes,Sometimes,Rarely,Rarely,Not much,A few times a month,A few times a week,A few times a month,Mostly,No,Does not live with a parent,Good,Some of the time,A fair amount,Somewhat well,As involved as desired,More often than desired,18–29,Man,College graduate or higher,"White, non-Hispanic",Never married,Middle income,South
201801062924,0.2895884705829484,Not enrolled in school,Working full time,A great deal,Extremely often,Extremely often,Rarely,Sometimes,Rarely,A fair amount,A few times a week,A few times a week,A few times a month,Completely,No,Does not live with a parent,Excellent,All of the time,,Somewhat well,As involved as desired,About as often as desired,18–29,Woman,College graduate or higher,"White, non-Hispanic",Never married,Middle income,South
201801062946,0.3402936551344405,Not enrolled in school,Working full time,A fair amount,Rarely,Sometimes,Never,Rarely,Rarely,Not at all,A few times a week,At least once a day,At least once a day,Completely,No,Lives with at least one parent,Fair,Never,A great deal,Somewhat well,Less involved than desired,About as often as desired,30–34,Woman,College graduate or higher,"White, non-Hispanic",Never married,Upper income,South
201801063213,0.2895884705829484,Not enrolled in school,Working full time,A great deal,Very often,Very often,Very often,Very often,Very often,A fair amount,A few times a week,At least once a day,Less than once a month,Mostly,Yes,Does not live with a parent,Excellent,All of the time,Some,Extremely well,As involved as desired,About as often as desired,18–29,Woman,College graduate or higher,"White, non-Hispanic",Never married,Upper income,South
201801063504,2.820149411252612,Not enrolled in school,Not currently working for pay,Some,Never,Never,Never,Never,Never,Not at all,At least once a day,At least once a day,At least once a day,Completely,No,Lives with at least one parent,Good,Most of the time,Some,Somewhat well,More involved than desired,About as often as desired,18–29,Woman,Some college,"White, non-Hispanic",Living with a partner,Middle income,South
201801063523,0.843197484777913,Not enrolled in school,Working full time,A great deal,Sometimes,Very often,Sometimes,Rarely,Sometimes,A fair amount,A few times a week,A few times a week,Less than once a month,Completely,No,Does not live with a parent,Excellent,All of the time,Some,Very well,As involved as desired,About as often as desired,30–34,Man,Some college,"White, non-Hispanic",Married,Middle income,South
201801063534,0.4266519922567549,Not enrolled in school,Working full time,A great deal,Rarely,Sometimes,Rarely,Sometimes,Never,Some,A few times a month,A few times a month,A few times a month,Completely,No,Does not live with a parent,Good,Never,Not at all,Somewhat well,As involved as desired,Less often than desired,18–29,Man,College graduate or higher,"White, non-Hispanic",Married,Upper income,South
201801064526,2.89599093748338,Not enrolled in school,Working full time,A fair amount,Sometimes,Never,Sometimes,Sometimes,Never,Some,A few times a week,A few times a week,Less than once a month,Completely,No,Does not live with a parent,Very good,Most of the time,Not at all,Very well,Less involved than desired,About as often as desired,18–29,Woman,High school or less,"Asian, non-Hispanic",Married,Middle income,Midwest
201801065564,0.2871037471198394,Not enrolled in school,Working full time,A great deal,Very often,Very often,Extremely often,Extremely often,Extremely often,A fair amount,A few times a week,A few times a week,A few times a week,Completely,No,Does not live with a parent,Excellent,All of the time,Some,Very well,As involved as desired,Less often than desired,30–34,Woman,Some college,"White, non-Hispanic",Married,Lower income,Midwest
201801065668,0.9196374631202,Not enrolled in school,Not currently working for pay,A great deal,Never,Rarely,Never,Rarely,Rarely,Not much,Less than once a month,A few times a week,Once a month,Completely,No,Does not live with a parent,Poor,Most of the time,A fair amount,Not too well,Less involved than desired,About as often as desired,18–29,Woman,High school or less,"White, non-Hispanic",Married,Middle income,Midwest
201801066086,0.4612058927613093,Not enrolled in school,Working full time,Some,Extremely often,Extremely often,Extremely often,Extremely often,Extremely often,Some,Less than once a month,A few times a week,A few times a week,Completely,Yes,Does not live with a parent,Fair,Some of the time,Not at all,Not well at all,As involved as desired,Less often than desired,30–34,Woman,Some college,"White, non-Hispanic",Married,Middle income,Midwest
201801066251,0.5213778688556536,Not enrolled in school,Working full time,A fair amount,Sometimes,Sometimes,Never,Never,Never,A fair amount,A few times a month,A few times a week,A few times a month,Completely,Yes,Does not live with a parent,Very good,All of the time,Not at all,Very well,Less involved than desired,Less often than desired,18–29,Man,College graduate or higher,"White, non-Hispanic",Married,Middle income,Midwest
201801066472,0.649191662183692,Not enrolled in school,Not currently working for pay,A great deal,Sometimes,Rarely,Never,Rarely,Sometimes,A fair amount,A few times a month,A few times a week,Once a month,Mostly,No,Does not live with a parent,Good,All of the time,Some,Very well,As involved as desired,About as often as desired,30–34,Woman,High school or less,"White, non-Hispanic",Married,Lower income,Midwest
201801066779,1.1319850685858348,Not enrolled in school,Not currently working for pay,Some,Sometimes,Sometimes,Never,Rarely,Rarely,Not much,,,,Not at all,Yes,Lives with all parents,Fair,Some of the time,Not much,Somewhat well,More involved than desired,About as often as desired,18–29,Nonbinary,College graduate or higher,"White, non-Hispanic",Never married,,Midwest
201801066901,0.6487388002048596,Not enrolled in school,Working full time,A fair amount,Sometimes,Sometimes,Sometimes,Sometimes,Rarely,Some,A few times a week,A few times a week,A few times a month,Completely,No,Does not live with a parent,Very good,Most of the time,Not much,Somewhat well,As involved as desired,About as often as desired,18–29,Woman,College graduate or higher,"White, non-Hispanic",Married,Upper income,Midwest
201801067117,0.190894303849779,Not enrolled in school,Not currently working for pay,A fair amount,Sometimes,Very often,Sometimes,Rarely,Never,A fair amount,,,,Mostly,Yes,Lives with all parents,Very good,Some of the time,Some,Not too well,As involved as desired,Less often than desired,18–29,Man,College graduate or higher,"Other or multiracial, non-Hispanic",Married,Middle income,Midwest
201801067366,0.4478304644478159,Not enrolled in school,Working full time,A great deal,Never,Never,Never,Never,Never,Not at all,A few times a month,A few times a month,Once a month,Completely,No,Does not live with a parent,Very good,Most of the time,Not much,Somewhat well,As involved as desired,About as often as desired,30–34,Man,College graduate or higher,"White, non-Hispanic",Married,Middle income,South
201801067429,0.8752930357121181,Not enrolled in school,Working full time,A great deal,Very often,Very often,Rarely,Very often,Never,Not much,A few times a month,A few times a week,Less than once a month,Completely,No,Does not live with a parent,Good,Most of the time,Not much,Somewhat well,As involved as desired,About as often as desired,18–29,Woman,College graduate or higher,"Other or multiracial, non-Hispanic",Living with a partner,Lower income,West
201801067682,0.7009720190349217,Not enrolled in school,Working full time,A fair amount,Rarely,Rarely,Rarely,Rarely,Rarely,Not much,A few times a month,A few times a week,Once a month,Completely,No,Does not live with a parent,Very good,All of the time,Not much,Very well,As involved as desired,Less often than desired,30–34,Woman,College graduate or higher,"White, non-Hispanic",Living with a partner,Middle income,Midwest
201801067788,0.6910213825767846,Not enrolled in school,Working full time,A great deal,Rarely,Rarely,Rarely,Rarely,Rarely,Not at all,A few times a month,A few times a week,A few times a month,Completely,No,Does not live with a parent,Good,Some of the time,Not much,Somewhat well,As involved as desired,Less often than desired,18–29,Woman,College graduate or higher,"White, non-Hispanic",Married,Upper income,Midwest
201801067856,0.2804794615397289,Not enrolled in school,Working full time,A fair amount,Never,Never,Never,Never,Never,Some,A few times a week,A few times a week,Less than once a month,Completely,No,Does not live with a parent,Excellent,All of the time,Some,Extremely well,Less involved than desired,About as often as desired,30–34,Man,College graduate or higher,"White, non-Hispanic",Married,Middle income,Midwest
201801068005,1.5873642205641043,Not enrolled in school,Working full time,A great deal,Sometimes,Sometimes,Rarely,Rarely,Rarely,Some,A few times a week,At least once a day,At least once a day,Completely,No,Does not live with a parent,Excellent,All of the time,Some,Very well,As involved as desired,About as often as desired,30–34,Man,Some college,"White, non-Hispanic",Married,,Midwest
201801068056,3.438321665046729,Not enrolled in school,Unable to work due to disability,A great deal,Sometimes,Never,Sometimes,Sometimes,Never,A fair amount,Never,Never,Never,Not at all,No,Lives with at least one parent,Excellent,All of the time,Some,Extremely well,As involved as desired,About as often as desired,18–29,Man,High school or less,"White, non-Hispanic",Never married,Lower income,Midwest
201801068101,2.5366552281030983,Not enrolled in school,Working full time,A fair amount,Rarely,Rarely,Sometimes,Rarely,Sometimes,Not much,Once a month,A few times a week,Less than once a month,Mostly,No,Does not live with a parent,Excellent,Most of the time,A fair amount,Very well,As involved as desired,About as often as desired,18–29,Man,College graduate or higher,"White, non-Hispanic",Living with a partner,Upper income,Northeast
201801068636,6.0959089097828425,Not enrolled in school,Working full time,Not much,Rarely,Rarely,Rarely,Sometimes,Sometimes,Not much,Less than once a month,A few times a month,Less than once a month,Completely,No,Does not live with a parent,Fair,Some of the time,Not much,Somewhat well,As involved as desired,About as often as desired,18–29,Man,Some college,"White, non-Hispanic",Married,,South
201801068736,1.7925129711772794,Not enrolled in school,Working full time,A fair amount,Very often,Very often,Sometimes,Very often,Very often,A great deal,At least once a day,At least once a day,At least once a day,Completely,No,Does not live with a parent,Excellent,All of the time,A great deal,Very well,As involved as desired,About as often as desired,18–29,Woman,College graduate or higher,"White, non-Hispanic",Never married,Upper income,South
201801068838,0.2895884705829484,Not enrolled in school,Working full time,Some,Sometimes,Sometimes,Never,Sometimes,Rarely,Not much,A few times a month,A few times a month,Once a month,Completely,No,Does not live with a parent,Very good,All of the time,Not much,Very well,As involved as desired,Less often than desired,18–29,Woman,College graduate or higher,"White, non-Hispanic",Living with a partner,Middle income,South
201801069017,3.708026872364015,Not enrolled in school,Working full time,A fair amount,Extremely often,Very often,Very often,Very often,Rarely,A fair amount,A few times a week,A few times a week,A few times a month,A little,Yes,Does not live with a parent,Excellent,All of the time,Some,Very well,Less involved than desired,Less often than desired,18–29,Woman,High school or less,"White, non-Hispanic",Living with a partner,Middle income,South
201801069434,3.6488057066376505,Not enrolled in school,Not currently working for pay,Some,Very often,Sometimes,Sometimes,Sometimes,Rarely,Not much,A few times a week,A few times a week,Less than once a month,Mostly,Yes,Does not live with a parent,Fair,Never,Some,Very well,As involved as desired,About as often as desired,18–29,Woman,Some college,Hispanic,Living with a partner,Middle income,South
201801069482,2.4781592910191863,Not enrolled in school,Working full time,Not much,Rarely,Very often,Rarely,Very often,Never,A fair amount,,,,A little,No,Lives with all parents,Good,Most of the time,A fair amount,Not too well,More involved than desired,About as often as desired,30–34,Woman,College graduate or higher,Hispanic,Never married,Lower income,South
201801069706,0.1845260357888606,Not enrolled in school,Working full time,Some,Extremely often,Very often,Very often,Extremely often,Sometimes,A great deal,A few times a week,At least once a day,Less than once a month,Mostly,No,Does not live with a parent,Excellent,Most of the time,Some,Very well,As involved as desired,About as often as desired,30–34,Woman,College graduate or higher,"White, non-Hispanic",Married,Middle income,West
201801069803,2.625836957232513,Not enrolled in school,Working full time,A great deal,Sometimes,Sometimes,Very often,Sometimes,Sometimes,A fair amount,Once a month,A few times a month,Less than once a month,Completely,No,Does not live with a parent,Excellent,Most of the time,Not much,Very well,As involved as desired,About as often as desired,18–29,Man,Some college,"White, non-Hispanic",Divorced,Middle income,South
201801069886,2.23880914937537,Not enrolled in school,Working full time,A great deal,Sometimes,Very often,Sometimes,Sometimes,Very often,A great deal,At least once a day,At least once a day,A few times a month,Completely,No,Does not live with a parent,Excellent,All of the time,A fair amount,Extremely well,As involved as desired,About as often as desired,18–29,Woman,Some college,"White, non-Hispanic",Married,Middle income,West
201801070397,0.3716822256077425,Not enrolled in school,Working full time,A fair amount,Sometimes,Never,Never,Never,Never,Not at all,Less than once a month,A few times a week,Never,Somewhat,Yes,Does not live with a parent,Fair,Never,A fair amount,Not well at all,As involved as desired,More often than desired,18–29,Man,Some college,"Other or multiracial, non-Hispanic",Living with a partner,Middle income,West
201801070466,0.3626244541096454,Not enrolled in school,Working full time,A fair amount,Never,Rarely,Never,Rarely,Never,Not much,,,,Mostly,Yes,Lives with all parents,Good,Most of the time,Not much,Somewhat well,As involved as desired,About as often as desired,30–34,Woman,College graduate or higher,"Other or multiracial, non-Hispanic",Never married,Middle income,West
201801070504,2.958252304547153,Not enrolled in school,Working full time,A great deal,Sometimes,Never,Never,Never,Never,Not much,A few times a month,A few times a month,Never,Completely,No,Does not live with a parent,Poor,All of the time,Not at all,Not too well,More involved than desired,Less often than desired,18–29,Woman,High school or less,"White, non-Hispanic",Married,Middle income,West
201801070547,0.4675976107308122,4-year college or graduate school,Not currently working for pay,A fair amount,Extremely often,Very often,Sometimes,Sometimes,Rarely,A fair amount,,,,Not at all,Yes,Lives with all parents,Good,Most of the time,A great deal,Somewhat well,More involved than desired,More often than desired,30–34,Woman,College graduate or higher,"Other or multiracial, non-Hispanic",Never married,Middle income,West
201801071240,0.9731156105829902,Not enrolled in school,Working full time,A fair amount,Sometimes,Sometimes,Rarely,Sometimes,Sometimes,Some,A few times a month,A few times a week,A few times a month,Mostly,Yes,Does not live with a parent,Very good,Most of the time,Some,Very well,Less involved than desired,Less often than desired,18–29,Woman,College graduate or higher,"White, non-Hispanic",Living with a partner,Middle income,West
201801071436,0.2657926452924247,Not enrolled in school,Working full time,A great deal,Extremely often,Extremely often,Extremely often,Extremely often,Sometimes,A great deal,Less than once a month,Once a month,Less than once a month,Mostly,No,Lives with at least one parent,Good,Most of the time,Not at all,Not too well,Less involved than desired,Less often than desired,18–29,Woman,College graduate or higher,"White, non-Hispanic",Never married,Middle income,West
201801071618,1.628655800446445,Not enrolled in school,Working full time,A fair amount,Sometimes,Very often,Sometimes,Rarely,Sometimes,Some,A few times a month,At least once a day,A few times a month,Completely,No,Does not live with a parent,Excellent,Most of the time,Some,Very well,As involved as desired,About as often as desired,18–29,Man,College graduate or higher,"White, non-Hispanic",Never married,Upper income,Northeast
201801071852,0.4039068408977993,Not enrolled in school,Working part time,Some,Sometimes,Sometimes,Very often,Rarely,Rarely,A fair amount,,,,A little,Yes,Lives with all parents,Good,Some of the time,A great deal,Very well,As involved as desired,About as often as desired,18–29,Woman,College graduate or higher,Hispanic,Never married,Lower income,Northeast
201801072282,0.2583017637142473,4-year college or graduate school,Working full time,A fair amount,Rarely,Sometimes,Never,Rarely,Never,Some,A few times a month,A few times a week,Less than once a month,Completely,No,Does not live with a parent,Excellent,All of the time,Not at all,Very well,As involved as desired,About as often as desired,30–34,Woman,College graduate or higher,Hispanic,Married,Upper income,Northeast
201801072490,1.19967919548643,Not enrolled in school,Working full time,A fair amount,Sometimes,Very often,Never,Rarely,Never,Not at all,A few times a week,A few times a week,Less than once a month,Completely,No,Does not live with a parent,Very good,Most of the time,Not at all,Somewhat well,As involved as desired,Less often than desired,30–34,Man,College graduate or higher,"White, non-Hispanic",Living with a partner,Lower income,Northeast
201801073543,1.175894746000705,Not enrolled in school,Working full time,A great deal,Very often,Sometimes,Rarely,Sometimes,Sometimes,Some,Less than once a month,A few times a week,A few times a month,Mostly,No,Does not live with a parent,Very good,All of the time,Not much,Very well,As involved as desired,About as often as desired,18–29,Woman,College graduate or higher,"White, non-Hispanic",Never married,Middle income,Northeast
201801073604,0.2401388090421684,Not enrolled in school,Working full time,Some,Never,Rarely,Rarely,Sometimes,Sometimes,Some,A few times a month,A few times a week,A few times a month,Completely,No,Does not live with a parent,Good,Most of the time,Some,Somewhat well,As involved as desired,Less often than desired,30–34,Woman,Some college,"Black, non-Hispanic",Never married,Lower income,Northeast
201801073719,1.883644340218159,4-year college or graduate school,Working full time,Some,Very often,Sometimes,Sometimes,Rarely,Very often,A fair amount,A few times a month,A few times a week,Less than once a month,Mostly,Yes,Does not live with a parent,Good,All of the time,Not much,Somewhat well,As involved as desired,Less often than desired,18–29,Man,College graduate or higher,"White, non-Hispanic",Never married,Lower income,Northeast
201801073742,0.2783417844105068,Not enrolled in school,Working full time,A great deal,Very often,Extremely often,Extremely often,Extremely often,Very often,A great deal,A few times a week,At least once a day,A few times a month,Completely,No,Does not live with a parent,Excellent,All of the time,A great deal,Extremely well,As involved as desired,About as often as desired,30–34,Woman,College graduate or higher,"White, non-Hispanic",Married,Middle income,Northeast
201801074535,0.3993228134381431,Not enrolled in school,Working full time,A great deal,Very often,Extremely often,Sometimes,Extremely often,Sometimes,A great deal,A few times a week,At least once a day,Once a month,Mostly,Yes,Does not live with a parent,Excellent,Most of the time,A fair amount,Very well,As involved as desired,About as often as desired,18–29,Woman,College graduate or higher,"White, non-Hispanic",Never married,Upper income,Northeast
201801074536,0.4233012453974502,4-year college or graduate school,Working part time,A fair amount,Very often,Sometimes,Sometimes,Sometimes,Very often,Some,A few times a week,A few times a week,Less than once a month,A little,Yes,Does not live with a parent,Good,Most of the time,Some,Somewhat well,Less involved than desired,Less often than desired,18–29,Woman,College graduate or higher,"White, non-Hispanic",Never married,Lower income,Northeast
201801074778,0.1469674146658036,Not enrolled in school,Working full time,A fair amount,Rarely,Sometimes,Never,Sometimes,Rarely,A fair amount,,,,Completely,No,Lives with all parents,Very good,Most of the time,Not much,Somewhat well,As involved as desired,About as often as desired,30–34,Man,College graduate or higher,"White, non-Hispanic",Never married,Middle income,Northeast
201801075448,0.9698692293534896,Not enrolled in school,Working full time,Some,Never,Never,Never,Never,Never,Not much,A few times a week,A few times a week,A few times a month,Completely,No,Does not live with a parent,Fair,Most of the time,Not much,Somewhat well,As involved as desired,About as often as desired,30–34,Man,Some college,"White, non-Hispanic",Married,Upper income,Northeast
201801075675,5.1404113770896425,Not enrolled in school,Working full time,A fair amount,Sometimes,Rarely,Sometimes,Sometimes,Sometimes,Some,Less than once a month,A few times a week,Once a month,Completely,No,Does not live with a parent,Good,All of the time,A fair amount,Very well,As involved as desired,About as often as desired,18–29,Woman,High school or less,"White, non-Hispanic",Married,Upper income,Northeast
201801076454,0.2157574347599899,Not enrolled in school,Working full time,Some,Rarely,Rarely,Sometimes,Rarely,Sometimes,Not much,A few times a week,A few times a week,A few times a month,Completely,No,Does not live with a parent,Very good,Most of the time,Not much,Very well,As involved as desired,About as often as desired,30–34,Woman,College graduate or higher,"White, non-Hispanic",Living with a partner,Middle income,Northeast
201801077708,0.2021488056482284,Not enrolled in school,Working full time,A great deal,Sometimes,Sometimes,Sometimes,Sometimes,Rarely,A fair amount,A few times a month,A few times a week,Once a month,Completely,No,Does not live with a parent,Good,Most of the time,A great deal,Somewhat well,Less involved than desired,Less often than desired,30–34,Woman,College graduate or higher,Hispanic,Never married,Middle income,Northeast
201801079688,0.2098604836056666,Not enrolled in school,Unable to work due to disability,Some,Never,Sometimes,Sometimes,Rarely,Never,Some,A few times a month,A few times a month,A few times a week,Completely,No,Does not live with a parent,Good,Most of the time,Some,Very well,As involved as desired,About as often as desired,30–34,Woman,College graduate or higher,,Married,Upper income,Northeast
201801079787,0.4252414044639864,Not enrolled in school,Not currently working for pay,Some,Never,Rarely,Rarely,Rarely,Rarely,Not much,A few times a month,A few times a week,Less than once a month,Completely,No,Does not live with a parent,Good,Most of the time,A great deal,Extremely well,Less involved than desired,Less often than desired,30–34,Woman,College graduate or higher,"White, non-Hispanic",Married,Middle income,Northeast
201801080718,0.2181866355681084,4-year college or graduate school,Working full time,A great deal,Sometimes,Rarely,Rarely,Sometimes,Never,Some,A few times a month,A few times a month,Less than once a month,Completely,No,Does not live with a parent,Fair,Some of the time,Some,Somewhat well,As involved as desired,About as often as desired,30–34,Woman,College graduate or higher,"Other or multiracial, non-Hispanic",Living with a partner,Upper income,Northeast
201801080871,0.4615874583762522,Not enrolled in school,Working full time,A great deal,Sometimes,Very often,Sometimes,Very often,Very often,A fair amount,A few times a week,A few times a week,Once a month,Completely,No,Does not live with a parent,Excellent,All of the time,Not much,Extremely well,As involved as desired,About as often as desired,30–34,Man,College graduate or higher,"White, non-Hispanic",Married,Upper income,Northeast
201801080959,0.1462569435773446,Not enrolled in school,Working full time,A fair amount,Sometimes,Rarely,Sometimes,Sometimes,Never,Not much,A few times a month,A few times a week,A few times a week,Mostly,Yes,Does not live with a parent,Very good,All of the time,Not much,Very well,As involved as desired,Less often than desired,30–34,Woman,College graduate or higher,"White, non-Hispanic",Married,,Northeast
201801081041,0.6712697940295609,Not enrolled in school,Working full time,A great deal,Very often,Very often,Never,Sometimes,Sometimes,Not much,At least once a day,At least once a day,A few times a week,Completely,No,Does not live with a parent,Good,Most of the time,Not much,Somewhat well,As involved as desired,About as often as desired,18–29,Man,College graduate or higher,"White, non-Hispanic",Living with a partner,Middle income,Northeast
201801081202,0.4089439878577927,Not enrolled in school,Working full time,A great deal,Very often,Very often,Very often,Very often,Very often,A fair amount,A few times a week,A few times a week,Less than once a month,Completely,No,Does not live with a parent,Excellent,All of the time,A fair amount,Extremely well,As involved as desired,About as often as desired,30–34,Woman,College graduate or higher,"White, non-Hispanic",Living with a partner,Upper income,South
201801082597,0.2783417844105068,Not enrolled in school,Working full time,A fair amount,Sometimes,Very often,Sometimes,Sometimes,Sometimes,A great deal,A few times a week,At least once a day,Less than once a month,Not at all,Yes,Does not live with a parent,Excellent,All of the time,A fair amount,Very well,As involved as desired,About as often as desired,30–34,Woman,College graduate or higher,"White, non-Hispanic",Married,Middle income,Northeast
201801083071,2.236741609747419,Not enrolled in school,Working full time,A great deal,Never,Rarely,Never,Never,Never,Not at all,Once a month,A few times a week,A few times a month,Mostly,Yes,Lives with at least one parent,Good,All of the time,A great deal,Extremely well,As involved as desired,About as often as desired,18–29,Man,College graduate or higher,"White, non-Hispanic",Never married,Middle income,Northeast
201801084596,1.6459594008469585,Not enrolled in school,Working full time,Some,Sometimes,Rarely,Sometimes,Sometimes,Sometimes,A fair amount,At least once a day,A few times a week,Once a month,Mostly,Yes,Does not live with a parent,Excellent,All of the time,A fair amount,Very well,As involved as desired,Less often than desired,30–34,Woman,Some college,"White, non-Hispanic",Married,Middle income,Northeast
201801084705,0.5084884208759136,Not enrolled in school,Working full time,Some,Sometimes,Sometimes,Sometimes,Sometimes,Sometimes,A fair amount,,,,Completely,No,,Fair,Most of the time,A fair amount,Very well,Less involved than desired,About as often as desired,30–34,Woman,Some college,"White, non-Hispanic",Never married,Lower income,Northeast
201801084844,1.1006517705872538,Not enrolled in school,Working full time,A great deal,Rarely,Rarely,Never,Rarely,Never,Not at all,Less than once a month,Less than once a month,Less than once a month,Completely,No,Does not live with a parent,Good,Most of the time,Not much,Somewhat well,Less involved than desired,Less often than desired,18–29,Man,College graduate or higher,"White, non-Hispanic",Living with a partner,Middle income,West
201801085678,0.0839560592844581,Not enrolled in school,Working full time,A great deal,Sometimes,Rarely,Rarely,Sometimes,Rarely,A fair amount,A few times a week,At least once a day,Less than once a month,Mostly,Yes,Does not live with a parent,Very good,All of the time,A fair amount,Extremely well,As involved as desired,About as often as desired,30–34,Woman,College graduate or higher,"White, non-Hispanic",Never married,Middle income,Northeast
201801085687,0.3987050642836669,Not enrolled in school,Working part time,A great deal,Sometimes,Sometimes,Never,Sometimes,Rarely,Some,A few times a month,A few times a week,A few times a month,Completely,No,Does not live with a parent,Very good,All of the time,Some,Somewhat well,As involved as desired,Less often than desired,30–34,Man,College graduate or higher,"White, non-Hispanic",Living with a partner,Lower income,Northeast
201801086138,0.4499347103006001,Not enrolled in school,Working part time,A great deal,Sometimes,Very often,Sometimes,Rarely,Very often,A great deal,At least once a day,At least once a day,A few times a week,Completely,No,Does not live with a parent,Excellent,All of the time,A great deal,Extremely well,As involved as desired,About as often as desired,30–34,Woman,Some college,"Black, non-Hispanic",Never married,Lower income,Northeast
201801087103,1.631025536613157,4-year college or graduate school,Working full time,A great deal,Extremely often,Very often,Sometimes,Sometimes,Very often,Some,A few times a month,A few times a week,Less than once a month,Mostly,No,Does not live with a parent,Very good,Some of the time,Not much,Somewhat well,As involved as desired,About as often as desired,18–29,Woman,College graduate or higher,"White, non-Hispanic",Never married,Middle income,Northeast
201801088076,3.0535674812304414,Not enrolled in school,Not currently working for pay,A fair amount,Sometimes,Sometimes,Sometimes,Extremely often,Sometimes,A fair amount,A few times a week,Less than once a month,Less than once a month,Mostly,Yes,Does not live with a parent,Good,All of the time,A fair amount,Very well,As involved as desired,About as often as desired,30–34,Woman,Some college,"White, non-Hispanic",Never married,Lower income,Northeast
201801089821,0.3987050642836669,Not enrolled in school,Working full time,A fair amount,Rarely,Very often,Sometimes,Sometimes,Rarely,Some,A few times a month,At least once a day,A few times a month,Completely,No,Does not live with a parent,Very good,Most of the time,Some,Very well,As involved as desired,About as often as desired,30–34,Man,College graduate or higher,"White, non-Hispanic",Married,Upper income,Northeast
201801089896,1.5652874330414313,Not enrolled in school,Working full time,A great deal,Rarely,Extremely often,Very often,Extremely often,Very often,Not much,A few times a week,A few times a week,A few times a week,Mostly,Yes,Does not live with a parent,Excellent,All of the time,Some,Extremely well,As involved as desired,About as often as desired,18–29,Woman,High school or less,"White, non-Hispanic",Living with a partner,Middle income,Northeast
201801089914,1.3551448326387192,Not enrolled in school,Working full time,Some,Very often,Rarely,Never,Rarely,Rarely,Not at all,A few times a month,A few times a month,A few times a week,Completely,Yes,Does not live with a parent,Very good,Some of the time,Some,Somewhat well,As involved as desired,About as often as desired,18–29,Man,College graduate or higher,"White, non-Hispanic",Never married,Middle income,Northeast
201801090158,1.208854685094943,Not enrolled in school,Working part time,A great deal,Extremely often,Extremely often,Extremely often,Extremely often,Extremely often,A great deal,A few times a week,A few times a week,A few times a week,Not at all,No,Does not live with a parent,Very good,All of the time,A great deal,Extremely well,As involved as desired,About as often as desired,30–34,Man,High school or less,"White, non-Hispanic",Married,Lower income,Northeast
201801090480,1.084912475782026,Not enrolled in school,Working part time,Some,Very often,Extremely often,Sometimes,Extremely often,Sometimes,A great deal,,,,A little,Yes,Lives with all parents,Excellent,Most of the time,Not much,Somewhat well,As involved as desired,About as often as desired,30–34,Woman,Some college,"White, non-Hispanic",Never married,Lower income,Northeast
201801090658,0.8866204184345896,Not enrolled in school,Not currently working for pay,A fair amount,Rarely,Sometimes,Never,Never,Rarely,Some,A few times a month,A few times a week,A few times a month,Completely,No,Does not live with a parent,Very good,All of the time,Not much,Very well,Less involved than desired,Less often than desired,30–34,Woman,Some college,"White, non-Hispanic",Married,Middle income,Northeast
201801090699,0.2612765515105566,Not enrolled in school,Not currently working for pay,A great deal,Extremely often,Sometimes,Never,Extremely often,Sometimes,Some,At least once a day,At least once a day,A few times a week,Mostly,Yes,Does not live with a parent,Very good,Some of the time,Not at all,Very well,As involved as desired,About as often as desired,30–34,Woman,College graduate or higher,"Black, non-Hispanic",Living with a partner,Middle income,Northeast
201801091936,1.6553292320092448,4-year college or graduate school,Working full time,A great deal,Extremely often,Extremely often,Sometimes,Very often,Rarely,A great deal,A few times a week,A few times a week,Less than once a month,A little,Yes,Does not live with a parent,Very good,Most of the time,Not at all,Somewhat well,As involved as desired,Less often than desired,18–29,Woman,College graduate or higher,Hispanic,Never married,,Northeast
201801092536,0.3651652202600413,2-year college or technical school,Not currently working for pay,Some,Rarely,Sometimes,Sometimes,Sometimes,Rarely,Some,A few times a month,A few times a week,Once a month,Mostly,Yes,Does not live with a parent,Fair,Some of the time,Some,Extremely well,As involved as desired,About as often as desired,30–34,Man,Some college,Hispanic,Living with a partner,Middle income,Northeast
201801093293,0.3146130808019318,Not enrolled in school,Working full time,A fair amount,Very often,Sometimes,Rarely,Rarely,Rarely,Some,A few times a month,A few times a month,Less than once a month,Mostly,No,Does not live with a parent,Good,Some of the time,A fair amount,Somewhat well,As involved as desired,About as often as desired,30–34,Woman,College graduate or higher,"White, non-Hispanic",Married,Upper income,South
201801093361,0.0819596945935402,Not enrolled in school,Working full time,Some,Rarely,Rarely,Never,Never,Never,Not much,A few times a month,A few times a month,Once a month,Completely,No,Does not live with a parent,Fair,Rarely,Not much,Somewhat well,As involved as desired,About as often as desired,30–34,Woman,College graduate or higher,"White, non-Hispanic",Living with a partner,Upper income,South
201801093401,0.3145963728230053,Not enrolled in school,Working full time,A great deal,Sometimes,Sometimes,Sometimes,Sometimes,Sometimes,Not much,A few times a week,At least once a day,A few times a week,Completely,No,Does not live with a parent,Excellent,All of the time,Some,Very well,As involved as desired,About as often as desired,30–34,Man,College graduate or higher,"White, non-Hispanic",Married,Upper income,South
201801093641,0.8094828772975001,Not enrolled in school,Working full time,A fair amount,Sometimes,Sometimes,Rarely,Sometimes,Rarely,Some,Once a month,A few times a month,Less than once a month,Somewhat,Yes,Does not live with a parent,Fair,Some of the time,A fair amount,Somewhat well,Less involved than desired,About as often as desired,30–34,Man,College graduate or higher,"Other or multiracial, non-Hispanic",Divorced,Upper income,South
201801093909,0.1764598698436192,Not enrolled in school,Working full time,A great deal,Sometimes,Very often,Rarely,Rarely,Sometimes,A fair amount,A few times a month,A few times a week,A few times a month,Mostly,Yes,Does not live with a parent,Very good,Most of the time,Not at all,Somewhat well,As involved as desired,Less often than desired,30–34,Woman,College graduate or higher,"Black, non-Hispanic",Never married,Middle income,South
201801094075,0.984642379024763,Not enrolled in school,Working full time,A great deal,Sometimes,Sometimes,Rarely,Rarely,Rarely,Not much,Once a month,A few times a week,Less than once a month,Mostly,No,Does not live with a parent,Very good,Most of the time,Not much,Somewhat well,As involved as desired,About as often as desired,18–29,Woman,College graduate or higher,"White, non-Hispanic",Living with a partner,Upper income,South
201801094331,1.136135462922408,Not enrolled in school,Working full time,A fair amount,Very often,Very often,Never,Rarely,Rarely,Some,A few times a month,At least once a day,Less than once a month,Mostly,Yes,Does not live with a parent,Very good,Most of the time,Not much,Somewhat well,As involved as desired,About as often as desired,18–29,Woman,College graduate or higher,"White, non-Hispanic",Never married,Middle income,Northeast
201801094824,1.0712992649077469,Not enrolled in school,Working full time,A great deal,Extremely often,Extremely often,Sometimes,Sometimes,Very often,Some,A few times a week,A few times a week,Less than once a month,Completely,No,Does not live with a parent,Excellent,All of the time,Some,Very well,As involved as desired,About as often as desired,18–29,Woman,College graduate or higher,"White, non-Hispanic",Married,Middle income,South
201801094918,0.188536721479814,Not enrolled in school,Working full time,A great deal,Very often,Very often,Rarely,Rarely,Rarely,A fair amount,A few times a month,A few times a week,A few times a week,Completely,No,Does not live with a parent,Excellent,Most of the time,Not much,Very well,As involved as desired,About as often as desired,30–34,Man,College graduate or higher,"White, non-Hispanic",Married,Upper income,Midwest
201801095786,4.1374679966468815,4-year college or graduate school,Working part time,A great deal,Very often,Extremely often,Rarely,Very often,Very often,Not much,,,,Not at all,Yes,Lives with all parents,Excellent,Most of the time,Not at all,Very well,As involved as desired,About as often as desired,18–29,Man,Some college,"White, non-Hispanic",Never married,Upper income,South
201801096144,0.2681984895573066,Not enrolled in school,Working full time,A great deal,Sometimes,Sometimes,Sometimes,Sometimes,Very often,Some,A few times a week,A few times a week,A few times a month,Completely,No,Does not live with a parent,Very good,Most of the time,Some,Somewhat well,As involved as desired,About as often as desired,30–34,Woman,College graduate or higher,"White, non-Hispanic",Married,Upper income,South
201801096219,0.3974657009707351,Not enrolled in school,Working full time,A fair amount,Sometimes,Very often,Rarely,Rarely,Sometimes,Some,A few times a month,A few times a week,Less than once a month,Mostly,Yes,Does not live with a parent,Very good,Most of the time,A fair amount,Very well,As involved as desired,About as often as desired,30–34,Woman,College graduate or higher,"White, non-Hispanic",Married,Upper income,South
201801096656,0.2106214003670112,Not enrolled in school,Working full time,A great deal,Never,Never,Rarely,Never,Never,Not much,A few times a month,A few times a week,Less than once a month,Completely,No,Does not live with a parent,Good,Some of the time,A fair amount,Somewhat well,Less involved than desired,About as often as desired,30–34,Woman,College graduate or higher,"White, non-Hispanic",Married,Middle income,South
201801098392,3.30709335432645,Not enrolled in school,Working full time,Some,Rarely,Never,Sometimes,Rarely,Rarely,Some,A few times a week,At least once a day,A few times a week,Completely,No,Does not live with a parent,Good,Most of the time,Not at all,Very well,As involved as desired,About as often as desired,18–29,Woman,College graduate or higher,"White, non-Hispanic",Never married,Middle income,South
201801099503,0.3269663009680443,Not enrolled in school,Working full time,A great deal,Extremely often,Extremely often,Extremely often,Extremely often,Extremely often,Some,A few times a week,At least once a day,Once a month,Mostly,Yes,Does not live with a parent,Excellent,All of the time,Not much,Extremely well,As involved as desired,About as often as desired,30–34,Woman,College graduate or higher,"White, non-Hispanic",Married,Upper income,South
201801099535,0.0971478910411717,Not enrolled in school,Working full time,A great deal,Never,Sometimes,Sometimes,Sometimes,Sometimes,Not much,At least once a day,At least once a day,Once a month,Completely,No,Does not live with a parent,Very good,Most of the time,Not at all,Extremely well,As involved as desired,About as often as desired,30–34,Woman,College graduate or higher,"Black, non-Hispanic",Never married,Middle income,South
201801100013,1.2194810377213174,2-year college or technical school,Working part time,Not much,Never,Never,Never,Never,Never,Not at all,Less than once a month,Less than once a month,Less than once a month,Completely,No,Does not live with a parent,Poor,Never,Some,Somewhat well,As involved as desired,About as often as desired,18–29,Woman,Some college,"Black, non-Hispanic",Living with a partner,Middle income,South
201801100167,0.9487179355620564,4-year college or graduate school,Not currently working for pay,A great deal,Very often,Very often,Very often,Sometimes,Sometimes,A fair amount,A few times a week,A few times a week,Less than once a month,Completely,No,Does not live with a parent,Excellent,All of the time,Not much,Very well,As involved as desired,Less often than desired,18–29,Woman,College graduate or higher,"White, non-Hispanic",Married,Upper income,South
201801100716,0.7598738800926732,Not enrolled in school,Working full time,Some,Rarely,Sometimes,Never,Sometimes,Never,Not much,A few times a month,A few times a week,Once a month,Completely,No,Does not live with a parent,Very good,Most of the time,Some,Somewhat well,As involved as desired,About as often as desired,18–29,Man,College graduate or higher,"White, non-Hispanic",Living with a partner,Upper income,Northeast
201801100867,0.7912677767533796,Not enrolled in school,Not currently working for pay,Some,Never,Never,Never,Never,Never,Not at all,A few times a month,A few times a month,Less than once a month,Mostly,No,Does not live with a parent,Fair,Some of the time,Not at all,Not too well,As involved as desired,About as often as desired,30–34,Woman,College graduate or higher,"White, non-Hispanic",Living with a partner,,South
201801101272,0.3351675666548541,Not enrolled in school,Working full time,A great deal,Rarely,Sometimes,Rarely,Sometimes,Very often,A fair amount,A few times a week,At least once a day,A few times a month,Completely,No,Does not live with a parent,Excellent,All of the time,Some,Somewhat well,As involved as desired,About as often as desired,30–34,Woman,College graduate or higher,"White, non-Hispanic",Married,Upper income,South
201801101625,1.344887772292218,4-year college or graduate school,Not currently working for pay,A great deal,Sometimes,Very often,Never,Never,Sometimes,Some,Once a month,Less than once a month,Never,A little,Yes,Lives with at least one parent,Excellent,All of the time,A fair amount,Very well,As involved as desired,About as often as desired,18–29,Man,Some college,"Black, non-Hispanic",Never married,Lower income,South
201801101943,4.0948813283892775,Not enrolled in school,Working full time,A fair amount,Never,Never,Never,Never,Never,Not at all,Once a month,A few times a month,Less than once a month,Completely,No,Does not live with a parent,Poor,Rarely,Not at all,Somewhat well,As involved as desired,About as often as desired,18–29,Woman,Some college,"White, non-Hispanic",Living with a partner,Lower income,Midwest
201801102090,0.3835453805580919,Not enrolled in school,Working full time,A fair amount,Sometimes,Sometimes,Rarely,Never,Never,Not much,A few times a week,A few times a week,Less than once a month,Mostly,Yes,Does not live with a parent,Fair,Some of the time,Not at all,Not too well,Less involved than desired,Less often than desired,30–34,Man,College graduate or higher,"White, non-Hispanic",Never married,Middle income,South
201801102119,0.2114951376826473,Not enrolled in school,Not currently working for pay,A great deal,Extremely often,Extremely often,Extremely often,Extremely often,Extremely often,A great deal,At least once a day,At least once a day,A few times a week,Not at all,Yes,Does not live with a parent,Excellent,All of the time,A great deal,Extremely well,As involved as desired,Less often than desired,30–34,Woman,Some college,"Black, non-Hispanic",Never married,Lower income,South
201801104013,2.9464909030590207,Not enrolled in school,Not currently working for pay,Some,Very often,Extremely often,Sometimes,Very often,Sometimes,Some,A few times a week,A few times a month,Once a month,Not at all,Yes,Does not live with a parent,Good,Rarely,Not much,Somewhat well,Less involved than desired,About as often as desired,18–29,Man,College graduate or higher,"White, non-Hispanic",Never married,Middle income,South
201801104457,0.3524635797146512,Not enrolled in school,Not currently working for pay,A great deal,Never,Rarely,Very often,Sometimes,Sometimes,Some,Less than once a month,Less than once a month,A few times a month,Completely,No,Does not live with a parent,Good,All of the time,Not at all,Somewhat well,Less involved than desired,Less often than desired,30–34,Woman,Some college,"White, non-Hispanic",Married,Middle income,South
201801106300,1.4209653203637336,Not enrolled in school,Working full time,Not much,Never,Never,Never,Never,Never,Not at all,A few times a month,A few times a month,Less than once a month,Completely,No,Does not live with a parent,Fair,Some of the time,Not at all,Somewhat well,As involved as desired,About as often as desired,18–29,Woman,College graduate or higher,"Black, non-Hispanic",Never married,Upper income,South
201801107243,0.2319832354833037,Not enrolled in school,Working full time,A great deal,Sometimes,Sometimes,Rarely,Never,Never,A fair amount,A few times a week,A few times a week,A few times a month,Completely,No,Does not live with a parent,Fair,Some of the time,Not at all,Not well at all,Less involved than desired,Less often than desired,30–34,Man,College graduate or higher,"White, non-Hispanic",Never married,Upper income,West
201801107256,1.908459662104164,Not enrolled in school,Working full time,A great deal,Sometimes,Sometimes,Very often,Very often,Sometimes,A great deal,A few times a month,A few times a month,Less than once a month,Completely,Yes,Does not live with a parent,Excellent,Most of the time,A fair amount,Very well,As involved as desired,About as often as desired,30–34,Man,College graduate or higher,Hispanic,Never married,Lower income,South
201801108131,6.214944767035908,Not enrolled in school,Working full time,A fair amount,Very often,Sometimes,Never,Very often,Never,Not at all,Never,Less than once a month,Less than once a month,A little,No,Lives with at least one parent,Good,Some of the time,Not much,Somewhat well,As involved as desired,About as often as desired,18–29,Woman,High school or less,"White, non-Hispanic",Never married,Middle income,South
201801108425,0.285831830056606,Not enrolled in school,Working full time,Some,Rarely,Never,Rarely,Never,Rarely,Not much,Less than once a month,A few times a month,Less than once a month,Completely,No,Does not live with a parent,Fair,Some of the time,Not at all,Not too well,Less involved than desired,Less often than desired,30–34,Man,College graduate or higher,"White, non-Hispanic",Married,Middle income,South
201801108547,1.33195270822373,Not enrolled in school,Not currently working for pay,Not much,Never,Never,Never,Never,Never,Not much,A few times a month,A few times a month,Less than once a month,Somewhat,Yes,Does not live with a parent,Fair,Rarely,Not much,Not well at all,As involved as desired,About as often as desired,30–34,Woman,College graduate or higher,"Black, non-Hispanic",Married,Lower income,South
201801108660,0.9163671472156416,Not enrolled in school,Working full time,A fair amount,Never,Rarely,Never,Never,Never,Not at all,A few times a month,A few times a week,Less than once a month,Completely,No,Does not live with a parent,Very good,Most of the time,Not much,Somewhat well,As involved as desired,About as often as desired,30–34,Man,College graduate or higher,"White, non-Hispanic",Married,Middle income,West
201801109377,0.6485256481177848,4-year college or graduate school,Working full time,A great deal,Sometimes,Sometimes,Very often,Very often,Rarely,A fair amount,A few times a month,A few times a week,Less than once a month,Mostly,No,Does not live with a parent,Excellent,All of the time,Not much,Very well,As involved as desired,About as often as desired,18–29,Man,College graduate or higher,"White, non-Hispanic",Never married,Middle income,Midwest
201801109386,0.5655574282493357,4-year college or graduate school,Working full time,A great deal,Never,Never,Never,Never,Never,Not at all,Never,Less than once a month,Less than once a month,Completely,No,Does not live with a parent,Fair,Never,Some,Not too well,As involved as desired,About as often as desired,18–29,Man,College graduate or higher,Hispanic,Never married,Middle income,Northeast
201801109983,0.1357821087745247,Not enrolled in school,Working full time,A fair amount,Sometimes,Sometimes,Never,Sometimes,Rarely,Some,A few times a week,A few times a month,Less than once a month,Mostly,Yes,Does not live with a parent,Good,Some of the time,Some,Somewhat well,Less involved than desired,Less often than desired,30–34,Woman,College graduate or higher,"Black, non-Hispanic",Never married,Upper income,Northeast
201801110439,2.3760025963409896,Not enrolled in school,Not currently working for pay,Some,Sometimes,Rarely,Rarely,Rarely,Rarely,Not much,A few times a month,A few times a week,A few times a month,A little,Yes,Does not live with a parent,Good,Most of the time,Not much,Somewhat well,As involved as desired,Less often than desired,18–29,Man,Some college,"White, non-Hispanic",Married,Lower income,South
201801113717,4.553742726165746,Not enrolled in school,Working full time,A great deal,Sometimes,Sometimes,Very often,Very often,Never,Some,A few times a week,At least once a day,A few times a week,Completely,No,Does not live with a parent,Excellent,All of the time,Some,Extremely well,As involved as desired,About as often as desired,30–34,Man,High school or less,"White, non-Hispanic",Married,Middle income,South
201801114898,0.9163124343451352,Not enrolled in school,Not currently working for pay,A fair amount,,Very often,Never,Sometimes,Very often,Not much,,,,Not at all,Yes,Lives with all parents,Fair,Some of the time,Not much,,Less involved than desired,Less often than desired,18–29,Woman,Some college,Hispanic,Never married,Lower income,South
201801115315,0.4134953421313865,Not enrolled in school,Working full time,A great deal,Sometimes,Very often,Rarely,Extremely often,Rarely,A great deal,At least once a day,A few times a week,Less than once a month,Completely,Yes,Does not live with a parent,Good,Most of the time,Some,Very well,As involved as desired,About as often as desired,30–34,Man,College graduate or higher,Hispanic,Never married,Upper income,Midwest
201801116103,0.1416199491366344,Not enrolled in school,Working full time,A fair amount,Very often,Rarely,Rarely,Sometimes,Rarely,Some,A few times a week,A few times a week,Once a month,Mostly,Yes,Does not live with a parent,Very good,Most of the time,Not much,Somewhat well,As involved as desired,About as often as desired,30–34,Woman,College graduate or higher,"White, non-Hispanic",Divorced,Middle income,South
201801116515,2.5791136054031454,Not enrolled in school,Working full time,Some,Rarely,Rarely,Rarely,Sometimes,Never,Some,At least once a day,Less than once a month,At least once a day,Somewhat,Yes,Does not live with a parent,Excellent,All of the time,A fair amount,Very well,As involved as desired,About as often as desired,18–29,Woman,Some college,"Black, non-Hispanic",Never married,Lower income,South
201801116774,0.5158577844345609,Not enrolled in school,Working full time,A fair amount,Very often,Very often,Sometimes,Very often,Very often,Some,At least once a day,At least once a day,A few times a week,Mostly,Yes,Does not live with a parent,Excellent,Most of the time,Some,Extremely well,As involved as desired,About as often as desired,18–29,Woman,College graduate or higher,"White, non-Hispanic",Married,Middle income,South
201801118346,0.7968801112836262,Not enrolled in school,Working full time,A great deal,Extremely often,Very often,Sometimes,Sometimes,Sometimes,A fair amount,At least once a day,At least once a day,Once a month,Completely,No,Does not live with a parent,Excellent,Most of the time,Some,Very well,As involved as desired,About as often as desired,30–34,Man,College graduate or higher,"White, non-Hispanic",Married,Upper income,South
201801118718,2.3896336047300166,Not enrolled in school,Working full time,Some,Rarely,Rarely,Never,Sometimes,Never,Not much,A few times a week,A few times a month,A few times a month,Mostly,Yes,Does not live with a parent,Fair,Rarely,A fair amount,Somewhat well,Less involved than desired,About as often as desired,18–29,Woman,College graduate or higher,"White, non-Hispanic",Never married,Middle income,South
201801119499,0.6615241422315135,Not enrolled in school,Working full time,A great deal,Very often,Sometimes,Rarely,Sometimes,Sometimes,Not much,A few times a week,A few times a month,A few times a week,Mostly,Yes,Does not live with a parent,Very good,All of the time,Not much,Very well,Less involved than desired,Less often than desired,18–29,Man,College graduate or higher,"White, non-Hispanic",Married,Upper income,South
201801120040,0.3976516369546002,Not enrolled in school,Not currently working for pay,A great deal,Very often,Sometimes,Sometimes,Very often,Very often,A fair amount,A few times a week,At least once a day,Less than once a month,Completely,No,Does not live with a parent,Excellent,All of the time,Not much,Very well,As involved as desired,Less often than desired,30–34,Woman,College graduate or higher,"White, non-Hispanic",Married,Middle income,West
201801120249,0.3093179638085286,Not enrolled in school,Working full time,Some,Sometimes,Sometimes,Rarely,Rarely,Rarely,Some,Less than once a month,At least once a day,A few times a month,Completely,Yes,Does not live with a parent,Very good,Some of the time,A fair amount,Somewhat well,More involved than desired,About as often as desired,30–34,Woman,College graduate or higher,"White, non-Hispanic",Married,Upper income,South
201801120820,2.145791867686248,Not enrolled in school,Working full time,A fair amount,Rarely,Rarely,Rarely,Sometimes,Never,Not much,Less than once a month,A few times a month,Less than once a month,Mostly,No,Does not live with a parent,Poor,All of the time,Not much,Very well,As involved as desired,About as often as desired,30–34,Man,,"White, non-Hispanic",,,South
201801121079,2.034028053883618,4-year college or graduate school,Not currently working for pay,Some,Sometimes,Sometimes,Rarely,Rarely,Sometimes,A fair amount,A few times a week,A few times a week,Less than once a month,Completely,No,Does not live with a parent,Fair,Rarely,A great deal,Somewhat well,As involved as desired,About as often as desired,18–29,Woman,College graduate or higher,"White, non-Hispanic",Married,,
201801121454,0.1458108395250955,Not enrolled in school,Working full time,A great deal,Extremely often,Extremely often,Extremely often,Extremely often,Extremely often,A fair amount,At least once a day,At least once a day,At least once a day,Completely,No,Does not live with a parent,Excellent,All of the time,A great deal,Extremely well,As involved as desired,About as often as desired,30–34,Woman,College graduate or higher,"White, non-Hispanic",Married,Upper income,South
201801122147,0.8856267815911079,Not enrolled in school,Not currently working for pay,Some,Extremely often,Very often,Rarely,Sometimes,Sometimes,A great deal,At least once a day,At least once a day,At least once a day,Mostly,Yes,Does not live with a parent,Excellent,All of the time,A fair amount,Very well,As involved as desired,Less often than desired,18–29,Woman,College graduate or higher,"Asian, non-Hispanic",Married,Lower income,South
201801123002,0.2186084272093777,Not enrolled in school,Working full time,A great deal,Extremely often,Extremely often,Extremely often,Extremely often,Extremely often,A great deal,At least once a day,At least once a day,A few times a month,Completely,No,Does not live with a parent,Excellent,All of the time,Some,Very well,As involved as desired,About as often as desired,30–34,Woman,College graduate or higher,"White, non-Hispanic",Married,Middle income,South
201801123819,2.288705816951422,Not enrolled in school,Working full time,A great deal,Sometimes,Sometimes,Sometimes,Sometimes,Sometimes,Some,A few times a month,A few times a week,Less than once a month,Mostly,Yes,Does not live with a parent,Good,Most of the time,Not much,Not too well,As involved as desired,Less often than desired,18–29,Woman,College graduate or higher,Hispanic,Never married,Middle income,South
201801123822,0.6813167588798718,4-year college or graduate school,Working part time,A great deal,Rarely,Never,Rarely,Never,Never,Not much,A few times a month,A few times a month,Less than once a month,Completely,No,Does not live with a parent,Good,Most of the time,Not much,Somewhat well,As involved as desired,About as often as desired,30–34,Man,College graduate or higher,"White, non-Hispanic",Married,Middle income,Midwest
201801123832,0.4904859624005829,Not enrolled in school,Working full time,A fair amount,Sometimes,Sometimes,Rarely,Rarely,Never,Some,A few times a month,A few times a month,Less than once a month,Completely,No,Does not live with a parent,Good,Some of the time,Some,Somewhat well,As involved as desired,About as often as desired,18–29,Man,College graduate or higher,"White, non-Hispanic",Never married,Middle income,South
201801124390,0.6011492628864568,Not enrolled in school,Not currently working for pay,A great deal,Very often,Very often,Never,Never,Never,A great deal,,,,Somewhat,No,Lives with all parents,Excellent,All of the time,Not much,Very well,As involved as desired,About as often as desired,30–34,Man,College graduate or higher,"White, non-Hispanic",Never married,Middle income,Midwest
201801124516,0.1311577604220272,Not enrolled in school,Working full time,A great deal,Sometimes,Rarely,Rarely,Rarely,Sometimes,Some,A few times a month,A few times a week,A few times a month,Completely,No,Does not live with a parent,Very good,All of the time,A fair amount,Very well,As involved as desired,About as often as desired,30–34,Woman,College graduate or higher,"White, non-Hispanic",Married,Upper income,Midwest
201801125924,0.42049549607943,Not enrolled in school,Working full time,A great deal,Sometimes,Very often,Rarely,Sometimes,Rarely,A fair amount,A few times a week,At least once a day,A few times a week,Completely,No,Does not live with a parent,Excellent,Most of the time,Some,Very well,As involved as desired,About as often as desired,30–34,Man,College graduate or higher,"White, non-Hispanic",Married,Upper income,Midwest
201801126667,1.136978334667763,Not enrolled in school,Not currently working for pay,A great deal,Extremely often,Extremely often,Extremely often,Extremely often,Extremely often,A great deal,At least once a day,At least once a day,Less than once a month,Completely,No,Does not live with a parent,Excellent,All of the time,A great deal,Extremely well,As involved as desired,About as often as desired,30–34,Woman,High school or less,"White, non-Hispanic",Married,Middle income,South
201801127795,0.1657514809053021,Not enrolled in school,Not currently working for pay,Some,Sometimes,Very often,Very often,Sometimes,Sometimes,Some,A few times a month,At least once a day,Less than once a month,Completely,Yes,Does not live with a parent,Good,Most of the time,Some,Not too well,Less involved than desired,More often than desired,30–34,Woman,College graduate or higher,"White, non-Hispanic",Living with a partner,Upper income,Midwest
201801128070,1.7827728020964,Not enrolled in school,Working full time,Not at all,Never,Never,Never,Never,Never,Some,A few times a week,A few times a week,Once a month,Completely,No,Does not live with a parent,Good,All of the time,A great deal,Extremely well,Less involved than desired,Less often than desired,30–34,Woman,High school or less,"White, non-Hispanic",Married,Lower income,Midwest
201801128455,0.4881191411205224,4-year college or graduate school,Working full time,A fair amount,Rarely,Rarely,Never,Never,Never,Not at all,A few times a month,A few times a month,Less than once a month,Completely,No,Does not live with a parent,Fair,Rarely,Some,Somewhat well,More involved than desired,More often than desired,30–34,Woman,College graduate or higher,"White, non-Hispanic",Married,Middle income,Midwest
201801128698,0.205499397087238,Not enrolled in school,Working full time,A fair amount,Sometimes,Sometimes,Never,Rarely,Never,Not at all,A few times a month,A few times a month,Less than once a month,Completely,No,Does not live with a parent,Very good,All of the time,Some,Somewhat well,Less involved than desired,Less often than desired,30–34,Man,College graduate or higher,"White, non-Hispanic",Never married,Upper income,Midwest
201801129203,0.5142075442403498,Not enrolled in school,Working part time,A great deal,Sometimes,Very often,Sometimes,Sometimes,Rarely,Not much,At least once a day,At least once a day,A few times a week,Completely,No,Does not live with a parent,Fair,Some of the time,Not at all,Not too well,Less involved than desired,Less often than desired,18–29,Woman,College graduate or higher,"White, non-Hispanic",Married,Middle income,Midwest
201801129397,1.600375507304982,Not enrolled in school,Working full time,Not much,Rarely,Rarely,Never,Sometimes,Never,Not much,A few times a week,A few times a week,Once a month,Completely,No,Does not live with a parent,Poor,Rarely,Some,Not well at all,Less involved than desired,Less often than desired,18–29,Woman,College graduate or higher,"White, non-Hispanic",Married,Middle income,South
201801129538,0.0384620186812095,Not enrolled in school,Working full time,A fair amount,Sometimes,Rarely,Never,Never,Never,Not much,,,,Completely,No,Lives with all parents,Very good,Most of the time,A fair amount,Very well,As involved as desired,About as often as desired,18–29,Man,College graduate or higher,Hispanic,Never married,Middle income,South
201801129597,0.1311577604220272,Not enrolled in school,Working full time,A fair amount,Never,Rarely,Never,Never,Rarely,A fair amount,A few times a week,At least once a day,A few times a week,Completely,No,Does not live with a parent,Excellent,All of the time,Some,Very well,As involved as desired,About as often as desired,30–34,Woman,College graduate or higher,"White, non-Hispanic",Married,Upper income,Midwest
201801130149,0.9187732945644064,Not enrolled in school,Working full time,A fair amount,Sometimes,Sometimes,Rarely,Sometimes,Sometimes,Some,A few times a week,A few times a week,A few times a week,Completely,No,Does not live with a parent,Good,Most of the time,Not much,Very well,As involved as desired,About as often as desired,30–34,Man,Some college,"White, non-Hispanic",Never married,Lower income,Midwest
201801132569,0.8547444541491637,Not enrolled in school,Working full time,A great deal,Rarely,Sometimes,Rarely,Rarely,Sometimes,Not much,A few times a week,A few times a week,A few times a week,Completely,No,Does not live with a parent,Very good,Most of the time,Some,Very well,As involved as desired,About as often as desired,18–29,Man,College graduate or higher,"White, non-Hispanic",Married,Middle income,Midwest
201801134391,0.9405913817258116,Not enrolled in school,Working full time,Some,Rarely,Sometimes,Rarely,Sometimes,Sometimes,Not much,Less than once a month,At least once a day,A few times a month,Completely,Yes,Does not live with a parent,Good,Some of the time,Some,Somewhat well,As involved as desired,About as often as desired,18–29,Woman,College graduate or higher,"White, non-Hispanic",Living with a partner,Middle income,Midwest
201801135095,0.4517050839048906,Not enrolled in school,Working full time,A fair amount,Sometimes,Very often,Sometimes,Sometimes,Sometimes,A fair amount,A few times a week,At least once a day,Less than once a month,Mostly,No,Does not live with a parent,Good,Most of the time,Not at all,Somewhat well,Less involved than desired,Less often than desired,18–29,Man,College graduate or higher,"White, non-Hispanic",Never married,Middle income,Midwest
201801135363,0.3014133878780593,Not enrolled in school,Working full time,A fair amount,Rarely,Very often,Rarely,Rarely,Rarely,Not much,Never,A few times a month,Once a month,Mostly,Yes,Does not live with a parent,Excellent,All of the time,Not much,Somewhat well,As involved as desired,About as often as desired,30–34,Woman,College graduate or higher,"White, non-Hispanic",Married,Upper income,Midwest
201801135882,0.1417800324955463,4-year college or graduate school,Working full time,A fair amount,Sometimes,Rarely,Never,Sometimes,Sometimes,Some,A few times a month,A few times a week,Less than once a month,Mostly,No,Does not live with a parent,Good,Most of the time,A fair amount,Extremely well,As involved as desired,About as often as desired,30–34,Woman,College graduate or higher,"White, non-Hispanic",Married,Middle income,Midwest
201801136048,0.3800529482980884,Not enrolled in school,Working full time,A great deal,Sometimes,Never,Sometimes,Sometimes,Rarely,Some,A few times a week,At least once a day,Less than once a month,Completely,No,Does not live with a parent,Excellent,All of the time,Not at all,Very well,As involved as desired,About as often as desired,18–29,Woman,College graduate or higher,"White, non-Hispanic",Divorced,Upper income,West
201801136050,0.7720772211409155,Not enrolled in school,Unable to work due to disability,A fair amount,Sometimes,Sometimes,Rarely,Very often,Sometimes,A fair amount,,,,Not at all,No,Lives with all parents,Very good,All of the time,Some,Very well,As involved as desired,About as often as desired,30–34,Man,College graduate or higher,"White, non-Hispanic",Never married,Middle income,Midwest
201801136367,0.1832673560168239,Not enrolled in school,Working full time,A great deal,Sometimes,Sometimes,Sometimes,Rarely,Sometimes,A fair amount,A few times a month,A few times a month,A few times a month,Completely,No,Does not live with a parent,Excellent,Most of the time,Some,Somewhat well,As involved as desired,Less often than desired,30–34,Man,College graduate or higher,"White, non-Hispanic",Married,Upper income,Midwest
201801136872,0.7057964862857369,4-year college or graduate school,Not currently working for pay,Some,Sometimes,Never,Rarely,Rarely,Never,Not much,,,,Somewhat,No,Lives with all parents,Good,Some of the time,Not at all,Very well,More involved than desired,About as often as desired,30–34,Woman,Some college,"White, non-Hispanic",Never married,Middle income,Midwest
201801137033,0.108450358069718,Not enrolled in school,Working full time,A great deal,Rarely,Sometimes,Sometimes,Rarely,Never,A great deal,Once a month,Once a month,Once a month,Completely,Yes,Does not live with a parent,Good,All of the time,Not much,Very well,As involved as desired,Less often than desired,30–34,Woman,College graduate or higher,"White, non-Hispanic",Living with a partner,Middle income,Midwest
201801137484,0.907773023560224,4-year college or graduate school,Working part time,A great deal,Never,Never,Never,Never,Never,Not much,Once a month,A few times a month,Less than once a month,Completely,No,Does not live with a parent,Good,Some of the time,Not much,Somewhat well,As involved as desired,Less often than desired,18–29,Man,College graduate or higher,"White, non-Hispanic",Married,Middle income,Northeast
201801137504,0.8725678133325824,4-year college or graduate school,Working part time,A great deal,Sometimes,Extremely often,Sometimes,Rarely,Sometimes,A great deal,A few times a week,A few times a week,A few times a month,Somewhat,Yes,Does not live with a parent,Excellent,Most of the time,A great deal,Somewhat well,As involved as desired,About as often as desired,18–29,Woman,College graduate or higher,"White, non-Hispanic",Never married,Upper income,Midwest
201801137981,2.171593520194489,Not enrolled in school,Working full time,A great deal,Sometimes,Sometimes,Sometimes,Sometimes,Sometimes,Some,A few times a month,A few times a month,A few times a month,Completely,No,Does not live with a parent,Very good,Most of the time,A fair amount,Very well,As involved as desired,About as often as desired,30–34,Man,College graduate or higher,"White, non-Hispanic",Married,Middle income,Midwest
201801138169,0.4976877935398495,Not enrolled in school,Working full time,A great deal,Rarely,Very often,Very often,Very often,Very often,Some,Once a month,A few times a week,A few times a month,Completely,No,Does not live with a parent,Excellent,Most of the time,Not much,Somewhat well,As involved as desired,About as often as desired,30–34,Woman,Some college,"White, non-Hispanic",Never married,Middle income,Midwest
201801138520,0.4743375460237817,Not enrolled in school,Working full time,A fair amount,Rarely,Sometimes,Rarely,Rarely,Rarely,A fair amount,A few times a month,A few times a week,A few times a month,Completely,No,Does not live with a parent,Excellent,All of the time,Some,Very well,As involved as desired,About as often as desired,30–34,Man,College graduate or higher,"White, non-Hispanic",Married,Lower income,Midwest
201801139015,0.4820673661382332,Not enrolled in school,Working full time,Not much,Rarely,Rarely,Never,Rarely,Never,Not much,A few times a month,Never,A few times a month,Somewhat,No,Does not live with a parent,Excellent,All of the time,Not much,Somewhat well,As involved as desired,About as often as desired,30–34,Man,Some college,"Other or multiracial, non-Hispanic",Living with a partner,Lower income,Midwest
201801139200,2.034028053883618,Not enrolled in school,Working full time,A great deal,Sometimes,Very often,Sometimes,Sometimes,Sometimes,A fair amount,At least once a day,A few times a week,A few times a week,Completely,No,Does not live with a parent,Excellent,All of the time,A great deal,Extremely well,As involved as desired,About as often as desired,18–29,Woman,College graduate or higher,"White, non-Hispanic",Married,Middle income,Midwest
201801139337,0.4282632713328955,4-year college or graduate school,Working part time,A fair amount,Very often,Very often,Extremely often,Rarely,Rarely,A great deal,A few times a week,A few times a week,Less than once a month,Somewhat,Yes,Does not live with a parent,Excellent,Most of the time,Some,Extremely well,As involved as desired,About as often as desired,30–34,Man,Some college,"White, non-Hispanic",Never married,Lower income,Midwest
201801139621,0.3534672038199648,Not enrolled in school,Working full time,A fair amount,Never,Rarely,Never,Never,Never,Not much,A few times a month,A few times a month,A few times a month,Completely,No,Does not live with a parent,Good,Some of the time,Not much,Somewhat well,As involved as desired,About as often as desired,30–34,Man,College graduate or higher,"White, non-Hispanic",Married,Middle income,Midwest
201801139651,0.6611469991150708,4-year college or graduate school,Working full time,Some,Rarely,Never,Rarely,Rarely,Never,Not at all,A few times a month,A few times a month,Less than once a month,Somewhat,No,Does not live with a parent,Good,Rarely,Not at all,Not too well,Less involved than desired,Less often than desired,18–29,Man,College graduate or higher,"Other or multiracial, non-Hispanic",Never married,Middle income,Northeast
201801139666,0.4398404904113002,Not enrolled in school,Working full time,A fair amount,Rarely,Sometimes,Sometimes,Sometimes,Rarely,Some,A few times a month,Never,A few times a month,Completely,No,Does not live with a parent,Excellent,Most of the time,Not much,Somewhat well,As involved as desired,About as often as desired,18–29,Man,College graduate or higher,"White, non-Hispanic",Married,Upper income,Midwest
201801140044,0.1832673560168239,Not enrolled in school,Working full time,A great deal,Sometimes,Sometimes,Rarely,Sometimes,Sometimes,Some,A few times a month,A few times a week,Once a month,Completely,No,Does not live with a parent,Very good,Some of the time,Not at all,Somewhat well,Less involved than desired,Less often than desired,30–34,Man,College graduate or higher,"White, non-Hispanic",Married,Upper income,Midwest
201801140198,1.4863362170297751,4-year college or graduate school,Working full time,A fair amount,Rarely,Rarely,Sometimes,Rarely,Rarely,Some,A few times a month,A few times a week,Less than once a month,Completely,No,Does not live with a parent,Very good,All of the time,Some,Very well,As involved as desired,About as often as desired,18–29,Woman,College graduate or higher,"White, non-Hispanic",Living with a partner,Upper income,West
201801140203,0.3518942910296457,Not enrolled in school,Working full time,A fair amount,Sometimes,Very often,Rarely,Rarely,Rarely,Not much,Once a month,A few times a month,Once a month,Completely,No,Does not live with a parent,Good,Some of the time,Not much,Somewhat well,As involved as desired,About as often as desired,30–34,Man,College graduate or higher,"White, non-Hispanic",Never married,Upper income,Midwest
201801140953,3.772811687309237,Not enrolled in school,Working full time,A fair amount,Sometimes,Very often,Never,Sometimes,Very often,Some,A few times a week,A few times a week,A few times a week,Completely,No,Does not live with a parent,Very good,All of the time,A fair amount,Extremely well,As involved as desired,About as often as desired,18–29,Woman,Some college,"White, non-Hispanic",Married,Middle income,Midwest
201801141010,0.1784927890953432,Not enrolled in school,Working full time,A great deal,Rarely,Sometimes,Sometimes,Rarely,Rarely,A fair amount,A few times a week,At least once a day,Once a month,Completely,No,Does not live with a parent,Very good,Most of the time,Some,Very well,Less involved than desired,Less often than desired,30–34,Woman,College graduate or higher,"White, non-Hispanic",Married,Middle income,Midwest
201801141152,0.9308048373992056,Not enrolled in school,Working full time,A fair amount,Never,Never,Never,Never,Never,Not at all,Once a month,A few times a month,Once a month,Completely,No,Does not live with a parent,Fair,Some of the time,Some,Not too well,As involved as desired,Less often than desired,30–34,Woman,Some college,"White, non-Hispanic",Married,Lower income,Midwest
201801142154,1.580011031000894,Not enrolled in school,Working part time,A fair amount,Sometimes,Sometimes,Rarely,Rarely,Rarely,Some,A few times a week,A few times a month,Once a month,Completely,No,Does not live with a parent,Good,Some of the time,Not much,Not too well,Less involved than desired,Less often than desired,18–29,Woman,Some college,"White, non-Hispanic",Married,Middle income,West
201801142224,0.6008177023499206,Not enrolled in school,Working full time,A fair amount,Very often,Very often,Sometimes,Sometimes,Rarely,Some,Once a month,A few times a month,Less than once a month,Somewhat,Yes,Lives with at least one parent,Good,All of the time,Some,Somewhat well,As involved as desired,Less often than desired,30–34,Man,Some college,"White, non-Hispanic",Never married,Middle income,West
201801142403,1.1087128503756158,4-year college or graduate school,Working part time,A great deal,Sometimes,Sometimes,Sometimes,Extremely often,Rarely,Some,A few times a month,A few times a week,A few times a month,Mostly,Yes,Does not live with a parent,Very good,Most of the time,Not at all,Somewhat well,As involved as desired,About as often as desired,18–29,Woman,Some college,"White, non-Hispanic",Living with a partner,Lower income,West
201801142704,0.4642182810184715,Not enrolled in school,Working full time,Not much,Rarely,Never,Sometimes,Extremely often,Rarely,Not at all,A few times a week,A few times a week,Less than once a month,Mostly,No,Does not live with a parent,Poor,Rarely,Not at all,Not too well,Less involved than desired,Less often than desired,18–29,Woman,College graduate or higher,"Other or multiracial, non-Hispanic",Never married,Upper income,Midwest
201801142786,0.6485256481177848,Not enrolled in school,Working full time,A fair amount,Very often,Very often,Rarely,Sometimes,Rarely,A great deal,A few times a month,A few times a week,Less than once a month,Mostly,Yes,Does not live with a parent,Excellent,Most of the time,Not much,Very well,As involved as desired,Less often than desired,18–29,Man,College graduate or higher,"White, non-Hispanic",Living with a partner,Middle income,Midwest
201801143311,0.6310951822644089,Not enrolled in school,Working full time,A great deal,Sometimes,Never,Never,Sometimes,Never,Some,A few times a month,A few times a month,A few times a month,Completely,No,Does not live with a parent,Very good,All of the time,Some,Very well,As involved as desired,About as often as desired,30–34,Man,Some college,"White, non-Hispanic",Living with a partner,Middle income,Midwest
201801143331,0.8786607773716096,Not enrolled in school,Working full time,A great deal,Sometimes,Sometimes,Sometimes,Sometimes,Sometimes,Some,,,,A little,Yes,Lives with all parents,Excellent,Most of the time,Some,Somewhat well,As involved as desired,About as often as desired,18–29,Man,College graduate or higher,"White, non-Hispanic",Never married,Middle income,Midwest
201801143611,0.2418508573985217,Not enrolled in school,Working full time,A great deal,Sometimes,Very often,Never,Rarely,Rarely,Some,A few times a month,A few times a week,A few times a month,Completely,No,Does not live with a parent,Excellent,All of the time,Not at all,Very well,As involved as desired,About as often as desired,30–34,Man,College graduate or higher,"White, non-Hispanic",Married,Upper income,Midwest
201801144213,2.855690335719131,Not enrolled in school,Working full time,Some,Rarely,Rarely,Rarely,Never,Sometimes,Not much,,,,Somewhat,No,Lives with all parents,Very good,All of the time,A fair amount,Very well,As involved as desired,About as often as desired,18–29,Woman,High school or less,Hispanic,Never married,,Midwest
201801144500,0.3073962525480524,Not enrolled in school,Working full time,A fair amount,Sometimes,Sometimes,Never,Sometimes,Sometimes,Not much,A few times a month,A few times a month,Less than once a month,Completely,No,Does not live with a parent,Very good,Most of the time,Not at all,Very well,As involved as desired,About as often as desired,18–29,Man,College graduate or higher,"White, non-Hispanic",Never married,Middle income,Midwest
201801144579,0.9414074326698268,Not enrolled in school,Working full time,A great deal,Very often,Sometimes,Very often,Very often,Rarely,Some,A few times a month,A few times a week,Less than once a month,Mostly,No,Does not live with a parent,Excellent,All of the time,Not much,Very well,As involved as desired,About as often as desired,18–29,Man,College graduate or higher,"White, non-Hispanic",Living with a partner,Upper income,West
201801144618,0.7589582232222942,Not enrolled in school,Working full time,A great deal,Sometimes,Sometimes,Very often,Rarely,Never,Not much,,,,Somewhat,No,Lives with all parents,Very good,Most of the time,Some,Somewhat well,Less involved than desired,More often than desired,30–34,Man,Some college,"Other or multiracial, non-Hispanic",Divorced,Lower income,Midwest
201801144844,0.2176696842150049,Not enrolled in school,Working full time,A great deal,Sometimes,Sometimes,Sometimes,Sometimes,Rarely,Some,Once a month,At least once a day,Less than once a month,Completely,No,Does not live with a parent,Good,Most of the time,A fair amount,Very well,As involved as desired,About as often as desired,30–34,Woman,College graduate or higher,"Other or multiracial, non-Hispanic",Living with a partner,Middle income,South
201801145066,1.4153240742359865,Not enrolled in school,Not currently working for pay,A great deal,Very often,Very often,Rarely,Sometimes,Never,Some,A few times a week,At least once a day,A few times a week,Mostly,Yes,Does not live with a parent,Very good,Most of the time,Not much,Somewhat well,More involved than desired,About as often as desired,30–34,Woman,College graduate or higher,"White, non-Hispanic",Married,Middle income,Midwest
201801145171,0.5612879779231499,Not enrolled in school,Working full time,Not much,Rarely,Never,Never,Never,Never,Not at all,Less than once a month,A few times a month,At least once a day,Somewhat,Yes,Lives with at least one parent,Fair,Some of the time,A fair amount,Very well,More involved than desired,More often than desired,30–34,Man,Some college,"Black, non-Hispanic",Never married,Lower income,Midwest
201801145466,0.3273278967180644,Not enrolled in school,Not currently working for pay,Some,Sometimes,Sometimes,Rarely,Sometimes,Rarely,Not much,A few times a month,A few times a month,Less than once a month,Somewhat,Yes,Does not live with a parent,Very good,Most of the time,Some,Somewhat well,As involved as desired,About as often as desired,30–34,Woman,High school or less,"Black, non-Hispanic",Living with a partner,Lower income,Midwest
201801146258,0.2311553327048158,Not enrolled in school,Working full time,A great deal,Very often,Rarely,Sometimes,Very often,Rarely,A fair amount,A few times a week,At least once a day,Less than once a month,Completely,No,Does not live with a parent,Excellent,All of the time,Some,Very well,As involved as desired,About as often as desired,18–29,Man,College graduate or higher,"White, non-Hispanic",Living with a partner,Upper income,Midwest
201801146272,0.8642916609565784,Not enrolled in school,Not currently working for pay,A fair amount,Very often,Sometimes,Rarely,Never,Rarely,Not much,A few times a month,Once a month,Less than once a month,Mostly,Yes,Does not live with a parent,Good,Some of the time,A fair amount,Somewhat well,Less involved than desired,Less often than desired,18–29,Woman,College graduate or higher,"Asian, non-Hispanic",Married,Middle income,West
201801147527,0.8718193305407851,4-year college or graduate school,Not currently working for pay,A fair amount,Very often,Sometimes,Rarely,Sometimes,Sometimes,Some,At least once a day,At least once a day,Less than once a month,Not at all,Yes,Does not live with a parent,Very good,Most of the time,A great deal,Very well,As involved as desired,About as often as desired,18–29,Woman,College graduate or higher,"White, non-Hispanic",Never married,Upper income,South
201801148185,0.653412640469629,Not enrolled in school,Working full time,Some,Rarely,Never,Never,Rarely,Rarely,Some,A few times a month,A few times a week,A few times a month,Completely,No,Does not live with a parent,Poor,Never,Not at all,Not well at all,As involved as desired,About as often as desired,30–34,Woman,Some college,"White, non-Hispanic",Married,Lower income,Midwest
201801148386,0.1709088477544877,Not enrolled in school,Working part time,A great deal,Sometimes,Rarely,Sometimes,Sometimes,Rarely,Some,A few times a month,A few times a week,A few times a month,Completely,No,Does not live with a parent,Very good,Most of the time,Not much,Somewhat well,As involved as desired,About as often as desired,30–34,Woman,College graduate or higher,"White, non-Hispanic",Married,Middle income,Midwest
201801148662,1.0802587036267863,Not enrolled in school,Working full time,A fair amount,Sometimes,Very often,Rarely,Very often,Sometimes,Some,At least once a day,At least once a day,A few times a month,Completely,No,Does not live with a parent,Very good,Most of the time,Not much,Extremely well,As involved as desired,About as often as desired,18–29,Man,College graduate or higher,"White, non-Hispanic",Never married,Upper income,South
201801148665,0.8183879220544147,Not enrolled in school,Working part time,A fair amount,Sometimes,Sometimes,Rarely,Sometimes,Sometimes,A fair amount,,,,A little,No,Lives with all parents,Good,Some of the time,Not at all,Somewhat well,As involved as desired,About as often as desired,18–29,Woman,College graduate or higher,"White, non-Hispanic",Never married,Middle income,Midwest
201801149048,0.3269663009680443,Not enrolled in school,Working full time,A fair amount,Never,Rarely,Never,Sometimes,Sometimes,Not much,A few times a week,A few times a week,Once a month,Completely,No,Does not live with a parent,Poor,Never,Not at all,Not well at all,As involved as desired,More often than desired,30–34,Woman,College graduate or higher,"White, non-Hispanic",Married,Middle income,South
201801149167,5.598773989265216,Not enrolled in school,Working part time,A fair amount,Rarely,Never,Rarely,Rarely,Never,Not at all,Less than once a month,Less than once a month,Less than once a month,Completely,No,Does not live with a parent,Fair,Most of the time,Not at all,Very well,Less involved than desired,Less often than desired,18–29,Man,High school or less,"White, non-Hispanic",Married,Middle income,Midwest
201801149546,1.612756554388705,Not enrolled in school,Working part time,Some,Rarely,Rarely,Sometimes,Rarely,Rarely,Some,Once a month,A few times a week,A few times a month,Mostly,Yes,Does not live with a parent,Very good,All of the time,Some,Somewhat well,Less involved than desired,Less often than desired,18–29,Woman,Some college,"White, non-Hispanic",Married,Lower income,Midwest
201801149691,0.4875227188122328,Not enrolled in school,Working full time,A great deal,Never,Very often,Very often,Very often,Never,A great deal,A few times a week,At least once a day,Once a month,Completely,No,Does not live with a parent,Excellent,All of the time,Some,Extremely well,As involved as desired,About as often as desired,30–34,Woman,Some college,"White, non-Hispanic",Married,Middle income,Midwest
201801150534,1.5525474966564334,Not enrolled in school,Working full time,A fair amount,Never,Sometimes,Sometimes,Rarely,Sometimes,Not much,A few times a month,A few times a month,Once a month,Completely,No,Does not live with a parent,Poor,Rarely,Not at all,Not well at all,More involved than desired,More often than desired,30–34,Woman,Some college,"White, non-Hispanic",Living with a partner,Lower income,Midwest
201801151084,0.3697438544635413,4-year college or graduate school,Working part time,A great deal,Very often,Sometimes,Rarely,Sometimes,Extremely often,A fair amount,A few times a week,A few times a month,Less than once a month,Mostly,Yes,Does not live with a parent,Excellent,All of the time,Some,Somewhat well,Less involved than desired,Less often than desired,18–29,Man,College graduate or higher,"White, non-Hispanic",Married,Upper income,Midwest
201801151205,0.7558451653712913,Not enrolled in school,Working full time,A fair amount,Rarely,Extremely often,Sometimes,Rarely,Sometimes,Some,A few times a month,A few times a week,Less than once a month,Completely,No,Does not live with a parent,Excellent,Most of the time,Some,Somewhat well,As involved as desired,About as often as desired,18–29,Woman,College graduate or higher,"White, non-Hispanic",Married,Middle income,West
201801151900,0.3695154817899161,Not enrolled in school,Working full time,Some,Never,Rarely,Never,Never,Never,Not at all,,,,A little,Yes,Lives with all parents,Good,Never,Some,Somewhat well,As involved as desired,Less often than desired,30–34,Man,College graduate or higher,"Other or multiracial, non-Hispanic",Never married,Lower income,South
201801152012,0.5978399728408426,Not enrolled in school,Working full time,A fair amount,Rarely,Sometimes,Sometimes,Extremely often,Sometimes,A fair amount,Once a month,A few times a month,Less than once a month,Completely,Yes,Does not live with a parent,Excellent,All of the time,A fair amount,Extremely well,Less involved than desired,Less often than desired,18–29,Woman,Some college,"White, non-Hispanic",Married,Middle income,Midwest
201801152016,2.217787370441218,Not enrolled in school,Working full time,Some,Rarely,Never,Never,Never,Never,Not at all,Never,Less than once a month,Never,Completely,No,Does not live with a parent,Poor,Never,Not at all,Somewhat well,As involved as desired,More often than desired,18–29,Woman,College graduate or higher,"White, non-Hispanic",Living with a partner,Lower income,West
201801154307,2.371824433974409,4-year college or graduate school,Working part time,A great deal,Sometimes,Sometimes,Sometimes,Sometimes,Sometimes,Not much,A few times a month,A few times a week,Less than once a month,Mostly,No,Does not live with a parent,Excellent,All of the time,Some,Very well,As involved as desired,About as often as desired,18–29,Man,College graduate or higher,"White, non-Hispanic",Never married,Middle income,South
201801154411,0.5151520634933352,Not enrolled in school,Working full time,A great deal,Rarely,Very often,Never,Never,Rarely,Not much,A few times a week,A few times a week,A few times a week,Completely,No,Does not live with a parent,Very good,All of the time,Not much,Very well,As involved as desired,About as often as desired,30–34,Man,College graduate or higher,"White, non-Hispanic",Married,Upper income,South
201801154997,0.2335560373241354,Not enrolled in school,Working full time,A great deal,Extremely often,Very often,Sometimes,Sometimes,Sometimes,A fair amount,A few times a week,At least once a day,At least once a day,Completely,No,Does not live with a parent,Excellent,All of the time,Not much,Extremely well,Less involved than desired,About as often as desired,18–29,Woman,College graduate or higher,"White, non-Hispanic",Never married,Middle income,South
201801156349,1.0926255154042357,2-year college or technical school,Working part time,Some,Very often,Very often,Never,Rarely,Never,Not much,,,,A little,No,Lives with all parents,Fair,Some of the time,Not much,Not too well,More involved than desired,More often than desired,18–29,Man,College graduate or higher,"Asian, non-Hispanic",Never married,Middle income,South
201801157488,0.0356703236247095,4-year college or graduate school,Working full time,Some,Sometimes,Rarely,Rarely,Sometimes,Rarely,Not much,,,,Somewhat,No,Lives with all parents,Fair,Some of the time,Not at all,Not too well,As involved as desired,About as often as desired,30–34,Woman,Some college,Hispanic,Never married,Middle income,South
201801158493,0.9621327756237305,4-year college or graduate school,Working full time,Some,Sometimes,Rarely,Never,Never,Never,Not at all,A few times a month,A few times a month,Less than once a month,Completely,Yes,Does not live with a parent,Very good,Some of the time,Some,Very well,As involved as desired,About as often as desired,30–34,Man,Some college,"White, non-Hispanic",Married,Middle income,West
201801158874,0.2790217238993211,Not enrolled in school,Working full time,A great deal,Very often,Sometimes,Very often,Sometimes,Sometimes,A fair amount,At least once a day,At least once a day,A few times a week,Completely,No,Does not live with a parent,Very good,Most of the time,Some,Very well,As involved as desired,About as often as desired,30–34,Woman,College graduate or higher,"White, non-Hispanic",Married,Middle income,South
201801158915,3.74337662692894,Not enrolled in school,Working full time,Some,Rarely,Sometimes,Never,Rarely,Rarely,Some,Never,A few times a week,A few times a week,Mostly,Yes,Lives with at least one parent,Good,Most of the time,Some,Very well,As involved as desired,Less often than desired,18–29,Woman,College graduate or higher,"White, non-Hispanic",Never married,Lower income,South
201801159236,0.4775604677243926,Not enrolled in school,Working full time,Some,Rarely,Rarely,Never,Never,Never,Not at all,A few times a month,A few times a week,Less than once a month,Completely,No,Does not live with a parent,Poor,Some of the time,Not at all,Somewhat well,As involved as desired,About as often as desired,30–34,Man,Some college,"White, non-Hispanic",Married,Middle income,South
201801159269,0.9244728795773938,Not enrolled in school,Working full time,A fair amount,Never,Never,Sometimes,Sometimes,Sometimes,A fair amount,A few times a month,A few times a month,Once a month,Completely,No,Does not live with a parent,Very good,All of the time,A fair amount,Very well,As involved as desired,About as often as desired,30–34,Man,College graduate or higher,"White, non-Hispanic",Married,Middle income,South
201801159716,0.2209390439800168,Not enrolled in school,Working full time,A great deal,Sometimes,Sometimes,Sometimes,Rarely,Rarely,A fair amount,A few times a week,At least once a day,Less than once a month,Completely,No,Does not live with a parent,Excellent,Most of the time,Not much,Very well,As involved as desired,Less often than desired,30–34,Woman,College graduate or higher,"White, non-Hispanic",Married,Upper income,South
201801160638,1.0712992649077469,Not enrolled in school,Working full time,Some,Very often,Very often,Very often,Very often,Very often,A great deal,A few times a week,A few times a week,A few times a week,Mostly,Yes,Does not live with a parent,Very good,All of the time,Not at all,Very well,As involved as desired,About as often as desired,18–29,Woman,College graduate or higher,"White, non-Hispanic",Living with a partner,Lower income,South
201801160849,1.883704952148055,Not enrolled in school,Working full time,Not much,Sometimes,Sometimes,Never,Rarely,Rarely,Not much,A few times a month,A few times a month,A few times a month,Completely,No,Does not live with a parent,Excellent,All of the time,Not much,Very well,As involved as desired,About as often as desired,30–34,Man,Some college,"White, non-Hispanic",Married,Lower income,South
201801161740,1.243778388009346,Not enrolled in school,Working full time,A fair amount,Sometimes,Never,Rarely,Rarely,Rarely,Not much,Once a month,A few times a month,Less than once a month,Completely,No,Does not live with a parent,Very good,Most of the time,Not much,Somewhat well,As involved as desired,Less often than desired,30–34,Man,Some college,Hispanic,Married,Middle income,South
201801161982,1.2283858540037376,Not enrolled in school,Working full time,A great deal,Never,Rarely,Never,Rarely,Never,Not much,A few times a week,At least once a day,A few times a month,Completely,No,Does not live with a parent,Very good,Most of the time,Not at all,Somewhat well,As involved as desired,About as often as desired,30–34,Woman,College graduate or higher,Hispanic,Married,Middle income,South
201801163253,0.307529728796486,Not enrolled in school,Working full time,A fair amount,Sometimes,Rarely,Rarely,Rarely,Rarely,Not much,A few times a month,Once a month,Less than once a month,Completely,No,Does not live with a parent,Very good,All of the time,A fair amount,Very well,Less involved than desired,About as often as desired,30–34,Man,College graduate or higher,"White, non-Hispanic",Living with a partner,Upper income,South
201801165439,6.010135651630288,Not enrolled in school,Working full time,A fair amount,Never,Sometimes,Never,Rarely,Never,Not at all,Less than once a month,A few times a month,Less than once a month,Completely,No,Does not live with a parent,Fair,Some of the time,Not much,Not too well,As involved as desired,More often than desired,30–34,Man,High school or less,Hispanic,Married,Upper income,West
201801165566,0.9981779119524912,Not enrolled in school,Working part time,A fair amount,Extremely often,Sometimes,Sometimes,Extremely often,Sometimes,A great deal,At least once a day,At least once a day,A few times a month,A little,Yes,Does not live with a parent,Very good,All of the time,Not much,Very well,As involved as desired,Less often than desired,18–29,Man,College graduate or higher,Hispanic,Never married,Lower income,West
201801165632,0.3062323368405503,Not enrolled in school,Working full time,A great deal,Sometimes,Extremely often,Sometimes,Sometimes,Sometimes,Some,A few times a week,A few times a month,A few times a month,Completely,No,Does not live with a parent,Good,Most of the time,Some,Somewhat well,As involved as desired,Less often than desired,30–34,Woman,College graduate or higher,"White, non-Hispanic",Married,Upper income,West
201801166064,0.653269024225671,Not enrolled in school,Working part time,Some,Very often,Rarely,Sometimes,Sometimes,Sometimes,A fair amount,Less than once a month,A few times a month,Less than once a month,Completely,No,Does not live with a parent,Poor,Most of the time,Not much,Not well at all,Less involved than desired,Less often than desired,30–34,Woman,Some college,"White, non-Hispanic",Living with a partner,Middle income,West
201801167072,2.8327999492227107,Not enrolled in school,Working full time,Not much,Rarely,Sometimes,Sometimes,Sometimes,Sometimes,A fair amount,A few times a month,A few times a month,At least once a day,Mostly,No,Does not live with a parent,Excellent,Some of the time,A fair amount,Somewhat well,More involved than desired,Less often than desired,18–29,Woman,High school or less,Hispanic,Living with a partner,Lower income,West
201801167446,0.8792160519473924,Not enrolled in school,Not currently working for pay,Not much,Never,Never,Never,Rarely,Never,Not at all,Less than once a month,Less than once a month,Less than once a month,Completely,No,Does not live with a parent,Fair,Most of the time,Not much,Very well,As involved as desired,About as often as desired,30–34,Woman,Some college,Hispanic,Living with a partner,Lower income,West
201801167574,0.283668606846124,Not enrolled in school,Working full time,A great deal,Sometimes,Sometimes,Sometimes,Rarely,Rarely,Not much,A few times a week,A few times a week,Less than once a month,Mostly,Yes,Does not live with a parent,Excellent,Most of the time,A fair amount,Very well,As involved as desired,About as often as desired,30–34,Man,College graduate or higher,"White, non-Hispanic",Living with a partner,Middle income,Midwest
201801167653,0.4131719824433298,Not enrolled in school,Working full time,A fair amount,Rarely,Very often,Sometimes,Sometimes,Very often,Some,Less than once a month,A few times a week,A few times a week,Completely,No,Does not live with a parent,Very good,All of the time,Some,Very well,As involved as desired,About as often as desired,30–34,Man,College graduate or higher,"White, non-Hispanic",Never married,Lower income,West
201801168147,1.064164624504103,Not enrolled in school,Working full time,Some,Sometimes,Never,Sometimes,Rarely,Rarely,A fair amount,At least once a day,At least once a day,A few times a week,Completely,Yes,Does not live with a parent,Excellent,All of the time,Not much,Very well,Less involved than desired,About as often as desired,18–29,Man,Some college,"White, non-Hispanic",Never married,Upper income,West
201801168251,0.4979047771335504,Not enrolled in school,Not currently working for pay,A great deal,Rarely,Sometimes,Very often,Very often,Rarely,A fair amount,A few times a week,A few times a month,Less than once a month,Completely,No,Does not live with a parent,Very good,Most of the time,Not much,Somewhat well,As involved as desired,About as often as desired,30–34,Woman,College graduate or higher,"White, non-Hispanic",Married,Middle income,West
201801168285,0.3020011553220668,Not enrolled in school,Working full time,A great deal,Rarely,Extremely often,Extremely often,Never,Sometimes,A fair amount,At least once a day,A few times a week,Less than once a month,Completely,No,Does not live with a parent,Excellent,All of the time,Not at all,Very well,As involved as desired,Less often than desired,30–34,Woman,College graduate or higher,"White, non-Hispanic",Married,Upper income,West
201801168390,0.8886578189815573,4-year college or graduate school,Not currently working for pay,A fair amount,Extremely often,Very often,Rarely,Sometimes,Sometimes,A fair amount,,,,Somewhat,Yes,Lives with all parents,Very good,Some of the time,Some,Very well,As involved as desired,About as often as desired,18–29,Man,College graduate or higher,"White, non-Hispanic",Never married,Upper income,West
201801168522,0.3450755180986874,Not enrolled in school,Working full time,A great deal,Sometimes,Sometimes,Very often,Very often,Very often,Not much,A few times a month,A few times a week,Less than once a month,Completely,No,Does not live with a parent,Very good,Some of the time,Not much,Very well,As involved as desired,About as often as desired,18–29,Woman,College graduate or higher,"White, non-Hispanic",Never married,Middle income,Northeast
201801170128,0.5418056196835161,Not enrolled in school,Working full time,Not much,Sometimes,Very often,Rarely,Never,Never,Not much,A few times a week,At least once a day,A few times a week,Mostly,No,Does not live with a parent,Very good,Most of the time,Not much,Very well,As involved as desired,Less often than desired,30–34,Woman,College graduate or higher,Hispanic,Living with a partner,Middle income,West
201801170396,0.2600801954010081,Not enrolled in school,Working full time,Not much,Never,Never,Never,Never,Never,Not at all,A few times a month,Once a month,Less than once a month,Completely,No,Does not live with a parent,Fair,Some of the time,Not at all,Not too well,As involved as desired,About as often as desired,30–34,Nonbinary,College graduate or higher,"White, non-Hispanic",Living with a partner,Middle income,South
201801174788,2.251748882246593,Not enrolled in school,Working part time,A fair amount,Rarely,Sometimes,Sometimes,Never,Rarely,Not much,,,,Not at all,Yes,Lives with all parents,Very good,Most of the time,Not at all,Somewhat well,As involved as desired,About as often as desired,18–29,Woman,Some college,"White, non-Hispanic",Never married,,West
201801175265,0.6464970992921648,Not enrolled in school,Working full time,A fair amount,Very often,Very often,Very often,Extremely often,Sometimes,A great deal,,,,Mostly,Yes,Lives with all parents,Excellent,All of the time,Some,Extremely well,As involved as desired,About as often as desired,30–34,Man,College graduate or higher,,Never married,,West
201801175895,0.4900707294344448,Not enrolled in school,Unable to work due to disability,Some,Very often,Very often,Very often,Rarely,Very often,Not at all,A few times a week,At least once a day,At least once a day,A little,Yes,Lives with at least one parent,Excellent,,A great deal,Extremely well,Less involved than desired,Less often than desired,30–34,Woman,College graduate or higher,"White, non-Hispanic",Living with a partner,Lower income,West
201801177068,4.829904668967578,Not enrolled in school,Not currently working for pay,A fair amount,Sometimes,Very often,Very often,Very often,Rarely,Not much,A few times a week,A few times a week,Never,Completely,No,Does not live with a parent,Excellent,All of the time,Not at all,Very well,As involved as desired,About as often as desired,30–34,Woman,High school or less,Hispanic,Living with a partner,Lower income,West
201801177107,2.63870158869372,Not enrolled in school,Not currently working for pay,A great deal,Sometimes,Never,Never,Sometimes,Rarely,Some,At least once a day,At least once a day,A few times a month,Mostly,Yes,Does not live with a parent,Very good,Most of the time,Some,Not too well,Less involved than desired,About as often as desired,18–29,Woman,College graduate or higher,Hispanic,Married,Lower income,West
201801177449,0.9550296112142692,Not enrolled in school,Working full time,A fair amount,Very often,Sometimes,Sometimes,Sometimes,Sometimes,Some,At least once a day,At least once a day,Once a month,Completely,No,Does not live with a parent,Very good,All of the time,Some,Somewhat well,As involved as desired,About as often as desired,18–29,Man,College graduate or higher,"Other or multiracial, non-Hispanic",Never married,Upper income,West
201801177632,0.3386539602817202,Not enrolled in school,Working full time,Some,Never,Rarely,Never,Sometimes,Sometimes,Not much,,,,Mostly,No,Lives with all parents,Good,Some of the time,Not much,Somewhat well,As involved as desired,Less often than desired,18–29,Woman,College graduate or higher,Hispanic,Never married,,West
201801177699,1.3534437073889574,Not enrolled in school,Working full time,A fair amount,Never,Never,Never,Never,Never,Not at all,Less than once a month,Once a month,Never,Completely,Yes,Does not live with a parent,Poor,Most of the time,Not much,Not well at all,As involved as desired,About as often as desired,18–29,Nonbinary,College graduate or higher,"White, non-Hispanic",Never married,Middle income,West
201801178205,1.1076800252892955,4-year college or graduate school,Working full time,A fair amount,Very often,Sometimes,Very often,Very often,Sometimes,A fair amount,,,,Somewhat,Yes,Lives with all parents,Excellent,All of the time,Some,Somewhat well,As involved as desired,About as often as desired,30–34,Woman,College graduate or higher,"Other or multiracial, non-Hispanic",Never married,Lower income,West
201801178564,0.1466998200230166,Not enrolled in school,Working full time,Some,Never,Never,Never,Never,Never,Not at all,Never,Once a month,Never,Completely,No,Does not live with a parent,Poor,Rarely,Not much,Not well at all,As involved as desired,About as often as desired,30–34,Woman,College graduate or higher,"Other or multiracial, non-Hispanic",Living with a partner,Upper income,West
201801179388,0.86607969261553,Not enrolled in school,Working full time,Some,Sometimes,Sometimes,Very often,Sometimes,Very often,Some,Less than once a month,Once a month,Less than once a month,Somewhat,No,Lives with at least one parent,Fair,Most of the time,Not at all,Somewhat well,Less involved than desired,Less often than desired,18–29,Woman,College graduate or higher,"White, non-Hispanic",Never married,Lower income,West
201801179434,0.5103630592520912,Not enrolled in school,Working part time,A fair amount,Rarely,Rarely,Sometimes,Very often,Rarely,Not much,Less than once a month,Less than once a month,Less than once a month,Completely,No,Does not live with a parent,Fair,Some of the time,Not much,Not too well,As involved as desired,About as often as desired,30–34,Woman,Some college,"Other or multiracial, non-Hispanic",Married,Middle income,West
201801179484,2.9355352188276123,4-year college or graduate school,Working full time,A fair amount,Rarely,Rarely,Rarely,Sometimes,Rarely,Not much,Once a month,A few times a week,Less than once a month,Completely,No,Does not live with a parent,Good,Some of the time,Not much,Somewhat well,As involved as desired,About as often as desired,18–29,Nonbinary,College graduate or higher,"White, non-Hispanic",Never married,Middle income,Northeast
201801179559,0.342978711749994,Not enrolled in school,Working full time,Some,Rarely,Rarely,Never,Never,Never,Not at all,A few times a month,A few times a month,Less than once a month,Completely,No,Does not live with a parent,Good,All of the time,Not at all,Somewhat well,Less involved than desired,Less often than desired,30–34,Man,College graduate or higher,"White, non-Hispanic",Married,Upper income,Midwest
201801180666,1.2728036432525711,Not enrolled in school,Working full time,A fair amount,Rarely,Rarely,Rarely,Rarely,Rarely,Some,,,,Mostly,No,Lives with all parents,Very good,Most of the time,A fair amount,Very well,As involved as desired,Less often than desired,30–34,Man,College graduate or higher,"Other or multiracial, non-Hispanic",Married,Middle income,West
201801181034,0.5317946199310297,4-year college or graduate school,Not currently working for pay,Some,Very often,Extremely often,Sometimes,Rarely,Sometimes,A great deal,A few times a month,A few times a week,Less than once a month,Not at all,Yes,Does not live with a parent,Excellent,Most of the time,A fair amount,Extremely well,As involved as desired,Less often than desired,18–29,Woman,College graduate or higher,"Asian, non-Hispanic",Never married,Upper income,West
201801181393,1.2280134326525265,Not enrolled in school,Working full time,A fair amount,Very often,Sometimes,Rarely,Rarely,Never,Some,A few times a month,A few times a month,Less than once a month,Mostly,Yes,Does not live with a parent,Excellent,Some of the time,A fair amount,Somewhat well,As involved as desired,About as often as desired,18–29,Man,College graduate or higher,"Other or multiracial, non-Hispanic",Never married,Middle income,West
201801182616,1.9481209417211625,Not enrolled in school,Working full time,A great deal,Very often,Sometimes,Sometimes,Extremely often,Sometimes,Some,A few times a month,A few times a week,A few times a month,Completely,No,Does not live with a parent,Excellent,Most of the time,Some,Extremely well,As involved as desired,About as often as desired,18–29,Man,College graduate or higher,Hispanic,Living with a partner,Upper income,West
201801182790,1.2884505665421655,Not enrolled in school,Working full time,Some,Rarely,Rarely,Rarely,Rarely,Rarely,Not much,Once a month,Once a month,Less than once a month,Completely,No,Does not live with a parent,Fair,Some of the time,Some,Somewhat well,As involved as desired,About as often as desired,30–34,Woman,High school or less,"White, non-Hispanic",Separated,Middle income,West
201801182952,0.8516310881166025,Not enrolled in school,Working full time,Some,Sometimes,Sometimes,Sometimes,Rarely,Rarely,Some,Once a month,A few times a month,Once a month,Mostly,No,Does not live with a parent,Very good,Most of the time,Some,Somewhat well,As involved as desired,Less often than desired,18–29,Man,College graduate or higher,"Other or multiracial, non-Hispanic",Never married,Middle income,West
201801183624,2.561738810999901,Not enrolled in school,Working full time,A great deal,Extremely often,Extremely often,Rarely,Very often,Sometimes,Some,A few times a week,A few times a week,A few times a week,A little,Yes,Does not live with a parent,Excellent,Most of the time,Some,Very well,As involved as desired,About as often as desired,18–29,Man,College graduate or higher,"White, non-Hispanic",Never married,Lower income,West
201801184464,0.4214134078965384,2-year college or technical school,Working part time,Not at all,Never,Never,Never,Never,Never,Not at all,,,,Not at all,Yes,Lives with all parents,Poor,Rarely,Not much,Not well at all,Less involved than desired,Less often than desired,18–29,Woman,Some college,"Other or multiracial, non-Hispanic",Never married,Lower income,West
201801185258,0.6464970992921648,Not enrolled in school,Working full time,Some,Never,Never,Never,Never,Never,Not at all,Less than once a month,A few times a month,Less than once a month,Completely,No,Does not live with a parent,Very good,Most of the time,Not at all,Very well,Less involved than desired,Less often than desired,30–34,Man,College graduate or higher,"White, non-Hispanic",Married,Upper income,West
201801185508,4.664484921082641,Not enrolled in school,Working full time,Some,Sometimes,Sometimes,Rarely,Never,Never,Not much,A few times a month,A few times a week,A few times a month,Mostly,Yes,Does not live with a parent,Good,Most of the time,Some,Somewhat well,As involved as desired,About as often as desired,18–29,Woman,High school or less,"White, non-Hispanic",Married,Lower income,West
201801185591,6.314159461681934,2-year college or technical school,Not currently working for pay,A fair amount,Sometimes,Sometimes,Sometimes,Sometimes,Sometimes,Some,,,,A little,Yes,Lives with all parents,Very good,Most of the time,Some,Somewhat well,As involved as desired,About as often as desired,18–29,Man,Some college,"White, non-Hispanic",Never married,,West
201801185623,1.4586804660579218,Not enrolled in school,Working full time,A great deal,Never,Very often,Sometimes,Very often,Sometimes,Some,,,,Completely,No,Lives with all parents,Excellent,All of the time,Some,Extremely well,More involved than desired,About as often as desired,18–29,Woman,College graduate or higher,"White, non-Hispanic",Never married,Lower income,West
201801185765,0.2474726924261158,Not enrolled in school,Working full time,A great deal,Sometimes,Sometimes,Sometimes,Sometimes,Sometimes,A great deal,A few times a week,At least once a day,Less than once a month,Completely,Yes,Does not live with a parent,Very good,All of the time,A fair amount,Somewhat well,As involved as desired,About as often as desired,30–34,Woman,College graduate or higher,"White, non-Hispanic",Married,Upper income,Midwest
201801186527,0.448752598270746,Not enrolled in school,Working full time,A great deal,Sometimes,Sometimes,Rarely,Never,Sometimes,Not much,A few times a month,A few times a week,Once a month,Completely,No,Does not live with a parent,Good,Rarely,Some,Not too well,Less involved than desired,Less often than desired,30–34,Man,College graduate or higher,"Asian, non-Hispanic",Never married,Middle income,West
201801186951,0.6574876091729831,Not enrolled in school,Working full time,A fair amount,Extremely often,Very often,Very often,Sometimes,Sometimes,A fair amount,A few times a month,A few times a week,Less than once a month,Completely,No,Does not live with a parent,Excellent,All of the time,Not much,Very well,As involved as desired,Less often than desired,30–34,Man,College graduate or higher,"White, non-Hispanic",Living with a partner,Middle income,West
201801186968,0.3537832482427829,Not enrolled in school,Not currently working for pay,A great deal,Rarely,Sometimes,Sometimes,Sometimes,Sometimes,A fair amount,,,,Completely,No,Lives with all parents,Excellent,All of the time,Not much,Very well,As involved as desired,About as often as desired,30–34,Woman,College graduate or higher,"White, non-Hispanic",Married,Upper income,West
201901000177,0.2446581001157816,Not enrolled in school,Working full time,Some,Sometimes,Extremely often,Extremely often,Sometimes,Rarely,A fair amount,At least once a day,At least once a day,A few times a week,Completely,No,Does not live with a parent,Good,Most of the time,Not much,Somewhat well,As involved as desired,Less often than desired,30–34,Woman,College graduate or higher,"White, non-Hispanic",Married,Middle income,Northeast
201901000446,1.1447556019441203,Not enrolled in school,Working full time,A great deal,Sometimes,Sometimes,Sometimes,Rarely,Rarely,A fair amount,A few times a month,A few times a week,Less than once a month,Mostly,Yes,Does not live with a parent,Poor,Never,Not at all,Not well at all,As involved as desired,About as often as desired,18–29,Woman,Some college,"Black, non-Hispanic",Never married,Lower income,Midwest
201901000721,0.5175396328042452,Not enrolled in school,Working full time,A great deal,Sometimes,Sometimes,Rarely,Rarely,Sometimes,A fair amount,A few times a week,At least once a day,A few times a month,Completely,No,Does not live with a parent,Excellent,All of the time,Some,Extremely well,As involved as desired,About as often as desired,18–29,Man,College graduate or higher,"White, non-Hispanic",Married,Upper income,Midwest
201901000865,0.224564020279723,Not enrolled in school,Working full time,A fair amount,Rarely,Sometimes,Rarely,Rarely,Sometimes,Some,A few times a week,A few times a week,Once a month,Completely,No,Does not live with a parent,Fair,Rarely,Not at all,Not well at all,As involved as desired,About as often as desired,30–34,Woman,College graduate or higher,"White, non-Hispanic",Living with a partner,Middle income,Midwest
201901000874,0.2194280485530017,Not enrolled in school,Working full time,A fair amount,Rarely,Sometimes,Sometimes,Sometimes,Rarely,Not much,A few times a week,A few times a week,Once a month,Completely,No,Does not live with a parent,Very good,Most of the time,Some,Somewhat well,Less involved than desired,Less often than desired,30–34,Man,College graduate or higher,"White, non-Hispanic",Married,Middle income,Midwest
201901000887,0.2849354542188794,Not enrolled in school,Working full time,A great deal,Extremely often,Extremely often,Extremely often,Extremely often,Extremely often,A great deal,A few times a week,At least once a day,At least once a day,Completely,No,Does not live with a parent,Excellent,All of the time,A fair amount,Extremely well,As involved as desired,About as often as desired,30–34,Man,College graduate or higher,"White, non-Hispanic",Married,Middle income,South
201901001145,0.540515446377815,Not enrolled in school,Working full time,A fair amount,Sometimes,Sometimes,Never,Never,Never,Not much,A few times a month,Less than once a month,Less than once a month,Completely,No,Does not live with a parent,Very good,All of the time,,Extremely well,As involved as desired,Less often than desired,30–34,Man,College graduate or higher,"White, non-Hispanic",Married,Middle income,West
201901001175,1.338158205368749,Not enrolled in school,Working full time,A fair amount,Very often,Rarely,Rarely,Sometimes,Sometimes,Some,,,,Mostly,No,Lives with all parents,Excellent,All of the time,Some,Very well,As involved as desired,About as often as desired,18–29,Woman,College graduate or higher,"White, non-Hispanic",Never married,Upper income,South
201901001205,0.3468777671482121,Not enrolled in school,Working full time,A great deal,Sometimes,Very often,Extremely often,Very often,Rarely,A great deal,At least once a day,A few times a month,A few times a month,Completely,No,Does not live with a parent,Very good,Most of the time,Not much,Very well,Less involved than desired,Less often than desired,30–34,Woman,College graduate or higher,"White, non-Hispanic",Married,Middle income,West
201901001471,1.519510530074019,Not enrolled in school,Working full time,A great deal,Sometimes,Rarely,Rarely,Never,Never,Not much,Once a month,A few times a month,A few times a month,Completely,No,Does not live with a parent,Good,Most of the time,Not much,Very well,As involved as desired,About as often as desired,18–29,Man,High school or less,"White, non-Hispanic",Married,Middle income,Midwest
201901001554,0.1966338377960101,Not enrolled in school,Working full time,A fair amount,Rarely,Very often,Sometimes,Rarely,Sometimes,Not much,A few times a week,A few times a month,Less than once a month,Completely,No,Does not live with a parent,Very good,Most of the time,A fair amount,Very well,Less involved than desired,About as often as desired,30–34,Woman,College graduate or higher,"Black, non-Hispanic",Divorced,Upper income,South
201901001744,1.1020617555942245,Not enrolled in school,Working full time,Not much,Never,Never,Never,Never,Never,Not at all,Once a month,Less than once a month,Less than once a month,Completely,No,Does not live with a parent,Fair,All of the time,A fair amount,Somewhat well,As involved as desired,About as often as desired,30–34,Man,College graduate or higher,"Other or multiracial, non-Hispanic",Married,Middle income,Northeast
201901001877,0.2540212447693574,Not enrolled in school,Working full time,A great deal,Extremely often,Very often,Rarely,Very often,Sometimes,A fair amount,A few times a month,A few times a week,A few times a month,Mostly,No,Does not live with a parent,Excellent,Most of the time,Not much,Very well,As involved as desired,About as often as desired,18–29,Woman,College graduate or higher,"Other or multiracial, non-Hispanic",Married,Upper income,South
201901002570,0.4509151453556285,Not enrolled in school,Working full time,A fair amount,Rarely,Sometimes,Sometimes,Rarely,Rarely,Some,At least once a day,A few times a week,Less than once a month,Completely,No,Does not live with a parent,Excellent,All of the time,Some,Somewhat well,As involved as desired,About as often as desired,30–34,Man,College graduate or higher,"Other or multiracial, non-Hispanic",Married,Upper income,South
201901002620,3.3741915126606488,Not enrolled in school,Not currently working for pay,A fair amount,Sometimes,Sometimes,Rarely,Very often,Rarely,Some,,,,Mostly,No,Lives with all parents,Excellent,Most of the time,Some,Very well,As involved as desired,About as often as desired,18–29,Woman,High school or less,Hispanic,Married,,West
201901002715,0.1580467263079527,Not enrolled in school,Working full time,Some,Extremely often,Extremely often,Sometimes,Very often,Sometimes,A fair amount,A few times a week,At least once a day,A few times a week,Somewhat,Yes,Does not live with a parent,Very good,All of the time,Some,Very well,As involved as desired,About as often as desired,30–34,Woman,College graduate or higher,"White, non-Hispanic",Married,Lower income,Midwest
201901002747,0.2774445649520666,Not enrolled in school,Working full time,A fair amount,Sometimes,Sometimes,Rarely,Sometimes,Rarely,Not much,Once a month,A few times a week,A few times a month,Completely,No,Does not live with a parent,Very good,Most of the time,Not at all,Very well,Less involved than desired,Less often than desired,30–34,Woman,College graduate or higher,"White, non-Hispanic",Living with a partner,Middle income,West
201901002809,5.637480534983634,Not enrolled in school,Working part time,A great deal,Sometimes,Sometimes,Sometimes,Sometimes,Sometimes,A great deal,,,,Mostly,No,Lives with all parents,Excellent,All of the time,Some,Extremely well,As involved as desired,About as often as desired,18–29,Man,Some college,Hispanic,Never married,Middle income,West
201901002954,0.7075225945398873,Not enrolled in school,Working full time,A fair amount,Never,Sometimes,Rarely,Sometimes,Sometimes,Some,A few times a month,A few times a month,Never,Completely,No,Does not live with a parent,Very good,Most of the time,A fair amount,Very well,Less involved than desired,Less often than desired,30–34,Woman,Some college,Hispanic,Living with a partner,Lower income,South
201901002965,0.8246879040847969,Not enrolled in school,Not currently working for pay,Not much,Rarely,Never,Rarely,Sometimes,Never,Not much,Less than once a month,A few times a week,A few times a month,Completely,No,Does not live with a parent,Good,Most of the time,Not much,Somewhat well,As involved as desired,About as often as desired,30–34,Woman,Some college,"Asian, non-Hispanic",Living with a partner,Middle income,Midwest
201901003096,1.8629438365051323,4-year college or graduate school,Not currently working for pay,A great deal,Extremely often,Extremely often,Sometimes,Sometimes,Sometimes,A fair amount,A few times a month,A few times a week,Less than once a month,Not at all,Yes,Does not live with a parent,Excellent,All of the time,Some,Very well,As involved as desired,About as often as desired,18–29,Man,College graduate or higher,"White, non-Hispanic",Never married,Upper income,South
201901003197,0.1574694388631823,Not enrolled in school,Working full time,A fair amount,Never,Never,Never,Never,Never,Not much,A few times a week,A few times a week,A few times a week,Completely,No,Does not live with a parent,Good,Rarely,Some,Somewhat well,As involved as desired,About as often as desired,30–34,Woman,College graduate or higher,"White, non-Hispanic",Divorced,Upper income,Midwest
201901003249,0.1794890634170046,4-year college or graduate school,Retired,A great deal,Sometimes,Extremely often,Very often,Very often,Very often,A fair amount,A few times a week,A few times a week,Less than once a month,Completely,No,Does not live with a parent,Excellent,All of the time,Some,Extremely well,As involved as desired,About as often as desired,18–29,Woman,College graduate or higher,"White, non-Hispanic",Married,Upper income,Midwest
201901003296,5.335250466563975,Not enrolled in school,Working full time,Not much,Never,Never,Never,Sometimes,Never,Not at all,A few times a week,A few times a month,A few times a month,Completely,No,Does not live with a parent,Fair,Never,Not at all,Somewhat well,Less involved than desired,Less often than desired,18–29,Woman,High school or less,Hispanic,Living with a partner,Lower income,South
201901003368,2.140265888607485,Not enrolled in school,Working full time,Some,Sometimes,Rarely,Never,Sometimes,Never,Some,A few times a month,At least once a day,A few times a month,Mostly,Yes,Does not live with a parent,Good,Some of the time,Some,Not too well,More involved than desired,About as often as desired,18–29,Woman,College graduate or higher,"White, non-Hispanic",Living with a partner,Lower income,Northeast
201901003466,1.2380198903154225,2-year college or technical school,Working full time,Some,Extremely often,Extremely often,Sometimes,Sometimes,Sometimes,A fair amount,At least once a day,At least once a day,A few times a week,Somewhat,Yes,Does not live with a parent,Good,Most of the time,Not at all,Somewhat well,As involved as desired,About as often as desired,30–34,Woman,Some college,"White, non-Hispanic",Never married,Lower income,South
201901003533,0.8193033471830345,Not enrolled in school,Working full time,A fair amount,Rarely,Very often,Rarely,Never,Sometimes,Not much,A few times a month,At least once a day,Less than once a month,Completely,No,Does not live with a parent,Good,Most of the time,A fair amount,Very well,As involved as desired,About as often as desired,18–29,Woman,College graduate or higher,"White, non-Hispanic",Married,Upper income,Midwest
201901003551,6.314159461681934,Not enrolled in school,Working full time,A great deal,Sometimes,Extremely often,Very often,Sometimes,Sometimes,Some,At least once a day,At least once a day,A few times a month,Completely,Yes,Does not live with a parent,Very good,Most of the time,A fair amount,Very well,As involved as desired,About as often as desired,30–34,Man,High school or less,"Black, non-Hispanic",Married,Lower income,Midwest
201901004585,0.031334508909769,2-year college or technical school,Working full time,A great deal,Never,Sometimes,Never,Never,Never,Some,Never,At least once a day,At least once a day,Somewhat,Yes,Lives with at least one parent,Very good,Some of the time,A fair amount,Somewhat well,Less involved than desired,About as often as desired,18–29,Man,Some college,Hispanic,Never married,Lower income,West
201901004944,0.0440936566756319,Not enrolled in school,Working full time,A great deal,Rarely,Rarely,Never,Never,Never,Not at all,Less than once a month,A few times a month,Less than once a month,Completely,No,Does not live with a parent,Fair,Rarely,A fair amount,Not too well,Less involved than desired,Less often than desired,30–34,Man,College graduate or higher,Hispanic,Married,Upper income,West
201901005058,0.0793805756584763,Not enrolled in school,Working full time,Some,Rarely,Extremely often,Sometimes,Sometimes,Very often,Some,,,,Mostly,No,Lives with all parents,Good,Some of the time,A fair amount,Extremely well,As involved as desired,About as often as desired,18–29,Man,College graduate or higher,Hispanic,Never married,Middle income,West
201901007166,0.027029023890136,Not enrolled in school,Working full time,A great deal,Sometimes,Extremely often,Sometimes,Very often,Extremely often,A fair amount,At least once a day,At least once a day,At least once a day,Not at all,Yes,Lives with at least one parent,Very good,All of the time,A great deal,Very well,As involved as desired,About as often as desired,18–29,Woman,College graduate or higher,Hispanic,Never married,Middle income,South
201901007349,0.1696104138494519,Not enrolled in school,Working full time,A fair amount,Sometimes,Rarely,Never,Sometimes,Rarely,Some,,,,Somewhat,Yes,Lives with all parents,Fair,Rarely,Some,Somewhat well,As involved as desired,More often than desired,18–29,Man,Some college,Hispanic,Never married,Lower income,South
201901007704,0.018203731119452,Not enrolled in school,Working full time,A fair amount,Rarely,Rarely,Rarely,Rarely,Rarely,Not much,A few times a week,A few times a week,A few times a week,Completely,No,Does not live with a parent,Good,Most of the time,Not much,Somewhat well,As involved as desired,About as often as desired,18–29,Man,College graduate or higher,Hispanic,Never married,Middle income,Northeast
201901009747,0.018203731119452,Not enrolled in school,Working full time,A fair amount,Rarely,Sometimes,Rarely,Rarely,Rarely,Not much,Less than once a month,A few times a week,Less than once a month,Completely,No,Does not live with a parent,Good,Some of the time,Some,Somewhat well,As involved as desired,About as often as desired,30–34,Man,College graduate or higher,Hispanic,Married,Middle income,South
201901012658,0.1250025168889001,Not enrolled in school,Not currently working for pay,Some,Extremely often,Very often,Very often,Very often,Sometimes,A great deal,,,,Not at all,Yes,Lives with all parents,Excellent,All of the time,Some,Somewhat well,As involved as desired,About as often as desired,18–29,Woman,High school or less,Hispanic,Never married,Lower income,West
201901012789,0.1336941838788348,4-year college or graduate school,Working part time,A fair amount,Never,Never,Never,Never,Never,Some,A few times a month,Never,Once a month,Completely,No,Does not live with a parent,Very good,Most of the time,Some,Extremely well,As involved as desired,About as often as desired,18–29,Man,College graduate or higher,Hispanic,Never married,Middle income,West
201901013031,0.0431689230906912,Not enrolled in school,Not currently working for pay,Not much,Rarely,Sometimes,Never,Very often,Sometimes,Some,A few times a month,A few times a month,Less than once a month,Completely,No,Does not live with a parent,Very good,Most of the time,Some,Somewhat well,As involved as desired,Less often than desired,18–29,Woman,High school or less,Hispanic,Divorced,,West
201901013530,0.018203731119452,Not enrolled in school,Working full time,A great deal,Never,Never,Never,Never,Never,Not at all,A few times a month,A few times a month,Less than once a month,Completely,No,Does not live with a parent,Good,All of the time,Not at all,Not well at all,As involved as desired,About as often as desired,30–34,Woman,College graduate or higher,Hispanic,Never married,Middle income,South
201901013585,0.0588196532512236,Not enrolled in school,Working full time,A great deal,Very often,Extremely often,Sometimes,Extremely often,Very often,A fair amount,A few times a month,At least once a day,Less than once a month,Mostly,Yes,Does not live with a parent,Very good,All of the time,A fair amount,Very well,As involved as desired,About as often as desired,18–29,Woman,Some college,Hispanic,Married,Middle income,South
201901015279,0.0772155625878338,Not enrolled in school,Working full time,A great deal,Sometimes,Very often,Rarely,Sometimes,Rarely,A great deal,,,,Somewhat,No,Lives with all parents,Excellent,Most of the time,Some,Somewhat well,As involved as desired,About as often as desired,30–34,Man,Some college,Hispanic,Never married,Lower income,West
201901016693,0.4650787801699212,Not enrolled in school,Working full time,A great deal,Extremely often,Very often,Very often,Very often,Sometimes,Some,A few times a month,At least once a day,A few times a month,Completely,No,Does not live with a parent,Excellent,All of the time,Not much,Very well,As involved as desired,About as often as desired,30–34,Man,College graduate or higher,"White, non-Hispanic",Married,Middle income,South
201901016805,0.5432872896301101,Not enrolled in school,Working full time,Not much,Rarely,Rarely,Rarely,Rarely,Rarely,Not much,A few times a week,At least once a day,A few times a month,Completely,No,Does not live with a parent,Very good,Some of the time,A great deal,Very well,As involved as desired,About as often as desired,30–34,Woman,Some college,"White, non-Hispanic",Never married,Middle income,South
201901017916,0.3970088191586327,Not enrolled in school,Working full time,A fair amount,Very often,Very often,Rarely,Rarely,Sometimes,Some,A few times a month,A few times a week,A few times a month,Completely,No,Does not live with a parent,Very good,All of the time,Some,Somewhat well,As involved as desired,About as often as desired,30–34,Man,College graduate or higher,"White, non-Hispanic",Married,Upper income,West
201901017993,5.075069942331987,Not enrolled in school,Working full time,Not much,Sometimes,Sometimes,Rarely,Sometimes,Very often,A fair amount,At least once a day,At least once a day,At least once a day,Completely,No,Does not live with a parent,Excellent,All of the time,A great deal,Extremely well,As involved as desired,About as often as desired,18–29,Woman,Some college,Hispanic,Married,Lower income,South
201901018342,0.8369303755823121,Not enrolled in school,Working full time,A fair amount,Sometimes,Very often,Never,Rarely,Sometimes,Not much,At least once a day,At least once a day,A few times a week,Somewhat,Yes,Does not live with a parent,Excellent,Most of the time,Not much,Very well,As involved as desired,About as often as desired,30–34,Man,Some college,"White, non-Hispanic",Married,Middle income,South
201901018365,0.3866927398549448,Not enrolled in school,Working part time,Some,Sometimes,Rarely,Sometimes,Sometimes,Very often,A fair amount,A few times a week,At least once a day,At least once a day,Mostly,No,Lives with at least one parent,Good,Most of the time,Not at all,Somewhat well,Less involved than desired,About as often as desired,30–34,Woman,College graduate or higher,"Other or multiracial, non-Hispanic",Married,Upper income,Northeast
201901018506,0.4594585523142953,Not enrolled in school,Unable to work due to disability,A fair amount,Rarely,Sometimes,Sometimes,Rarely,Sometimes,A great deal,Never,Less than once a month,Never,Mostly,No,Lives with at least one parent,Very good,All of the time,Not at all,Very well,As involved as desired,About as often as desired,30–34,Nonbinary,Some college,Hispanic,Living with a partner,Lower income,West
201901018761,0.9461423363951916,Not enrolled in school,Working full time,A fair amount,Never,Rarely,Never,Never,Never,Not much,A few times a week,A few times a month,A few times a week,Completely,No,Does not live with a parent,Very good,Most of the time,Some,Very well,As involved as desired,About as often as desired,30–34,Man,College graduate or higher,"Black, non-Hispanic",Living with a partner,Middle income,South
201901018886,2.638851374849331,4-year college or graduate school,Working part time,A great deal,Extremely often,Very often,Very often,Extremely often,Very often,A great deal,A few times a week,At least once a day,A few times a month,A little,Yes,Does not live with a parent,Fair,Most of the time,Some,Somewhat well,,Less often than desired,18–29,Man,College graduate or higher,"White, non-Hispanic",Living with a partner,Lower income,Northeast
201901018942,5.027045799214659,Not enrolled in school,Working part time,A great deal,Extremely often,Extremely often,Extremely often,Extremely often,Extremely often,A great deal,,,,A little,Yes,Lives with all parents,Excellent,All of the time,A great deal,Extremely well,As involved as desired,About as often as desired,18–29,Man,High school or less,"Other or multiracial, non-Hispanic",Never married,Lower income,Midwest
201901019013,1.041551865075861,2-year college or technical school,Working full time,Not much,Rarely,Sometimes,Never,Never,Never,Not at all,Less than once a month,Once a month,Less than once a month,Completely,No,Does not live with a parent,Fair,Some of the time,Not at all,Somewhat well,Less involved than desired,Less often than desired,18–29,Woman,Some college,"Black, non-Hispanic",Never married,Lower income,Midwest
201901019149,0.6627759269124993,Not enrolled in school,Working full time,A fair amount,Sometimes,Sometimes,Never,Rarely,Never,Not much,Never,A few times a week,Less than once a month,Mostly,No,Does not live with a parent,Very good,Most of the time,Some,Very well,As involved as desired,About as often as desired,18–29,Woman,College graduate or higher,"White, non-Hispanic",Living with a partner,Middle income,West
201901019203,0.4283391690013969,Not enrolled in school,Working full time,A great deal,Extremely often,Extremely often,Extremely often,Extremely often,Extremely often,A great deal,A few times a month,At least once a day,A few times a month,Completely,No,Does not live with a parent,Excellent,All of the time,Some,Extremely well,As involved as desired,About as often as desired,30–34,Man,College graduate or higher,"White, non-Hispanic",Married,Upper income,Midwest
201901020105,1.604506924881934,Not enrolled in school,Working full time,A great deal,Very often,Extremely often,Extremely often,Sometimes,Very often,A fair amount,A few times a week,At least once a day,Less than once a month,Completely,No,Does not live with a parent,Excellent,All of the time,Some,Extremely well,As involved as desired,About as often as desired,18–29,Woman,College graduate or higher,"White, non-Hispanic",Married,Upper income,Midwest
201901020110,2.262959050739394,4-year college or graduate school,Working part time,Some,Extremely often,Very often,Very often,Very often,Very often,A fair amount,A few times a month,A few times a month,A few times a month,A little,Yes,Does not live with a parent,Good,Some of the time,Some,Very well,As involved as desired,More often than desired,18–29,Man,Some college,"White, non-Hispanic",Never married,Upper income,Midwest
201901020479,1.1319536327445774,Not enrolled in school,Working full time,Not much,Never,Never,Never,Never,Never,Not at all,Less than once a month,Less than once a month,Less than once a month,Completely,Yes,Does not live with a parent,Poor,Never,Not at all,Not too well,Less involved than desired,Less often than desired,18–29,Woman,Some college,"Asian, non-Hispanic",Married,Lower income,West
201901020630,3.4906162497282933,Not enrolled in school,Working full time,A fair amount,Very often,Very often,Very often,Very often,Sometimes,A great deal,A few times a week,At least once a day,A few times a month,Completely,No,Does not live with a parent,Excellent,All of the time,A fair amount,Very well,As involved as desired,About as often as desired,18–29,Nonbinary,College graduate or higher,"White, non-Hispanic",Never married,Middle income,Midwest
201901020682,0.5310087738149861,Not enrolled in school,Working full time,A great deal,Sometimes,Sometimes,Rarely,Rarely,Sometimes,Some,,,,Mostly,No,Lives with all parents,Good,Some of the time,Not much,Very well,As involved as desired,Less often than desired,18–29,Woman,College graduate or higher,"White, non-Hispanic",Living with a partner,Upper income,Midwest
201901021760,0.3614862114514257,Not enrolled in school,Working full time,A great deal,Rarely,Sometimes,Sometimes,Sometimes,Sometimes,Not much,A few times a month,A few times a month,A few times a month,Completely,No,Does not live with a parent,Good,All of the time,Not much,Somewhat well,Less involved than desired,Less often than desired,30–34,Man,College graduate or higher,"White, non-Hispanic",Married,Middle income,South
201901021794,1.095992985990964,Not enrolled in school,Working full time,A fair amount,Extremely often,Very often,Sometimes,Sometimes,Very often,A great deal,A few times a week,A few times a week,Less than once a month,Mostly,Yes,Does not live with a parent,Excellent,All of the time,A great deal,Extremely well,As involved as desired,About as often as desired,30–34,Man,Some college,"White, non-Hispanic",Living with a partner,Middle income,South
201901021861,0.9252692019409516,Not enrolled in school,Working full time,Some,Sometimes,Very often,Never,Very often,Sometimes,Some,Once a month,A few times a week,At least once a day,Mostly,Yes,Does not live with a parent,Very good,Most of the time,Some,Somewhat well,As involved as desired,More often than desired,30–34,Woman,Some college,"White, non-Hispanic",Living with a partner,Lower income,West
201901021916,1.865480270802052,Not enrolled in school,Working full time,Some,Rarely,Sometimes,Sometimes,Sometimes,Rarely,Some,At least once a day,At least once a day,At least once a day,A little,No,Lives with at least one parent,Good,Some of the time,A fair amount,Somewhat well,As involved as desired,About as often as desired,18–29,Woman,College graduate or higher,"Black, non-Hispanic",Never married,Middle income,Northeast
201901021963,1.0282926861897,Not enrolled in school,Working part time,A great deal,Extremely often,Extremely often,Extremely often,Extremely often,Extremely often,Some,A few times a week,At least once a day,A few times a week,Completely,No,Does not live with a parent,Excellent,All of the time,A fair amount,Extremely well,As involved as desired,About as often as desired,18–29,Woman,Some college,Hispanic,Never married,Lower income,Midwest
201901022086,0.5901837453709586,Not enrolled in school,Working full time,A great deal,Extremely often,Sometimes,Sometimes,Very often,Rarely,A fair amount,A few times a month,A few times a week,Less than once a month,Mostly,Yes,Does not live with a parent,Excellent,All of the time,A fair amount,Extremely well,As involved as desired,About as often as desired,30–34,Man,College graduate or higher,"White, non-Hispanic",Married,Upper income,West
201901022224,0.5972764842397161,Not enrolled in school,Not currently working for pay,Some,Sometimes,Sometimes,Sometimes,Sometimes,Never,A fair amount,Less than once a month,A few times a month,Less than once a month,Completely,No,Does not live with a parent,Very good,All of the time,Not much,Very well,As involved as desired,About as often as desired,30–34,Woman,College graduate or higher,"White, non-Hispanic",Living with a partner,Middle income,South
201901022372,0.4671042601810915,Not enrolled in school,Working full time,A great deal,Never,Never,Rarely,Rarely,Rarely,Not much,A few times a month,A few times a month,A few times a month,Completely,No,Does not live with a parent,Fair,Rarely,Some,Not too well,Less involved than desired,Less often than desired,30–34,Man,College graduate or higher,Hispanic,Married,Middle income,West
201901022554,1.182472811082561,Not enrolled in school,Working part time,A great deal,Sometimes,Sometimes,Sometimes,Sometimes,Very often,Some,,,,Somewhat,No,Lives with all parents,Excellent,All of the time,Some,Extremely well,As involved as desired,About as often as desired,18–29,Man,College graduate or higher,"White, non-Hispanic",Never married,Lower income,Midwest
201901022628,0.4614374726991061,Not enrolled in school,Working full time,A great deal,Sometimes,Sometimes,Rarely,Rarely,Sometimes,Not much,At least once a day,A few times a week,Less than once a month,Completely,Yes,Does not live with a parent,Very good,Some of the time,Some,Somewhat well,Less involved than desired,More often than desired,30–34,Man,College graduate or higher,"Black, non-Hispanic",Married,Middle income,South
201901022806,0.6735050776772631,Not enrolled in school,Working full time,A fair amount,Sometimes,Sometimes,Sometimes,Never,Never,Not much,A few times a month,A few times a week,At least once a day,Mostly,Yes,Does not live with a parent,Very good,Some of the time,Some,Not too well,As involved as desired,About as often as desired,30–34,Woman,College graduate or higher,"White, non-Hispanic",Married,Lower income,South
201901023143,0.6030395251111123,Not enrolled in school,Working full time,A fair amount,Sometimes,Rarely,Never,Rarely,Never,Some,Less than once a month,Less than once a month,Once a month,Completely,No,Does not live with a parent,Good,Some of the time,Not at all,Not too well,As involved as desired,About as often as desired,18–29,Man,College graduate or higher,"White, non-Hispanic",Never married,Middle income,Midwest
201901023246,1.7908808149649331,Not enrolled in school,Working full time,Some,Rarely,Rarely,Sometimes,Sometimes,Rarely,Not much,A few times a week,A few times a week,A few times a month,Completely,No,Does not live with a parent,Very good,Most of the time,Not much,Very well,As involved as desired,About as often as desired,30–34,Man,Some college,Hispanic,Married,Lower income,South
201901023488,0.291072659398014,Not enrolled in school,Working full time,A great deal,Sometimes,Very often,Rarely,Sometimes,Rarely,Not much,A few times a month,A few times a week,Once a month,Completely,No,Does not live with a parent,Very good,Most of the time,Not at all,Somewhat well,As involved as desired,About as often as desired,30–34,Woman,College graduate or higher,"White, non-Hispanic",Married,Upper income,Midwest
201901023853,0.2528752444451906,Not enrolled in school,Not currently working for pay,A great deal,Very often,Sometimes,Sometimes,Very often,Sometimes,A fair amount,A few times a week,At least once a day,A few times a week,Mostly,Yes,Does not live with a parent,Very good,Most of the time,A fair amount,Somewhat well,As involved as desired,About as often as desired,30–34,Woman,College graduate or higher,"White, non-Hispanic",Married,Lower income,South
201901024003,0.2787857479510943,Not enrolled in school,Working full time,Some,Never,Never,Never,Rarely,Never,Not at all,Once a month,A few times a week,Less than once a month,Completely,No,Does not live with a parent,Good,Some of the time,Not at all,Somewhat well,As involved as desired,About as often as desired,30–34,Man,College graduate or higher,"White, non-Hispanic",Living with a partner,Upper income,South
201901024076,0.4814866848543017,Not enrolled in school,Working full time,Some,Sometimes,Sometimes,Sometimes,Rarely,Rarely,Not much,A few times a month,A few times a month,Less than once a month,Completely,No,Does not live with a parent,Fair,Some of the time,Not at all,Not too well,Less involved than desired,Less often than desired,30–34,Man,Some college,"White, non-Hispanic",Never married,Middle income,West
201901024088,2.2748667212746647,2-year college or technical school,Working full time,Some,Sometimes,Extremely often,Rarely,Sometimes,Sometimes,Some,At least once a day,A few times a week,A few times a week,Mostly,No,Does not live with a parent,Excellent,Most of the time,Not much,Somewhat well,As involved as desired,Less often than desired,30–34,Woman,Some college,Hispanic,Married,Upper income,West
201901024207,1.702059189685439,Not enrolled in school,Working full time,Not much,Never,Rarely,Sometimes,Never,Never,A fair amount,A few times a week,A few times a week,A few times a month,Completely,No,Does not live with a parent,Very good,Most of the time,Some,Somewhat well,As involved as desired,Less often than desired,30–34,Man,Some college,"White, non-Hispanic",Married,Upper income,South
201901024240,2.094732452287241,Not enrolled in school,Working full time,A fair amount,Sometimes,Very often,Rarely,Sometimes,Sometimes,Some,A few times a month,A few times a month,Less than once a month,Completely,No,Does not live with a parent,Excellent,All of the time,Not much,Somewhat well,As involved as desired,About as often as desired,18–29,Man,College graduate or higher,"White, non-Hispanic",Married,Upper income,Northeast
201901024323,0.2856730180387014,Not enrolled in school,Unable to work due to disability,Not much,Never,Never,Rarely,Never,Rarely,Not much,Less than once a month,Once a month,Less than once a month,Completely,No,Does not live with a parent,Fair,Most of the time,A fair amount,Somewhat well,Less involved than desired,Less often than desired,30–34,Woman,Some college,"White, non-Hispanic",Living with a partner,Lower income,Northeast
201901024446,0.2098941486171073,Not enrolled in school,Working full time,Some,Sometimes,Sometimes,Sometimes,Sometimes,Sometimes,Not much,A few times a week,A few times a week,A few times a week,Completely,No,Does not live with a parent,Poor,Never,Not at all,Extremely well,As involved as desired,About as often as desired,18–29,Man,College graduate or higher,"White, non-Hispanic",Never married,Middle income,Midwest
201901024540,1.4239037407785016,Not enrolled in school,Not currently working for pay,A great deal,Rarely,Sometimes,Sometimes,Rarely,Rarely,Some,A few times a month,A few times a month,A few times a month,Mostly,No,Does not live with a parent,Poor,Rarely,A fair amount,Not too well,As involved as desired,About as often as desired,18–29,Man,College graduate or higher,"White, non-Hispanic",Never married,Upper income,Northeast
201901024678,1.128249857863641,2-year college or technical school,Working full time,Not much,Never,Rarely,Rarely,Rarely,Rarely,Not much,A few times a month,A few times a month,At least once a day,Completely,No,Lives with at least one parent,Fair,Most of the time,Not much,Not too well,Less involved than desired,Less often than desired,18–29,Woman,College graduate or higher,Hispanic,Never married,Middle income,West
201901024788,1.2402125187048998,Not enrolled in school,Working part time,A fair amount,Sometimes,Very often,Never,Very often,Never,Some,A few times a week,A few times a month,A few times a week,Mostly,Yes,Does not live with a parent,Fair,Rarely,Not at all,Somewhat well,As involved as desired,More often than desired,18–29,Woman,High school or less,Hispanic,Living with a partner,Middle income,South
201901024913,0.2953915985337634,Not enrolled in school,Working full time,Some,Sometimes,Never,Never,Never,Never,Not much,Less than once a month,Less than once a month,Less than once a month,Mostly,Yes,Does not live with a parent,Poor,Never,Not at all,Not well at all,Less involved than desired,Less often than desired,30–34,Woman,Some college,"Black, non-Hispanic",Never married,Middle income,Northeast
201901024968,5.637480534983634,Not enrolled in school,Working full time,A great deal,Sometimes,Very often,Rarely,Rarely,Never,Not much,A few times a week,A few times a week,A few times a week,Mostly,No,Does not live with a parent,Excellent,All of the time,Some,Extremely well,As involved as desired,About as often as desired,18–29,Man,Some college,Hispanic,Living with a partner,Lower income,West
201901025076,0.5298983232710419,Not enrolled in school,Working full time,A great deal,Very often,Very often,Very often,Sometimes,Sometimes,A fair amount,At least once a day,At least once a day,Once a month,Completely,No,Does not live with a parent,Excellent,All of the time,Some,Very well,As involved as desired,About as often as desired,18–29,Woman,College graduate or higher,"White, non-Hispanic",Married,Upper income,Midwest
201901025094,0.2235859110422454,Not enrolled in school,Working full time,A great deal,Very often,Very often,Sometimes,Sometimes,Sometimes,A fair amount,At least once a day,At least once a day,A few times a week,Somewhat,Yes,Does not live with a parent,Excellent,All of the time,Some,Extremely well,As involved as desired,About as often as desired,30–34,Man,College graduate or higher,"White, non-Hispanic",Married,Middle income,West
201901025164,0.3091737993430876,Not enrolled in school,Working full time,A great deal,Sometimes,Very often,Rarely,Rarely,Extremely often,Some,A few times a week,A few times a week,Less than once a month,Completely,No,Does not live with a parent,Excellent,All of the time,Not much,Very well,As involved as desired,Less often than desired,18–29,Man,College graduate or higher,"Other or multiracial, non-Hispanic",Married,Upper income,South
201901025326,1.3714997269337514,Not enrolled in school,Working full time,Some,Never,Rarely,Never,Never,Rarely,A fair amount,Once a month,A few times a week,At least once a day,Completely,Yes,Lives with at least one parent,Very good,Most of the time,A great deal,Somewhat well,As involved as desired,About as often as desired,18–29,Woman,Some college,"White, non-Hispanic",Never married,Lower income,South
201901025327,1.8964863314255105,2-year college or technical school,Working part time,Some,Very often,Extremely often,Sometimes,Extremely often,Rarely,Some,At least once a day,A few times a week,A few times a week,A little,Yes,Does not live with a parent,Very good,Most of the time,Some,Somewhat well,Less involved than desired,Less often than desired,18–29,Woman,Some college,"White, non-Hispanic",Never married,Lower income,South
201901025385,6.314159461681934,4-year college or graduate school,Working part time,A great deal,Sometimes,Very often,Sometimes,Sometimes,Extremely often,A great deal,Never,Less than once a month,Never,Somewhat,No,Lives with at least one parent,Poor,Never,Not at all,Not well at all,Less involved than desired,Less often than desired,18–29,Man,Some college,Hispanic,Never married,Lower income,Midwest
201901025466,2.860603967751132,4-year college or graduate school,Working full time,A fair amount,Sometimes,Rarely,Sometimes,Rarely,Never,Some,Less than once a month,A few times a week,A few times a week,Completely,Yes,Does not live with a parent,Excellent,Most of the time,Not much,Very well,As involved as desired,About as often as desired,18–29,Woman,Some college,Hispanic,Married,Middle income,West
201901025502,2.2092127435517184,2-year college or technical school,Working full time,Some,Very often,Very often,Very often,Sometimes,Rarely,Some,Once a month,Less than once a month,A few times a month,Mostly,Yes,Lives with at least one parent,Very good,Most of the time,A fair amount,Very well,As involved as desired,About as often as desired,18–29,Woman,Some college,Hispanic,Separated,Lower income,Midwest
201901025790,1.353021895481674,4-year college or graduate school,Working full time,Not much,Never,Rarely,Never,Rarely,Never,Not much,Once a month,Once a month,Less than once a month,Completely,No,Does not live with a parent,Very good,All of the time,Not much,Very well,As involved as desired,Less often than desired,18–29,Woman,Some college,"Asian, non-Hispanic",Living with a partner,Lower income,South
201901026011,0.1495694720209495,4-year college or graduate school,Working full time,A great deal,Extremely often,Extremely often,Extremely often,Extremely often,Extremely often,A great deal,At least once a day,At least once a day,At least once a day,Mostly,Yes,Lives with at least one parent,Very good,Some of the time,A great deal,Somewhat well,More involved than desired,About as often as desired,30–34,Woman,Some college,"White, non-Hispanic",Widowed,Middle income,South
201901026123,0.4247341409126332,Not enrolled in school,Working full time,A fair amount,Rarely,Rarely,Never,Sometimes,Never,Not at all,Less than once a month,Less than once a month,Less than once a month,Completely,No,Does not live with a parent,Very good,Most of the time,Not at all,Very well,As involved as desired,About as often as desired,30–34,Man,College graduate or higher,"White, non-Hispanic",Married,Middle income,South
201901026437,0.4247341409126332,Not enrolled in school,Working full time,A great deal,Sometimes,Very often,Sometimes,Sometimes,Sometimes,A fair amount,At least once a day,At least once a day,Less than once a month,Completely,No,Does not live with a parent,Good,Most of the time,Not much,Somewhat well,As involved as desired,About as often as desired,30–34,Man,College graduate or higher,"White, non-Hispanic",Married,Upper income,South
201901026500,0.7428841204191186,Not enrolled in school,Working part time,Some,Sometimes,Rarely,Rarely,Rarely,Rarely,Some,A few times a week,At least once a day,A few times a month,Mostly,No,Does not live with a parent,Very good,Most of the time,Some,Very well,More involved than desired,About as often as desired,30–34,Woman,College graduate or higher,"White, non-Hispanic",Never married,Lower income,Northeast
201901026603,0.1870350387216395,Not enrolled in school,Working full time,A great deal,Sometimes,Sometimes,Never,Sometimes,Sometimes,Some,A few times a month,A few times a week,A few times a month,Completely,No,Does not live with a parent,Excellent,All of the time,Not much,Extremely well,As involved as desired,About as often as desired,30–34,Man,College graduate or higher,"White, non-Hispanic",Living with a partner,Upper income,Midwest
201901026860,0.9321666393714364,Not enrolled in school,Working full time,A fair amount,Rarely,Rarely,Sometimes,Rarely,Rarely,Some,A few times a month,Less than once a month,Less than once a month,Completely,No,Does not live with a parent,Excellent,All of the time,A fair amount,Extremely well,As involved as desired,About as often as desired,18–29,Man,College graduate or higher,Hispanic,Never married,Upper income,Midwest
201901027219,2.8037844046662816,Not enrolled in school,Working full time,Some,Rarely,Sometimes,Never,Never,Rarely,Not much,Once a month,A few times a month,A few times a month,Completely,No,Does not live with a parent,Good,Some of the time,Some,Not too well,,,18–29,Man,Some college,"White, non-Hispanic",Married,Upper income,Northeast
201901027573,0.2463115465577001,4-year college or graduate school,Working part time,A great deal,Very often,Extremely often,Sometimes,Sometimes,Very often,A fair amount,Once a month,A few times a week,A few times a month,Mostly,Yes,Does not live with a parent,Excellent,Most of the time,Not at all,Very well,As involved as desired,Less often than desired,18–29,Woman,College graduate or higher,"White, non-Hispanic",Married,Middle income,Midwest
201901027613,0.7950190425185052,Not enrolled in school,Working full time,A great deal,Rarely,Sometimes,Never,Rarely,Never,Not much,A few times a month,A few times a month,A few times a month,Completely,No,Does not live with a parent,Good,Most of the time,Some,Very well,As involved as desired,About as often as desired,30–34,Man,College graduate or higher,"White, non-Hispanic",Never married,,Northeast
201901027632,0.3970088191586327,Not enrolled in school,Working full time,A fair amount,Sometimes,Sometimes,Never,Never,Never,Not at all,Less than once a month,Less than once a month,Less than once a month,Completely,No,Does not live with a parent,Poor,Most of the time,Not at all,Very well,As involved as desired,About as often as desired,30–34,Man,College graduate or higher,"White, non-Hispanic",Living with a partner,Upper income,West
201901027694,5.33952291721629,Not enrolled in school,Not currently working for pay,A great deal,Sometimes,Sometimes,Sometimes,Sometimes,Sometimes,A great deal,A few times a week,At least once a day,A few times a week,Completely,No,Does not live with a parent,Very good,All of the time,A fair amount,Extremely well,As involved as desired,About as often as desired,18–29,Woman,High school or less,"White, non-Hispanic",Married,,Midwest
201901027894,2.633852593901304,Not enrolled in school,Working full time,A fair amount,Sometimes,Sometimes,Rarely,Rarely,Rarely,Not at all,A few times a month,A few times a month,A few times a month,Completely,No,Does not live with a parent,Very good,All of the time,Not much,Somewhat well,As involved as desired,About as often as desired,30–34,Man,High school or less,Hispanic,Living with a partner,Lower income,West
201901027980,0.6946161153745352,2-year college or technical school,Working part time,A fair amount,Extremely often,Extremely often,Extremely often,Extremely often,Extremely often,Some,At least once a day,At least once a day,A few times a month,Completely,No,Does not live with a parent,Excellent,All of the time,A fair amount,Extremely well,As involved as desired,About as often as desired,30–34,Woman,High school or less,"White, non-Hispanic",Married,Lower income,Midwest
201901028242,0.5443680832355634,Not enrolled in school,Working full time,A great deal,Very often,Rarely,Never,Never,Rarely,Not much,A few times a week,A few times a week,Less than once a month,Completely,Yes,Does not live with a parent,Excellent,Most of the time,Some,Very well,Less involved than desired,Less often than desired,18–29,Man,College graduate or higher,"White, non-Hispanic",Married,Upper income,South
201901028560,0.5663743934514501,Not enrolled in school,Working full time,A great deal,Sometimes,Very often,Sometimes,Sometimes,Sometimes,A fair amount,A few times a month,A few times a week,A few times a month,Mostly,No,Does not live with a parent,Excellent,All of the time,Some,Very well,As involved as desired,About as often as desired,30–34,Man,College graduate or higher,"Other or multiracial, non-Hispanic",Living with a partner,Upper income,Northeast
201901028617,0.3970088191586327,Not enrolled in school,Working full time,A fair amount,Sometimes,Sometimes,Rarely,Sometimes,Rarely,Not much,Once a month,A few times a month,Less than once a month,Completely,No,Does not live with a parent,Very good,Some of the time,Not much,Somewhat well,As involved as desired,About as often as desired,30–34,Man,College graduate or higher,"White, non-Hispanic",Married,Middle income,West
201901029422,0.4739057178490099,Not enrolled in school,Working full time,A fair amount,Very often,Sometimes,Rarely,Sometimes,Rarely,Some,A few times a month,A few times a week,Once a month,Mostly,Yes,Does not live with a parent,Excellent,Most of the time,Some,Somewhat well,Less involved than desired,Less often than desired,30–34,Man,Some college,Hispanic,Married,Lower income,South
201901029675,0.5831500769485126,Not enrolled in school,Not currently working for pay,Some,Sometimes,Sometimes,Rarely,Rarely,Rarely,Not much,,,,A little,Yes,Lives with all parents,Good,Rarely,Not much,Somewhat well,As involved as desired,Less often than desired,30–34,Man,College graduate or higher,"White, non-Hispanic",Never married,Middle income,West
201901029789,0.5288883516714459,4-year college or graduate school,Working full time,A great deal,Never,Rarely,Sometimes,Never,Never,Not much,A few times a month,A few times a month,A few times a month,,No,Does not live with a parent,Good,Some of the time,A fair amount,Somewhat well,Less involved than desired,Less often than desired,30–34,Man,College graduate or higher,"White, non-Hispanic",Never married,Upper income,Northeast
201901030008,0.8498698332784272,Not enrolled in school,Working full time,A great deal,Extremely often,Very often,Very often,Very often,Very often,A fair amount,,,,Completely,Yes,Lives with all parents,Excellent,All of the time,Some,Somewhat well,As involved as desired,About as often as desired,18–29,Woman,College graduate or higher,"White, non-Hispanic",Never married,Lower income,Midwest
201901030376,0.5491006024099164,Not enrolled in school,Working full time,A fair amount,Sometimes,Sometimes,Sometimes,Rarely,Rarely,Some,Less than once a month,A few times a week,Less than once a month,Completely,No,Does not live with a parent,Good,Some of the time,Not much,Somewhat well,Less involved than desired,Less often than desired,18–29,Man,College graduate or higher,"White, non-Hispanic",Living with a partner,Middle income,Midwest
201901030435,0.7436791448122463,4-year college or graduate school,Not currently working for pay,A fair amount,Very often,Very often,Sometimes,Sometimes,Sometimes,A fair amount,,,,Not at all,Yes,Lives with all parents,Poor,Rarely,Not at all,Not too well,As involved as desired,About as often as desired,18–29,Woman,College graduate or higher,Hispanic,Never married,Middle income,South
201901030882,0.1695169821295775,Not enrolled in school,Working full time,A great deal,Rarely,Very often,Sometimes,Very often,Sometimes,Some,A few times a month,A few times a week,A few times a week,Completely,No,Does not live with a parent,Very good,All of the time,Some,Somewhat well,As involved as desired,Less often than desired,30–34,Man,College graduate or higher,"White, non-Hispanic",Married,Middle income,Midwest
201901031350,0.5165389570742375,Not enrolled in school,Working full time,A great deal,Sometimes,Sometimes,Sometimes,Rarely,Rarely,A fair amount,At least once a day,At least once a day,Once a month,Completely,No,Does not live with a parent,Very good,Most of the time,A fair amount,Somewhat well,As involved as desired,About as often as desired,30–34,Man,College graduate or higher,"White, non-Hispanic",Married,Middle income,Midwest
201901031373,1.5782813177200712,Not enrolled in school,Not currently working for pay,Some,Never,Never,Never,Never,Never,Not much,Once a month,A few times a week,A few times a month,Mostly,No,Does not live with a parent,Poor,All of the time,Not at all,Not well at all,As involved as desired,About as often as desired,18–29,Man,College graduate or higher,"Asian, non-Hispanic",Never married,Lower income,Northeast
201901031970,0.2131951569995263,Not enrolled in school,Working full time,A fair amount,Rarely,Rarely,Rarely,Rarely,Rarely,Not at all,A few times a week,A few times a week,Never,Completely,No,Does not live with a parent,Very good,Most of the time,Some,Very well,As involved as desired,About as often as desired,18–29,Woman,Some college,Hispanic,Married,Lower income,South
201901032821,0.0831260552344588,4-year college or graduate school,Working full time,Some,Rarely,Rarely,Never,Rarely,Never,A fair amount,,,,Not at all,Yes,Lives with all parents,Very good,Most of the time,A great deal,Not too well,As involved as desired,About as often as desired,18–29,Woman,College graduate or higher,Hispanic,Never married,Lower income,West
201901034533,0.0338684618007901,4-year college or graduate school,Working full time,A fair amount,Never,Rarely,Never,Sometimes,Never,Some,Once a month,Less than once a month,Less than once a month,Completely,No,Lives with at least one parent,Good,All of the time,A fair amount,Very well,More involved than desired,About as often as desired,18–29,Woman,Some college,Hispanic,Never married,Lower income,South
201901034597,0.0425703062198466,Not enrolled in school,Working full time,A great deal,Sometimes,Sometimes,Sometimes,Very often,Extremely often,A fair amount,,,,Mostly,No,Lives with all parents,Excellent,All of the time,Not much,Extremely well,As involved as desired,About as often as desired,30–34,Man,College graduate or higher,Hispanic,Never married,Middle income,South
201901035815,0.018203731119452,4-year college or graduate school,Not currently working for pay,Some,Never,Rarely,Sometimes,Never,Never,Some,,,,Somewhat,No,Lives with all parents,Good,All of the time,Not much,Extremely well,Less involved than desired,Less often than desired,18–29,Woman,College graduate or higher,Hispanic,Never married,Lower income,West
201901038029,0.1612587432004278,Not enrolled in school,Working full time,A fair amount,Sometimes,Rarely,Rarely,Rarely,Rarely,Some,A few times a week,A few times a week,Less than once a month,Mostly,Yes,Does not live with a parent,Fair,Some of the time,Not much,Not too well,As involved as desired,About as often as desired,18–29,Man,College graduate or higher,Hispanic,Married,Middle income,South
201901038370,0.0300241152210603,Not enrolled in school,Working part time,A fair amount,Sometimes,Very often,Rarely,Sometimes,Never,Not at all,At least once a day,A few times a week,At least once a day,Somewhat,No,Lives with at least one parent,Very good,Some of the time,Not at all,Not too well,As involved as desired,About as often as desired,18–29,Woman,Some college,Hispanic,Married,Lower income,South
201901039731,0.3895570640247381,Not enrolled in school,Not currently working for pay,A fair amount,Rarely,Sometimes,Never,Rarely,Sometimes,A great deal,,,,Not at all,Yes,Lives with all parents,Excellent,Most of the time,A great deal,Extremely well,As involved as desired,About as often as desired,18–29,Man,College graduate or higher,Hispanic,Never married,Middle income,South
201901039995,0.018203731119452,Not enrolled in school,Working full time,A fair amount,Rarely,Rarely,Never,Rarely,Never,Not at all,A few times a month,A few times a week,A few times a month,Completely,No,Does not live with a parent,Good,Some of the time,Not at all,Very well,As involved as desired,Less often than desired,30–34,Woman,High school or less,Hispanic,Married,Middle income,West
201901040204,0.0249231473181678,Not enrolled in school,Working full time,A great deal,Very often,Sometimes,Very often,Very often,Very often,A fair amount,At least once a day,At least once a day,A few times a week,Completely,No,Does not live with a parent,Very good,All of the time,Some,Somewhat well,Less involved than desired,Less often than desired,18–29,Woman,College graduate or higher,Hispanic,Living with a partner,Upper income,Northeast
201901041704,0.0329160055727915,Not enrolled in school,Working full time,A great deal,Extremely often,Extremely often,Rarely,Sometimes,Very often,Not much,A few times a week,A few times a week,A few times a month,Somewhat,Yes,Lives with at least one parent,Excellent,All of the time,Not much,Somewhat well,As involved as desired,About as often as desired,18–29,Man,Some college,Hispanic,Never married,Middle income,South
201901043047,0.0462861832383596,Not enrolled in school,Not currently working for pay,Not much,Rarely,Very often,Rarely,Sometimes,Rarely,A fair amount,At least once a day,At least once a day,At least once a day,Completely,No,Does not live with a parent,Excellent,All of the time,A fair amount,Extremely well,As involved as desired,About as often as desired,18–29,Woman,College graduate or higher,Hispanic,Married,Middle income,West
201901043570,0.041438952573175,Not enrolled in school,Working full time,A fair amount,Rarely,Never,Sometimes,Sometimes,Sometimes,Not much,Never,Never,Less than once a month,Completely,No,Lives with at least one parent,Very good,All of the time,Some,Very well,As involved as desired,About as often as desired,18–29,Man,College graduate or higher,Hispanic,Never married,Middle income,West
201901044206,0.533563077758339,Not enrolled in school,Working full time,A fair amount,Extremely often,Sometimes,Rarely,Sometimes,Sometimes,Some,,,,Somewhat,Yes,Lives with all parents,Excellent,Some of the time,Not much,Somewhat well,As involved as desired,Less often than desired,18–29,Woman,College graduate or higher,Hispanic,Never married,Middle income,South
201901045646,0.018203731119452,Not enrolled in school,Working full time,Not much,Sometimes,Sometimes,Sometimes,Rarely,Rarely,Not much,Never,A few times a week,A few times a week,Somewhat,No,Lives with at least one parent,Fair,Rarely,Not at all,Not too well,Less involved than desired,Less often than desired,30–34,Man,College graduate or higher,Hispanic,Never married,Middle income,West
201901046507,0.0568482381038728,Not enrolled in school,Working full time,A fair amount,Very often,Extremely often,Rarely,Very often,Sometimes,Some,,,,A little,Yes,Lives with all parents,Good,Some of the time,Some,Somewhat well,As involved as desired,More often than desired,30–34,Woman,Some college,Hispanic,Never married,Lower income,South
201901046972,0.0387178543182606,4-year college or graduate school,Working full time,Some,Rarely,Never,Rarely,Never,Rarely,Not much,A few times a week,At least once a day,A few times a week,Completely,No,Does not live with a parent,Excellent,Some of the time,Not much,Very well,Less involved than desired,Less often than desired,18–29,Man,Some college,Hispanic,Living with a partner,Middle income,Northeast
201901047410,0.0989462537030734,Not enrolled in school,Working full time,A great deal,Rarely,Very often,Sometimes,Rarely,Very often,A fair amount,A few times a month,A few times a week,A few times a week,Completely,No,Does not live with a parent,Excellent,All of the time,Some,Very well,As involved as desired,About as often as desired,30–34,Man,Some college,Hispanic,Married,Middle income,South
201901047989,0.047011615402811,Not enrolled in school,Working full time,A great deal,Extremely often,Extremely often,Extremely often,Extremely often,Extremely often,A great deal,At least once a day,At least once a day,A few times a week,Completely,No,Does not live with a parent,Excellent,All of the time,Some,Extremely well,As involved as desired,About as often as desired,30–34,Man,College graduate or higher,Hispanic,Living with a partner,Middle income,South
201901048166,0.0409171368870459,Not enrolled in school,Working full time,A fair amount,Sometimes,Rarely,Never,Sometimes,Rarely,A fair amount,A few times a week,A few times a week,Less than once a month,Completely,No,Does not live with a parent,Very good,Most of the time,A fair amount,Very well,As involved as desired,About as often as desired,18–29,Woman,College graduate or higher,Hispanic,Married,Upper income,Northeast
201901049311,0.086746186426031,Not enrolled in school,Working full time,Some,Sometimes,Never,Sometimes,Rarely,Never,Not much,Once a month,A few times a month,A few times a month,Mostly,No,Does not live with a parent,Good,Some of the time,Some,Somewhat well,Less involved than desired,Less often than desired,30–34,Man,High school or less,Hispanic,Married,Lower income,West
201901049400,0.0325866766475284,Not enrolled in school,Not currently working for pay,A fair amount,Very often,Sometimes,Rarely,Very often,Rarely,Some,,,,Somewhat,Yes,Lives with all parents,Very good,Most of the time,Some,Somewhat well,More involved than desired,About as often as desired,18–29,Man,Some college,Hispanic,Married,Lower income,South
201901049460,0.1185165646375321,Not enrolled in school,Working full time,Some,Sometimes,Sometimes,Very often,Very often,Very often,A fair amount,A few times a week,At least once a day,A few times a week,Completely,No,Lives with at least one parent,Excellent,All of the time,A fair amount,Not too well,As involved as desired,About as often as desired,18–29,Woman,Some college,Hispanic,Never married,Lower income,South
201901050020,0.0541910350434066,2-year college or technical school,Working part time,A fair amount,Sometimes,Sometimes,Rarely,Sometimes,Sometimes,Some,At least once a day,At least once a day,Never,Completely,No,Does not live with a parent,Very good,Most of the time,Not much,Somewhat well,As involved as desired,About as often as desired,30–34,Woman,High school or less,Hispanic,Married,Lower income,South
201901050162,0.109908348505728,Not enrolled in school,Working full time,A fair amount,Sometimes,Rarely,Never,Rarely,Very often,Not much,,,,Mostly,No,Lives with all parents,Very good,All of the time,A fair amount,Very well,Less involved than desired,Less often than desired,18–29,Man,Some college,Hispanic,Never married,Lower income,South
201901050412,0.2288415613914534,4-year college or graduate school,Working part time,Some,Sometimes,Very often,Rarely,Very often,Sometimes,Some,,,,A little,Yes,Lives with all parents,Very good,Most of the time,Some,Very well,More involved than desired,About as often as desired,18–29,Man,Some college,Hispanic,Never married,Middle income,South
201901050943,0.073305891932645,Not enrolled in school,Working full time,A great deal,Extremely often,Sometimes,Sometimes,Extremely often,Sometimes,Some,,,,Mostly,No,Lives with all parents,Excellent,Most of the time,A great deal,Somewhat well,As involved as desired,About as often as desired,18–29,Woman,College graduate or higher,Hispanic,Never married,Lower income,South
201901051054,0.018203731119452,Not enrolled in school,Working part time,Some,Very often,Sometimes,Rarely,Sometimes,Sometimes,Some,At least once a day,At least once a day,At least once a day,A little,Yes,Does not live with a parent,Fair,Some of the time,Some,Somewhat well,Less involved than desired,Less often than desired,30–34,Woman,High school or less,"White, non-Hispanic",Divorced,Lower income,Northeast
201901052378,0.0949029808493274,Not enrolled in school,Working full time,Some,Rarely,Rarely,Extremely often,Rarely,Rarely,A fair amount,,,,Somewhat,No,Lives with all parents,Good,Most of the time,Not much,Not too well,More involved than desired,About as often as desired,18–29,Man,High school or less,Hispanic,Never married,Lower income,South
201901053317,0.0395340663276349,Not enrolled in school,Working full time,A fair amount,Sometimes,Very often,Rarely,Rarely,Rarely,Some,A few times a month,A few times a month,A few times a month,Completely,No,Does not live with a parent,Very good,Most of the time,Some,Somewhat well,More involved than desired,About as often as desired,18–29,Man,Some college,Hispanic,Married,Lower income,West
201901054806,0.3678548499561717,2-year college or technical school,Working part time,Some,Very often,Extremely often,Rarely,Sometimes,Extremely often,A fair amount,,,,Somewhat,No,Lives with all parents,Very good,Never,A fair amount,Not too well,Less involved than desired,More often than desired,18–29,Man,Some college,"White, non-Hispanic",Divorced,Middle income,South
201901055806,0.0250522874867372,Not enrolled in school,Working part time,A great deal,Sometimes,Sometimes,Sometimes,Sometimes,Sometimes,Some,At least once a day,At least once a day,A few times a week,Somewhat,Yes,Does not live with a parent,Excellent,All of the time,Some,Extremely well,As involved as desired,Less often than desired,18–29,Woman,Some college,Hispanic,Living with a partner,Lower income,West
201901057728,0.0484094729496526,4-year college or graduate school,Not currently working for pay,Some,Sometimes,Sometimes,Rarely,Sometimes,Sometimes,Some,,,,A little,Yes,Lives with all parents,Good,Most of the time,Some,Somewhat well,More involved than desired,About as often as desired,18–29,Woman,College graduate or higher,Hispanic,Never married,Lower income,West
201901058348,0.060874496473647,Not enrolled in school,Working full time,A fair amount,Rarely,Sometimes,Sometimes,Sometimes,Sometimes,Some,A few times a week,A few times a month,A few times a week,Completely,No,Does not live with a parent,Good,Some of the time,Not much,Somewhat well,As involved as desired,About as often as desired,18–29,Woman,College graduate or higher,Hispanic,Living with a partner,Lower income,West
201901058827,0.1378467030876514,4-year college or graduate school,Working part time,A fair amount,Very often,Very often,Sometimes,Very often,Very often,A fair amount,A few times a week,A few times a week,A few times a week,Somewhat,Yes,Does not live with a parent,Excellent,Most of the time,Some,Extremely well,As involved as desired,About as often as desired,18–29,Woman,Some college,Hispanic,Living with a partner,Middle income,South
201901059731,0.018203731119452,Not enrolled in school,Working full time,A great deal,Extremely often,Extremely often,Very often,Sometimes,Very often,A fair amount,A few times a week,At least once a day,Never,Completely,No,Does not live with a parent,Excellent,All of the time,Some,Extremely well,Less involved than desired,About as often as desired,30–34,Woman,College graduate or higher,Hispanic,Living with a partner,Lower income,South
201901060067,0.0249231473181678,Not enrolled in school,Working full time,A fair amount,Sometimes,Rarely,Sometimes,Very often,Sometimes,Some,A few times a week,At least once a day,A few times a month,Completely,No,Does not live with a parent,Excellent,Most of the time,Some,Extremely well,As involved as desired,About as often as desired,18–29,Woman,College graduate or higher,Hispanic,Living with a partner,Upper income,Northeast
201901061849,0.0456648304165078,Not enrolled in school,Working full time,Some,Sometimes,Rarely,Never,Rarely,Rarely,Not at all,At least once a day,Once a month,At least once a day,Mostly,No,Lives with at least one parent,Fair,Rarely,Not much,Not too well,As involved as desired,Less often than desired,18–29,Man,College graduate or higher,Hispanic,Never married,Lower income,South
201901062127,0.018203731119452,Not enrolled in school,Not currently working for pay,Not much,Sometimes,Rarely,Rarely,Sometimes,Rarely,A great deal,At least once a day,At least once a day,A few times a week,Completely,No,Does not live with a parent,Excellent,All of the time,A fair amount,Extremely well,More involved than desired,About as often as desired,30–34,Woman,High school or less,Hispanic,Married,Lower income,West
201901062163,0.018203731119452,Not enrolled in school,Working full time,A great deal,Rarely,Extremely often,Never,Extremely often,Sometimes,A fair amount,A few times a week,A few times a week,A few times a week,Completely,No,Does not live with a parent,Very good,Most of the time,Some,Very well,As involved as desired,About as often as desired,30–34,Woman,College graduate or higher,Hispanic,Never married,Middle income,South
201901062237,0.0312626882346675,Not enrolled in school,Working full time,A fair amount,Extremely often,Sometimes,Extremely often,Extremely often,Very often,Some,A few times a week,A few times a week,Never,Completely,No,Does not live with a parent,Excellent,All of the time,Some,Very well,As involved as desired,About as often as desired,18–29,Woman,College graduate or higher,Hispanic,Married,,South
201901062359,0.0272695568878189,Not enrolled in school,Not currently working for pay,A fair amount,Sometimes,Rarely,Sometimes,Sometimes,Never,Some,,,,Not at all,Yes,Lives with all parents,Fair,Most of the time,Not at all,Not too well,As involved as desired,About as often as desired,30–34,Woman,College graduate or higher,Hispanic,Never married,Lower income,South
201901064788,0.0826250404066936,Not enrolled in school,Working full time,Some,Rarely,Sometimes,Extremely often,Sometimes,Very often,A fair amount,,,,Completely,No,Lives with all parents,Excellent,All of the time,Not much,Not well at all,More involved than desired,About as often as desired,18–29,Man,High school or less,Hispanic,Married,Lower income,South
201901067135,0.0754856433645559,Not enrolled in school,Not currently working for pay,A great deal,Rarely,Extremely often,Sometimes,Very often,Rarely,Some,A few times a month,At least once a day,Once a month,Mostly,Yes,Does not live with a parent,Fair,Some of the time,Not at all,Not well at all,Less involved than desired,Less often than desired,18–29,Man,Some college,Hispanic,Never married,Lower income,South
201901067493,0.0598800372446568,Not enrolled in school,Not currently working for pay,A great deal,Sometimes,Sometimes,Extremely often,Extremely often,Extremely often,A great deal,At least once a day,Less than once a month,Less than once a month,Completely,No,Does not live with a parent,Excellent,All of the time,A fair amount,Very well,As involved as desired,More often than desired,30–34,Woman,College graduate or higher,Hispanic,Living with a partner,Lower income,South
201901067718,0.018203731119452,Not enrolled in school,Working full time,A great deal,Rarely,Very often,Rarely,Sometimes,Sometimes,Not much,A few times a week,A few times a week,A few times a month,Completely,Yes,Does not live with a parent,Very good,Some of the time,Some,Somewhat well,More involved than desired,About as often as desired,30–34,Woman,College graduate or higher,Hispanic,Married,Middle income,South
201901068274,0.2857935977482783,Not enrolled in school,Working full time,A fair amount,Sometimes,Very often,Very often,Extremely often,Sometimes,A fair amount,At least once a day,A few times a week,At least once a day,Completely,No,Lives with at least one parent,Good,All of the time,A fair amount,Extremely well,As involved as desired,About as often as desired,18–29,Woman,Some college,Hispanic,Married,Lower income,Northeast
201901068501,0.0393119476623869,Not enrolled in school,Not currently working for pay,A great deal,Never,Never,Never,Sometimes,Never,Not at all,A few times a month,A few times a week,At least once a day,Not at all,No,Does not live with a parent,Excellent,Some of the time,Not at all,Somewhat well,More involved than desired,Less often than desired,18–29,Woman,Some college,Hispanic,Married,Lower income,West
201901068764,0.0364095927624158,Not enrolled in school,Working full time,Some,Sometimes,Sometimes,Sometimes,Very often,Very often,Some,Less than once a month,Once a month,Less than once a month,Completely,No,Lives with at least one parent,Excellent,Most of the time,Not much,Somewhat well,Less involved than desired,Less often than desired,18–29,Woman,Some college,Hispanic,Living with a partner,,South
201901069368,0.0732306218335823,Not enrolled in school,Working part time,Some,Never,Rarely,Never,Never,Never,Not much,Never,Never,Never,Somewhat,No,Lives with at least one parent,Fair,Rarely,Not at all,Not too well,Less involved than desired,Less often than desired,18–29,Man,Some college,Hispanic,Never married,Lower income,South
201901070648,0.0569544451136345,Not enrolled in school,Working full time,A fair amount,Rarely,Very often,Rarely,Sometimes,Sometimes,Not much,,,,A little,No,Lives with all parents,Fair,Rarely,Not at all,Somewhat well,As involved as desired,Less often than desired,18–29,Woman,College graduate or higher,Hispanic,Never married,Lower income,West
201901070770,0.0779944585036276,Not enrolled in school,Not currently working for pay,Some,Never,Never,Sometimes,Sometimes,Never,Some,,,,Somewhat,No,Lives with all parents,Excellent,All of the time,Not at all,Not well at all,More involved than desired,About as often as desired,18–29,Man,High school or less,Hispanic,Never married,Lower income,South
201901070798,0.1379617123174075,Not enrolled in school,Working full time,A great deal,Extremely often,Extremely often,Extremely often,Extremely often,Extremely often,A great deal,At least once a day,At least once a day,A few times a week,Completely,Yes,Does not live with a parent,Excellent,,A great deal,Extremely well,As involved as desired,About as often as desired,18–29,Woman,High school or less,Hispanic,Married,Lower income,South
201901071319,0.0375893430319722,4-year college or graduate school,Working part time,Not at all,Never,Rarely,Never,Rarely,Never,Not much,Never,Never,Never,Mostly,Yes,Lives with at least one parent,Poor,Rarely,Not at all,Not well at all,As involved as desired,About as often as desired,18–29,Woman,College graduate or higher,Hispanic,Never married,Middle income,South
201901071841,0.0718679399810978,4-year college or graduate school,Working part time,A great deal,Rarely,Sometimes,Never,Never,Never,Not at all,A few times a week,A few times a week,Less than once a month,Mostly,Yes,Does not live with a parent,Very good,Most of the time,A fair amount,Somewhat well,As involved as desired,About as often as desired,18–29,Woman,Some college,Hispanic,Never married,Middle income,South
201901072006,0.146005372774848,Not enrolled in school,Working full time,A fair amount,Rarely,Sometimes,Rarely,Sometimes,Never,Not much,A few times a month,A few times a week,Less than once a month,Completely,No,Does not live with a parent,Very good,All of the time,Not much,Somewhat well,As involved as desired,About as often as desired,30–34,Man,Some college,Hispanic,Married,Middle income,South
201901073016,0.018203731119452,Not enrolled in school,Working full time,Not at all,Rarely,Rarely,Never,Rarely,Rarely,Not much,,,,A little,Yes,Lives with all parents,Poor,Never,Not at all,Not well at all,As involved as desired,About as often as desired,18–29,Woman,College graduate or higher,Hispanic,Never married,Lower income,Northeast
201901073020,0.0496687506484608,4-year college or graduate school,Working full time,A great deal,Sometimes,Sometimes,Rarely,Sometimes,Very often,Not much,At least once a day,A few times a week,A few times a week,Completely,No,Does not live with a parent,Excellent,All of the time,Not at all,Very well,As involved as desired,About as often as desired,30–34,Man,Some college,Hispanic,Married,Middle income,South
201901074251,0.4482925185055425,Not enrolled in school,Working full time,Not much,Rarely,Rarely,Rarely,Sometimes,Never,Not much,A few times a month,A few times a week,A few times a week,Somewhat,No,Lives with at least one parent,Good,Some of the time,Not much,Not too well,More involved than desired,About as often as desired,18–29,Woman,Some college,Hispanic,Separated,Middle income,South
201901075291,0.018203731119452,Not enrolled in school,Working full time,A fair amount,Very often,Sometimes,Rarely,Very often,Very often,A fair amount,At least once a day,At least once a day,At least once a day,Somewhat,No,Lives with at least one parent,Very good,All of the time,Some,Very well,As involved as desired,About as often as desired,18–29,Woman,College graduate or higher,Hispanic,Never married,Middle income,West
201901076034,0.0303889256902624,Not enrolled in school,Working full time,A fair amount,Never,Never,Never,Never,Never,Not at all,A few times a month,A few times a month,Once a month,Completely,No,Does not live with a parent,Very good,All of the time,Not at all,Very well,As involved as desired,About as often as desired,30–34,Man,Some college,Hispanic,Married,Lower income,Northeast
201901076883,0.2109893756172643,Not enrolled in school,Working part time,A fair amount,Sometimes,Sometimes,Sometimes,Very often,Sometimes,Not at all,A few times a month,A few times a month,A few times a month,Completely,No,Does not live with a parent,Good,Most of the time,Not much,Extremely well,Less involved than desired,Less often than desired,18–29,Man,High school or less,Hispanic,Living with a partner,Lower income,South
201901077442,0.0692945767653117,Not enrolled in school,Working full time,Some,Rarely,Rarely,Rarely,Rarely,Rarely,Not at all,At least once a day,At least once a day,A few times a month,Completely,No,Does not live with a parent,Very good,All of the time,Some,Very well,As involved as desired,About as often as desired,30–34,Woman,Some college,Hispanic,Living with a partner,Lower income,South
201901078175,0.018203731119452,Not enrolled in school,Not currently working for pay,A great deal,Sometimes,Very often,Very often,Extremely often,Sometimes,A fair amount,At least once a day,At least once a day,A few times a month,Completely,No,Does not live with a parent,Excellent,All of the time,A fair amount,Extremely well,As involved as desired,About as often as desired,30–34,Woman,College graduate or higher,Hispanic,Married,Middle income,South
201901078829,0.0689900688756786,Not enrolled in school,Working full time,Not at all,Very often,Very often,Very often,Very often,Very often,A fair amount,A few times a month,A few times a week,Less than once a month,Somewhat,Yes,Does not live with a parent,Excellent,All of the time,A great deal,Somewhat well,Less involved than desired,Less often than desired,30–34,Woman,High school or less,Hispanic,Married,Lower income,West
202001000247,4.05947643305341,4-year college or graduate school,Working part time,A great deal,Very often,Very often,Very often,Sometimes,Sometimes,Some,A few times a week,A few times a week,A few times a week,A little,No,Lives with at least one parent,Very good,All of the time,Some,Very well,As involved as desired,About as often as desired,18–29,Man,Some college,"White, non-Hispanic",Never married,Middle income,West
202001000636,3.293889988293355,Not enrolled in school,Working full time,A fair amount,Extremely often,Rarely,Extremely often,Rarely,Never,A great deal,A few times a month,At least once a day,At least once a day,Completely,No,Lives with at least one parent,Very good,All of the time,Not much,Somewhat well,Less involved than desired,About as often as desired,18–29,Man,College graduate or higher,Hispanic,Never married,Middle income,West
202001000711,0.7363108025505943,4-year college or graduate school,Working full time,Some,Rarely,Never,Rarely,Sometimes,Never,Not at all,A few times a month,A few times a week,Less than once a month,Completely,No,Does not live with a parent,Fair,Most of the time,Not much,Somewhat well,As involved as desired,About as often as desired,18–29,Woman,Some college,"White, non-Hispanic",Married,Middle income,West
202001000905,0.7179800469437335,Not enrolled in school,Working full time,A great deal,Rarely,Sometimes,Never,Rarely,Never,Not much,A few times a month,A few times a month,Less than once a month,Completely,No,Does not live with a parent,Excellent,All of the time,Not at all,Very well,As involved as desired,About as often as desired,18–29,Woman,College graduate or higher,"White, non-Hispanic",Never married,Upper income,West
202001000908,0.7350288913345794,Not enrolled in school,Not currently working for pay,Not much,Sometimes,Rarely,Sometimes,Rarely,Sometimes,Not much,A few times a month,A few times a month,A few times a month,Completely,No,Does not live with a parent,Good,All of the time,Not much,Extremely well,Less involved than desired,Less often than desired,30–34,Woman,Some college,Hispanic,Married,Lower income,West
202001000993,0.4345255267885037,Not enrolled in school,Working full time,Some,Sometimes,Sometimes,Sometimes,Sometimes,Sometimes,Not much,A few times a week,A few times a week,Less than once a month,Completely,No,Does not live with a parent,Very good,Most of the time,Some,Very well,As involved as desired,About as often as desired,30–34,Man,College graduate or higher,"White, non-Hispanic",Married,Upper income,South
202001001013,2.780557898206207,Not enrolled in school,Working full time,Some,Rarely,Never,Never,Never,Never,Not at all,,,,Somewhat,No,Lives with all parents,Very good,Some of the time,Not much,Somewhat well,Less involved than desired,About as often as desired,18–29,Man,Some college,"White, non-Hispanic",Never married,Middle income,Midwest
202001001424,0.8640159398634466,Not enrolled in school,Working full time,A great deal,Very often,Very often,Sometimes,Sometimes,Sometimes,Some,A few times a week,A few times a week,A few times a month,Mostly,Yes,Does not live with a parent,Poor,Rarely,Not at all,Somewhat well,,,30–34,Man,Some college,"White, non-Hispanic",Never married,Upper income,West
202001001612,0.3400020017875963,Not enrolled in school,Working full time,Not much,Rarely,Rarely,Sometimes,Never,Rarely,Not much,A few times a month,A few times a month,Less than once a month,Completely,No,Does not live with a parent,Good,Most of the time,A great deal,Somewhat well,As involved as desired,About as often as desired,30–34,Nonbinary,College graduate or higher,"Asian, non-Hispanic",Living with a partner,Middle income,Northeast
202001001661,1.2950737642354686,Not enrolled in school,Working part time,Some,Sometimes,Sometimes,Sometimes,Sometimes,Sometimes,A fair amount,,,,Not at all,Yes,Lives with all parents,Good,Some of the time,Not much,Not too well,As involved as desired,About as often as desired,18–29,Woman,College graduate or higher,Hispanic,Never married,Lower income,Northeast
202001001670,1.4965598625662515,Not enrolled in school,Working full time,Some,Rarely,Rarely,Rarely,Rarely,Rarely,Not at all,Less than once a month,Once a month,Less than once a month,Completely,No,Does not live with a parent,Good,Some of the time,Not at all,Somewhat well,As involved as desired,About as often as desired,18–29,Man,Some college,"White, non-Hispanic",Living with a partner,Upper income,Northeast
202001001865,0.3332375034132079,2-year college or technical school,Working full time,A great deal,Very often,Very often,Very often,Extremely often,Extremely often,A great deal,At least once a day,At least once a day,At least once a day,Completely,No,Does not live with a parent,Excellent,All of the time,Some,Extremely well,As involved as desired,About as often as desired,18–29,Woman,Some college,Hispanic,Married,Middle income,South
202001002018,0.3394019902831837,Not enrolled in school,Working full time,A great deal,Never,Never,Never,Never,Never,Not at all,A few times a month,A few times a week,Less than once a month,Completely,Yes,Does not live with a parent,Good,All of the time,Not at all,Not too well,Less involved than desired,More often than desired,30–34,Woman,College graduate or higher,"White, non-Hispanic",Married,Middle income,West
202001002224,2.3171055089138024,Not enrolled in school,Working full time,Some,Sometimes,Sometimes,Rarely,Sometimes,Rarely,Not much,A few times a week,A few times a week,A few times a week,Mostly,Yes,Does not live with a parent,Very good,All of the time,Some,Somewhat well,As involved as desired,About as often as desired,30–34,Man,High school or less,Hispanic,Living with a partner,Lower income,West
202001002475,1.9815262913200071,Not enrolled in school,Working part time,Some,Never,Very often,Rarely,Sometimes,Sometimes,Some,A few times a week,A few times a week,A few times a month,Somewhat,Yes,Does not live with a parent,Excellent,Most of the time,A great deal,Very well,As involved as desired,Less often than desired,18–29,Woman,Some college,"White, non-Hispanic",Never married,Lower income,West
202001002592,1.0592916784825823,4-year college or graduate school,Working full time,A great deal,Sometimes,Rarely,Sometimes,Very often,Sometimes,Some,,,,Completely,No,Lives with all parents,Excellent,All of the time,A great deal,Extremely well,As involved as desired,About as often as desired,18–29,Man,College graduate or higher,Hispanic,Never married,Lower income,West
202001002790,1.5112980392322124,Not enrolled in school,Working full time,A great deal,Very often,Sometimes,Sometimes,Very often,Rarely,Not at all,A few times a month,A few times a week,A few times a month,Completely,No,Does not live with a parent,Very good,Some of the time,Not much,Somewhat well,As involved as desired,About as often as desired,18–29,Man,College graduate or higher,"Asian, non-Hispanic",Never married,Upper income,West
202001002876,3.8976391892368514,Not enrolled in school,Working full time,A great deal,Very often,Sometimes,Never,Sometimes,Rarely,Some,A few times a week,A few times a week,Less than once a month,Completely,No,Does not live with a parent,Excellent,Most of the time,Not at all,Very well,As involved as desired,About as often as desired,18–29,Man,Some college,"White, non-Hispanic",Never married,Middle income,South
202001002910,6.314159461681934,Not enrolled in school,Working full time,Some,Sometimes,Rarely,Rarely,Sometimes,Rarely,Some,,,,Not at all,Yes,Lives with all parents,Good,Some of the time,Some,Somewhat well,Less involved than desired,Less often than desired,18–29,Man,High school or less,"White, non-Hispanic",Never married,Middle income,Midwest
202001003166,1.278330174189812,Not enrolled in school,Working part time,A great deal,Very often,Very often,Sometimes,Very often,Never,A great deal,Once a month,Never,A few times a month,Mostly,No,Does not live with a parent,Excellent,All of the time,A great deal,Very well,As involved as desired,About as often as desired,30–34,Woman,High school or less,Hispanic,Married,Lower income,South
202001003172,0.2208588713986535,Not enrolled in school,Working full time,A great deal,Very often,Sometimes,Very often,Rarely,Rarely,Not much,A few times a month,A few times a week,Less than once a month,Somewhat,Yes,Does not live with a parent,Excellent,Most of the time,Not much,Somewhat well,Less involved than desired,Less often than desired,30–34,Man,College graduate or higher,"White, non-Hispanic",Living with a partner,Upper income,South
202001003326,0.9803154767594376,4-year college or graduate school,Working full time,A fair amount,Sometimes,Very often,Sometimes,Rarely,Rarely,Some,Less than once a month,A few times a week,Less than once a month,Completely,No,Does not live with a parent,Very good,Most of the time,Some,Somewhat well,As involved as desired,About as often as desired,30–34,Man,College graduate or higher,"White, non-Hispanic",Living with a partner,Middle income,South
202001003373,0.1654545611754838,Not enrolled in school,Working full time,A fair amount,Sometimes,Very often,Very often,Very often,Very often,A great deal,At least once a day,At least once a day,At least once a day,Completely,Yes,Does not live with a parent,Very good,All of the time,A great deal,Extremely well,More involved than desired,About as often as desired,30–34,Woman,College graduate or higher,"White, non-Hispanic",Married,Middle income,South
202001003375,0.3575531726849545,Not enrolled in school,Working full time,A fair amount,Sometimes,Rarely,Rarely,Sometimes,Rarely,Some,Less than once a month,A few times a week,Less than once a month,Mostly,Yes,Does not live with a parent,Good,Some of the time,Not much,Very well,As involved as desired,About as often as desired,30–34,Woman,College graduate or higher,"White, non-Hispanic",Never married,Middle income,South
202001003407,1.1582351060549676,Not enrolled in school,Not currently working for pay,Not at all,Never,Never,Never,Never,Never,Not at all,Once a month,A few times a month,Never,Completely,No,Does not live with a parent,Poor,All of the time,A fair amount,Extremely well,Less involved than desired,Less often than desired,30–34,Woman,High school or less,"White, non-Hispanic",Married,Lower income,South
202001003409,0.6698848375540818,Not enrolled in school,Working full time,A fair amount,Very often,Sometimes,Sometimes,Very often,Rarely,Some,A few times a month,A few times a week,Less than once a month,Mostly,No,Does not live with a parent,Fair,Some of the time,Not much,Very well,Less involved than desired,Less often than desired,18–29,Woman,College graduate or higher,"White, non-Hispanic",Living with a partner,Middle income,West
202001003481,0.3088299162134808,Not enrolled in school,Working full time,A fair amount,Never,Sometimes,Never,Never,Never,Not much,A few times a month,A few times a week,Once a month,Completely,No,Does not live with a parent,Good,Some of the time,Not much,Somewhat well,As involved as desired,About as often as desired,18–29,Woman,College graduate or higher,"White, non-Hispanic",Married,Middle income,Midwest
202001003522,0.5154829767733966,Not enrolled in school,Working full time,A fair amount,Sometimes,Sometimes,Very often,Very often,Sometimes,A great deal,A few times a week,A few times a week,A few times a week,Completely,No,Does not live with a parent,Excellent,All of the time,A great deal,Very well,As involved as desired,About as often as desired,18–29,Woman,College graduate or higher,"White, non-Hispanic",Married,Middle income,Northeast
202001003773,3.025367356538601,Not enrolled in school,Working full time,A great deal,Extremely often,Extremely often,Extremely often,Extremely often,Extremely often,Some,At least once a day,A few times a week,A few times a week,Completely,No,Does not live with a parent,Very good,All of the time,A fair amount,Very well,As involved as desired,About as often as desired,18–29,Man,High school or less,"White, non-Hispanic",Never married,Middle income,Northeast
202001003888,0.1895719550984292,Not enrolled in school,Working full time,A fair amount,Rarely,Rarely,Rarely,Never,Never,Not much,A few times a month,A few times a month,Less than once a month,Completely,Yes,Does not live with a parent,Fair,Some of the time,Some,Not too well,Less involved than desired,Less often than desired,30–34,Woman,College graduate or higher,"Black, non-Hispanic",Married,Middle income,South
202001003936,1.426689548692044,4-year college or graduate school,Not currently working for pay,A fair amount,Extremely often,Extremely often,Never,Never,Rarely,Some,,,,Not at all,Yes,Lives with all parents,Good,Most of the time,Not much,Somewhat well,As involved as desired,About as often as desired,18–29,Man,Some college,Hispanic,Never married,Upper income,Midwest
202001004003,0.2055593105798098,Not enrolled in school,Working full time,A fair amount,Rarely,Sometimes,Sometimes,Very often,Sometimes,A fair amount,A few times a month,A few times a week,A few times a month,Completely,No,Does not live with a parent,Excellent,Most of the time,Some,Very well,As involved as desired,About as often as desired,18–29,Man,College graduate or higher,"White, non-Hispanic",Never married,Upper income,South
202001004011,0.5987107546550771,Not enrolled in school,Working full time,A great deal,Sometimes,Very often,Rarely,Sometimes,Never,Some,A few times a month,A few times a month,Less than once a month,Completely,No,Does not live with a parent,Good,Most of the time,Not much,Somewhat well,As involved as desired,About as often as desired,18–29,Man,College graduate or higher,"White, non-Hispanic",Never married,Upper income,Midwest
202001004060,0.983091520323302,Not enrolled in school,Working part time,A fair amount,Sometimes,Very often,Very often,Sometimes,Very often,A fair amount,At least once a day,At least once a day,A few times a week,Mostly,Yes,Does not live with a parent,Excellent,All of the time,Not much,Somewhat well,As involved as desired,About as often as desired,18–29,Woman,Some college,"White, non-Hispanic",Living with a partner,Lower income,Midwest
202001004129,1.3491711887085271,Not enrolled in school,Working full time,A fair amount,Sometimes,Sometimes,Sometimes,Sometimes,Rarely,A fair amount,A few times a month,A few times a week,A few times a week,Completely,No,Does not live with a parent,Very good,Most of the time,A fair amount,Very well,As involved as desired,About as often as desired,30–34,Man,High school or less,"White, non-Hispanic",Married,Middle income,South
202001004273,0.09382942772754,Not enrolled in school,Working full time,A great deal,Sometimes,Rarely,Rarely,Sometimes,Never,A great deal,Once a month,A few times a month,Less than once a month,Completely,No,Does not live with a parent,Excellent,Most of the time,Some,Very well,As involved as desired,About as often as desired,30–34,Woman,College graduate or higher,"White, non-Hispanic",Never married,Upper income,West
202001004383,0.1180460857113658,Not enrolled in school,Working full time,A fair amount,Rarely,Sometimes,Very often,Rarely,Sometimes,A great deal,A few times a week,A few times a week,Less than once a month,Completely,No,Does not live with a parent,Good,Most of the time,Not at all,Somewhat well,As involved as desired,Less often than desired,30–34,Woman,College graduate or higher,"White, non-Hispanic",Separated,Upper income,South
202001004424,1.2845400267516058,Not enrolled in school,Working full time,A great deal,Extremely often,Extremely often,Rarely,Sometimes,Rarely,Some,A few times a month,A few times a month,Less than once a month,Completely,No,Does not live with a parent,Good,All of the time,Not at all,Extremely well,As involved as desired,Less often than desired,18–29,Man,College graduate or higher,"White, non-Hispanic",Never married,Upper income,Midwest
202001004894,2.197417347359833,Not enrolled in school,Working full time,Some,Sometimes,Rarely,Rarely,Very often,Very often,Not much,A few times a week,A few times a week,A few times a month,Mostly,Yes,Does not live with a parent,Fair,All of the time,Not at all,Very well,Less involved than desired,Less often than desired,18–29,Woman,Some college,"White, non-Hispanic",Never married,Lower income,South
202001004936,0.8398709735337881,Not enrolled in school,Working full time,A fair amount,Rarely,Never,Never,Rarely,Never,Some,A few times a week,A few times a week,A few times a week,Completely,No,Does not live with a parent,Excellent,Most of the time,A great deal,Very well,As involved as desired,About as often as desired,18–29,Woman,College graduate or higher,Hispanic,Living with a partner,Middle income,Midwest
202001004977,0.2504074524555056,Not enrolled in school,Working full time,A fair amount,Rarely,Rarely,Sometimes,Sometimes,Rarely,A fair amount,A few times a month,A few times a week,Less than once a month,Mostly,Yes,Does not live with a parent,Good,Most of the time,A fair amount,Very well,As involved as desired,About as often as desired,30–34,Woman,College graduate or higher,"White, non-Hispanic",Living with a partner,Middle income,West
202001005104,0.434805613159832,Not enrolled in school,Working full time,A great deal,Sometimes,Very often,Never,Never,Rarely,Some,At least once a day,A few times a week,A few times a month,Completely,No,Does not live with a parent,Very good,Some of the time,Not much,Somewhat well,As involved as desired,About as often as desired,30–34,Man,College graduate or higher,"White, non-Hispanic",Married,Upper income,Northeast
202001005177,1.544925464268482,Not enrolled in school,Working full time,Some,Rarely,Never,Never,Never,Never,Not at all,A few times a month,Less than once a month,A few times a month,Completely,No,Does not live with a parent,Fair,Rarely,Not at all,Not too well,Less involved than desired,Less often than desired,18–29,Man,College graduate or higher,Hispanic,Separated,Middle income,Midwest
202001005303,0.665144785177495,Not enrolled in school,Working full time,Some,Sometimes,Sometimes,Never,Very often,Rarely,A fair amount,A few times a week,At least once a day,At least once a day,Completely,No,Does not live with a parent,Good,Most of the time,Not at all,Somewhat well,Less involved than desired,Less often than desired,30–34,Woman,College graduate or higher,Hispanic,Never married,Middle income,West
202001005330,0.4528618221613925,Not enrolled in school,Working full time,A great deal,Sometimes,Sometimes,Sometimes,Very often,Sometimes,A great deal,A few times a week,At least once a day,A few times a week,Mostly,Yes,Does not live with a parent,Excellent,All of the time,A fair amount,Somewhat well,As involved as desired,About as often as desired,18–29,Woman,College graduate or higher,"White, non-Hispanic",Never married,Lower income,West
202001005350,0.0780809650991593,Not enrolled in school,Working full time,A great deal,Sometimes,Very often,Rarely,Very often,Never,Not much,A few times a month,A few times a week,Once a month,Mostly,No,Does not live with a parent,Very good,Some of the time,Not much,Somewhat well,As involved as desired,About as often as desired,30–34,Woman,College graduate or higher,"White, non-Hispanic",Never married,Middle income,Midwest
202001005449,1.4520075718567385,Not enrolled in school,,Some,Never,Never,Never,Never,Never,Not at all,Less than once a month,Less than once a month,Less than once a month,Completely,No,Does not live with a parent,Poor,Some of the time,A fair amount,Very well,More involved than desired,More often than desired,18–29,Woman,High school or less,Hispanic,Living with a partner,Middle income,West
202001005549,0.1545465778460882,Not enrolled in school,Working full time,A great deal,Extremely often,Extremely often,Extremely often,Extremely often,Extremely often,A great deal,A few times a week,At least once a day,A few times a month,Completely,No,Does not live with a parent,Excellent,All of the time,Some,Extremely well,As involved as desired,About as often as desired,30–34,Woman,College graduate or higher,Hispanic,Living with a partner,Middle income,Midwest
202001005615,0.1392149465150942,Not enrolled in school,Working full time,A great deal,Very often,Extremely often,Rarely,Rarely,Never,Not much,Less than once a month,A few times a week,A few times a month,Completely,No,Does not live with a parent,Fair,Some of the time,Some,Not too well,Less involved than desired,Less often than desired,18–29,Woman,College graduate or higher,"White, non-Hispanic",Living with a partner,Middle income,Midwest
202001005755,1.2604442483212863,Not enrolled in school,Working full time,A great deal,Sometimes,Rarely,Never,Rarely,Rarely,Not much,At least once a day,A few times a week,Once a month,Completely,No,Does not live with a parent,Excellent,All of the time,Some,Very well,As involved as desired,About as often as desired,30–34,Man,College graduate or higher,"White, non-Hispanic",Married,Upper income,South
202001005770,1.3045062262435183,2-year college or technical school,Working part time,A fair amount,Extremely often,Extremely often,Rarely,Rarely,Rarely,A fair amount,A few times a month,At least once a day,A few times a week,Mostly,Yes,Does not live with a parent,Excellent,All of the time,Not at all,Extremely well,As involved as desired,Less often than desired,18–29,Woman,Some college,"White, non-Hispanic",Living with a partner,Middle income,Midwest
202001005882,0.4880030988232475,Not enrolled in school,Not currently working for pay,Some,Sometimes,Sometimes,Never,Sometimes,Sometimes,Some,,,,Not at all,Yes,Lives with all parents,Fair,Some of the time,Some,Not too well,As involved as desired,About as often as desired,18–29,Woman,College graduate or higher,"Other or multiracial, non-Hispanic",Never married,Middle income,West
202001005904,0.1896785379578287,4-year college or graduate school,Working full time,A great deal,Rarely,Rarely,Rarely,Rarely,Rarely,Some,Once a month,Once a month,Once a month,Completely,No,Does not live with a parent,Very good,All of the time,Not much,Not too well,Less involved than desired,Less often than desired,30–34,Woman,College graduate or higher,"Other or multiracial, non-Hispanic",Married,Middle income,South
202001006110,0.6495008990269319,Not enrolled in school,Working full time,A great deal,Never,Never,Never,Never,Never,Not at all,A few times a month,A few times a month,Once a month,Completely,Yes,Does not live with a parent,Good,Some of the time,Not much,Somewhat well,As involved as desired,Less often than desired,30–34,Man,College graduate or higher,"Asian, non-Hispanic",Married,Middle income,South
202001006139,1.190941005282664,Not enrolled in school,Not currently working for pay,Some,Sometimes,Sometimes,Sometimes,Sometimes,Sometimes,Some,A few times a week,A few times a week,At least once a day,Somewhat,Yes,Lives with at least one parent,Very good,All of the time,A great deal,Very well,As involved as desired,About as often as desired,30–34,Man,High school or less,"Black, non-Hispanic",Never married,Lower income,Northeast
202001006454,0.2502146255411717,Not enrolled in school,Working full time,A great deal,Sometimes,Very often,Very often,Very often,Sometimes,A fair amount,A few times a month,A few times a week,A few times a month,Completely,No,Does not live with a parent,Excellent,All of the time,Some,Very well,As involved as desired,About as often as desired,30–34,Woman,College graduate or higher,"White, non-Hispanic",Married,Upper income,Midwest
202001006581,1.936826313762253,Not enrolled in school,Not currently working for pay,Not much,Never,Never,Never,Never,Never,Not at all,A few times a month,A few times a week,Once a month,Completely,No,Does not live with a parent,Poor,Rarely,Some,Not too well,Less involved than desired,About as often as desired,18–29,Woman,Some college,"White, non-Hispanic",Married,Middle income,Midwest
202001006631,1.21265132475924,Not enrolled in school,Working full time,A great deal,Very often,Very often,Rarely,Rarely,Rarely,Not much,A few times a month,A few times a month,Less than once a month,Mostly,Yes,Does not live with a parent,Very good,Most of the time,Some,Very well,As involved as desired,About as often as desired,18–29,Woman,College graduate or higher,"White, non-Hispanic",Never married,Lower income,Midwest
202001006740,3.412335586149233,4-year college or graduate school,Working full time,Some,Never,Sometimes,Sometimes,Sometimes,Sometimes,Some,At least once a day,At least once a day,A few times a month,Somewhat,No,Does not live with a parent,Fair,All of the time,Some,Somewhat well,Less involved than desired,About as often as desired,18–29,Woman,High school or less,"White, non-Hispanic",Living with a partner,Lower income,Midwest
202001006784,1.1273707465795888,Not enrolled in school,Working full time,A fair amount,Sometimes,Never,Never,Never,Never,Some,At least once a day,At least once a day,A few times a month,Completely,No,Does not live with a parent,Excellent,Most of the time,Not at all,Very well,As involved as desired,About as often as desired,18–29,Woman,Some college,"Black, non-Hispanic",Living with a partner,Lower income,South
202001006793,0.507526615958396,Not enrolled in school,Working part time,A fair amount,Extremely often,Extremely often,Extremely often,Extremely often,Extremely often,Some,A few times a week,At least once a day,A few times a week,Completely,Yes,Does not live with a parent,Excellent,All of the time,Some,Extremely well,As involved as desired,About as often as desired,30–34,Woman,High school or less,"Asian, non-Hispanic",Married,Lower income,West
202001006888,2.592267566184985,Not enrolled in school,Working full time,A great deal,Extremely often,Very often,Rarely,Extremely often,Sometimes,Not much,,,,Mostly,Yes,Lives with all parents,Excellent,All of the time,Not at all,Not well at all,As involved as desired,About as often as desired,18–29,Man,Some college,"White, non-Hispanic",Never married,Upper income,Midwest
202001006934,2.313868261803246,Not enrolled in school,Working part time,A great deal,Rarely,Rarely,Never,Sometimes,Rarely,Not much,A few times a month,A few times a week,A few times a month,Completely,No,Does not live with a parent,Very good,Most of the time,Some,Very well,As involved as desired,About as often as desired,18–29,Woman,Some college,"White, non-Hispanic",Married,Upper income,Northeast
202001006992,0.4781809414630432,4-year college or graduate school,Working full time,Some,Rarely,Rarely,Never,Sometimes,Rarely,Not at all,Once a month,A few times a month,Less than once a month,Completely,No,Does not live with a parent,Fair,Some of the time,Some,Not too well,As involved as desired,About as often as desired,30–34,Man,College graduate or higher,"White, non-Hispanic",Married,Middle income,South
202001007029,0.8985189065545189,Not enrolled in school,Working full time,A great deal,Sometimes,Sometimes,Never,Rarely,Never,Not at all,,,,A little,No,Lives with all parents,Excellent,All of the time,A fair amount,Somewhat well,As involved as desired,About as often as desired,30–34,Woman,College graduate or higher,"White, non-Hispanic",Never married,Middle income,West
202001007050,0.2850999089399888,Not enrolled in school,Working full time,A great deal,Never,Sometimes,Sometimes,Rarely,Rarely,Some,A few times a month,A few times a month,Less than once a month,Completely,No,Does not live with a parent,Very good,Some of the time,Some,Very well,As involved as desired,About as often as desired,30–34,Man,College graduate or higher,"White, non-Hispanic",Living with a partner,Upper income,Midwest
202001007149,0.1195927435254655,Not enrolled in school,Working full time,A great deal,Rarely,Very often,Rarely,Rarely,Sometimes,Some,A few times a month,At least once a day,Less than once a month,Completely,No,Does not live with a parent,Excellent,All of the time,Not at all,Extremely well,As involved as desired,Less often than desired,30–34,Man,College graduate or higher,"White, non-Hispanic",Married,Upper income,South
202001007175,2.993694881515052,Not enrolled in school,Working full time,A great deal,Rarely,Sometimes,Rarely,Rarely,Sometimes,A great deal,,,,Completely,No,Lives with all parents,Good,Some of the time,Some,Very well,Less involved than desired,Less often than desired,18–29,Woman,Some college,Hispanic,Never married,Middle income,West
202001007403,1.7688347813198884,Not enrolled in school,Working full time,A fair amount,Sometimes,Sometimes,Rarely,Never,Sometimes,Some,A few times a month,A few times a week,A few times a month,Completely,No,Does not live with a parent,Good,Most of the time,Some,Very well,As involved as desired,About as often as desired,30–34,Woman,Some college,"White, non-Hispanic",Never married,Middle income,Northeast
202001007601,0.8023970103210979,Not enrolled in school,Working full time,A great deal,Very often,Very often,Rarely,Sometimes,Rarely,A great deal,A few times a month,A few times a week,Less than once a month,Mostly,No,Does not live with a parent,Excellent,Most of the time,Not much,Very well,As involved as desired,About as often as desired,18–29,Man,College graduate or higher,"White, non-Hispanic",Never married,Upper income,Northeast
202001007787,0.4639724270425327,Not enrolled in school,Working part time,A fair amount,Sometimes,Sometimes,Sometimes,Rarely,Never,A fair amount,A few times a month,A few times a week,A few times a week,Completely,No,Does not live with a parent,Excellent,All of the time,Not much,Somewhat well,As involved as desired,About as often as desired,30–34,Woman,College graduate or higher,"White, non-Hispanic",Married,Middle income,Northeast
202001007825,3.855794115792918,Not enrolled in school,Not currently working for pay,A fair amount,Sometimes,Sometimes,Rarely,Sometimes,Sometimes,Some,A few times a week,A few times a week,A few times a month,Mostly,No,Does not live with a parent,Very good,All of the time,Some,Extremely well,As involved as desired,About as often as desired,18–29,Woman,Some college,"White, non-Hispanic",Never married,Lower income,Northeast
202001007826,1.9922399654834275,Not enrolled in school,Working part time,A great deal,Sometimes,Sometimes,Sometimes,Sometimes,Sometimes,A great deal,A few times a week,At least once a day,A few times a week,Completely,No,Does not live with a parent,Very good,Most of the time,Not much,Very well,As involved as desired,Less often than desired,18–29,Woman,High school or less,"White, non-Hispanic",Married,,Midwest
202001008082,0.1012564188061875,4-year college or graduate school,Working full time,A fair amount,Rarely,Extremely often,Sometimes,Never,Sometimes,A fair amount,At least once a day,At least once a day,A few times a week,Completely,No,Does not live with a parent,Very good,All of the time,A fair amount,Very well,More involved than desired,About as often as desired,30–34,Woman,Some college,Hispanic,Never married,Middle income,South
202001008302,0.9842947996768492,4-year college or graduate school,Working full time,Not at all,Never,Never,Rarely,Rarely,Very often,A fair amount,At least once a day,At least once a day,At least once a day,Completely,No,Does not live with a parent,Good,Most of the time,Not much,Somewhat well,As involved as desired,Less often than desired,18–29,Woman,College graduate or higher,Hispanic,Never married,Lower income,South
202001008428,2.105606407473019,Not enrolled in school,Working full time,A great deal,Very often,Sometimes,Sometimes,Sometimes,Sometimes,A great deal,A few times a month,A few times a month,A few times a month,Mostly,Yes,Does not live with a parent,Very good,All of the time,Not much,Very well,Less involved than desired,Less often than desired,18–29,Woman,Some college,"White, non-Hispanic",Never married,Lower income,South
202001008452,2.674325848818465,Not enrolled in school,Unable to work due to disability,Not much,Sometimes,Sometimes,Sometimes,Sometimes,Rarely,Some,A few times a month,At least once a day,A few times a week,Mostly,Yes,Does not live with a parent,Very good,Most of the time,Some,Not too well,As involved as desired,About as often as desired,30–34,Man,High school or less,"White, non-Hispanic",Married,Middle income,South
202001008468,1.548542621659714,Not enrolled in school,Working part time,A great deal,Very often,Very often,Rarely,Sometimes,Sometimes,Some,A few times a month,A few times a week,Less than once a month,Mostly,Yes,Does not live with a parent,Very good,Some of the time,Not much,Somewhat well,As involved as desired,Less often than desired,18–29,Woman,College graduate or higher,"White, non-Hispanic",Never married,Middle income,South
202001008487,1.1276072963666963,Not enrolled in school,Working full time,Some,Extremely often,Very often,Rarely,Very often,Sometimes,Some,A few times a week,A few times a week,Less than once a month,Mostly,Yes,Does not live with a parent,Good,Some of the time,Not at all,Somewhat well,More involved than desired,About as often as desired,18–29,Woman,College graduate or higher,"White, non-Hispanic",Never married,Middle income,Midwest
202001008709,0.339423892323038,Not enrolled in school,Working full time,A great deal,Sometimes,Sometimes,Never,Sometimes,Rarely,A fair amount,A few times a week,A few times a week,Less than once a month,Completely,No,Does not live with a parent,Excellent,All of the time,Some,Somewhat well,As involved as desired,About as often as desired,30–34,Man,College graduate or higher,"White, non-Hispanic",Married,Upper income,Midwest
202001008756,0.2708225015003606,Not enrolled in school,Working full time,A great deal,Never,Sometimes,Never,Sometimes,Rarely,Not at all,A few times a month,A few times a month,Less than once a month,Completely,No,Does not live with a parent,Very good,Some of the time,A great deal,Very well,As involved as desired,About as often as desired,18–29,Woman,College graduate or higher,"White, non-Hispanic",Married,Middle income,South
202001008911,0.5918963268846037,Not enrolled in school,Working full time,A great deal,Rarely,Sometimes,Rarely,Never,Rarely,Some,A few times a month,A few times a month,Less than once a month,Completely,No,Does not live with a parent,Very good,All of the time,A great deal,Extremely well,As involved as desired,About as often as desired,30–34,Woman,College graduate or higher,"White, non-Hispanic",Married,Middle income,South
202001008931,1.1373088211923827,4-year college or graduate school,Not currently working for pay,A fair amount,Extremely often,Sometimes,Sometimes,Rarely,Sometimes,Not much,At least once a day,At least once a day,Once a month,Not at all,Yes,Does not live with a parent,Good,All of the time,Not much,Somewhat well,As involved as desired,About as often as desired,18–29,Woman,Some college,"Other or multiracial, non-Hispanic",Never married,Upper income,Midwest
202001009105,0.1750382942179814,Not enrolled in school,Not currently working for pay,A great deal,Rarely,Sometimes,Never,Never,Rarely,Not much,A few times a month,A few times a week,A few times a month,Completely,No,Does not live with a parent,Excellent,All of the time,Not much,Very well,As involved as desired,About as often as desired,30–34,Woman,College graduate or higher,"White, non-Hispanic",Married,Middle income,Northeast
202001009124,0.1706866334130248,Not enrolled in school,Working full time,Some,Very often,Extremely often,Rarely,Sometimes,Very often,A fair amount,A few times a week,At least once a day,A few times a week,Completely,No,Does not live with a parent,Good,Some of the time,Not at all,Very well,As involved as desired,About as often as desired,30–34,Woman,College graduate or higher,"White, non-Hispanic",Married,Middle income,Midwest
202001009167,1.5797900149215591,Not enrolled in school,Working part time,Some,Rarely,Never,Rarely,Rarely,Rarely,Not at all,Never,Less than once a month,A few times a month,Completely,No,Does not live with a parent,Poor,Rarely,Not at all,Not well at all,Less involved than desired,Less often than desired,30–34,Woman,Some college,"White, non-Hispanic",Married,Lower income,South
202001009243,0.3873624470244491,Not enrolled in school,Working full time,A fair amount,Very often,Sometimes,Sometimes,Rarely,Sometimes,Not much,A few times a month,A few times a week,A few times a week,Completely,No,Does not live with a parent,Very good,Most of the time,Not much,Very well,As involved as desired,About as often as desired,18–29,Man,College graduate or higher,"Asian, non-Hispanic",Married,Middle income,South
202001009564,0.2038535470638659,Not enrolled in school,Not currently working for pay,A fair amount,Extremely often,Very often,Sometimes,Sometimes,Rarely,A fair amount,,,,Mostly,No,Lives with all parents,Very good,Most of the time,Not much,Not too well,As involved as desired,Less often than desired,30–34,Woman,College graduate or higher,"Other or multiracial, non-Hispanic",Never married,Middle income,West
202001009886,0.3851565682695873,Not enrolled in school,Working full time,Not much,Never,Never,Never,Never,Never,Not much,A few times a month,A few times a month,Less than once a month,Completely,No,Does not live with a parent,Good,Most of the time,Not much,Somewhat well,Less involved than desired,Less often than desired,18–29,Woman,College graduate or higher,"White, non-Hispanic",Never married,Lower income,Midwest
202001009998,0.2842629787124751,Not enrolled in school,Working part time,Some,Sometimes,Sometimes,Sometimes,Never,Never,A fair amount,A few times a week,A few times a week,A few times a month,Completely,Yes,Does not live with a parent,Good,Some of the time,Some,Somewhat well,As involved as desired,About as often as desired,30–34,Woman,Some college,"White, non-Hispanic",Divorced,Lower income,West
202001010220,1.9143100808100968,2-year college or technical school,Not currently working for pay,Not much,Very often,Sometimes,Never,Never,Never,Not at all,A few times a week,At least once a day,A few times a week,Somewhat,Yes,Does not live with a parent,Very good,Most of the time,Some,Somewhat well,As involved as desired,About as often as desired,18–29,Woman,Some college,"White, non-Hispanic",Living with a partner,Middle income,Midwest
202001010274,2.055529748161418,2-year college or technical school,Working full time,Not much,Extremely often,Very often,Very often,Very often,Rarely,Some,A few times a month,A few times a week,A few times a week,Completely,Yes,Does not live with a parent,Poor,Never,Not at all,Not well at all,Less involved than desired,Less often than desired,18–29,Woman,High school or less,"White, non-Hispanic",Married,Middle income,Midwest
202001010665,0.8760369175844402,Not enrolled in school,Working full time,Some,Sometimes,Rarely,Rarely,Sometimes,Sometimes,A fair amount,A few times a month,A few times a month,Less than once a month,Somewhat,No,Does not live with a parent,Very good,All of the time,Some,Very well,As involved as desired,About as often as desired,30–34,Woman,High school or less,"Black, non-Hispanic",Living with a partner,Middle income,Midwest
202001010764,2.266670060151571,Not enrolled in school,Working full time,A great deal,Extremely often,Extremely often,Extremely often,Rarely,Extremely often,A great deal,A few times a month,At least once a day,Less than once a month,Mostly,Yes,Does not live with a parent,Excellent,All of the time,Some,Extremely well,As involved as desired,About as often as desired,18–29,Woman,College graduate or higher,"White, non-Hispanic",Living with a partner,Middle income,West
202001011002,0.7701064227872181,4-year college or graduate school,Working full time,A great deal,Sometimes,Sometimes,Rarely,Rarely,Rarely,Not much,A few times a month,A few times a week,A few times a month,Completely,Yes,Does not live with a parent,Very good,Some of the time,Some,Somewhat well,As involved as desired,About as often as desired,18–29,Man,College graduate or higher,"White, non-Hispanic",Living with a partner,Middle income,South
202001011159,0.3871066542255001,4-year college or graduate school,Working full time,A great deal,Extremely often,Extremely often,Very often,Sometimes,Very often,A fair amount,A few times a week,At least once a day,A few times a month,Somewhat,Yes,Does not live with a parent,Very good,All of the time,A fair amount,Somewhat well,As involved as desired,Less often than desired,18–29,Woman,College graduate or higher,Hispanic,Never married,Lower income,South
202001011474,3.1430081490150648,Not enrolled in school,Working full time,Not much,Never,Rarely,Never,Never,Never,Not at all,Once a month,Never,Less than once a month,Completely,No,Does not live with a parent,Good,Some of the time,Not at all,Not too well,Less involved than desired,Less often than desired,30–34,Man,Some college,"White, non-Hispanic",Married,Lower income,South
202001011622,1.5627376003543534,2-year college or technical school,Working full time,Not at all,Rarely,Rarely,Never,Never,Never,Not much,A few times a week,A few times a week,A few times a month,Completely,Yes,Does not live with a parent,Excellent,All of the time,Not much,Somewhat well,As involved as desired,Less often than desired,30–34,Woman,Some college,"White, non-Hispanic",Never married,Lower income,West
202001011747,0.2504074524555056,Not enrolled in school,Working full time,A great deal,Very often,Extremely often,Very often,Sometimes,Very often,A great deal,A few times a week,A few times a week,A few times a month,Mostly,Yes,Does not live with a parent,Excellent,All of the time,A fair amount,Very well,As involved as desired,About as often as desired,30–34,Woman,College graduate or higher,"White, non-Hispanic",Living with a partner,Middle income,West
202001011776,0.1667074012170111,Not enrolled in school,Working full time,A fair amount,Sometimes,Very often,Very often,Sometimes,Sometimes,A great deal,A few times a month,A few times a week,At least once a day,Completely,No,Lives with at least one parent,Excellent,All of the time,A fair amount,Extremely well,As involved as desired,About as often as desired,30–34,Woman,College graduate or higher,"White, non-Hispanic",Married,Middle income,Northeast
202001011869,0.2796130277296965,Not enrolled in school,Working full time,A great deal,Sometimes,Rarely,Rarely,Sometimes,Rarely,Not at all,A few times a month,A few times a month,Less than once a month,Completely,No,Does not live with a parent,Good,Most of the time,Some,Somewhat well,As involved as desired,About as often as desired,30–34,Man,College graduate or higher,"White, non-Hispanic",Never married,,
202001011912,4.663178715472028,Not enrolled in school,Working part time,A fair amount,Very often,Very often,Sometimes,Sometimes,Very often,A fair amount,A few times a month,A few times a week,Less than once a month,Mostly,Yes,Does not live with a parent,Very good,Most of the time,Some,Very well,As involved as desired,About as often as desired,18–29,Woman,High school or less,"White, non-Hispanic",Never married,Lower income,West
202001011951,3.27820131458645,Not enrolled in school,Working full time,A fair amount,Sometimes,Sometimes,Rarely,Sometimes,Rarely,Not much,A few times a week,A few times a week,A few times a month,Mostly,Yes,Does not live with a parent,Excellent,Most of the time,A fair amount,Extremely well,Less involved than desired,Less often than desired,18–29,Woman,High school or less,"White, non-Hispanic",Married,Lower income,Midwest
202001011968,0.6861894408976402,Not enrolled in school,Working full time,A fair amount,Never,Never,Never,Rarely,Never,Not at all,,,,Completely,Yes,Lives with all parents,Fair,Rarely,Not at all,Somewhat well,More involved than desired,About as often as desired,18–29,Woman,College graduate or higher,"Other or multiracial, non-Hispanic",Never married,Middle income,Midwest
202001012055,0.3231571098751911,Not enrolled in school,Not currently working for pay,A fair amount,Never,Sometimes,Sometimes,Sometimes,Rarely,Some,A few times a month,A few times a week,Less than once a month,Completely,No,Does not live with a parent,Very good,All of the time,Not much,Very well,As involved as desired,About as often as desired,30–34,Woman,College graduate or higher,"White, non-Hispanic",Married,Upper income,South
202001012198,2.957664827565899,Not enrolled in school,Working full time,A great deal,Very often,Sometimes,Never,Never,Rarely,Some,A few times a month,A few times a week,At least once a day,Mostly,Yes,Lives with at least one parent,Very good,Most of the time,Some,Somewhat well,As involved as desired,About as often as desired,18–29,Man,College graduate or higher,"White, non-Hispanic",Never married,Lower income,South
202001012380,0.3444063795068462,4-year college or graduate school,Not currently working for pay,A great deal,Extremely often,Rarely,Rarely,Never,Never,Not much,A few times a month,A few times a month,Less than once a month,Completely,No,Does not live with a parent,Fair,Some of the time,A great deal,Extremely well,Less involved than desired,Less often than desired,30–34,Man,College graduate or higher,Hispanic,Living with a partner,Lower income,West
202001012687,0.1688625614169651,2-year college or technical school,Working full time,A great deal,Sometimes,Sometimes,Sometimes,Sometimes,Sometimes,A fair amount,At least once a day,At least once a day,A few times a week,Completely,Yes,Does not live with a parent,Excellent,All of the time,Not much,Extremely well,As involved as desired,About as often as desired,30–34,Woman,Some college,"Asian, non-Hispanic",Married,Middle income,South
202001012798,0.3294460368345339,Not enrolled in school,Working full time,A great deal,Very often,Rarely,Rarely,Rarely,Rarely,Some,A few times a week,A few times a month,A few times a week,Mostly,No,Does not live with a parent,Good,Some of the time,Not much,Not too well,Less involved than desired,About as often as desired,30–34,Woman,College graduate or higher,"Other or multiracial, non-Hispanic",Never married,Middle income,West
202001012905,3.047556497769972,Not enrolled in school,Working part time,Some,Sometimes,Very often,Very often,Very often,Sometimes,Some,A few times a month,A few times a week,Less than once a month,Mostly,Yes,Does not live with a parent,Very good,Some of the time,Some,Somewhat well,As involved as desired,About as often as desired,18–29,Woman,Some college,"Asian, non-Hispanic",Living with a partner,Lower income,Midwest
202001012943,1.0041416988841,Not enrolled in school,Working full time,A fair amount,Never,Very often,Rarely,Sometimes,Very often,Some,A few times a week,At least once a day,Less than once a month,Mostly,Yes,Does not live with a parent,Excellent,All of the time,A fair amount,Extremely well,As involved as desired,About as often as desired,18–29,Woman,Some college,"White, non-Hispanic",Living with a partner,Middle income,Midwest
202001013044,1.3489379076679362,Not enrolled in school,Working full time,A fair amount,Sometimes,Sometimes,Extremely often,Very often,Very often,A fair amount,At least once a day,At least once a day,At least once a day,Mostly,Yes,Lives with at least one parent,Excellent,All of the time,A great deal,Extremely well,As involved as desired,About as often as desired,18–29,Woman,High school or less,"White, non-Hispanic",Never married,Middle income,South
202001013225,6.314159461681934,Not enrolled in school,Working full time,A great deal,Extremely often,Extremely often,Extremely often,Extremely often,Extremely often,A great deal,A few times a month,A few times a month,A few times a month,Completely,No,Lives with at least one parent,Excellent,Some of the time,A great deal,Somewhat well,Less involved than desired,More often than desired,30–34,Man,High school or less,Hispanic,Divorced,Lower income,South
202001013237,3.6081436410768863,2-year college or technical school,Not currently working for pay,A great deal,Sometimes,Sometimes,Very often,Extremely often,Sometimes,A great deal,,,,A little,Yes,Lives with all parents,Excellent,All of the time,Not much,Extremely well,As involved as desired,About as often as desired,18–29,Man,Some college,Hispanic,Never married,Lower income,West
202001013255,3.249303233528924,Not enrolled in school,Not currently working for pay,Not much,Never,Rarely,Rarely,Very often,Rarely,A fair amount,Less than once a month,Less than once a month,Less than once a month,Not at all,Yes,Lives with at least one parent,Excellent,All of the time,A fair amount,Very well,As involved as desired,About as often as desired,18–29,Woman,High school or less,"White, non-Hispanic",Never married,Lower income,South
202001013335,0.2181460113325562,Not enrolled in school,Working full time,A fair amount,Never,Rarely,Never,Sometimes,Sometimes,Not much,A few times a month,A few times a month,Less than once a month,Completely,No,Does not live with a parent,Very good,Most of the time,Not much,Not too well,Less involved than desired,About as often as desired,30–34,Man,College graduate or higher,"Black, non-Hispanic",Living with a partner,Upper income,Northeast
202001013505,0.2070714028878195,Not enrolled in school,Working full time,A great deal,Rarely,Very often,Never,Sometimes,Rarely,A great deal,At least once a day,At least once a day,Once a month,Completely,No,Does not live with a parent,Excellent,All of the time,A fair amount,Extremely well,As involved as desired,About as often as desired,30–34,Man,College graduate or higher,"White, non-Hispanic",Married,Middle income,Midwest
202001013703,1.584960697112564,4-year college or graduate school,Working full time,Not at all,Rarely,Rarely,Rarely,Rarely,Rarely,A great deal,A few times a month,A few times a week,Less than once a month,Completely,Yes,Does not live with a parent,Very good,All of the time,A fair amount,Somewhat well,Less involved than desired,Less often than desired,18–29,Woman,Some college,"Asian, non-Hispanic",Never married,Lower income,Northeast
202001013716,0.1372796441035468,2-year college or technical school,Working full time,Some,Sometimes,Sometimes,Rarely,Rarely,Sometimes,A fair amount,A few times a week,A few times a week,A few times a month,Mostly,Yes,Does not live with a parent,Good,Most of the time,Some,Very well,More involved than desired,About as often as desired,30–34,Woman,Some college,Hispanic,Never married,Lower income,South
202001013727,0.2653202842136092,Not enrolled in school,Working full time,A great deal,Sometimes,Sometimes,Never,Rarely,Sometimes,Not much,A few times a month,A few times a week,Less than once a month,Mostly,No,Does not live with a parent,Excellent,All of the time,Some,Very well,As involved as desired,About as often as desired,30–34,Man,College graduate or higher,"White, non-Hispanic",Married,Lower income,West
202001013909,2.8601191193306867,Not enrolled in school,Working full time,A great deal,Sometimes,Very often,Very often,Very often,Rarely,A fair amount,A few times a week,Once a month,A few times a week,Somewhat,No,Does not live with a parent,Excellent,All of the time,A fair amount,Extremely well,As involved as desired,About as often as desired,18–29,Woman,Some college,Hispanic,Living with a partner,Lower income,West
202001013935,0.2147769130520391,Not enrolled in school,Working full time,Some,Never,Never,Never,Never,Never,Not at all,Less than once a month,A few times a week,A few times a week,Completely,No,Does not live with a parent,Fair,Some of the time,Some,Not too well,As involved as desired,More often than desired,30–34,Man,College graduate or higher,"White, non-Hispanic",Married,Middle income,South
202001013964,1.659473911293872,Not enrolled in school,Working full time,Not at all,Never,Never,Never,Rarely,Never,Not much,At least once a day,Less than once a month,At least once a day,A little,Yes,Lives with at least one parent,Fair,Rarely,Some,Somewhat well,Less involved than desired,Less often than desired,30–34,Man,Some college,"White, non-Hispanic",Never married,Lower income,South
202001013979,0.6797316655449146,2-year college or technical school,Working full time,A fair amount,Rarely,Sometimes,Sometimes,Sometimes,Very often,Some,At least once a day,At least once a day,At least once a day,Somewhat,No,Lives with at least one parent,Very good,Most of the time,Not much,Very well,As involved as desired,About as often as desired,18–29,Woman,High school or less,"White, non-Hispanic",Never married,Middle income,South
202001014147,0.1397525853325033,Not enrolled in school,Working full time,A fair amount,Sometimes,Rarely,Never,Never,Rarely,Not much,Less than once a month,A few times a month,A few times a month,Mostly,Yes,Does not live with a parent,Excellent,All of the time,Not much,Extremely well,As involved as desired,About as often as desired,30–34,Man,College graduate or higher,"Other or multiracial, non-Hispanic",Never married,Upper income,Northeast
202001014335,2.760546232322493,2-year college or technical school,Working full time,A great deal,Very often,Sometimes,Sometimes,Very often,Sometimes,A fair amount,At least once a day,A few times a week,A few times a week,Completely,Yes,Does not live with a parent,Good,All of the time,Some,Very well,As involved as desired,About as often as desired,18–29,Woman,Some college,"White, non-Hispanic",Never married,Lower income,Midwest
202001014372,1.7521298158024143,Not enrolled in school,Working full time,A fair amount,Sometimes,Sometimes,Rarely,Rarely,Rarely,Not at all,Less than once a month,A few times a month,Less than once a month,Completely,No,Does not live with a parent,Good,Most of the time,Not much,Somewhat well,As involved as desired,Less often than desired,18–29,Man,Some college,"White, non-Hispanic",Living with a partner,Middle income,Midwest
202001014488,0.20132754913275,Not enrolled in school,Working full time,Some,Sometimes,Sometimes,Rarely,Rarely,Rarely,Not much,Once a month,A few times a month,Less than once a month,Completely,No,Does not live with a parent,Good,All of the time,Not much,Somewhat well,Less involved than desired,Less often than desired,30–34,Man,College graduate or higher,"White, non-Hispanic",Married,Middle income,Midwest
202001014868,6.314159461681934,Not enrolled in school,Working full time,A fair amount,Sometimes,Very often,Rarely,Sometimes,Never,Some,,,,Somewhat,Yes,Lives with all parents,Very good,Most of the time,Some,Very well,As involved as desired,About as often as desired,18–29,Woman,High school or less,"White, non-Hispanic",Never married,Middle income,Northeast
202001015036,0.2391607698910192,Not enrolled in school,Working full time,A great deal,Very often,Extremely often,Sometimes,Extremely often,Very often,A great deal,,,,Mostly,No,Lives with all parents,Poor,Some of the time,Some,Somewhat well,Less involved than desired,More often than desired,18–29,Woman,College graduate or higher,"Black, non-Hispanic",Never married,Middle income,South
202001015223,0.2813124474894409,Not enrolled in school,Working full time,Some,Extremely often,Sometimes,Sometimes,Extremely often,Sometimes,A fair amount,A few times a week,A few times a month,A few times a month,Completely,No,Does not live with a parent,Fair,All of the time,A fair amount,Extremely well,Less involved than desired,Less often than desired,30–34,Woman,High school or less,"Black, non-Hispanic",Never married,Lower income,South
202001015424,2.8043244839762163,Not enrolled in school,Not currently working for pay,A fair amount,Never,Very often,Rarely,Sometimes,Rarely,Not much,Once a month,Once a month,Never,A little,No,Does not live with a parent,Fair,Some of the time,A fair amount,Not too well,Less involved than desired,Less often than desired,18–29,Woman,High school or less,Hispanic,,Lower income,South
202001015469,0.3668287264682412,Not enrolled in school,Working full time,A great deal,Extremely often,Extremely often,Extremely often,Extremely often,Very often,A great deal,,,,Somewhat,Yes,Lives with all parents,Excellent,All of the time,A fair amount,Very well,As involved as desired,About as often as desired,30–34,Woman,College graduate or higher,"Other or multiracial, non-Hispanic",Never married,Lower income,West
202001015486,0.7407834225181639,Not enrolled in school,Working full time,Not much,Sometimes,Never,Never,Sometimes,Never,Not at all,,,,Somewhat,Yes,Lives with all parents,Good,Never,Not at all,Not well at all,As involved as desired,About as often as desired,30–34,Man,College graduate or higher,Hispanic,Never married,Lower income,South
202001015497,0.1542870684759673,Not enrolled in school,Working full time,A great deal,Rarely,Very often,Sometimes,Sometimes,Sometimes,Some,A few times a month,At least once a day,A few times a week,Completely,Yes,Does not live with a parent,Excellent,All of the time,Not much,Very well,As involved as desired,About as often as desired,30–34,Woman,College graduate or higher,"White, non-Hispanic",Married,Middle income,Midwest
202001015552,1.985819818916456,Not enrolled in school,Working part time,A great deal,Sometimes,Very often,Extremely often,Sometimes,Very often,A fair amount,A few times a week,At least once a day,A few times a week,Mostly,Yes,Does not live with a parent,Excellent,All of the time,A fair amount,Extremely well,As involved as desired,About as often as desired,30–34,Man,High school or less,"Black, non-Hispanic",Never married,Lower income,Midwest
202001015565,0.2991762891116373,Not enrolled in school,Working full time,A great deal,Rarely,Very often,Never,Sometimes,Never,Some,A few times a week,A few times a week,Less than once a month,Completely,No,Does not live with a parent,Very good,Most of the time,Not much,Very well,As involved as desired,About as often as desired,30–34,Woman,College graduate or higher,Hispanic,Married,Middle income,South
202001015566,0.3368248756342911,Not enrolled in school,Working part time,Not at all,Never,Sometimes,Rarely,Rarely,Rarely,Not much,Never,A few times a month,Once a month,Completely,No,Does not live with a parent,Fair,Never,Some,Somewhat well,As involved as desired,More often than desired,30–34,Woman,College graduate or higher,"White, non-Hispanic",Married,Lower income,Midwest
202001016000,0.3041570441721652,Not enrolled in school,Not currently working for pay,A fair amount,Never,Rarely,Never,Sometimes,Never,Not much,A few times a week,At least once a day,A few times a week,Completely,No,Does not live with a parent,Very good,Most of the time,Not at all,Somewhat well,As involved as desired,About as often as desired,30–34,Woman,College graduate or higher,"Asian, non-Hispanic",Married,Middle income,South
202001016089,1.397006055799917,4-year college or graduate school,Not currently working for pay,A great deal,Sometimes,Sometimes,Sometimes,Very often,Sometimes,A fair amount,,,,A little,Yes,Lives with all parents,Excellent,Most of the time,A fair amount,Very well,As involved as desired,About as often as desired,18–29,Man,Some college,"Other or multiracial, non-Hispanic",Never married,Upper income,Northeast
202001016204,3.312487886281695,Not enrolled in school,Working full time,A fair amount,Sometimes,Sometimes,Rarely,Sometimes,Rarely,Some,A few times a week,A few times a week,Once a month,Completely,Yes,Does not live with a parent,Fair,Rarely,A great deal,Extremely well,As involved as desired,About as often as desired,18–29,Woman,Some college,"White, non-Hispanic",Living with a partner,Middle income,Midwest
202001016416,2.836139959076581,Not enrolled in school,Working part time,A fair amount,Rarely,Very often,Rarely,Sometimes,Sometimes,Not much,,,,Somewhat,No,Lives with all parents,Good,Most of the time,A great deal,Somewhat well,More involved than desired,About as often as desired,18–29,Man,College graduate or higher,"White, non-Hispanic",Never married,Lower income,Midwest
202001016443,0.3522223434218041,Not enrolled in school,Working full time,A fair amount,Sometimes,Rarely,Sometimes,Very often,Rarely,Some,A few times a week,A few times a week,Less than once a month,Mostly,No,Does not live with a parent,Very good,Rarely,A fair amount,Somewhat well,As involved as desired,About as often as desired,18–29,Man,College graduate or higher,Hispanic,Living with a partner,Middle income,South
202001016470,1.321548092337865,Not enrolled in school,Working full time,A great deal,Very often,Very often,Never,Sometimes,Sometimes,Some,A few times a week,At least once a day,A few times a month,Completely,No,Does not live with a parent,Very good,Some of the time,Some,Very well,As involved as desired,About as often as desired,18–29,Woman,College graduate or higher,"White, non-Hispanic",Never married,Middle income,Northeast
202001016602,4.775681431657238,4-year college or graduate school,Not currently working for pay,A fair amount,Extremely often,Sometimes,Rarely,Sometimes,Sometimes,Not much,A few times a week,A few times a week,A few times a month,A little,Yes,Lives with at least one parent,Very good,Most of the time,Not at all,Somewhat well,As involved as desired,About as often as desired,18–29,Man,Some college,"White, non-Hispanic",Never married,Lower income,Midwest
202001016620,0.9346859751557078,Not enrolled in school,Working full time,A fair amount,Very often,Very often,Very often,Very often,Rarely,A fair amount,At least once a day,At least once a day,A few times a month,Somewhat,No,Does not live with a parent,Excellent,Some of the time,Some,Very well,As involved as desired,About as often as desired,30–34,Man,College graduate or higher,"White, non-Hispanic",Married,Middle income,Northeast
202001016682,0.7727376640273981,Not enrolled in school,Not currently working for pay,A fair amount,Rarely,Sometimes,Rarely,Rarely,Rarely,A fair amount,,,,Somewhat,Yes,Lives with all parents,Very good,Most of the time,Not much,Somewhat well,As involved as desired,About as often as desired,30–34,Man,College graduate or higher,"White, non-Hispanic",Living with a partner,Upper income,Midwest
202001016986,4.38526567605629,Not enrolled in school,Working full time,Not much,Very often,Very often,Sometimes,Never,Rarely,Some,,,,Somewhat,Yes,Lives with all parents,Very good,Most of the time,Some,Somewhat well,Less involved than desired,Less often than desired,18–29,Man,High school or less,Hispanic,Never married,,South
202001017056,0.2873786552170826,Not enrolled in school,Working full time,A fair amount,Very often,Sometimes,Rarely,Sometimes,Sometimes,A fair amount,A few times a week,At least once a day,Less than once a month,Mostly,Yes,Does not live with a parent,Good,Some of the time,Some,Somewhat well,Less involved than desired,About as often as desired,18–29,Woman,College graduate or higher,"White, non-Hispanic",Living with a partner,Middle income,Midwest
202001017061,0.2348744305191096,Not enrolled in school,Working part time,Some,Sometimes,Rarely,Never,Never,Never,Not at all,A few times a month,Once a month,Less than once a month,Mostly,Yes,Does not live with a parent,Poor,Rarely,A great deal,Very well,As involved as desired,About as often as desired,30–34,Woman,College graduate or higher,"White, non-Hispanic",Married,Middle income,Midwest
202001017106,3.554468090695649,Not enrolled in school,Working part time,Not much,Sometimes,Sometimes,Sometimes,Sometimes,Rarely,Some,A few times a month,A few times a week,A few times a month,A little,Yes,Does not live with a parent,Fair,Rarely,A fair amount,Somewhat well,As involved as desired,More often than desired,18–29,Woman,Some college,"White, non-Hispanic",Never married,Lower income,Midwest
202001017138,3.79092582320313,Not enrolled in school,Not currently working for pay,Not much,Sometimes,Sometimes,Sometimes,Sometimes,Sometimes,Some,,,,Mostly,Yes,Lives with all parents,Very good,All of the time,Some,Somewhat well,As involved as desired,About as often as desired,18–29,Woman,High school or less,Hispanic,Married,Lower income,South
202001017265,0.2148566763247966,Not enrolled in school,Working full time,A fair amount,Sometimes,Very often,Sometimes,Sometimes,Very often,Not much,A few times a week,A few times a week,At least once a day,Completely,No,Does not live with a parent,Very good,Most of the time,A great deal,Extremely well,More involved than desired,About as often as desired,30–34,Woman,Some college,Hispanic,Never married,Middle income,West
202001017475,0.1429420401159327,Not enrolled in school,Working full time,A great deal,Very often,Sometimes,Extremely often,Sometimes,Extremely often,A great deal,A few times a month,A few times a month,Less than once a month,Completely,Yes,Does not live with a parent,Excellent,All of the time,Not much,Very well,As involved as desired,About as often as desired,30–34,Woman,College graduate or higher,"White, non-Hispanic",Never married,Middle income,Northeast
202001017508,0.2236070808163231,Not enrolled in school,Working full time,Some,Never,Never,Never,Never,Never,Not at all,Once a month,A few times a week,Less than once a month,Completely,No,Does not live with a parent,Poor,Some of the time,Not much,Not well at all,As involved as desired,About as often as desired,30–34,Woman,College graduate or higher,"White, non-Hispanic",Married,Upper income,South
202001017658,0.0801047434821426,Not enrolled in school,Working full time,A great deal,Sometimes,Sometimes,Rarely,Sometimes,Sometimes,Not much,A few times a month,A few times a week,A few times a week,Completely,Yes,Does not live with a parent,Good,All of the time,Some,Extremely well,As involved as desired,More often than desired,30–34,Man,College graduate or higher,"Black, non-Hispanic",Never married,Middle income,South
202001017880,0.1795585613813074,Not enrolled in school,Working part time,A great deal,Rarely,Rarely,Never,Rarely,Never,Not much,A few times a month,A few times a week,Less than once a month,Completely,No,Does not live with a parent,Excellent,Some of the time,Not much,Very well,As involved as desired,About as often as desired,30–34,Woman,College graduate or higher,"White, non-Hispanic",Living with a partner,Middle income,Northeast
202001017921,0.250596469892815,Not enrolled in school,Working full time,A fair amount,Rarely,Sometimes,Never,Rarely,Never,Not at all,Less than once a month,A few times a week,Once a month,Mostly,Yes,Does not live with a parent,Very good,Most of the time,Not much,Very well,As involved as desired,About as often as desired,18–29,Woman,College graduate or higher,"White, non-Hispanic",Never married,Middle income,Midwest
202001018117,0.5430028545596919,Not enrolled in school,Working full time,A great deal,Very often,Extremely often,Extremely often,Sometimes,Very often,A great deal,A few times a week,A few times a week,Less than once a month,Completely,No,Does not live with a parent,Excellent,All of the time,Not much,Extremely well,As involved as desired,About as often as desired,30–34,Man,College graduate or higher,"White, non-Hispanic",Never married,Middle income,South
202001018126,0.5129563268665318,Not enrolled in school,Working full time,A great deal,Sometimes,Very often,Rarely,Very often,Sometimes,A fair amount,A few times a month,A few times a month,Less than once a month,Completely,No,Does not live with a parent,Good,Some of the time,A fair amount,Somewhat well,As involved as desired,About as often as desired,18–29,Woman,College graduate or higher,Hispanic,Living with a partner,Upper income,South
202001018382,0.514097734728221,Not enrolled in school,Working full time,Not much,Rarely,Very often,Rarely,Sometimes,Sometimes,Not much,A few times a week,A few times a week,At least once a day,Completely,No,Does not live with a parent,Very good,Most of the time,A great deal,Very well,More involved than desired,About as often as desired,18–29,Woman,College graduate or higher,"White, non-Hispanic",Living with a partner,Lower income,South
202001018410,3.2909218350948306,Not enrolled in school,Working full time,A fair amount,Sometimes,Sometimes,Never,Never,Never,Not at all,A few times a month,A few times a month,A few times a month,Completely,No,Does not live with a parent,Good,Most of the time,Some,Extremely well,As involved as desired,About as often as desired,30–34,Man,High school or less,"White, non-Hispanic",Never married,Lower income,West
202001018611,0.5123710521168475,Not enrolled in school,Working full time,A great deal,Very often,Sometimes,Never,Rarely,Rarely,A fair amount,A few times a week,A few times a week,A few times a month,Completely,No,Does not live with a parent,Excellent,All of the time,Some,Somewhat well,As involved as desired,About as often as desired,30–34,Man,College graduate or higher,"White, non-Hispanic",Married,Upper income,West
202001018782,0.2283238264107693,Not enrolled in school,Working full time,A fair amount,Sometimes,Sometimes,Sometimes,Rarely,Rarely,Some,A few times a week,A few times a week,A few times a month,Completely,No,Does not live with a parent,Very good,Most of the time,A fair amount,Very well,As involved as desired,About as often as desired,30–34,Man,College graduate or higher,"White, non-Hispanic",Married,Upper income,Northeast
202001018846,0.0749829541597289,4-year college or graduate school,Working full time,A great deal,Sometimes,Sometimes,Never,Rarely,Rarely,Some,A few times a week,A few times a week,A few times a month,Mostly,No,Does not live with a parent,Good,Most of the time,Some,Very well,As involved as desired,About as often as desired,30–34,Woman,College graduate or higher,"White, non-Hispanic",Never married,Upper income,Midwest
202001018990,0.8848064560903807,Not enrolled in school,Working full time,Not at all,Never,Never,Never,Never,Never,Not at all,A few times a week,A few times a week,A few times a week,Completely,No,Does not live with a parent,Very good,All of the time,Some,Very well,Less involved than desired,Less often than desired,30–34,Man,High school or less,"Asian, non-Hispanic",Married,Middle income,Midwest
202001019036,0.8310509683805487,Not enrolled in school,Unable to work due to disability,A great deal,Very often,Never,Sometimes,Rarely,Rarely,Some,A few times a week,A few times a week,A few times a week,Completely,No,Does not live with a parent,Excellent,All of the time,Not much,Extremely well,As involved as desired,About as often as desired,30–34,Man,Some college,"White, non-Hispanic",Married,Upper income,South
202001019103,0.3643134580686917,Not enrolled in school,Working full time,Some,Rarely,Rarely,Rarely,Never,Rarely,Not much,A few times a month,A few times a month,Less than once a month,Completely,No,Does not live with a parent,Good,Most of the time,Not much,Somewhat well,More involved than desired,About as often as desired,30–34,Man,College graduate or higher,"White, non-Hispanic",Living with a partner,Upper income,Northeast
202001019449,0.3621445035078066,Not enrolled in school,Working full time,Some,Rarely,Never,Rarely,Rarely,Rarely,Not at all,Once a month,A few times a week,A few times a week,Completely,Yes,Does not live with a parent,Good,Some of the time,A fair amount,Somewhat well,More involved than desired,About as often as desired,30–34,Woman,College graduate or higher,Hispanic,Divorced,Lower income,South
202001019486,1.4389078105361552,Not enrolled in school,Working full time,A great deal,Very often,Extremely often,Sometimes,Very often,Very often,A fair amount,A few times a week,A few times a week,A few times a month,Mostly,Yes,Does not live with a parent,Very good,Most of the time,A fair amount,Extremely well,As involved as desired,About as often as desired,18–29,Man,College graduate or higher,"White, non-Hispanic",Never married,Middle income,Northeast
202001019834,0.7272991703363559,Not enrolled in school,Working full time,A fair amount,Never,Never,Rarely,Never,Never,Not at all,Never,Never,Never,Completely,No,Does not live with a parent,Poor,All of the time,Not at all,Somewhat well,As involved as desired,About as often as desired,18–29,Man,College graduate or higher,Hispanic,Married,Middle income,Midwest
202001019914,0.3094876050075748,Not enrolled in school,Working full time,A great deal,Sometimes,Very often,Sometimes,Sometimes,Sometimes,Some,A few times a week,A few times a week,A few times a week,Completely,No,Does not live with a parent,Very good,Most of the time,Some,Somewhat well,As involved as desired,About as often as desired,18–29,Woman,College graduate or higher,"White, non-Hispanic",Married,Upper income,Midwest
202001019935,0.296466467252313,Not enrolled in school,Working part time,A fair amount,Sometimes,Rarely,Never,Sometimes,Never,Not much,A few times a month,A few times a month,Once a month,Completely,No,Does not live with a parent,Good,Some of the time,Not at all,Very well,As involved as desired,About as often as desired,18–29,Woman,College graduate or higher,"Asian, non-Hispanic",Married,Middle income,West
202001019996,3.706749873324187,Not enrolled in school,Working full time,A fair amount,Sometimes,Very often,Very often,Sometimes,Never,A great deal,A few times a month,A few times a week,A few times a month,Completely,No,Does not live with a parent,Poor,Rarely,Not at all,Not well at all,As involved as desired,About as often as desired,18–29,Man,Some college,Hispanic,Living with a partner,Middle income,South
202001020117,0.9500325404573776,Not enrolled in school,Working full time,A fair amount,Very often,Rarely,Sometimes,Sometimes,Sometimes,A fair amount,Once a month,A few times a month,At least once a day,Somewhat,No,Lives with at least one parent,Very good,All of the time,Not much,Not too well,More involved than desired,About as often as desired,18–29,Woman,College graduate or higher,"Black, non-Hispanic",Never married,Lower income,South
202001020225,0.2813866982920708,Not enrolled in school,Working full time,A fair amount,Rarely,Rarely,Rarely,Rarely,Never,Some,A few times a month,A few times a week,Less than once a month,Completely,No,Does not live with a parent,Very good,Some of the time,Some,Somewhat well,As involved as desired,About as often as desired,30–34,Woman,College graduate or higher,"White, non-Hispanic",Never married,Upper income,Northeast
202001020451,3.3942528032714065,2-year college or technical school,Working full time,A fair amount,Never,Rarely,Rarely,Rarely,Rarely,Not much,Less than once a month,Once a month,At least once a day,Completely,No,Lives with at least one parent,Very good,Most of the time,A fair amount,Somewhat well,As involved as desired,About as often as desired,18–29,Woman,Some college,Hispanic,Married,Lower income,South
202001020573,4.515887184600254,4-year college or graduate school,Working full time,Not much,Never,Never,Never,Never,Never,Not at all,Once a month,A few times a month,A few times a month,Completely,No,Does not live with a parent,Good,Rarely,Not much,Not too well,Less involved than desired,Less often than desired,18–29,Woman,High school or less,Hispanic,Never married,Lower income,West
202001020827,5.0129015631367055,4-year college or graduate school,Working full time,A fair amount,Very often,Very often,Very often,Sometimes,Very often,A fair amount,,,,Mostly,No,Lives with all parents,Very good,Some of the time,Some,Very well,As involved as desired,More often than desired,18–29,Woman,Some college,Hispanic,Never married,Middle income,South
202001020855,1.3104770225377815,4-year college or graduate school,Working full time,A great deal,Extremely often,Extremely often,Sometimes,Rarely,Rarely,Some,A few times a week,A few times a week,Once a month,Mostly,No,Does not live with a parent,Excellent,Most of the time,Some,Extremely well,As involved as desired,Less often than desired,18–29,Man,College graduate or higher,"White, non-Hispanic",Living with a partner,Upper income,Midwest
202001021053,1.079388720397373,Not enrolled in school,Not currently working for pay,Not at all,Never,Rarely,Rarely,Never,Never,Not much,A few times a week,A few times a week,A few times a month,Completely,No,Does not live with a parent,Very good,All of the time,Not much,Not too well,As involved as desired,About as often as desired,30–34,Woman,Some college,"White, non-Hispanic",Married,Lower income,Midwest
202001021112,2.200632574935588,Not enrolled in school,Working full time,A great deal,Extremely often,Extremely often,Extremely often,Extremely often,Extremely often,A great deal,A few times a month,A few times a month,Once a month,Mostly,Yes,Does not live with a parent,Excellent,All of the time,Not at all,Extremely well,As involved as desired,About as often as desired,18–29,Woman,College graduate or higher,Hispanic,Never married,Middle income,South
202001021158,0.8157261016517448,Not enrolled in school,Working full time,A great deal,Sometimes,Sometimes,Sometimes,Sometimes,Sometimes,Some,A few times a month,At least once a day,Less than once a month,Completely,No,Does not live with a parent,Very good,All of the time,A fair amount,Very well,As involved as desired,Less often than desired,18–29,Woman,College graduate or higher,"White, non-Hispanic",Married,Upper income,South
202001021262,0.484303281475844,Not enrolled in school,Working full time,A fair amount,Sometimes,Very often,Extremely often,Sometimes,Very often,A great deal,A few times a week,A few times a week,Less than once a month,Mostly,Yes,Does not live with a parent,Excellent,All of the time,A fair amount,Extremely well,As involved as desired,About as often as desired,18–29,Woman,College graduate or higher,"White, non-Hispanic",Married,Lower income,South
202001021479,3.0136696179018405,Not enrolled in school,Working full time,A fair amount,Sometimes,Sometimes,Sometimes,Sometimes,Sometimes,A fair amount,At least once a day,At least once a day,A few times a month,Completely,Yes,Does not live with a parent,Good,Most of the time,Some,Not too well,As involved as desired,Less often than desired,18–29,Woman,College graduate or higher,Hispanic,Living with a partner,,West
202001021489,1.0008957400244654,2-year college or technical school,Working full time,A fair amount,Never,Sometimes,Rarely,Sometimes,Rarely,Not at all,A few times a week,A few times a month,At least once a day,Mostly,No,Lives with at least one parent,Fair,Rarely,A fair amount,Extremely well,More involved than desired,More often than desired,30–34,Woman,Some college,Hispanic,Never married,Lower income,West
202001021519,0.7969117170619365,Not enrolled in school,Working full time,A great deal,Extremely often,Extremely often,Extremely often,Extremely often,Extremely often,A great deal,A few times a week,A few times a week,A few times a week,Mostly,No,Does not live with a parent,Excellent,All of the time,A great deal,Extremely well,As involved as desired,About as often as desired,30–34,Woman,High school or less,"Black, non-Hispanic",Married,Lower income,South
202001021534,0.2219365532857432,4-year college or graduate school,Working full time,Not much,Rarely,Never,Rarely,Never,Never,Not at all,Once a month,A few times a month,Once a month,Completely,Yes,Does not live with a parent,Good,Most of the time,Some,Not too well,As involved as desired,About as often as desired,30–34,Woman,High school or less,Hispanic,Never married,Lower income,South
202001021919,0.3849054241379029,Not enrolled in school,Working part time,A fair amount,Rarely,Sometimes,Sometimes,Very often,Rarely,A great deal,A few times a week,At least once a day,A few times a month,Mostly,Yes,Does not live with a parent,Fair,Some of the time,Not much,Not too well,Less involved than desired,Less often than desired,30–34,Woman,Some college,"White, non-Hispanic",Married,Middle income,Midwest
202101000025,0.2524503487100831,2-year college or technical school,Not currently working for pay,Not much,Rarely,Never,Sometimes,Very often,Rarely,Not much,A few times a month,A few times a week,A few times a month,Completely,No,Does not live with a parent,Good,Most of the time,A fair amount,Extremely well,Less involved than desired,Less often than desired,18–29,Woman,Some college,"White, non-Hispanic",Living with a partner,Lower income,Northeast
202101000122,0.236287300539382,Not enrolled in school,Not currently working for pay,A fair amount,Very often,Sometimes,Never,Extremely often,Sometimes,A great deal,At least once a day,At least once a day,A few times a month,Completely,No,Does not live with a parent,Excellent,All of the time,Some,Extremely well,As involved as desired,About as often as desired,18–29,Woman,Some college,"White, non-Hispanic",Married,Middle income,South
202101000130,0.2920012457313253,Not enrolled in school,Working full time,Some,Never,Never,Never,Rarely,Rarely,Not much,Less than once a month,Never,Less than once a month,Completely,No,Does not live with a parent,Very good,Some of the time,Some,Very well,As involved as desired,About as often as desired,30–34,Man,College graduate or higher,"White, non-Hispanic",Married,Middle income,Midwest
202101000137,0.6348736382847068,Not enrolled in school,Working full time,A great deal,Very often,Very often,Sometimes,Sometimes,Rarely,Some,A few times a week,At least once a day,Less than once a month,Mostly,No,Does not live with a parent,Good,Most of the time,Some,Very well,As involved as desired,Less often than desired,18–29,Man,High school or less,"White, non-Hispanic",Never married,Middle income,South
202101000142,0.7091655409544585,Not enrolled in school,Unable to work due to disability,A fair amount,Very often,Very often,Very often,Very often,Very often,A fair amount,At least once a day,At least once a day,At least once a day,Mostly,Yes,Does not live with a parent,Excellent,All of the time,Some,Extremely well,As involved as desired,About as often as desired,18–29,Woman,High school or less,"Black, non-Hispanic",Never married,Lower income,South
202101000143,0.6234023319317417,Not enrolled in school,Working full time,A fair amount,Sometimes,Sometimes,Sometimes,Very often,Rarely,Some,A few times a month,A few times a month,A few times a month,Completely,No,Does not live with a parent,Very good,Most of the time,Not much,Somewhat well,As involved as desired,Less often than desired,30–34,Man,College graduate or higher,"White, non-Hispanic",Never married,Upper income,Midwest
202101000282,0.0743482732269539,4-year college or graduate school,Working part time,A fair amount,Rarely,Very often,Very often,Rarely,Never,A fair amount,A few times a month,Less than once a month,Less than once a month,A little,No,Does not live with a parent,Very good,All of the time,A fair amount,Somewhat well,Less involved than desired,Less often than desired,18–29,Woman,Some college,"White, non-Hispanic",Never married,Middle income,South
202101000346,0.9476954608488108,Not enrolled in school,Working full time,A great deal,Sometimes,Sometimes,Sometimes,Sometimes,Sometimes,Some,A few times a week,At least once a day,At least once a day,Somewhat,Yes,Lives with at least one parent,Excellent,All of the time,Some,Very well,As involved as desired,About as often as desired,18–29,Man,High school or less,Hispanic,Never married,Lower income,South
202101000385,0.2208921485341861,Not enrolled in school,Working full time,A great deal,Extremely often,Never,Never,Sometimes,Never,Some,At least once a day,At least once a day,A few times a week,Somewhat,Yes,Does not live with a parent,Very good,All of the time,Not at all,Extremely well,Less involved than desired,About as often as desired,18–29,Woman,High school or less,Hispanic,Married,Lower income,Midwest
202101000400,0.2068511507980641,Not enrolled in school,Working full time,A great deal,Sometimes,Sometimes,Rarely,Sometimes,Sometimes,Some,A few times a month,A few times a week,Less than once a month,Completely,No,Does not live with a parent,Very good,Some of the time,Not much,Somewhat well,As involved as desired,About as often as desired,30–34,Woman,College graduate or higher,"White, non-Hispanic",Married,Upper income,Midwest
202101000450,1.90213159610564,4-year college or graduate school,Working part time,A great deal,Extremely often,Very often,Rarely,Sometimes,Sometimes,A fair amount,A few times a week,A few times a week,Less than once a month,A little,Yes,Lives with at least one parent,Very good,Most of the time,Some,Somewhat well,As involved as desired,Less often than desired,18–29,Man,Some college,Hispanic,Never married,Middle income,Midwest
202101000595,0.0831276250032799,Not enrolled in school,Working full time,A great deal,Very often,Very often,Sometimes,Very often,Very often,A fair amount,A few times a month,A few times a week,A few times a month,Somewhat,Yes,Does not live with a parent,Excellent,Most of the time,Some,Very well,As involved as desired,About as often as desired,18–29,Woman,College graduate or higher,"White, non-Hispanic",Never married,Middle income,Midwest
202101000633,0.1635589396094812,Not enrolled in school,Working full time,Not much,Never,Sometimes,Never,Never,Very often,Some,,,,Completely,Yes,Lives with all parents,Excellent,Some of the time,Not much,Not too well,As involved as desired,Less often than desired,18–29,Woman,Some college,Hispanic,Never married,Lower income,South
202101000693,1.9605095034016813,Not enrolled in school,Working full time,A great deal,Sometimes,Never,Rarely,Never,Never,Not much,Never,A few times a week,A few times a week,Mostly,Yes,Does not live with a parent,Excellent,All of the time,Some,Extremely well,As involved as desired,About as often as desired,18–29,Man,Some college,"White, non-Hispanic",Married,Middle income,Midwest
202101000799,0.111957942670332,4-year college or graduate school,Working full time,A fair amount,Sometimes,Sometimes,Never,Sometimes,Rarely,Not much,,,,Somewhat,No,Lives with all parents,Good,Some of the time,A fair amount,Somewhat well,As involved as desired,About as often as desired,18–29,Woman,College graduate or higher,Hispanic,Never married,Middle income,West
202101000823,0.0908087395844659,Not enrolled in school,Working full time,A great deal,Sometimes,Sometimes,Rarely,Sometimes,Rarely,Some,A few times a month,A few times a week,Less than once a month,Completely,No,Does not live with a parent,Very good,Most of the time,Some,Somewhat well,Less involved than desired,Less often than desired,18–29,Woman,College graduate or higher,"Other or multiracial, non-Hispanic",Never married,Upper income,West
202101000904,0.0904329491096221,2-year college or technical school,Working part time,A fair amount,Sometimes,Extremely often,Never,Sometimes,Very often,Some,A few times a month,At least once a day,Less than once a month,Not at all,No,Lives with at least one parent,Poor,Most of the time,A fair amount,Very well,As involved as desired,More often than desired,18–29,Woman,Some college,Hispanic,Never married,Lower income,West
202101001108,0.4843545609398335,Not enrolled in school,Working full time,A fair amount,Rarely,Sometimes,Rarely,Rarely,Sometimes,Not much,A few times a month,A few times a month,A few times a month,Completely,No,Does not live with a parent,Fair,Most of the time,Some,Not too well,As involved as desired,About as often as desired,18–29,Man,College graduate or higher,"Other or multiracial, non-Hispanic",Married,Middle income,South
202101001263,0.0823965512418591,Not enrolled in school,Working full time,A fair amount,Rarely,Rarely,Rarely,Sometimes,Rarely,A great deal,At least once a day,At least once a day,A few times a week,Completely,No,Does not live with a parent,Excellent,All of the time,A great deal,Extremely well,As involved as desired,About as often as desired,30–34,Woman,Some college,Hispanic,Married,Middle income,Northeast
202101001303,0.164165801865688,4-year college or graduate school,Working full time,A fair amount,Sometimes,Sometimes,Sometimes,Sometimes,Never,Some,A few times a month,A few times a week,Less than once a month,Mostly,Yes,Does not live with a parent,Excellent,Most of the time,,Somewhat well,As involved as desired,About as often as desired,18–29,Woman,College graduate or higher,"Asian, non-Hispanic",Married,Middle income,West
202101001455,0.3765645628737081,Not enrolled in school,Not currently working for pay,Some,Never,Never,Sometimes,Sometimes,Never,A fair amount,Less than once a month,A few times a week,Less than once a month,Completely,No,Does not live with a parent,Excellent,All of the time,Some,Very well,Less involved than desired,Less often than desired,18–29,Woman,High school or less,"White, non-Hispanic",Living with a partner,Middle income,West
202101001515,0.1308496717855222,Not enrolled in school,Working part time,A great deal,Very often,Extremely often,Sometimes,Very often,Rarely,A fair amount,A few times a month,At least once a day,A few times a week,A little,Yes,Does not live with a parent,Very good,Some of the time,Not much,Very well,As involved as desired,About as often as desired,18–29,Woman,College graduate or higher,"White, non-Hispanic",Never married,,West
202101001516,0.2807444163345963,Not enrolled in school,Working full time,A great deal,Sometimes,Very often,Very often,Sometimes,Sometimes,A fair amount,A few times a month,A few times a week,Less than once a month,Completely,No,Does not live with a parent,Very good,Most of the time,Some,Very well,As involved as desired,About as often as desired,18–29,Nonbinary,College graduate or higher,"White, non-Hispanic",Living with a partner,Upper income,West
202101001529,0.7258015656650694,Not enrolled in school,Working full time,A fair amount,Sometimes,Sometimes,Rarely,Rarely,Rarely,Not much,Once a month,A few times a month,Once a month,Completely,No,Does not live with a parent,Poor,Rarely,Not much,Somewhat well,As involved as desired,About as often as desired,30–34,Man,College graduate or higher,"White, non-Hispanic",Married,Middle income,Midwest
202101001654,0.2398934087624938,Not enrolled in school,Working full time,A great deal,Sometimes,Very often,Sometimes,Rarely,Rarely,Not much,A few times a week,A few times a week,Less than once a month,Completely,No,Does not live with a parent,Fair,Most of the time,Some,Somewhat well,As involved as desired,About as often as desired,30–34,Man,College graduate or higher,"White, non-Hispanic",Married,Middle income,Midwest
202101001674,0.6534903301905378,4-year college or graduate school,Not currently working for pay,A fair amount,Extremely often,Extremely often,Sometimes,Very often,Extremely often,A great deal,,,,Somewhat,Yes,Lives with all parents,Very good,All of the time,Not at all,Somewhat well,More involved than desired,About as often as desired,18–29,Man,Some college,"Other or multiracial, non-Hispanic",Never married,Middle income,Midwest
202101001790,0.9007914930938782,Not enrolled in school,Working full time,A fair amount,Rarely,Rarely,Never,Never,Never,Not much,Less than once a month,Once a month,Once a month,Completely,No,Does not live with a parent,Poor,All of the time,Not at all,Not too well,As involved as desired,About as often as desired,30–34,Man,College graduate or higher,"White, non-Hispanic",Married,Middle income,Midwest
202101002084,0.5197906341102312,2-year college or technical school,Working part time,A fair amount,Very often,Very often,Rarely,Rarely,Sometimes,Some,,,,A little,No,Lives with all parents,Poor,Rarely,Not much,Not too well,Less involved than desired,Less often than desired,18–29,Woman,Some college,Hispanic,Never married,Lower income,South
202101002226,0.7615566802253697,Not enrolled in school,Working full time,A great deal,Sometimes,Sometimes,Never,Never,Never,Not much,A few times a month,A few times a month,A few times a month,Completely,No,Does not live with a parent,Very good,All of the time,Not at all,Somewhat well,As involved as desired,About as often as desired,30–34,Man,Some college,"White, non-Hispanic",Married,Middle income,Midwest
202101002279,0.8574240192949477,Not enrolled in school,Working full time,A great deal,Sometimes,Sometimes,Sometimes,Rarely,Sometimes,Some,A few times a month,A few times a week,A few times a week,Completely,No,Does not live with a parent,Excellent,All of the time,Not much,Somewhat well,As involved as desired,About as often as desired,18–29,Man,College graduate or higher,"White, non-Hispanic",Married,Middle income,Northeast
202101002339,0.399885223730493,Not enrolled in school,Working full time,Some,Sometimes,Sometimes,Sometimes,Rarely,Sometimes,A fair amount,A few times a month,A few times a week,Less than once a month,Mostly,Yes,Does not live with a parent,Good,Most of the time,Not at all,Not too well,Less involved than desired,Less often than desired,30–34,Woman,College graduate or higher,"White, non-Hispanic",Never married,Lower income,West
202101002377,3.329380653048648,Not enrolled in school,Working full time,A great deal,Sometimes,Very often,Rarely,Very often,Sometimes,A fair amount,A few times a week,At least once a day,Once a month,Mostly,No,Does not live with a parent,Excellent,Most of the time,Some,Extremely well,As involved as desired,About as often as desired,18–29,Man,College graduate or higher,"White, non-Hispanic",Living with a partner,Middle income,Northeast
202101002482,0.7016162796109973,Not enrolled in school,Not currently working for pay,A fair amount,Sometimes,Sometimes,Sometimes,Sometimes,Sometimes,Not much,Never,At least once a day,At least once a day,Completely,Yes,Lives with at least one parent,Good,Most of the time,A great deal,Extremely well,As involved as desired,About as often as desired,18–29,Woman,High school or less,"White, non-Hispanic",Living with a partner,Lower income,South
202101002562,0.1893156853741563,4-year college or graduate school,Working full time,A great deal,Sometimes,Sometimes,Rarely,Sometimes,Never,A fair amount,A few times a week,A few times a week,A few times a month,Completely,No,Does not live with a parent,Excellent,All of the time,Some,Somewhat well,As involved as desired,About as often as desired,30–34,Woman,College graduate or higher,"White, non-Hispanic",Married,Middle income,Midwest
202101002909,0.3525973686414383,Not enrolled in school,Working full time,A great deal,Rarely,Sometimes,Sometimes,Very often,Sometimes,Some,A few times a week,At least once a day,A few times a week,Completely,No,Does not live with a parent,Very good,All of the time,Some,Very well,As involved as desired,About as often as desired,30–34,Woman,College graduate or higher,Hispanic,Married,Upper income,Northeast
202101002913,1.1117737076338836,Not enrolled in school,Working part time,A fair amount,Never,Sometimes,Never,Sometimes,Never,Not at all,A few times a month,A few times a month,Less than once a month,Completely,No,Does not live with a parent,Good,All of the time,Some,Very well,As involved as desired,About as often as desired,18–29,Woman,Some college,Hispanic,Never married,Lower income,Northeast
202101002914,0.1476458467488506,2-year college or technical school,Working full time,Not at all,Very often,Very often,Rarely,Sometimes,Rarely,Some,At least once a day,At least once a day,Less than once a month,Completely,Yes,Does not live with a parent,Fair,Some of the time,A fair amount,Not too well,Less involved than desired,Less often than desired,30–34,Woman,High school or less,Hispanic,Divorced,Lower income,Midwest
202101002941,0.402750879588431,Not enrolled in school,Working full time,A great deal,Sometimes,Sometimes,Sometimes,Sometimes,Sometimes,A fair amount,A few times a month,A few times a week,A few times a month,Mostly,Yes,Does not live with a parent,Excellent,Most of the time,Some,Very well,As involved as desired,About as often as desired,30–34,Woman,College graduate or higher,"White, non-Hispanic",Married,Middle income,Midwest
202101002958,0.2292533959661593,Not enrolled in school,Unable to work due to disability,A fair amount,Sometimes,Sometimes,Sometimes,Sometimes,Sometimes,Not much,At least once a day,At least once a day,At least once a day,Completely,No,Lives with at least one parent,Fair,All of the time,Not much,Not too well,As involved as desired,About as often as desired,30–34,Woman,High school or less,Hispanic,Never married,Lower income,South
202101003126,0.3400991504571114,Not enrolled in school,Working full time,A great deal,Sometimes,Very often,Sometimes,Very often,Sometimes,A fair amount,A few times a week,At least once a day,A few times a month,Completely,No,Does not live with a parent,Excellent,Most of the time,Some,Very well,As involved as desired,About as often as desired,30–34,Woman,College graduate or higher,"White, non-Hispanic",Married,Upper income,Northeast
202101003169,0.5027259698895222,Not enrolled in school,Working full time,A great deal,Rarely,Extremely often,Rarely,Sometimes,Very often,Some,Once a month,A few times a week,A few times a week,Completely,No,Does not live with a parent,Excellent,All of the time,Some,Extremely well,Less involved than desired,Less often than desired,30–34,Man,High school or less,"White, non-Hispanic",Never married,Upper income,Midwest
202101003175,0.4977332524911656,Not enrolled in school,Working full time,A fair amount,Sometimes,Extremely often,Very often,Rarely,Rarely,Some,A few times a week,A few times a week,A few times a month,Mostly,Yes,Does not live with a parent,Good,Some of the time,A great deal,Very well,As involved as desired,About as often as desired,18–29,Man,College graduate or higher,"White, non-Hispanic",Never married,Lower income,Midwest
202101003400,0.5873258280341682,Not enrolled in school,Working full time,A great deal,Never,Never,Never,Never,Never,Not at all,A few times a month,Never,A few times a month,Completely,No,Does not live with a parent,Very good,Most of the time,Some,Extremely well,Less involved than desired,Less often than desired,30–34,Woman,High school or less,"White, non-Hispanic",Married,Middle income,West
202101003404,0.2606994890182743,Not enrolled in school,Working full time,Some,Sometimes,Very often,Never,Sometimes,Sometimes,Some,A few times a month,At least once a day,Less than once a month,Mostly,No,Does not live with a parent,Very good,All of the time,Some,Very well,As involved as desired,More often than desired,30–34,Woman,College graduate or higher,"White, non-Hispanic",Married,Upper income,West
202101003701,0.5624652558942353,Not enrolled in school,Working full time,A fair amount,Sometimes,Sometimes,Sometimes,Rarely,Sometimes,A fair amount,Once a month,A few times a week,Less than once a month,Completely,No,Does not live with a parent,Excellent,Most of the time,Not much,Somewhat well,As involved as desired,About as often as desired,30–34,Man,Some college,"White, non-Hispanic",Never married,Middle income,South
202101003712,1.5648234568673849,4-year college or graduate school,Working full time,A great deal,Extremely often,Extremely often,Sometimes,Extremely often,Extremely often,A great deal,,,,Somewhat,No,Lives with all parents,Excellent,All of the time,A fair amount,Extremely well,As involved as desired,About as often as desired,30–34,Woman,College graduate or higher,"White, non-Hispanic",Never married,,Northeast
202101003805,0.5340261386676856,Not enrolled in school,Working full time,Some,Rarely,Rarely,Rarely,Rarely,Rarely,Some,Once a month,A few times a month,Less than once a month,Completely,No,Does not live with a parent,Good,Most of the time,Not much,Very well,Less involved than desired,Less often than desired,30–34,Woman,Some college,"Asian, non-Hispanic",Living with a partner,Lower income,South
202101003973,1.0707936137201983,Not enrolled in school,Working full time,A fair amount,Sometimes,Very often,Rarely,Rarely,Rarely,Not much,A few times a month,A few times a week,Less than once a month,Completely,No,Does not live with a parent,Good,Most of the time,Not much,Somewhat well,Less involved than desired,Less often than desired,18–29,Man,College graduate or higher,"White, non-Hispanic",Never married,Upper income,South
202101004048,0.4360919947657212,Not enrolled in school,Not currently working for pay,A fair amount,Extremely often,Very often,Sometimes,Sometimes,Sometimes,A great deal,A few times a month,A few times a month,A few times a month,Somewhat,No,Does not live with a parent,Very good,All of the time,A fair amount,Very well,As involved as desired,About as often as desired,18–29,Woman,Some college,"Asian, non-Hispanic",Never married,Lower income,Midwest
202101004268,0.7115765123945808,Not enrolled in school,Working full time,A great deal,Sometimes,Rarely,Rarely,Sometimes,Rarely,Some,,,,Mostly,Yes,Lives with all parents,Excellent,Most of the time,A fair amount,Very well,As involved as desired,About as often as desired,30–34,Man,College graduate or higher,Hispanic,Never married,Lower income,South
202101004308,0.8224007050013598,Not enrolled in school,Working full time,Not at all,Never,Never,Never,Never,Never,Not at all,Never,Less than once a month,Less than once a month,Completely,No,Does not live with a parent,Fair,Most of the time,Not at all,Not too well,Less involved than desired,Less often than desired,30–34,Woman,High school or less,"White, non-Hispanic",Living with a partner,Middle income,Northeast
202101004442,0.2749120347987771,Not enrolled in school,Working full time,A great deal,Very often,Extremely often,Sometimes,Very often,Sometimes,A fair amount,At least once a day,At least once a day,A few times a week,Completely,No,Does not live with a parent,Excellent,All of the time,Some,Extremely well,As involved as desired,About as often as desired,18–29,Woman,Some college,Hispanic,Married,Middle income,South
202101004492,0.1450681081145595,4-year college or graduate school,Working full time,Not much,Never,Rarely,Rarely,Rarely,Rarely,Not much,Once a month,A few times a month,Less than once a month,Completely,No,Does not live with a parent,Fair,Some of the time,A great deal,Not too well,As involved as desired,About as often as desired,18–29,Woman,Some college,Hispanic,Living with a partner,Middle income,South
202101004703,0.2205731923493934,Not enrolled in school,Working full time,A great deal,Very often,Extremely often,Sometimes,Extremely often,Rarely,A fair amount,A few times a week,At least once a day,A few times a month,Completely,Yes,Does not live with a parent,Excellent,Most of the time,A great deal,Extremely well,As involved as desired,Less often than desired,18–29,Woman,College graduate or higher,Hispanic,Married,Middle income,South
202101004861,1.117492726824142,4-year college or graduate school,Working full time,A fair amount,Very often,Sometimes,Sometimes,Very often,Sometimes,Some,A few times a month,A few times a week,A few times a month,Completely,Yes,Does not live with a parent,Excellent,All of the time,Not much,Very well,As involved as desired,Less often than desired,18–29,Man,College graduate or higher,"White, non-Hispanic",Married,Middle income,Northeast
202101004871,0.3500471100605676,Not enrolled in school,Working part time,A great deal,Very often,Sometimes,Never,Sometimes,Rarely,Not at all,,,,A little,Yes,Lives with all parents,Good,Some of the time,Not much,Somewhat well,More involved than desired,About as often as desired,18–29,Woman,College graduate or higher,"White, non-Hispanic",Never married,Middle income,Midwest
202101004933,0.0936252864386112,Not enrolled in school,Working full time,A fair amount,Sometimes,Very often,Extremely often,Sometimes,Very often,A great deal,A few times a week,At least once a day,A few times a week,A little,Yes,Lives with at least one parent,Very good,Most of the time,A great deal,Extremely well,As involved as desired,About as often as desired,30–34,Woman,Some college,Hispanic,Never married,Middle income,South
202101005039,0.4850383743408773,Not enrolled in school,Working part time,A fair amount,Rarely,Never,Never,Never,Rarely,Not much,Less than once a month,A few times a week,Less than once a month,A little,No,Does not live with a parent,Fair,Some of the time,Some,Somewhat well,More involved than desired,More often than desired,18–29,Woman,High school or less,"Asian, non-Hispanic",Living with a partner,Middle income,Northeast
202101005103,0.0819489380147267,Not enrolled in school,Working full time,A fair amount,Sometimes,Sometimes,Sometimes,Rarely,Never,Some,A few times a month,A few times a month,A few times a month,Mostly,Yes,Does not live with a parent,Very good,Most of the time,Some,Somewhat well,As involved as desired,Less often than desired,30–34,Woman,College graduate or higher,"White, non-Hispanic",Divorced,Middle income,West
202101005239,0.5803549112245725,Not enrolled in school,Working full time,A fair amount,Sometimes,Very often,Sometimes,Very often,Rarely,A fair amount,A few times a month,A few times a week,A few times a month,Mostly,Yes,Lives with at least one parent,Very good,Most of the time,Some,Somewhat well,As involved as desired,About as often as desired,30–34,Woman,Some college,"White, non-Hispanic",Separated,Lower income,Midwest
202101005318,0.2995030175183729,Not enrolled in school,Working full time,A great deal,Sometimes,Rarely,Sometimes,Rarely,Sometimes,Some,A few times a week,At least once a day,Less than once a month,Completely,Yes,Does not live with a parent,Very good,Most of the time,A fair amount,Very well,As involved as desired,About as often as desired,30–34,Woman,College graduate or higher,"White, non-Hispanic",Married,Upper income,Midwest
202101005408,0.5082224683411418,Not enrolled in school,Working full time,A great deal,Sometimes,Very often,Extremely often,Extremely often,Very often,A great deal,A few times a week,A few times a week,A few times a week,Completely,No,Does not live with a parent,Very good,Most of the time,A fair amount,Very well,As involved as desired,About as often as desired,30–34,Woman,Some college,"White, non-Hispanic",Married,Middle income,Northeast
202101005574,0.6817029616448894,4-year college or graduate school,Working part time,A fair amount,Extremely often,Extremely often,Rarely,Very often,Rarely,A fair amount,,,,A little,Yes,Lives with all parents,Very good,Some of the time,A fair amount,Somewhat well,As involved as desired,About as often as desired,18–29,Woman,Some college,Hispanic,Never married,Lower income,West
202101005788,1.4581082672990964,Not enrolled in school,Working part time,Some,Never,Rarely,Sometimes,Rarely,Sometimes,Some,A few times a week,A few times a week,Once a month,Completely,Yes,Does not live with a parent,Excellent,All of the time,A great deal,Extremely well,As involved as desired,About as often as desired,30–34,Woman,High school or less,"White, non-Hispanic",Living with a partner,Lower income,Northeast
202101006068,0.4380710896098156,Not enrolled in school,Working part time,A great deal,Rarely,Rarely,Rarely,Sometimes,Sometimes,Not much,A few times a month,A few times a week,Less than once a month,Mostly,Yes,Does not live with a parent,Good,All of the time,Not at all,Very well,As involved as desired,Less often than desired,18–29,Man,College graduate or higher,"White, non-Hispanic",Never married,Lower income,South
202101006404,1.1638198466239995,Not enrolled in school,Working full time,Not at all,Never,Never,Never,Never,Never,Not at all,Less than once a month,Less than once a month,Never,Completely,No,Does not live with a parent,Poor,Never,A fair amount,Not well at all,As involved as desired,About as often as desired,18–29,Woman,Some college,"White, non-Hispanic",Never married,Lower income,South
202101006490,1.1169344318465144,4-year college or graduate school,Not currently working for pay,Some,Rarely,Never,Sometimes,Very often,Never,Some,,,,Not at all,Yes,Lives with all parents,Very good,Most of the time,Not at all,Somewhat well,As involved as desired,Less often than desired,18–29,Nonbinary,Some college,"Other or multiracial, non-Hispanic",Never married,Lower income,South
202101006624,1.3360113203547883,4-year college or graduate school,Not currently working for pay,A fair amount,Rarely,Rarely,Rarely,Rarely,Rarely,Some,,,,A little,Yes,Lives with all parents,Good,Most of the time,Some,Somewhat well,More involved than desired,About as often as desired,18–29,Woman,Some college,Hispanic,Never married,Lower income,West
202101007087,0.1498727819496722,Not enrolled in school,Working full time,A fair amount,Rarely,Never,Never,Never,Never,Not at all,Less than once a month,Less than once a month,Never,Completely,No,Does not live with a parent,Fair,Never,Not much,Not too well,Less involved than desired,Less often than desired,30–34,Man,High school or less,"White, non-Hispanic",Living with a partner,Middle income,West
202101007123,1.7966091150859782,Not enrolled in school,Working part time,A fair amount,Sometimes,Sometimes,Sometimes,Sometimes,Rarely,Some,A few times a month,A few times a week,Less than once a month,Completely,No,Does not live with a parent,Excellent,Most of the time,Some,Somewhat well,As involved as desired,About as often as desired,18–29,Woman,College graduate or higher,"White, non-Hispanic",Married,Middle income,West
202101007157,0.2625530644375416,Not enrolled in school,Working full time,A fair amount,Extremely often,Extremely often,Extremely often,Very often,Sometimes,A fair amount,A few times a week,At least once a day,Once a month,Completely,No,Does not live with a parent,Excellent,All of the time,A fair amount,Very well,As involved as desired,About as often as desired,30–34,Woman,College graduate or higher,Hispanic,Married,Upper income,South
202101007212,0.2572282530862231,4-year college or graduate school,Working full time,A great deal,Sometimes,Sometimes,Sometimes,Sometimes,Sometimes,A fair amount,A few times a week,A few times a week,Less than once a month,Completely,No,Does not live with a parent,Poor,All of the time,Not at all,Not well at all,As involved as desired,More often than desired,30–34,Woman,College graduate or higher,"Black, non-Hispanic",Divorced,Middle income,South
202101007268,0.9033803850934852,Not enrolled in school,Working full time,A fair amount,Rarely,Rarely,Very often,Very often,Sometimes,A great deal,At least once a day,A few times a month,A few times a month,Completely,Yes,Does not live with a parent,Excellent,Some of the time,Some,Somewhat well,As involved as desired,About as often as desired,18–29,Man,Some college,"Black, non-Hispanic",Never married,Upper income,South
202101007403,0.1035452372264237,Not enrolled in school,Working full time,Not much,Rarely,Rarely,Rarely,Sometimes,Never,Not much,A few times a week,A few times a week,A few times a week,Completely,No,Does not live with a parent,Good,Some of the time,A great deal,Somewhat well,More involved than desired,More often than desired,30–34,Woman,Some college,"Asian, non-Hispanic",Divorced,Middle income,South
202101007446,0.0825894807078169,Not enrolled in school,Working full time,Not at all,Never,Never,Never,Never,Never,Not at all,Less than once a month,Less than once a month,Never,Completely,No,Does not live with a parent,Poor,Some of the time,Not much,Not too well,Less involved than desired,Less often than desired,30–34,Woman,High school or less,"White, non-Hispanic",Married,Middle income,Northeast
202101007470,2.1610457040076807,Not enrolled in school,,Some,Sometimes,Sometimes,Sometimes,,Very often,Some,A few times a week,A few times a week,A few times a month,Completely,No,Does not live with a parent,,,,Not too well,Less involved than desired,About as often as desired,18–29,Woman,College graduate or higher,Hispanic,Married,Upper income,South
202101007529,0.3491305270524351,Not enrolled in school,Working full time,A fair amount,Never,Never,Never,Never,Never,Not at all,Once a month,Once a month,Less than once a month,Completely,No,Does not live with a parent,Fair,Some of the time,Not much,Somewhat well,Less involved than desired,About as often as desired,18–29,Nonbinary,College graduate or higher,"White, non-Hispanic",Married,Middle income,South
202101007619,0.7373271796587976,Not enrolled in school,Working full time,Not at all,Sometimes,Sometimes,Sometimes,Sometimes,Rarely,Some,A few times a month,A few times a week,A few times a month,Somewhat,Yes,Does not live with a parent,Very good,Most of the time,A fair amount,Somewhat well,As involved as desired,About as often as desired,18–29,Woman,College graduate or higher,"White, non-Hispanic",Living with a partner,Lower income,South
202101007755,0.0805538375910968,Not enrolled in school,Working full time,Not much,Sometimes,Never,Never,Never,Never,Not at all,Once a month,A few times a month,A few times a week,Completely,Yes,Does not live with a parent,Fair,Most of the time,Not at all,Not too well,Less involved than desired,Less often than desired,18–29,Woman,Some college,"Black, non-Hispanic",Never married,Lower income,South
202101007852,0.1291902267943862,Not enrolled in school,Not currently working for pay,A great deal,Never,Never,Never,Rarely,Rarely,Not much,A few times a month,A few times a month,Less than once a month,Completely,No,Does not live with a parent,Very good,Some of the time,Some,Not too well,Less involved than desired,Less often than desired,18–29,Woman,High school or less,"Asian, non-Hispanic",Living with a partner,Lower income,Northeast
202101007902,0.17065209017699,Not enrolled in school,Not currently working for pay,Not much,Never,Rarely,Rarely,Sometimes,Never,Not much,A few times a month,A few times a month,Less than once a month,Completely,No,Does not live with a parent,Fair,Rarely,A great deal,Somewhat well,As involved as desired,About as often as desired,18–29,Woman,High school or less,"White, non-Hispanic",Married,Middle income,Midwest
202101007945,0.155515006748381,Not enrolled in school,Working full time,A great deal,Sometimes,Sometimes,Sometimes,Sometimes,Sometimes,Some,A few times a month,A few times a week,A few times a month,Somewhat,No,Does not live with a parent,Very good,Most of the time,A fair amount,Very well,As involved as desired,About as often as desired,30–34,Man,College graduate or higher,"White, non-Hispanic",Never married,Middle income,South
202101007953,1.442216836731466,Not enrolled in school,Working full time,A great deal,Sometimes,Sometimes,Never,Sometimes,Rarely,Some,At least once a day,At least once a day,A few times a month,Mostly,Yes,Does not live with a parent,Excellent,All of the time,A fair amount,Extremely well,As involved as desired,About as often as desired,18–29,Woman,Some college,"White, non-Hispanic",Living with a partner,Middle income,South
202101008136,2.2777542731488083,Not enrolled in school,Working full time,A fair amount,Very often,Extremely often,Very often,Sometimes,Sometimes,A great deal,A few times a month,A few times a month,A few times a month,Mostly,Yes,Does not live with a parent,Very good,All of the time,A great deal,Somewhat well,As involved as desired,About as often as desired,18–29,Man,Some college,Hispanic,Never married,Middle income,South
202101008194,1.110294855935433,Not enrolled in school,Working full time,A fair amount,Rarely,Never,Sometimes,Rarely,Never,A fair amount,At least once a day,Never,At least once a day,Somewhat,No,Lives with at least one parent,Excellent,All of the time,A great deal,Extremely well,More involved than desired,About as often as desired,18–29,Man,Some college,"Black, non-Hispanic",Never married,Lower income,Northeast
202101008619,1.0148478626056032,4-year college or graduate school,Working full time,A great deal,Sometimes,Extremely often,Very often,Sometimes,Extremely often,A fair amount,At least once a day,At least once a day,Less than once a month,Completely,No,Does not live with a parent,Excellent,Most of the time,Not much,Somewhat well,As involved as desired,About as often as desired,18–29,Woman,College graduate or higher,"White, non-Hispanic",Married,Lower income,West
202101008756,0.8695464240799682,Not enrolled in school,Working full time,Some,Rarely,Sometimes,Extremely often,Sometimes,Very often,A fair amount,A few times a week,A few times a week,A few times a month,Completely,No,Does not live with a parent,Good,All of the time,A great deal,Very well,As involved as desired,About as often as desired,30–34,Woman,Some college,"White, non-Hispanic",Married,,West
202101008891,0.6938108489648876,Not enrolled in school,Working full time,A fair amount,Rarely,Sometimes,Sometimes,Sometimes,Rarely,Some,A few times a month,A few times a week,A few times a week,Completely,No,Does not live with a parent,Good,All of the time,Some,Very well,As involved as desired,Less often than desired,18–29,Man,College graduate or higher,"Asian, non-Hispanic",Married,Middle income,West
202101008912,5.05418561605832,4-year college or graduate school,Working part time,Some,Sometimes,Rarely,Sometimes,Sometimes,Sometimes,Not much,A few times a week,At least once a day,A few times a month,Completely,No,Does not live with a parent,Excellent,All of the time,Some,Very well,As involved as desired,About as often as desired,18–29,Man,Some college,"White, non-Hispanic",Living with a partner,Lower income,West
202101008943,0.113661283534064,Not enrolled in school,Not currently working for pay,A fair amount,Rarely,Rarely,Sometimes,Sometimes,Sometimes,A fair amount,A few times a month,A few times a month,Less than once a month,Completely,No,Does not live with a parent,Excellent,All of the time,Not at all,Somewhat well,As involved as desired,About as often as desired,30–34,Woman,College graduate or higher,"White, non-Hispanic",Married,Lower income,West
202101008949,0.4625035652501225,Not enrolled in school,Working full time,A great deal,Sometimes,Very often,Sometimes,Very often,Sometimes,A fair amount,A few times a week,A few times a week,A few times a month,Completely,No,Does not live with a parent,Excellent,Most of the time,Some,Very well,As involved as desired,About as often as desired,30–34,Man,College graduate or higher,"White, non-Hispanic",Married,Middle income,West
202101008964,0.6355828814715321,Not enrolled in school,Working full time,A fair amount,Sometimes,Very often,Extremely often,Sometimes,Extremely often,A great deal,At least once a day,At least once a day,Less than once a month,Completely,No,Does not live with a parent,Excellent,All of the time,A fair amount,Extremely well,As involved as desired,About as often as desired,18–29,Woman,College graduate or higher,"White, non-Hispanic",Married,Upper income,South
202101009032,0.2355169429037201,Not enrolled in school,Working full time,A great deal,Sometimes,Extremely often,Very often,Rarely,Extremely often,Some,A few times a week,At least once a day,A few times a week,Completely,No,Does not live with a parent,Excellent,All of the time,Some,Very well,As involved as desired,About as often as desired,30–34,Man,College graduate or higher,"White, non-Hispanic",Married,Middle income,South
202101009088,1.278512440273411,Not enrolled in school,Working full time,A fair amount,Sometimes,Very often,Sometimes,Very often,Sometimes,A fair amount,Less than once a month,A few times a week,A few times a week,Completely,No,Does not live with a parent,Very good,All of the time,Some,Very well,As involved as desired,About as often as desired,30–34,Man,Some college,"White, non-Hispanic",Married,Middle income,South
202101009255,1.623741187511757,Not enrolled in school,Unable to work due to disability,A fair amount,Very often,Never,Never,Never,Never,Not at all,A few times a week,A few times a week,A few times a week,Mostly,Yes,Does not live with a parent,Fair,All of the time,Not at all,Extremely well,As involved as desired,About as often as desired,18–29,Woman,High school or less,"Black, non-Hispanic",Never married,Lower income,South
202101009342,0.3029018697307288,Not enrolled in school,Working part time,A fair amount,Sometimes,Sometimes,Sometimes,Rarely,Rarely,Not much,Less than once a month,A few times a month,Once a month,Completely,No,Does not live with a parent,Good,Most of the time,Not much,Somewhat well,As involved as desired,Less often than desired,30–34,Woman,Some college,"White, non-Hispanic",Married,Middle income,South
202101009433,0.7977557589637564,4-year college or graduate school,Working full time,Some,Sometimes,Sometimes,Rarely,Sometimes,Sometimes,Some,Once a month,A few times a month,Less than once a month,Completely,No,Does not live with a parent,Good,Some of the time,Some,Somewhat well,As involved as desired,About as often as desired,18–29,Man,Some college,"White, non-Hispanic",Never married,Upper income,South
202101009587,0.7268028753210036,Not enrolled in school,Working full time,Some,Rarely,Never,Never,Rarely,Never,Not much,Once a month,Once a month,Less than once a month,Completely,No,Does not live with a parent,Good,Most of the time,Some,Somewhat well,As involved as desired,About as often as desired,30–34,Woman,Some college,Hispanic,Never married,Middle income,South
202101009756,0.8343554263418625,4-year college or graduate school,Working part time,Some,Sometimes,Sometimes,Never,Rarely,Sometimes,Not much,At least once a day,At least once a day,At least once a day,Somewhat,No,Lives with at least one parent,Poor,Some of the time,A great deal,Very well,Less involved than desired,About as often as desired,18–29,Woman,Some college,"Black, non-Hispanic",Never married,Lower income,West
202101009802,0.1077653310725982,Not enrolled in school,Working full time,Not much,Rarely,Rarely,Rarely,Rarely,Rarely,Not much,Less than once a month,Less than once a month,Less than once a month,Completely,No,Does not live with a parent,Fair,All of the time,Not at all,Not too well,Less involved than desired,Less often than desired,30–34,Woman,Some college,"Black, non-Hispanic",Never married,Lower income,South
202101009981,0.0936545543486949,Not enrolled in school,Working full time,A great deal,Sometimes,Very often,Sometimes,Never,Rarely,Some,A few times a week,A few times a month,Less than once a month,Completely,No,Does not live with a parent,Very good,Most of the time,Some,Very well,As involved as desired,About as often as desired,30–34,Man,College graduate or higher,"Black, non-Hispanic",Never married,Middle income,South
202101010044,0.1377767399689002,Not enrolled in school,Not currently working for pay,A fair amount,Never,Never,Never,Never,Rarely,Not much,A few times a month,A few times a week,Less than once a month,Completely,No,Does not live with a parent,Good,Most of the time,A fair amount,Very well,As involved as desired,About as often as desired,30–34,Woman,Some college,"White, non-Hispanic",Married,Middle income,Midwest
202101010114,1.4962397951459676,Not enrolled in school,Not currently working for pay,A great deal,Extremely often,Extremely often,Extremely often,Extremely often,Extremely often,A great deal,,,,Not at all,Yes,Lives with all parents,Excellent,All of the time,A great deal,Extremely well,More involved than desired,More often than desired,18–29,Woman,College graduate or higher,"Other or multiracial, non-Hispanic",Never married,Middle income,West
202101010271,0.2171768781764126,Not enrolled in school,Working full time,A fair amount,Never,Never,Never,Never,Never,Some,Once a month,A few times a month,A few times a month,Completely,No,Does not live with a parent,Poor,Never,Not at all,Not too well,As involved as desired,More often than desired,30–34,Man,Some college,"Asian, non-Hispanic",Never married,Middle income,West
202101010392,6.314159461681934,Not enrolled in school,Working full time,A great deal,Extremely often,Extremely often,Extremely often,Extremely often,Very often,A fair amount,A few times a week,At least once a day,Never,Completely,No,Does not live with a parent,Excellent,Most of the time,Not much,Somewhat well,As involved as desired,Less often than desired,18–29,Woman,High school or less,Hispanic,Divorced,Lower income,South
202101010535,0.3405410522440702,Not enrolled in school,Working full time,,Sometimes,Sometimes,Sometimes,Very often,Sometimes,Some,A few times a month,At least once a day,A few times a week,Mostly,No,Does not live with a parent,Excellent,Most of the time,A fair amount,Extremely well,Less involved than desired,Less often than desired,30–34,Woman,College graduate or higher,"White, non-Hispanic",Married,Middle income,West
202101010724,3.88445630639478,4-year college or graduate school,Working part time,A fair amount,Sometimes,Very often,Very often,Very often,Sometimes,A great deal,A few times a week,A few times a week,Once a month,Mostly,Yes,Does not live with a parent,Very good,Most of the time,Not at all,Very well,As involved as desired,Less often than desired,18–29,Woman,Some college,"Asian, non-Hispanic",Never married,Upper income,West
202101010931,0.2363048558090039,Not enrolled in school,Working full time,A great deal,Extremely often,Extremely often,Extremely often,Extremely often,Extremely often,A great deal,At least once a day,At least once a day,At least once a day,A little,Yes,Does not live with a parent,Excellent,All of the time,Some,Extremely well,More involved than desired,About as often as desired,30–34,Woman,Some college,"White, non-Hispanic",Never married,Lower income,West
202101010937,0.085757860471083,Not enrolled in school,Working full time,Not at all,Never,Never,Never,Never,Never,Not at all,Never,Never,Never,Somewhat,No,Does not live with a parent,Poor,Some of the time,Not at all,Not well at all,Less involved than desired,Less often than desired,30–34,Woman,Some college,"Black, non-Hispanic",Never married,Lower income,South
202101011096,0.2505834548508417,Not enrolled in school,Working full time,Some,Very often,Sometimes,Rarely,Sometimes,Rarely,A fair amount,A few times a month,A few times a week,Less than once a month,Mostly,Yes,Does not live with a parent,Fair,Some of the time,Some,Not too well,As involved as desired,About as often as desired,18–29,Woman,College graduate or higher,"White, non-Hispanic",Living with a partner,Lower income,Midwest
202101011534,5.9455575080762735,4-year college or graduate school,Not currently working for pay,A fair amount,Extremely often,Extremely often,Rarely,Sometimes,Very often,Some,,,,A little,Yes,Lives with all parents,Very good,All of the time,Some,Extremely well,As involved as desired,About as often as desired,18–29,Woman,High school or less,"White, non-Hispanic",Never married,Middle income,South
202101011609,0.3282453094983191,4-year college or graduate school,Unable to work due to disability,A great deal,Rarely,Sometimes,Rarely,Sometimes,Sometimes,Some,At least once a day,At least once a day,A few times a week,Completely,Yes,Does not live with a parent,Excellent,Rarely,Not much,Not too well,More involved than desired,More often than desired,30–34,Woman,High school or less,"White, non-Hispanic",Living with a partner,Lower income,South
202101011714,1.430240568295731,4-year college or graduate school,Working part time,Some,Very often,Rarely,Never,Sometimes,Rarely,Not much,At least once a day,A few times a week,Less than once a month,A little,Yes,Does not live with a parent,Very good,All of the time,Some,Somewhat well,As involved as desired,About as often as desired,18–29,Man,Some college,"Other or multiracial, non-Hispanic",Never married,Middle income,West
202101011803,0.3185454314674442,4-year college or graduate school,Working part time,A fair amount,Very often,Very often,Very often,Extremely often,Very often,Some,Less than once a month,At least once a day,Once a month,Completely,Yes,Does not live with a parent,Excellent,Most of the time,Not much,Not too well,As involved as desired,About as often as desired,18–29,Woman,High school or less,"Other or multiracial, non-Hispanic",Never married,Middle income,West
202101011951,0.1216561982427846,4-year college or graduate school,Not currently working for pay,Not at all,Sometimes,Sometimes,Sometimes,Sometimes,Sometimes,Not at all,Never,Never,Never,Somewhat,Yes,Does not live with a parent,Good,Some of the time,A fair amount,Somewhat well,Less involved than desired,About as often as desired,30–34,Woman,Some college,"Black, non-Hispanic",Divorced,Middle income,Midwest
202101012352,0.3711423920783261,Not enrolled in school,Working full time,Some,Rarely,Never,Never,Sometimes,Never,Not at all,At least once a day,A few times a week,A few times a week,Completely,Yes,Does not live with a parent,Excellent,Most of the time,Not much,Very well,As involved as desired,More often than desired,30–34,Woman,Some college,"White, non-Hispanic",Divorced,Middle income,South
202101012621,0.2766406131040008,Not enrolled in school,Working full time,A great deal,Very often,Extremely often,Extremely often,Sometimes,Extremely often,A great deal,A few times a week,At least once a day,Less than once a month,Completely,Yes,Does not live with a parent,Excellent,All of the time,A fair amount,Extremely well,As involved as desired,About as often as desired,30–34,Woman,High school or less,"Black, non-Hispanic",Married,Lower income,South
202101012819,2.00126786389026,4-year college or graduate school,Working part time,A fair amount,Sometimes,Very often,Rarely,Very often,Sometimes,Some,A few times a month,A few times a month,Less than once a month,A little,Yes,Does not live with a parent,Very good,Most of the time,Not at all,Somewhat well,As involved as desired,Less often than desired,18–29,Man,High school or less,"Other or multiracial, non-Hispanic",Never married,Upper income,West
202101012856,0.1696074446945735,4-year college or graduate school,Working full time,A great deal,Never,Never,Rarely,Rarely,Rarely,Some,A few times a month,At least once a day,Less than once a month,Completely,No,Does not live with a parent,Good,Most of the time,Some,Not too well,As involved as desired,About as often as desired,30–34,Man,College graduate or higher,Hispanic,Never married,Middle income,Midwest
202101012890,0.4393314043563388,4-year college or graduate school,Working full time,A fair amount,Very often,Rarely,Rarely,Rarely,Rarely,Not at all,,,,A little,No,Lives with all parents,Very good,Some of the time,Some,Very well,As involved as desired,About as often as desired,18–29,Man,College graduate or higher,Hispanic,Never married,Lower income,West
202101013013,0.2680437408873349,4-year college or graduate school,Working part time,A great deal,Very often,Very often,Very often,Extremely often,Extremely often,A fair amount,Once a month,A few times a month,Once a month,Completely,No,Lives with at least one parent,Very good,All of the time,Some,Somewhat well,Less involved than desired,Less often than desired,18–29,Woman,Some college,Hispanic,Never married,Lower income,Northeast
202101013024,0.1378704721676769,Not enrolled in school,Working full time,A fair amount,Sometimes,Rarely,Rarely,Very often,Rarely,Some,A few times a month,A few times a week,Less than once a month,Mostly,No,Does not live with a parent,Very good,Most of the time,A fair amount,Very well,Less involved than desired,Less often than desired,18–29,Woman,High school or less,"White, non-Hispanic",Never married,Upper income,Northeast
202101013063,0.371669683217019,Not enrolled in school,Working full time,Some,Never,Sometimes,Never,Rarely,Never,Not much,A few times a week,A few times a week,A few times a week,Mostly,No,Does not live with a parent,Good,Some of the time,Some,Somewhat well,Less involved than desired,Less often than desired,18–29,Woman,High school or less,"Other or multiracial, non-Hispanic",Never married,Lower income,West
202101013083,0.3291733136296068,Not enrolled in school,Working full time,Some,Sometimes,Sometimes,Never,Never,Never,Not at all,Never,At least once a day,At least once a day,Somewhat,No,Lives with at least one parent,Excellent,All of the time,Some,Very well,As involved as desired,About as often as desired,18–29,Woman,High school or less,"White, non-Hispanic",Living with a partner,Lower income,South
202101013137,0.1150356932391222,Not enrolled in school,Working full time,A fair amount,Sometimes,Sometimes,Very often,Sometimes,Sometimes,A great deal,At least once a day,A few times a month,Less than once a month,Completely,No,Does not live with a parent,Excellent,All of the time,A great deal,Extremely well,As involved as desired,About as often as desired,30–34,Woman,College graduate or higher,"Other or multiracial, non-Hispanic",Married,Upper income,West
202101013246,0.1684430772633547,Not enrolled in school,Working part time,Not at all,Never,Rarely,Rarely,Very often,Rarely,Not at all,Less than once a month,A few times a month,Never,Completely,No,Does not live with a parent,Good,Most of the time,Not much,Not too well,Less involved than desired,Less often than desired,30–34,Woman,Some college,"White, non-Hispanic",Married,Lower income,Northeast
202101013281,0.1768239130875494,Not enrolled in school,Working full time,A great deal,Rarely,Rarely,Rarely,Rarely,Sometimes,Not much,,,,Completely,No,Lives with all parents,Good,Most of the time,Some,Very well,As involved as desired,About as often as desired,30–34,Man,College graduate or higher,"Other or multiracial, non-Hispanic",Never married,Middle income,Midwest
202101013297,0.6513773393883003,Not enrolled in school,Working part time,A fair amount,Rarely,Sometimes,Rarely,Sometimes,Rarely,A fair amount,A few times a month,A few times a month,Less than once a month,Mostly,Yes,Does not live with a parent,Very good,Most of the time,Some,Very well,As involved as desired,About as often as desired,18–29,Woman,Some college,"White, non-Hispanic",Living with a partner,Lower income,South
202101013344,0.2714428203813721,4-year college or graduate school,Working full time,A fair amount,Sometimes,Very often,Rarely,Rarely,Sometimes,Some,A few times a week,A few times a week,Less than once a month,Completely,No,Does not live with a parent,Good,Some of the time,Not much,Not well at all,As involved as desired,Less often than desired,18–29,Woman,Some college,"White, non-Hispanic",Married,Middle income,South
202201000063,0.2514541191434932,Not enrolled in school,Working full time,A fair amount,Very often,Sometimes,Extremely often,Extremely often,Sometimes,A fair amount,At least once a day,A few times a week,A few times a week,Completely,Yes,Does not live with a parent,Excellent,All of the time,Some,Very well,As involved as desired,About as often as desired,30–34,Woman,High school or less,"Black, non-Hispanic",Never married,Lower income,South
202201000229,2.4651598590820347,Not enrolled in school,Not currently working for pay,A great deal,Sometimes,Very often,Very often,Sometimes,Very often,A great deal,A few times a week,A few times a week,Less than once a month,Completely,No,Does not live with a parent,Excellent,All of the time,A great deal,Extremely well,Less involved than desired,About as often as desired,30–34,Woman,Some college,"White, non-Hispanic",Married,,West
202201000645,0.5513094454857359,Not enrolled in school,Working full time,A great deal,Very often,Sometimes,Rarely,Very often,Never,Not much,At least once a day,Never,At least once a day,Somewhat,Yes,Lives with at least one parent,Poor,Never,Not at all,Not well at all,Less involved than desired,About as often as desired,18–29,Woman,College graduate or higher,"Black, non-Hispanic",Never married,Lower income,South
202201000802,0.1668425044363394,Not enrolled in school,Not currently working for pay,A great deal,Sometimes,Sometimes,Rarely,Sometimes,Very often,Not much,A few times a month,A few times a month,A few times a month,Completely,Yes,Does not live with a parent,Very good,All of the time,Not at all,Somewhat well,Less involved than desired,Less often than desired,30–34,Woman,Some college,"Black, non-Hispanic",Living with a partner,Lower income,Midwest
202201000953,0.219520926991447,4-year college or graduate school,Working full time,A fair amount,Very often,Sometimes,Sometimes,Sometimes,Sometimes,A fair amount,A few times a month,A few times a month,Less than once a month,Mostly,Yes,Does not live with a parent,Excellent,Most of the time,A great deal,Somewhat well,As involved as desired,Less often than desired,18–29,Man,College graduate or higher,"Other or multiracial, non-Hispanic",Never married,Middle income,West
202201000967,0.5029890808190532,Not enrolled in school,Working full time,A fair amount,Rarely,Sometimes,Sometimes,Rarely,Sometimes,Not much,A few times a week,A few times a week,Once a month,Completely,No,Does not live with a parent,Very good,All of the time,Some,Very well,Less involved than desired,About as often as desired,18–29,Man,High school or less,Hispanic,Married,Middle income,South
202201000976,0.2436466571391082,4-year college or graduate school,Working part time,Not much,Never,Never,Never,Never,Never,Not much,Less than once a month,A few times a month,Once a month,Mostly,Yes,Does not live with a parent,Good,Rarely,A great deal,Not too well,Less involved than desired,Less often than desired,18–29,Nonbinary,Some college,Hispanic,Never married,Lower income,South
202201001046,1.6588628523031526,Not enrolled in school,Working part time,A fair amount,Sometimes,Sometimes,Rarely,Sometimes,Rarely,Some,Less than once a month,Less than once a month,Less than once a month,Somewhat,No,Lives with at least one parent,Poor,Rarely,Not at all,Not too well,Less involved than desired,Less often than desired,18–29,Woman,Some college,"White, non-Hispanic",Never married,Lower income,West
202201001090,0.6429161611482592,Not enrolled in school,Working full time,Some,Never,Never,Never,Never,Never,Not at all,Less than once a month,Less than once a month,Less than once a month,Completely,No,Does not live with a parent,Excellent,All of the time,Not at all,Extremely well,As involved as desired,About as often as desired,18–29,Man,Some college,"Black, non-Hispanic",Never married,Middle income,South
202201001188,0.1212559162094942,2-year college or technical school,Working full time,A great deal,Rarely,Sometimes,Sometimes,Rarely,Rarely,Some,A few times a month,A few times a week,A few times a month,Mostly,No,Does not live with a parent,Fair,All of the time,Some,Not too well,Less involved than desired,Less often than desired,30–34,Woman,High school or less,"Black, non-Hispanic",Married,Lower income,South
202201001247,0.8183128064056038,4-year college or graduate school,Working part time,A great deal,Extremely often,Extremely often,Extremely often,Extremely often,Extremely often,A fair amount,A few times a week,A few times a week,At least once a day,A little,Yes,Lives with at least one parent,Excellent,All of the time,Some,Extremely well,As involved as desired,About as often as desired,18–29,Man,High school or less,"Black, non-Hispanic",Never married,Middle income,South
202201001390,1.025232687958351,Not enrolled in school,Working part time,Some,Rarely,Very often,Sometimes,Sometimes,Never,Some,Never,A few times a week,A few times a week,Somewhat,Yes,Lives with at least one parent,Good,Some of the time,Some,Somewhat well,More involved than desired,More often than desired,30–34,Man,High school or less,Hispanic,Married,Lower income,South
202201001541,1.3812290460838017,Not enrolled in school,Working part time,Some,Never,Never,Never,Rarely,Rarely,A great deal,,,,Completely,No,Lives with all parents,Poor,Rarely,Not at all,Not too well,Less involved than desired,Less often than desired,30–34,Woman,High school or less,Hispanic,Living with a partner,Middle income,Midwest
202201002101,0.1127477167468947,4-year college or graduate school,Not currently working for pay,Some,Extremely often,Rarely,Sometimes,Sometimes,Sometimes,A fair amount,A few times a week,A few times a week,Less than once a month,Not at all,Yes,Lives with at least one parent,Excellent,Some of the time,A great deal,Very well,As involved as desired,About as often as desired,18–29,Woman,Some college,"Asian, non-Hispanic",Never married,Lower income,South
202201002457,0.6436348001858238,4-year college or graduate school,Working full time,A great deal,Never,Never,Never,Sometimes,Never,Not much,A few times a week,A few times a week,A few times a month,Completely,No,Does not live with a parent,Excellent,,Some,Extremely well,As involved as desired,About as often as desired,30–34,Woman,High school or less,"White, non-Hispanic",Living with a partner,Lower income,Northeast
202201002504,0.5056162948485664,Not enrolled in school,Working full time,A great deal,Very often,Extremely often,Sometimes,Very often,Extremely often,A fair amount,A few times a week,A few times a week,Less than once a month,Completely,No,Does not live with a parent,Very good,Most of the time,Not much,Somewhat well,As involved as desired,About as often as desired,18–29,Man,College graduate or higher,"White, non-Hispanic",Never married,Upper income,South
202201002577,0.4849215726375355,2-year college or technical school,Not currently working for pay,Some,Very often,Sometimes,Rarely,Very often,Sometimes,Not much,A few times a month,A few times a month,A few times a month,Somewhat,Yes,Lives with at least one parent,Fair,Some of the time,Not much,Somewhat well,More involved than desired,More often than desired,18–29,Woman,Some college,"Black, non-Hispanic",Never married,Lower income,Northeast
202201002647,0.427836353026196,Not enrolled in school,Working full time,A fair amount,Rarely,Sometimes,Rarely,Very often,Sometimes,Not much,A few times a month,A few times a month,Less than once a month,Completely,No,Does not live with a parent,Poor,Never,Not at all,Not well at all,Less involved than desired,Less often than desired,18–29,Woman,College graduate or higher,"Black, non-Hispanic",Never married,Middle income,Northeast
202201002864,1.1104057709985824,Not enrolled in school,Working part time,Some,Never,Extremely often,Never,Rarely,Rarely,Not at all,,,,Somewhat,Yes,Lives with all parents,Fair,Some of the time,Not at all,Not too well,Less involved than desired,Less often than desired,18–29,Man,College graduate or higher,"Black, non-Hispanic",Never married,Middle income,South
202201002895,0.4035958676849649,4-year college or graduate school,Working full time,A great deal,Rarely,Very often,Very often,Very often,Very often,A fair amount,A few times a week,A few times a week,A few times a month,Somewhat,Yes,Does not live with a parent,Good,Some of the time,Some,Somewhat well,Less involved than desired,Less often than desired,30–34,Man,Some college,"Black, non-Hispanic",Living with a partner,Middle income,South
202201003196,3.778665026297455,Not enrolled in school,Working part time,A great deal,Very often,Very often,Very often,Very often,Sometimes,A fair amount,,,,Mostly,Yes,Lives with all parents,Very good,Most of the time,A great deal,Extremely well,As involved as desired,About as often as desired,18–29,Woman,Some college,Hispanic,Never married,,West
202201003441,2.548085532567348,Not enrolled in school,Not currently working for pay,Some,Never,Never,Never,Never,Never,Not at all,Never,Never,Never,Completely,No,Lives with at least one parent,Excellent,Never,A fair amount,Not well at all,As involved as desired,About as often as desired,18–29,Man,High school or less,"Black, non-Hispanic",Living with a partner,Middle income,South
202201003529,0.9438241180187196,4-year college or graduate school,Working part time,A fair amount,Very often,Very often,Sometimes,Very often,Rarely,A fair amount,At least once a day,At least once a day,Once a month,A little,Yes,Does not live with a parent,Excellent,Most of the time,Some,Very well,More involved than desired,More often than desired,18–29,Woman,Some college,"White, non-Hispanic",Never married,Upper income,Midwest
202201003623,0.2426490900137802,Not enrolled in school,Working full time,A fair amount,Sometimes,Sometimes,Rarely,Sometimes,Sometimes,Some,A few times a month,A few times a month,A few times a month,Completely,No,Does not live with a parent,Very good,Some of the time,Not at all,Somewhat well,As involved as desired,About as often as desired,30–34,Woman,College graduate or higher,"White, non-Hispanic",Married,Middle income,Northeast
202201003753,0.1598728173979041,Not enrolled in school,Working full time,A great deal,Rarely,Sometimes,Sometimes,Rarely,Never,Some,A few times a week,A few times a month,Less than once a month,Completely,No,Does not live with a parent,Excellent,Most of the time,Not much,Very well,As involved as desired,About as often as desired,30–34,Man,College graduate or higher,"White, non-Hispanic",Never married,Middle income,Northeast
202201003766,0.1811424613722342,Not enrolled in school,Working full time,A fair amount,Sometimes,Sometimes,Rarely,Rarely,Rarely,Not much,A few times a month,A few times a week,Less than once a month,Completely,No,Does not live with a parent,Fair,Most of the time,Not at all,Not well at all,Less involved than desired,About as often as desired,18–29,Woman,College graduate or higher,"Other or multiracial, non-Hispanic",Married,Upper income,West
202201003924,0.960822551064078,4-year college or graduate school,Working part time,A great deal,Extremely often,Sometimes,Never,Sometimes,Rarely,Not at all,,,,A little,Yes,Lives with all parents,Fair,All of the time,Not at all,Not too well,Less involved than desired,Less often than desired,18–29,Woman,Some college,"Black, non-Hispanic",Never married,Lower income,Northeast
202201003925,2.550983923664635,Not enrolled in school,Not currently working for pay,A fair amount,Sometimes,Sometimes,Very often,Very often,Sometimes,Some,At least once a day,A few times a week,At least once a day,Mostly,No,Lives with at least one parent,Excellent,All of the time,A great deal,Extremely well,As involved as desired,About as often as desired,18–29,Woman,Some college,Hispanic,Married,,South
202201003976,0.0622368899574861,Not enrolled in school,Working full time,A great deal,Extremely often,Extremely often,Never,Very often,Sometimes,A fair amount,At least once a day,At least once a day,At least once a day,A little,Yes,Lives with at least one parent,Excellent,All of the time,Some,Extremely well,As involved as desired,About as often as desired,30–34,Woman,College graduate or higher,"Black, non-Hispanic",Never married,Middle income,Midwest
202201004077,1.504936167795942,Not enrolled in school,Working part time,A fair amount,Very often,Very often,Very often,Very often,Very often,A great deal,,,,A little,Yes,Lives with all parents,Excellent,All of the time,A fair amount,Somewhat well,As involved as desired,About as often as desired,18–29,Man,High school or less,"Asian, non-Hispanic",Never married,Lower income,South
202201004095,0.029602418957969,Not enrolled in school,Working full time,A fair amount,Sometimes,Extremely often,Very often,Very often,Very often,Some,At least once a day,A few times a week,Less than once a month,Mostly,No,Does not live with a parent,Very good,All of the time,A fair amount,Very well,As involved as desired,About as often as desired,30–34,Woman,College graduate or higher,Hispanic,Married,Middle income,South
202201004312,0.4386034186597362,Not enrolled in school,Working part time,Some,Sometimes,Sometimes,Rarely,Sometimes,Sometimes,Some,Once a month,A few times a week,A few times a month,Somewhat,No,Lives with at least one parent,Good,Some of the time,Some,Not too well,Less involved than desired,More often than desired,18–29,Woman,High school or less,Hispanic,Never married,Lower income,South
202201004725,0.5659321479698096,2-year college or technical school,Working part time,A fair amount,Sometimes,Sometimes,Sometimes,Sometimes,Sometimes,A fair amount,,,,Somewhat,No,Lives with all parents,Excellent,All of the time,Some,Somewhat well,As involved as desired,About as often as desired,18–29,Woman,High school or less,"Black, non-Hispanic",Never married,Middle income,South
202201004764,0.2154105282508484,Not enrolled in school,Working full time,A fair amount,Very often,Very often,Very often,Sometimes,Sometimes,Not much,A few times a week,At least once a day,Less than once a month,Completely,No,Does not live with a parent,Excellent,All of the time,A fair amount,Extremely well,As involved as desired,About as often as desired,18–29,Man,College graduate or higher,Hispanic,Married,Lower income,Midwest
202201005479,0.1733084587859468,Not enrolled in school,Working full time,Some,Sometimes,Sometimes,Never,Never,Never,Some,A few times a month,A few times a week,Less than once a month,Completely,Yes,Does not live with a parent,Good,Most of the time,Some,Not too well,Less involved than desired,About as often as desired,30–34,Woman,High school or less,"Black, non-Hispanic",Never married,Lower income,South
202201005661,4.20793447850794,Not enrolled in school,Working full time,A great deal,Extremely often,Extremely often,Never,Never,Never,Not at all,Less than once a month,A few times a month,Once a month,Somewhat,No,Lives with at least one parent,Excellent,All of the time,Some,Extremely well,As involved as desired,About as often as desired,18–29,Man,High school or less,"Black, non-Hispanic",Never married,Lower income,South
202201005805,0.2126254520241347,Not enrolled in school,Not currently working for pay,A great deal,Rarely,Sometimes,Sometimes,Rarely,Sometimes,Not much,A few times a week,A few times a week,A few times a week,Mostly,No,Lives with at least one parent,Good,Some of the time,Some,Extremely well,More involved than desired,More often than desired,18–29,Man,College graduate or higher,"Black, non-Hispanic",Never married,Upper income,West
202201005996,1.5514189809651038,Not enrolled in school,Working full time,Not much,Sometimes,Rarely,Never,Never,Never,Some,,,,Somewhat,Yes,Lives with all parents,Good,Some of the time,Not much,Very well,More involved than desired,About as often as desired,18–29,Man,Some college,"Black, non-Hispanic",Never married,Lower income,South
202201006018,0.7939953515167091,Not enrolled in school,Working part time,A great deal,Extremely often,Extremely often,Sometimes,Extremely often,Extremely often,A great deal,At least once a day,A few times a week,At least once a day,Somewhat,Yes,Lives with at least one parent,Excellent,All of the time,A fair amount,Very well,As involved as desired,About as often as desired,18–29,Woman,High school or less,"Black, non-Hispanic",Never married,Lower income,South
202201006064,0.107549704527904,Not enrolled in school,Working full time,Some,Rarely,Rarely,Never,Never,Sometimes,Not much,A few times a month,A few times a month,A few times a month,Completely,No,Does not live with a parent,Fair,All of the time,Not at all,Not too well,Less involved than desired,Less often than desired,30–34,Woman,College graduate or higher,"Asian, non-Hispanic",Never married,Middle income,South
202201006145,0.5517218241144093,Not enrolled in school,Working full time,A great deal,Sometimes,Very often,Never,Sometimes,Rarely,Not much,,,,Mostly,No,Lives with all parents,Excellent,Most of the time,Not much,Very well,As involved as desired,About as often as desired,18–29,Woman,College graduate or higher,Hispanic,Never married,Middle income,South
202201006607,1.0032581102704363,Not enrolled in school,Not currently working for pay,Not at all,Rarely,Rarely,Never,Never,Never,Not at all,Less than once a month,Less than once a month,Never,Completely,No,Does not live with a parent,Poor,Never,Not at all,Not well at all,Less involved than desired,Less often than desired,18–29,Woman,High school or less,"White, non-Hispanic",Never married,Middle income,Midwest
202201006715,0.9972132184081994,Not enrolled in school,Working part time,Not much,Never,Never,Never,Never,Never,Not at all,A few times a month,A few times a week,Less than once a month,Completely,No,Does not live with a parent,Poor,Rarely,Not much,Not too well,More involved than desired,About as often as desired,30–34,Woman,High school or less,"White, non-Hispanic",Married,Lower income,South
202201006771,5.170590985284137,Not enrolled in school,Working full time,A great deal,Sometimes,Sometimes,Never,Very often,Never,Not at all,A few times a week,A few times a week,,Completely,No,Does not live with a parent,Excellent,,Not much,Somewhat well,Less involved than desired,More often than desired,30–34,Woman,High school or less,Hispanic,Married,,South
202201007200,2.02357722404564,Not enrolled in school,Not currently working for pay,Some,Extremely often,Rarely,Never,Sometimes,Rarely,Not much,At least once a day,A few times a week,At least once a day,Somewhat,Yes,Does not live with a parent,Very good,Some of the time,A great deal,Somewhat well,More involved than desired,About as often as desired,18–29,Woman,Some college,Hispanic,Married,Lower income,West
202201007550,0.5763977903803778,Not enrolled in school,Not currently working for pay,A great deal,Very often,Sometimes,Sometimes,Very often,Sometimes,A fair amount,A few times a week,A few times a week,A few times a month,Completely,No,Does not live with a parent,Excellent,All of the time,Not much,Very well,As involved as desired,About as often as desired,30–34,Woman,College graduate or higher,"White, non-Hispanic",Married,Upper income,South
202201007616,0.1978225872318496,Not enrolled in school,Not currently working for pay,A great deal,Extremely often,Extremely often,Extremely often,Extremely often,Extremely often,A great deal,A few times a month,A few times a month,A few times a month,Mostly,Yes,Does not live with a parent,Excellent,All of the time,A great deal,Extremely well,As involved as desired,About as often as desired,30–34,Man,Some college,"Asian, non-Hispanic",Married,Lower income,South
202201007696,0.6833052356474882,2-year college or technical school,Working full time,A great deal,Rarely,Very often,Rarely,Rarely,Rarely,Not much,A few times a month,At least once a day,Once a month,Completely,Yes,Does not live with a parent,Excellent,All of the time,A great deal,Very well,As involved as desired,About as often as desired,18–29,Woman,Some college,Hispanic,Living with a partner,Lower income,South
202201007710,1.5429718866094742,Not enrolled in school,Not currently working for pay,Not at all,Sometimes,Rarely,Rarely,Never,Sometimes,Not much,A few times a week,At least once a day,A few times a month,Completely,No,Does not live with a parent,Good,All of the time,A great deal,Extremely well,Less involved than desired,Less often than desired,18–29,Woman,High school or less,"Black, non-Hispanic",Never married,Lower income,South
202201008188,1.0121296863855491,Not enrolled in school,Working part time,A great deal,Sometimes,Sometimes,Rarely,Rarely,Rarely,Some,Less than once a month,A few times a month,Less than once a month,Mostly,Yes,Does not live with a parent,Good,Most of the time,Not much,Very well,Less involved than desired,Less often than desired,18–29,Woman,College graduate or higher,"White, non-Hispanic",Never married,Lower income,South
202201008254,5.248770798307983,4-year college or graduate school,Working full time,A great deal,Very often,Extremely often,Rarely,Sometimes,Sometimes,Some,A few times a month,A few times a month,A few times a month,Mostly,No,Does not live with a parent,Excellent,Most of the time,Not much,Somewhat well,As involved as desired,Less often than desired,18–29,Woman,College graduate or higher,"White, non-Hispanic",Never married,Middle income,South
202201008733,0.3670078888144276,Not enrolled in school,Unable to work due to disability,A fair amount,Sometimes,Sometimes,Rarely,Rarely,Rarely,Not much,,,,Not at all,Yes,Lives with all parents,Fair,Rarely,Not much,Somewhat well,As involved as desired,About as often as desired,30–34,Man,College graduate or higher,"Black, non-Hispanic",Never married,Lower income,South
202201008883,0.1123727531586534,4-year college or graduate school,Working full time,A great deal,Extremely often,Extremely often,Extremely often,Extremely often,Extremely often,A great deal,At least once a day,At least once a day,At least once a day,Mostly,Yes,Does not live with a parent,Excellent,All of the time,A fair amount,Extremely well,As involved as desired,About as often as desired,30–34,Woman,Some college,"Black, non-Hispanic",Never married,Lower income,South
202201009053,0.124002183778461,Not enrolled in school,Working part time,Some,Never,Never,Never,Never,Never,A fair amount,A few times a week,Less than once a month,A few times a week,Mostly,No,Does not live with a parent,Good,All of the time,Not at all,Not well at all,Less involved than desired,Less often than desired,30–34,Woman,Some college,"Black, non-Hispanic",Never married,Lower income,South
202201009240,1.1509757700229872,Not enrolled in school,Working full time,Some,Never,Never,Never,Never,Never,Not at all,Never,Never,Once a month,Completely,No,Does not live with a parent,Poor,Never,Not at all,Very well,As involved as desired,About as often as desired,30–34,Woman,Some college,"Black, non-Hispanic",Living with a partner,Lower income,South
202201009255,0.3434815858830564,Not enrolled in school,Working full time,A great deal,Never,Never,Never,Never,Never,Not much,A few times a month,A few times a week,A few times a month,Completely,No,Does not live with a parent,Fair,Some of the time,Some,Somewhat well,Less involved than desired,Less often than desired,30–34,Woman,College graduate or higher,Hispanic,Married,Middle income,West
202201009647,0.1190210149574495,Not enrolled in school,Working full time,A great deal,Extremely often,Extremely often,Very often,Sometimes,Extremely often,A great deal,At least once a day,At least once a day,Less than once a month,Somewhat,Yes,Does not live with a parent,Excellent,All of the time,Some,Extremely well,As involved as desired,About as often as desired,18–29,Woman,College graduate or higher,"Black, non-Hispanic",Never married,Middle income,South
202201009832,0.7085922845124981,2-year college or technical school,Working part time,A fair amount,Extremely often,Extremely often,Sometimes,Extremely often,Extremely often,A great deal,A few times a month,A few times a week,A few times a month,Not at all,Yes,Lives with at least one parent,Excellent,All of the time,Some,Extremely well,As involved as desired,About as often as desired,30–34,Woman,Some college,"White, non-Hispanic",Never married,Middle income,Midwest
202201009877,0.073364268285182,2-year college or technical school,Working part time,A fair amount,Sometimes,Sometimes,Sometimes,Sometimes,Sometimes,Some,At least once a day,At least once a day,At least once a day,Somewhat,No,Does not live with a parent,Good,Most of the time,Some,Somewhat well,As involved as desired,About as often as desired,30–34,Man,Some college,Hispanic,Living with a partner,Middle income,South
202201010018,0.4444553893608479,Not enrolled in school,Unable to work due to disability,A great deal,Sometimes,Sometimes,Sometimes,Sometimes,Sometimes,Some,At least once a day,At least once a day,Never,Completely,No,Does not live with a parent,Very good,All of the time,Not much,Extremely well,As involved as desired,About as often as desired,30–34,Man,College graduate or higher,"Black, non-Hispanic",Living with a partner,,Northeast
202201010030,0.8563792755453523,Not enrolled in school,Working part time,A fair amount,Sometimes,Sometimes,Sometimes,Sometimes,Sometimes,Some,At least once a day,At least once a day,At least once a day,Somewhat,Yes,Does not live with a parent,Excellent,All of the time,A great deal,Extremely well,More involved than desired,About as often as desired,30–34,Woman,High school or less,"Black, non-Hispanic",Never married,Lower income,South
202201010180,0.5763977903803778,Not enrolled in school,Working full time,A great deal,Very often,Sometimes,Rarely,Sometimes,Very often,A fair amount,A few times a week,A few times a week,A few times a week,Completely,No,Does not live with a parent,Very good,Most of the time,Not at all,Somewhat well,Less involved than desired,Less often than desired,30–34,Woman,College graduate or higher,"White, non-Hispanic",Married,Middle income,South
202201010237,0.8001806824636396,Not enrolled in school,Working full time,Some,Extremely often,Rarely,Sometimes,Sometimes,Rarely,Not much,A few times a week,At least once a day,At least once a day,Completely,Yes,Does not live with a parent,Fair,Some of the time,Not much,Not too well,As involved as desired,Less often than desired,18–29,Woman,High school or less,"Black, non-Hispanic",Never married,,Midwest
202201010393,1.876040818835596,Not enrolled in school,Not currently working for pay,A fair amount,Sometimes,Sometimes,Very often,Very often,Very often,A fair amount,A few times a month,A few times a month,Less than once a month,A little,Yes,Lives with at least one parent,Poor,Rarely,Not at all,Not well at all,Less involved than desired,Less often than desired,18–29,Man,High school or less,"Asian, non-Hispanic",Never married,Lower income,South
202201010474,0.9576224872504188,Not enrolled in school,Working full time,Not much,Rarely,Sometimes,Very often,Sometimes,Sometimes,A fair amount,At least once a day,A few times a month,A few times a week,Completely,No,Does not live with a parent,Excellent,All of the time,Not much,Very well,As involved as desired,About as often as desired,30–34,Man,High school or less,"Black, non-Hispanic",Living with a partner,Lower income,South
202201010614,1.1032128747388792,Not enrolled in school,Working full time,A fair amount,Very often,Sometimes,Extremely often,Sometimes,Very often,A fair amount,A few times a month,A few times a week,At least once a day,Completely,Yes,Lives with at least one parent,Excellent,All of the time,Some,Very well,As involved as desired,About as often as desired,18–29,Woman,High school or less,"Black, non-Hispanic",Never married,Middle income,South
202201010670,0.2126817294103945,Not enrolled in school,Working full time,A great deal,Rarely,Sometimes,Never,Sometimes,Rarely,Not at all,Less than once a month,Less than once a month,Less than once a month,Completely,No,Does not live with a parent,Poor,Rarely,Not at all,Not too well,Less involved than desired,Less often than desired,30–34,Woman,High school or less,"White, non-Hispanic",Living with a partner,Lower income,South
202201010695,0.3612969451818452,Not enrolled in school,Working full time,A fair amount,Very often,Very often,Rarely,Sometimes,Very often,Some,A few times a week,A few times a week,A few times a week,Mostly,Yes,Lives with at least one parent,Very good,Most of the time,A great deal,Very well,As involved as desired,About as often as desired,18–29,Woman,College graduate or higher,"Black, non-Hispanic",Never married,Middle income,South
202201010957,0.4288396845075145,Not enrolled in school,Working part time,Some,Very often,Rarely,Sometimes,Sometimes,Sometimes,Some,Less than once a month,Once a month,Once a month,A little,Yes,Lives with at least one parent,Good,Some of the time,A fair amount,Very well,More involved than desired,About as often as desired,18–29,Woman,Some college,"Asian, non-Hispanic",Never married,Lower income,Midwest
202201010987,0.5859121940959385,4-year college or graduate school,Not currently working for pay,Not much,Sometimes,Rarely,Rarely,Rarely,Rarely,Not much,At least once a day,A few times a week,At least once a day,Somewhat,Yes,Lives with at least one parent,Very good,Most of the time,Some,Somewhat well,As involved as desired,More often than desired,18–29,Nonbinary,Some college,Hispanic,Never married,Lower income,Northeast
202201011039,0.7797297823311636,Not enrolled in school,Working full time,A fair amount,Sometimes,Sometimes,Rarely,Very often,Sometimes,A fair amount,A few times a month,A few times a week,At least once a day,Somewhat,Yes,Lives with at least one parent,Very good,All of the time,Some,Extremely well,As involved as desired,About as often as desired,18–29,Man,College graduate or higher,"Black, non-Hispanic",Never married,Middle income,South
202201011068,0.7739452634423043,2-year college or technical school,Working part time,A great deal,Extremely often,Extremely often,Extremely often,Extremely often,Extremely often,A great deal,A few times a month,At least once a day,At least once a day,Completely,Yes,Lives with at least one parent,Good,,Not much,Somewhat well,More involved than desired,More often than desired,18–29,Man,High school or less,"Black, non-Hispanic",Divorced,Middle income,South
202201011412,0.4891034167017313,Not enrolled in school,Not currently working for pay,A fair amount,Sometimes,Very often,Never,Rarely,Sometimes,A fair amount,,,,Not at all,Yes,Lives with all parents,Excellent,Most of the time,Some,Very well,As involved as desired,About as often as desired,18–29,Man,College graduate or higher,Hispanic,Never married,Middle income,West
202201011589,0.7168321187637009,4-year college or graduate school,Not currently working for pay,A fair amount,Extremely often,Extremely often,Extremely often,Extremely often,Extremely often,A fair amount,,,,A little,Yes,Lives with all parents,Excellent,All of the time,Some,Very well,As involved as desired,About as often as desired,18–29,Man,Some college,"Black, non-Hispanic",Never married,,South
202201012386,0.1211555012625419,Not enrolled in school,Working full time,Some,Extremely often,Extremely often,Sometimes,Extremely often,Very often,A great deal,At least once a day,At least once a day,A few times a week,Not at all,Yes,Does not live with a parent,Poor,All of the time,Not at all,Not well at all,Less involved than desired,Less often than desired,30–34,Woman,Some college,"Black, non-Hispanic",Never married,Lower income,South
202201012546,1.912473167794964,4-year college or graduate school,Working part time,A fair amount,Very often,Very often,Rarely,Very often,Sometimes,A fair amount,,,,A little,Yes,Lives with all parents,Fair,Most of the time,Not much,Somewhat well,More involved than desired,About as often as desired,18–29,Woman,Some college,"Black, non-Hispanic",Never married,Lower income,Northeast
202201012660,0.3850373210799271,Not enrolled in school,Not currently working for pay,Some,Sometimes,Sometimes,Sometimes,Sometimes,Rarely,Some,A few times a month,A few times a week,Never,Completely,No,Does not live with a parent,Poor,Rarely,Not at all,Not well at all,As involved as desired,About as often as desired,30–34,Woman,Some college,Hispanic,Married,Middle income,Midwest
202201012974,0.2442105573720098,4-year college or graduate school,Working full time,A great deal,Very often,Very often,Extremely often,Very often,Very often,A fair amount,,,,Completely,No,Lives with all parents,Very good,All of the time,Some,Very well,As involved as desired,Less often than desired,30–34,Man,College graduate or higher,"Other or multiracial, non-Hispanic",Married,Upper income,South
202201013154,0.4795890339980653,Not enrolled in school,Unable to work due to disability,A great deal,Sometimes,Never,Sometimes,Rarely,Rarely,A great deal,A few times a week,A few times a week,A few times a week,Completely,No,Does not live with a parent,Very good,Most of the time,Not much,Extremely well,Less involved than desired,Less often than desired,30–34,Woman,High school or less,"Black, non-Hispanic",Married,Lower income,South
202201013246,0.4709679622673327,Not enrolled in school,Not currently working for pay,A great deal,Sometimes,Sometimes,Sometimes,Very often,Rarely,Some,At least once a day,At least once a day,At least once a day,Somewhat,Yes,Lives with at least one parent,Excellent,All of the time,A great deal,Very well,As involved as desired,About as often as desired,30–34,Woman,Some college,"Black, non-Hispanic",Married,Lower income,South
202201013343,0.1307235625369164,Not enrolled in school,Working full time,A great deal,Sometimes,Sometimes,Sometimes,Sometimes,Sometimes,A fair amount,At least once a day,At least once a day,A few times a week,Mostly,Yes,Does not live with a parent,Excellent,All of the time,Some,Very well,As involved as desired,About as often as desired,30–34,Woman,College graduate or higher,"White, non-Hispanic",Never married,Middle income,South
202201013639,0.9975144619964932,Not enrolled in school,Working full time,Some,Sometimes,Very often,Rarely,Sometimes,Rarely,Some,A few times a week,A few times a week,At least once a day,Somewhat,Yes,Lives with at least one parent,Very good,Some of the time,Some,Somewhat well,As involved as desired,About as often as desired,30–34,Man,High school or less,"Black, non-Hispanic",Never married,Middle income,South
202201013683,0.7220656871044228,4-year college or graduate school,Working part time,A fair amount,Very often,Extremely often,Sometimes,Very often,Rarely,A great deal,A few times a week,A few times a week,Less than once a month,Somewhat,Yes,Lives with at least one parent,Excellent,All of the time,Some,Somewhat well,As involved as desired,About as often as desired,18–29,Man,Some college,"Asian, non-Hispanic",Never married,Middle income,Midwest
202201013891,0.6311387977372572,4-year college or graduate school,Working part time,Not much,Rarely,Rarely,Never,Rarely,Never,A fair amount,,,,A little,No,Lives with all parents,Very good,Some of the time,Not at all,Not too well,As involved as desired,Less often than desired,18–29,Woman,Some college,"Black, non-Hispanic",Never married,Middle income,Midwest
202201014045,0.3404939436808455,Not enrolled in school,Working full time,Not much,Very often,Rarely,Sometimes,Sometimes,Rarely,Not much,A few times a week,A few times a week,A few times a week,Completely,No,Does not live with a parent,Poor,Rarely,Not much,Not well at all,Less involved than desired,Less often than desired,30–34,Woman,Some college,"Black, non-Hispanic",Never married,Lower income,South
202201014374,0.3060434073070791,4-year college or graduate school,Not currently working for pay,Some,Rarely,Sometimes,Rarely,Sometimes,Sometimes,Not much,,,,Somewhat,No,Lives with all parents,Very good,Some of the time,A fair amount,Somewhat well,As involved as desired,About as often as desired,18–29,Woman,High school or less,"Black, non-Hispanic",Never married,Lower income,South
202201014665,0.1259143870851591,Not enrolled in school,Working full time,A great deal,Rarely,Very often,Rarely,Very often,Rarely,Not much,Once a month,Less than once a month,Less than once a month,Completely,No,Does not live with a parent,Good,All of the time,A great deal,Very well,As involved as desired,Less often than desired,30–34,Man,College graduate or higher,"Black, non-Hispanic",Never married,Lower income,South
202201014738,3.5799665276134385,Not enrolled in school,Unable to work due to disability,Not much,Rarely,Rarely,Rarely,Rarely,Never,Some,Less than once a month,Less than once a month,Less than once a month,Not at all,Yes,Does not live with a parent,Poor,Rarely,Not much,Somewhat well,Less involved than desired,Less often than desired,30–34,Man,High school or less,"Asian, non-Hispanic",Never married,Lower income,South
202201015029,0.397892414329074,Not enrolled in school,Working full time,A fair amount,Sometimes,Rarely,Rarely,Sometimes,Rarely,Some,A few times a month,A few times a month,Less than once a month,Completely,No,Does not live with a parent,Very good,Most of the time,Not much,Not too well,Less involved than desired,Less often than desired,30–34,Man,College graduate or higher,"White, non-Hispanic",Living with a partner,Upper income,South
202201015281,0.0649477664954403,Not enrolled in school,Working full time,Not much,Never,Never,Sometimes,Sometimes,Sometimes,Some,At least once a day,At least once a day,At least once a day,Completely,No,Does not live with a parent,Very good,All of the time,Some,Extremely well,As involved as desired,About as often as desired,30–34,Woman,High school or less,"Black, non-Hispanic",Never married,Lower income,South
202201015312,0.3377934982509907,4-year college or graduate school,Working full time,A great deal,Sometimes,Extremely often,Sometimes,Very often,Rarely,Some,,,,A little,No,Lives with all parents,Very good,Most of the time,Not at all,Very well,Less involved than desired,Less often than desired,18–29,Woman,College graduate or higher,Hispanic,Separated,Lower income,South
202201015581,0.2266773860408143,Not enrolled in school,Working part time,Some,Rarely,Sometimes,Rarely,Rarely,Rarely,Some,A few times a week,A few times a month,Never,Completely,Yes,Does not live with a parent,Very good,Most of the time,Some,Somewhat well,As involved as desired,About as often as desired,30–34,Man,College graduate or higher,"Black, non-Hispanic",Separated,Lower income,Midwest
202201015699,0.4147715014274803,2-year college or technical school,Working part time,Not much,Rarely,Sometimes,Never,Sometimes,Never,Not much,,,,A little,No,Lives with all parents,Good,Some of the time,Not much,Somewhat well,As involved as desired,About as often as desired,18–29,Woman,Some college,Hispanic,Never married,Lower income,South
202201015776,0.5122657181769559,Not enrolled in school,Working full time,A great deal,Extremely often,Extremely often,Extremely often,Extremely often,Never,A fair amount,At least once a day,A few times a month,A few times a week,Mostly,Yes,Does not live with a parent,Excellent,All of the time,Some,Extremely well,Less involved than desired,About as often as desired,30–34,Man,Some college,Hispanic,Married,Lower income,South
202201015924,0.115167144201251,4-year college or graduate school,Working full time,A fair amount,Rarely,Rarely,Never,Rarely,Rarely,Not much,A few times a month,A few times a week,A few times a week,Completely,No,Does not live with a parent,Very good,Some of the time,Not much,Not too well,As involved as desired,About as often as desired,30–34,Woman,College graduate or higher,"Black, non-Hispanic",Married,Middle income,South
202201015930,0.1064094653424027,Not enrolled in school,Working full time,A great deal,Sometimes,Sometimes,Sometimes,Sometimes,Sometimes,Not much,A few times a month,A few times a month,Less than once a month,Completely,No,Does not live with a parent,Very good,Most of the time,Some,Extremely well,As involved as desired,About as often as desired,18–29,Woman,College graduate or higher,"Black, non-Hispanic",Never married,Middle income,South
202201015980,2.7869089444295625,4-year college or graduate school,Not currently working for pay,Some,Sometimes,Very often,Rarely,Sometimes,Sometimes,A fair amount,A few times a week,At least once a day,A few times a month,Not at all,Yes,Lives with at least one parent,Very good,Most of the time,Not at all,Somewhat well,Less involved than desired,About as often as desired,18–29,Woman,High school or less,"Other or multiracial, non-Hispanic",Never married,Lower income,Northeast
202201016046,0.5097910028939181,Not enrolled in school,Working part time,A fair amount,Never,Very often,Rarely,Sometimes,Never,Not at all,A few times a month,Less than once a month,A few times a month,Completely,No,Does not live with a parent,Good,All of the time,Not much,Very well,More involved than desired,Less often than desired,30–34,Woman,High school or less,"Black, non-Hispanic",Living with a partner,Lower income,South
202201016125,0.4499864088479657,4-year college or graduate school,Working part time,A great deal,Very often,Sometimes,Never,Rarely,Sometimes,Some,Once a month,A few times a month,Less than once a month,Mostly,Yes,Lives with at least one parent,Good,Some of the time,Some,Somewhat well,As involved as desired,Less often than desired,18–29,Woman,Some college,Hispanic,Never married,Lower income,West
202201016250,0.2939236428912288,2-year college or technical school,Working full time,Some,Rarely,Never,Never,Rarely,Never,Not much,,,,Somewhat,No,Lives with all parents,Excellent,All of the time,A fair amount,Very well,As involved as desired,About as often as desired,30–34,Woman,Some college,"White, non-Hispanic",Married,Lower income,South
202201016309,0.5165780998287354,4-year college or graduate school,Not currently working for pay,Not much,Rarely,Never,Never,Never,Never,Not much,Never,Less than once a month,Never,Not at all,Yes,Lives with at least one parent,Poor,All of the time,Not at all,Not well at all,Less involved than desired,Less often than desired,18–29,Man,Some college,Hispanic,Never married,Lower income,Northeast
202201016353,0.7134181003215936,4-year college or graduate school,Not currently working for pay,A great deal,Extremely often,Extremely often,Extremely often,Extremely often,Extremely often,A great deal,A few times a week,A few times a week,Less than once a month,Mostly,Yes,Lives with at least one parent,Excellent,All of the time,A great deal,Extremely well,As involved as desired,About as often as desired,18–29,Man,College graduate or higher,"Black, non-Hispanic",Never married,,Northeast
202201016550,0.5171500381867403,Not enrolled in school,Working full time,Some,Very often,Very often,Sometimes,Very often,Sometimes,Some,,,,Somewhat,No,Lives with all parents,Fair,Some of the time,Some,Somewhat well,As involved as desired,About as often as desired,30–34,Man,Some college,"White, non-Hispanic",Never married,Lower income,South
202201016779,0.5221365099802934,Not enrolled in school,Not currently working for pay,A fair amount,Rarely,Very often,Extremely often,Very often,Sometimes,A great deal,At least once a day,At least once a day,Less than once a month,Completely,No,Does not live with a parent,Excellent,Never,A fair amount,Extremely well,As involved as desired,About as often as desired,18–29,Woman,Some college,Hispanic,Living with a partner,Lower income,Midwest
202201016800,0.5109670405837146,Not enrolled in school,Working full time,A great deal,Sometimes,Sometimes,Sometimes,Extremely often,Never,A fair amount,At least once a day,At least once a day,At least once a day,Completely,No,Does not live with a parent,Excellent,All of the time,Some,Very well,As involved as desired,About as often as desired,30–34,Woman,High school or less,"White, non-Hispanic",Divorced,Lower income,South
202201016860,0.3359200260461012,Not enrolled in school,Working full time,A great deal,Very often,Very often,Very often,Sometimes,Very often,A fair amount,At least once a day,At least once a day,A few times a week,Completely,Yes,Does not live with a parent,Very good,All of the time,A fair amount,Very well,As involved as desired,About as often as desired,18–29,Woman,College graduate or higher,"Black, non-Hispanic",Living with a partner,Middle income,South
202201017543,0.4170136989685054,Not enrolled in school,Working full time,A great deal,Very often,Sometimes,Very often,Very often,Very often,A fair amount,At least once a day,A few times a week,At least once a day,Completely,No,Lives with at least one parent,Excellent,Most of the time,A fair amount,Not too well,As involved as desired,About as often as desired,30–34,Man,College graduate or higher,"Other or multiracial, non-Hispanic",Married,Middle income,South
202201017548,6.314159461681934,Not enrolled in school,Working full time,Some,Rarely,Extremely often,Sometimes,Sometimes,Sometimes,A fair amount,,,,Somewhat,Yes,Lives with all parents,Very good,Most of the time,Some,Somewhat well,As involved as desired,About as often as desired,18–29,Man,Some college,"Asian, non-Hispanic",Never married,,West
202201017812,0.8477650838913326,4-year college or graduate school,Working part time,A fair amount,Very often,Rarely,Never,Rarely,Never,Not at all,,,,Not at all,Yes,Lives with all parents,Good,Most of the time,Not much,Very well,Less involved than desired,Less often than desired,18–29,Woman,Some college,"Black, non-Hispanic",Never married,Lower income,Midwest
202201017836,1.0951332593423322,Not enrolled in school,Working full time,A fair amount,Sometimes,Extremely often,Sometimes,Very often,Very often,Some,A few times a week,A few times a week,Less than once a month,Completely,Yes,Does not live with a parent,Very good,Most of the time,A fair amount,Very well,As involved as desired,About as often as desired,18–29,Woman,Some college,"White, non-Hispanic",Living with a partner,Middle income,Midwest
202201017861,0.3627994853330591,Not enrolled in school,Working full time,A great deal,Rarely,Sometimes,Rarely,Rarely,Rarely,Not much,A few times a month,Never,Less than once a month,Completely,No,Does not live with a parent,Very good,All of the time,Not much,Somewhat well,Less involved than desired,Less often than desired,30–34,Woman,High school or less,"White, non-Hispanic",Married,Middle income,South
202201018565,0.3261532041544448,Not enrolled in school,Working part time,A fair amount,Sometimes,Rarely,Never,Sometimes,Never,Not at all,At least once a day,At least once a day,A few times a month,Completely,No,Does not live with a parent,Excellent,All of the time,A great deal,Extremely well,More involved than desired,About as often as desired,18–29,Woman,High school or less,"Black, non-Hispanic",Never married,Lower income,South
202201018927,0.1396964467169823,Not enrolled in school,Working full time,A great deal,Sometimes,Rarely,Rarely,Sometimes,Rarely,Some,At least once a day,At least once a day,A few times a week,Completely,No,Does not live with a parent,Excellent,All of the time,A great deal,Very well,As involved as desired,About as often as desired,30–34,Man,College graduate or higher,"Black, non-Hispanic",Living with a partner,Upper income,Northeast
202201019016,0.8699834376750157,2-year college or technical school,Not currently working for pay,Some,Never,Rarely,Sometimes,Sometimes,Rarely,Not much,A few times a month,A few times a week,Less than once a month,Completely,No,Lives with at least one parent,Good,Most of the time,Not at all,Somewhat well,As involved as desired,About as often as desired,18–29,Man,Some college,Hispanic,Married,Lower income,West
202201019208,0.2122101251546964,Not enrolled in school,Working full time,Not much,Extremely often,Extremely often,Extremely often,Sometimes,Extremely often,A great deal,At least once a day,A few times a month,Less than once a month,Mostly,No,Does not live with a parent,Excellent,All of the time,Not much,Very well,As involved as desired,About as often as desired,30–34,Man,College graduate or higher,"Black, non-Hispanic",Never married,Middle income,Northeast
202201019368,1.046704649748395,Not enrolled in school,Not currently working for pay,Some,Extremely often,Extremely often,Extremely often,Extremely often,Extremely often,A great deal,At least once a day,At least once a day,Less than once a month,Somewhat,Yes,Does not live with a parent,Poor,Rarely,Not at all,Not well at all,As involved as desired,About as often as desired,30–34,Woman,Some college,"Black, non-Hispanic",Never married,Lower income,South
202201019587,3.0466133751269777,Not enrolled in school,Working full time,A great deal,Never,Sometimes,Sometimes,Never,Rarely,Not much,A few times a week,A few times a month,Less than once a month,Completely,Yes,Does not live with a parent,Good,Most of the time,Some,Very well,Less involved than desired,Less often than desired,18–29,Man,College graduate or higher,"Black, non-Hispanic",Married,Lower income,South
202201019690,0.0757019221520196,4-year college or graduate school,Working part time,Not much,Never,Never,Never,Never,Never,Not at all,A few times a month,A few times a month,Less than once a month,Mostly,Yes,Lives with at least one parent,Fair,Rarely,Not much,Not too well,Less involved than desired,About as often as desired,18–29,Woman,College graduate or higher,"Black, non-Hispanic",Never married,Lower income,South
202201019851,1.3057169330934135,Not enrolled in school,Working full time,A fair amount,Very often,Very often,Sometimes,Sometimes,Rarely,A fair amount,A few times a week,At least once a day,A few times a month,Somewhat,Yes,Does not live with a parent,Good,Most of the time,Not much,Somewhat well,Less involved than desired,Less often than desired,18–29,Man,College graduate or higher,"White, non-Hispanic",Never married,Middle income,South
202201020416,1.9108104351007635,4-year college or graduate school,Working part time,Some,Sometimes,Sometimes,Sometimes,Sometimes,Sometimes,Not much,,,,Somewhat,Yes,Lives with all parents,Good,Some of the time,Not much,Somewhat well,More involved than desired,More often than desired,18–29,Woman,Some college,"White, non-Hispanic",Never married,,South
202201020540,0.2460022603203626,Not enrolled in school,Not currently working for pay,Some,Never,Never,Sometimes,Sometimes,Never,Not much,Once a month,A few times a week,A few times a week,Completely,No,Does not live with a parent,Very good,All of the time,Not much,Very well,As involved as desired,About as often as desired,30–34,Woman,College graduate or higher,"White, non-Hispanic",Married,Middle income,Midwest
202201020594,1.4201611224833115,Not enrolled in school,Working full time,Some,Sometimes,Sometimes,Sometimes,Sometimes,Sometimes,Not much,A few times a week,A few times a week,Less than once a month,Completely,No,Does not live with a parent,Very good,Most of the time,Not much,Very well,As involved as desired,About as often as desired,18–29,Man,Some college,"Black, non-Hispanic",Married,Middle income,South
202201020643,0.6449740727011792,Not enrolled in school,Working full time,A fair amount,Rarely,Sometimes,Never,Rarely,Never,Not much,Less than once a month,Once a month,Less than once a month,Completely,No,Does not live with a parent,Excellent,Most of the time,Not at all,Somewhat well,Less involved than desired,Less often than desired,18–29,Man,College graduate or higher,"Other or multiracial, non-Hispanic",Never married,Lower income,West
202201020753,3.736546896190336,Not enrolled in school,Working full time,Some,Never,Never,Rarely,Never,Sometimes,Not at all,Once a month,A few times a month,Once a month,Completely,No,Does not live with a parent,Fair,Most of the time,Not much,Not too well,Less involved than desired,About as often as desired,18–29,Man,High school or less,"Black, non-Hispanic",Living with a partner,Middle income,Midwest
202201021231,0.2301496945635998,Not enrolled in school,Working full time,A fair amount,Sometimes,Sometimes,Sometimes,Rarely,Rarely,Not much,Once a month,A few times a month,Less than once a month,Completely,No,Does not live with a parent,Good,Most of the time,Not much,Somewhat well,As involved as desired,About as often as desired,30–34,Man,College graduate or higher,"White, non-Hispanic",Never married,Upper income,West
202201021280,0.1648418649146223,Not enrolled in school,Working full time,Not much,Never,Never,Never,Never,Never,Not at all,A few times a week,At least once a day,A few times a month,Mostly,Yes,Does not live with a parent,Poor,Never,Not much,Very well,More involved than desired,More often than desired,18–29,Woman,College graduate or higher,Hispanic,Living with a partner,Middle income,Midwest
202201021463,0.2298276155388371,Not enrolled in school,Working full time,A great deal,Sometimes,Very often,Sometimes,Sometimes,Sometimes,A fair amount,A few times a week,A few times a week,Once a month,Completely,No,Does not live with a parent,Very good,All of the time,A great deal,Extremely well,As involved as desired,About as often as desired,18–29,Man,College graduate or higher,"Black, non-Hispanic",Married,Middle income,South
202201021505,0.092438480805561,Not enrolled in school,Working full time,A fair amount,Sometimes,Sometimes,Rarely,Sometimes,Sometimes,A great deal,A few times a month,At least once a day,A few times a month,Mostly,Yes,Does not live with a parent,Very good,All of the time,Some,Extremely well,As involved as desired,About as often as desired,30–34,Woman,College graduate or higher,"White, non-Hispanic",Never married,Lower income,Northeast
202201021677,0.4742549787552244,4-year college or graduate school,,Not much,Sometimes,Sometimes,Rarely,Sometimes,Sometimes,Not much,,,,Mostly,Yes,Lives with all parents,Excellent,Never,Not much,Not too well,As involved as desired,About as often as desired,30–34,Woman,High school or less,Hispanic,Divorced,Middle income,South
202201021747,0.0715690033159955,Not enrolled in school,Working part time,A fair amount,Sometimes,Sometimes,Rarely,Rarely,Never,Some,A few times a month,A few times a month,Less than once a month,Completely,No,Does not live with a parent,Very good,Most of the time,Not much,Somewhat well,As involved as desired,About as often as desired,30–34,Woman,Some college,"White, non-Hispanic",Married,Middle income,Midwest
202201021899,0.459302701731284,Not enrolled in school,Working full time,A fair amount,Very often,Rarely,Never,Sometimes,Rarely,A great deal,A few times a month,At least once a day,Less than once a month,Mostly,Yes,Does not live with a parent,Very good,Rarely,A fair amount,Somewhat well,As involved as desired,About as often as desired,18–29,Man,College graduate or higher,"White, non-Hispanic",Married,Middle income,South
202201021943,0.3072864235505219,Not enrolled in school,Not currently working for pay,A fair amount,Rarely,Extremely often,Extremely often,Extremely often,,Some,A few times a month,Once a month,Never,Mostly,Yes,Does not live with a parent,Good,Most of the time,,Somewhat well,Less involved than desired,Less often than desired,30–34,Woman,Some college,"Black, non-Hispanic",Divorced,Lower income,Midwest
202201021981,0.1232246738237104,Not enrolled in school,Working full time,A great deal,Rarely,Sometimes,Rarely,Sometimes,Rarely,A fair amount,A few times a week,A few times a week,A few times a week,Completely,No,Does not live with a parent,Very good,Most of the time,Not at all,Very well,Less involved than desired,Less often than desired,30–34,Woman,College graduate or higher,Hispanic,Married,Middle income,South
202201022315,0.948926483481002,4-year college or graduate school,Working part time,A great deal,Very often,Sometimes,Rarely,Sometimes,Rarely,Not much,At least once a day,At least once a day,At least once a day,Somewhat,Yes,Lives with at least one parent,Very good,Most of the time,A fair amount,Extremely well,More involved than desired,More often than desired,18–29,Woman,Some college,"Black, non-Hispanic",Never married,Lower income,South
202201022356,0.2169973422549357,4-year college or graduate school,Working full time,Not much,Rarely,Rarely,Sometimes,Rarely,Rarely,Some,Never,At least once a day,Once a month,Completely,No,Does not live with a parent,Good,Some of the time,Not much,Somewhat well,Less involved than desired,Less often than desired,30–34,Woman,Some college,"Black, non-Hispanic",Married,Lower income,South
202201022496,0.5328108061731315,Not enrolled in school,Working full time,A great deal,Sometimes,Rarely,Never,Never,Rarely,Not much,A few times a month,A few times a week,Less than once a month,Completely,No,Does not live with a parent,Very good,Most of the time,Not much,Very well,As involved as desired,About as often as desired,18–29,Man,College graduate or higher,"White, non-Hispanic",Married,Upper income,South
202201022509,0.3181369096044567,Not enrolled in school,Working full time,A fair amount,Rarely,Very often,Rarely,Sometimes,Never,A fair amount,A few times a week,A few times a week,Less than once a month,Completely,No,Does not live with a parent,Good,Some of the time,A fair amount,Somewhat well,As involved as desired,About as often as desired,18–29,Man,College graduate or higher,"White, non-Hispanic",Living with a partner,Upper income,West
202201022560,0.117172585070825,Not enrolled in school,Working full time,A great deal,Never,Never,Never,Never,Never,Not at all,A few times a week,A few times a week,A few times a month,Completely,No,Does not live with a parent,Fair,Some of the time,Not at all,Somewhat well,As involved as desired,About as often as desired,30–34,Man,College graduate or higher,"Asian, non-Hispanic",Married,Middle income,South
202201023319,1.2300974995352505,Not enrolled in school,Working full time,A fair amount,Rarely,Extremely often,Sometimes,Very often,Rarely,A fair amount,,,,A little,No,Lives with all parents,Very good,Most of the time,A great deal,Extremely well,More involved than desired,About as often as desired,18–29,Man,Some college,Hispanic,Never married,Lower income,South
202201023454,0.3036560693534262,Not enrolled in school,Working full time,A great deal,Extremely often,Extremely often,Extremely often,Extremely often,Rarely,A great deal,At least once a day,At least once a day,A few times a week,Completely,Yes,Does not live with a parent,Good,Most of the time,A great deal,Somewhat well,More involved than desired,More often than desired,30–34,Woman,High school or less,"Black, non-Hispanic",Living with a partner,Lower income,South
202201023539,0.382748375950873,4-year college or graduate school,Working part time,A fair amount,Very often,Very often,Sometimes,Very often,Very often,Some,A few times a week,At least once a day,A few times a week,Somewhat,No,Does not live with a parent,Good,Some of the time,Some,Somewhat well,As involved as desired,About as often as desired,18–29,Woman,High school or less,"White, non-Hispanic",Never married,Middle income,Midwest
202201023564,0.5206972209533002,Not enrolled in school,Working full time,A great deal,Extremely often,Extremely often,Sometimes,Sometimes,Sometimes,Some,At least once a day,At least once a day,At least once a day,Completely,No,Does not live with a parent,Very good,All of the time,Some,Extremely well,As involved as desired,About as often as desired,30–34,Woman,High school or less,"Black, non-Hispanic",Never married,Lower income,Northeast
202201023643,0.2391334682609578,4-year college or graduate school,Working full time,A great deal,Extremely often,Extremely often,Extremely often,Extremely often,Extremely often,A fair amount,At least once a day,At least once a day,Less than once a month,Completely,Yes,Does not live with a parent,Excellent,All of the time,A fair amount,Extremely well,As involved as desired,About as often as desired,18–29,Woman,Some college,"Black, non-Hispanic",Living with a partner,Lower income,South
202201023737,0.4078081789383578,Not enrolled in school,Working part time,Some,Rarely,Sometimes,Very often,Sometimes,Rarely,A fair amount,A few times a week,A few times a week,A few times a week,A little,Yes,Does not live with a parent,Good,Some of the time,Some,Somewhat well,As involved as desired,About as often as desired,30–34,Woman,High school or less,"Black, non-Hispanic",Living with a partner,Lower income,South
202201023806,2.4717280693600583,Not enrolled in school,Working full time,A great deal,Extremely often,Extremely often,Extremely often,Extremely often,Extremely often,A great deal,,,,A little,Yes,Lives with all parents,Excellent,Most of the time,Not much,Extremely well,As involved as desired,About as often as desired,18–29,Woman,High school or less,"Black, non-Hispanic",Never married,,South
202201023966,0.2519756058746145,Not enrolled in school,Working full time,A fair amount,Extremely often,Extremely often,Very often,Very often,Sometimes,A great deal,At least once a day,At least once a day,Less than once a month,A little,Yes,Does not live with a parent,Very good,Most of the time,Some,Somewhat well,As involved as desired,About as often as desired,18–29,Woman,College graduate or higher,"White, non-Hispanic",Never married,Middle income,South
202201024350,0.3030604618760229,Not enrolled in school,Working full time,A great deal,Very often,Very often,Rarely,Very often,Very often,A great deal,At least once a day,Less than once a month,Once a month,Completely,No,Does not live with a parent,Excellent,Most of the time,A fair amount,Somewhat well,As involved as desired,About as often as desired,30–34,Man,College graduate or higher,"Black, non-Hispanic",Never married,Middle income,South
202201024523,0.2211206610528048,Not enrolled in school,Working part time,Some,Sometimes,Never,Sometimes,Sometimes,Rarely,Some,A few times a week,A few times a week,A few times a week,Completely,Yes,Does not live with a parent,Good,All of the time,Some,Very well,As involved as desired,About as often as desired,30–34,Woman,High school or less,"Black, non-Hispanic",Living with a partner,Lower income,South
202201024584,0.1746246302858811,2-year college or technical school,Working full time,Some,Rarely,Sometimes,Sometimes,Very often,Very often,Not much,A few times a month,A few times a week,A few times a month,Completely,No,Does not live with a parent,Fair,Most of the time,Some,Somewhat well,Less involved than desired,About as often as desired,30–34,Woman,Some college,"Black, non-Hispanic",Never married,Lower income,Midwest
202201024644,0.8133656591681223,Not enrolled in school,Working full time,Not at all,Never,Never,Never,Never,Never,Not at all,Less than once a month,Once a month,Once a month,Completely,No,Does not live with a parent,Very good,Some of the time,Not much,Somewhat well,As involved as desired,About as often as desired,30–34,Man,Some college,"White, non-Hispanic",Living with a partner,Middle income,Midwest
202201024949,0.2729051037626042,Not enrolled in school,Working full time,Some,Very often,Very often,Sometimes,Very often,Very often,A great deal,At least once a day,At least once a day,At least once a day,Mostly,Yes,Does not live with a parent,Excellent,All of the time,A fair amount,Extremely well,As involved as desired,About as often as desired,18–29,Woman,High school or less,"Asian, non-Hispanic",Never married,Lower income,Midwest
202201024982,6.314159461681934,4-year college or graduate school,Not currently working for pay,Not much,Sometimes,Very often,Sometimes,Very often,Very often,A fair amount,Once a month,At least once a day,At least once a day,A little,No,Lives with at least one parent,Excellent,Most of the time,Not at all,Somewhat well,More involved than desired,About as often as desired,18–29,Man,High school or less,"Asian, non-Hispanic",Never married,Lower income,West
202201025054,0.3498385983579126,Not enrolled in school,Working full time,A fair amount,Sometimes,Rarely,Sometimes,Never,Sometimes,Not much,,,,Somewhat,No,Lives with all parents,Fair,Rarely,Not at all,Not well at all,Less involved than desired,Less often than desired,18–29,Woman,College graduate or higher,"Black, non-Hispanic",Never married,Middle income,South
202201025075,0.1985114495122249,4-year college or graduate school,Not currently working for pay,A great deal,Sometimes,Extremely often,Sometimes,Sometimes,Extremely often,A great deal,A few times a week,At least once a day,Less than once a month,Completely,No,Does not live with a parent,Excellent,All of the time,A fair amount,Not too well,As involved as desired,About as often as desired,18–29,Woman,College graduate or higher,"Black, non-Hispanic",Never married,Middle income,Northeast
202201025098,0.1864033398063467,Not enrolled in school,Working full time,A fair amount,Sometimes,Very often,Sometimes,Sometimes,Rarely,Some,At least once a day,Never,At least once a day,Mostly,No,Lives with at least one parent,Very good,Most of the time,Some,Very well,As involved as desired,About as often as desired,30–34,Woman,College graduate or higher,"Black, non-Hispanic",Never married,Middle income,Midwest
202201025151,0.1452719964759277,Not enrolled in school,Working full time,A fair amount,Rarely,Rarely,Sometimes,Sometimes,Rarely,Not much,A few times a month,A few times a week,Less than once a month,Completely,No,Does not live with a parent,Very good,All of the time,Some,Extremely well,As involved as desired,About as often as desired,30–34,Man,College graduate or higher,"White, non-Hispanic",Married,Upper income,West
202201025162,0.1866338623321388,Not enrolled in school,Working full time,Some,Sometimes,Sometimes,Rarely,Sometimes,Rarely,Some,A few times a week,At least once a day,A few times a week,Mostly,No,Does not live with a parent,Good,Some of the time,Not much,Not too well,More involved than desired,More often than desired,30–34,Woman,College graduate or higher,"White, non-Hispanic",Married,Middle income,Midwest
202201025300,1.723513787681098,Not enrolled in school,Not currently working for pay,Not at all,Never,Never,Sometimes,Never,Never,Not much,Never,A few times a month,Less than once a month,Completely,No,Does not live with a parent,Poor,Never,Not at all,Not well at all,Less involved than desired,Less often than desired,18–29,Woman,High school or less,"White, non-Hispanic",Never married,Lower income,Midwest
202201026021,1.4608044574488608,4-year college or graduate school,Not currently working for pay,Some,Sometimes,Sometimes,Rarely,Never,Sometimes,Not much,A few times a week,A few times a week,A few times a month,A little,Yes,Lives with at least one parent,Fair,Some of the time,Some,Very well,Less involved than desired,Less often than desired,18–29,Woman,High school or less,"Black, non-Hispanic",Never married,Lower income,South
202201026873,0.3984377268266004,4-year college or graduate school,Not currently working for pay,A fair amount,Very often,Sometimes,Sometimes,Sometimes,Sometimes,Not much,,,,A little,Yes,Lives with all parents,Very good,Most of the time,Not much,Somewhat well,As involved as desired,About as often as desired,18–29,Woman,High school or less,"Black, non-Hispanic",Never married,Lower income,South
202201026918,0.6094635407221801,Not enrolled in school,Working full time,A fair amount,Extremely often,Very often,Extremely often,Sometimes,Sometimes,A great deal,At least once a day,At least once a day,Less than once a month,Completely,Yes,Does not live with a parent,Excellent,All of the time,Some,Very well,As involved as desired,About as often as desired,18–29,Woman,College graduate or higher,"Black, non-Hispanic",Never married,Middle income,South
202201027049,0.3764095835656257,Not enrolled in school,Working full time,A great deal,Sometimes,Rarely,Never,Very often,Never,Not much,A few times a month,A few times a week,A few times a month,Somewhat,Yes,Lives with at least one parent,Very good,Most of the time,Not much,Somewhat well,As involved as desired,About as often as desired,18–29,Woman,College graduate or higher,"Asian, non-Hispanic",Never married,Lower income,South
202201027263,0.1678623738735214,Not enrolled in school,Working full time,A fair amount,Very often,Rarely,Rarely,Sometimes,Never,Some,A few times a month,A few times a month,A few times a month,Mostly,Yes,Does not live with a parent,Very good,Most of the time,Some,Somewhat well,Less involved than desired,Less often than desired,30–34,Woman,Some college,"White, non-Hispanic",Living with a partner,Lower income,South
202201027291,1.0140442374087548,Not enrolled in school,Working full time,A great deal,Rarely,Rarely,Rarely,Rarely,Sometimes,Some,,,,Completely,No,Lives with all parents,Excellent,All of the time,A great deal,Extremely well,As involved as desired,About as often as desired,18–29,Man,College graduate or higher,Hispanic,Never married,Lower income,West
202201027472,0.4438936182105757,Not enrolled in school,Working full time,Some,Sometimes,Very often,Sometimes,Rarely,Never,Not much,A few times a month,A few times a week,At least once a day,Mostly,No,Does not live with a parent,Good,Some of the time,Not much,Somewhat well,As involved as desired,About as often as desired,18–29,Woman,College graduate or higher,"White, non-Hispanic",Never married,Middle income,Northeast
202201027542,0.2747608390256557,Not enrolled in school,Working full time,A great deal,Extremely often,Extremely often,Sometimes,Extremely often,Very often,Some,A few times a week,At least once a day,A few times a month,Completely,No,Does not live with a parent,Excellent,All of the time,Some,Very well,As involved as desired,About as often as desired,18–29,Man,High school or less,Hispanic,Living with a partner,Middle income,South
202201027661,1.204996520981587,Not enrolled in school,Working full time,A great deal,Very often,Sometimes,Never,Very often,Rarely,A fair amount,A few times a month,A few times a month,Less than once a month,Completely,No,Does not live with a parent,Very good,Most of the time,Not much,Very well,As involved as desired,About as often as desired,30–34,Man,College graduate or higher,"Black, non-Hispanic",Married,Middle income,Midwest
202201027848,0.5850431317903542,Not enrolled in school,Working part time,Not at all,Extremely often,Sometimes,Extremely often,Extremely often,Rarely,A great deal,A few times a week,At least once a day,A few times a month,Not at all,Yes,Does not live with a parent,Excellent,Some of the time,Some,Not too well,Less involved than desired,Less often than desired,18–29,Woman,High school or less,"Black, non-Hispanic",Separated,Lower income,South
202201027896,0.2818479849266564,Not enrolled in school,Working full time,A fair amount,Rarely,Never,Never,Never,Never,Not at all,Less than once a month,A few times a month,A few times a month,Mostly,No,Does not live with a parent,Good,Some of the time,Not at all,Somewhat well,More involved than desired,About as often as desired,30–34,Man,Some college,"White, non-Hispanic",Living with a partner,Upper income,Northeast
202201028084,0.771126749814218,2-year college or technical school,Unable to work due to disability,A fair amount,Extremely often,Very often,Very often,Very often,Sometimes,A great deal,A few times a week,A few times a week,Never,A little,Yes,Lives with at least one parent,Excellent,All of the time,A great deal,Extremely well,More involved than desired,About as often as desired,18–29,Woman,Some college,"Asian, non-Hispanic",Never married,Lower income,South
202201028835,2.454374544077578,Not enrolled in school,Not currently working for pay,A fair amount,Extremely often,Very often,Sometimes,Sometimes,Rarely,Some,A few times a month,At least once a day,A few times a month,Somewhat,Yes,Lives with at least one parent,Excellent,All of the time,Not much,Very well,As involved as desired,More often than desired,18–29,Woman,Some college,"Black, non-Hispanic",Living with a partner,,South
202201029619,0.0961173885539734,Not enrolled in school,Unable to work due to disability,A fair amount,Sometimes,Rarely,Rarely,Rarely,Rarely,Some,At least once a day,At least once a day,Never,Not at all,Yes,Does not live with a parent,Excellent,All of the time,Some,Extremely well,As involved as desired,About as often as desired,30–34,Woman,High school or less,"Asian, non-Hispanic",Living with a partner,Lower income,Midwest
202201029810,0.4119553482038725,Not enrolled in school,Retired,Not much,Sometimes,Sometimes,Extremely often,Sometimes,Sometimes,Not much,A few times a month,A few times a week,Less than once a month,Completely,Yes,Does not live with a parent,Poor,All of the time,Not much,Extremely well,As involved as desired,About as often as desired,30–34,Woman,High school or less,"Asian, non-Hispanic",Never married,Lower income,South
202201030027,0.1598292690441186,Not enrolled in school,Working full time,A great deal,Very often,Very often,Rarely,Sometimes,Sometimes,A fair amount,A few times a month,A few times a month,A few times a month,Completely,No,Does not live with a parent,Very good,Most of the time,Some,Somewhat well,As involved as desired,About as often as desired,30–34,Woman,Some college,"White, non-Hispanic",Never married,Lower income,Midwest
202201030057,0.2255599359931419,Not enrolled in school,Not currently working for pay,A great deal,Very often,Sometimes,Rarely,Sometimes,Rarely,Some,,,,Not at all,Yes,Lives with all parents,Good,Some of the time,Some,Somewhat well,More involved than desired,About as often as desired,18–29,Woman,College graduate or higher,"Black, non-Hispanic",Never married,Middle income,South
202201030062,5.248541545664863,Not enrolled in school,Unable to work due to disability,Some,Never,Never,Rarely,Never,Never,Not at all,A few times a week,Once a month,Less than once a month,Completely,No,Does not live with a parent,Good,Most of the time,Not at all,Somewhat well,As involved as desired,About as often as desired,18–29,Man,Some college,"Black, non-Hispanic",Never married,Middle income,Northeast
202201030170,0.1220222730539212,4-year college or graduate school,Not currently working for pay,Some,Rarely,Sometimes,Rarely,Very often,Rarely,A fair amount,At least once a day,At least once a day,At least once a day,Somewhat,No,Lives with at least one parent,Excellent,Most of the time,Not much,Somewhat well,As involved as desired,About as often as desired,18–29,Woman,College graduate or higher,"Black, non-Hispanic",Never married,Lower income,South
202201030221,0.11730997443715,4-year college or graduate school,Working full time,Not at all,Never,Never,Never,Never,Never,Not at all,A few times a month,A few times a month,Once a month,Completely,No,Does not live with a parent,Good,Rarely,Not at all,Not too well,As involved as desired,About as often as desired,30–34,Woman,Some college,"Black, non-Hispanic",Married,Middle income,South
202201030295,0.0853300782514631,Not enrolled in school,Working full time,Some,Sometimes,Sometimes,Very often,Sometimes,Sometimes,Some,A few times a month,A few times a month,A few times a month,Completely,No,Does not live with a parent,Very good,Most of the time,A fair amount,Somewhat well,Less involved than desired,Less often than desired,30–34,Man,College graduate or higher,"Black, non-Hispanic",Never married,Middle income,Midwest
202201030581,0.064552985808414,Not enrolled in school,Working full time,A great deal,Sometimes,Sometimes,Very often,Sometimes,Very often,A great deal,A few times a month,A few times a week,A few times a week,Completely,No,Does not live with a parent,Very good,Most of the time,A fair amount,Somewhat well,As involved as desired,About as often as desired,30–34,Man,College graduate or higher,"Black, non-Hispanic",Never married,Upper income,Northeast
202201030667,1.7765545978094754,4-year college or graduate school,Working part time,A fair amount,Rarely,Sometimes,Rarely,Sometimes,Sometimes,Not much,,,,Not at all,Yes,Lives with all parents,Very good,Some of the time,Not at all,Not too well,As involved as desired,Less often than desired,18–29,Man,Some college,"Black, non-Hispanic",Never married,Lower income,Northeast
202201030683,0.2201576578721044,Not enrolled in school,Working full time,Not much,Sometimes,Sometimes,Never,Rarely,Rarely,Not at all,A few times a week,A few times a month,A few times a month,Mostly,No,Does not live with a parent,Good,All of the time,Some,Somewhat well,Less involved than desired,Less often than desired,18–29,Woman,Some college,Hispanic,Living with a partner,Lower income,South
202201030849,1.3655448657725555,Not enrolled in school,Working full time,A fair amount,Rarely,Rarely,Rarely,Rarely,Rarely,Some,Once a month,Never,Less than once a month,Mostly,No,Does not live with a parent,Fair,All of the time,Some,Very well,Less involved than desired,About as often as desired,30–34,Woman,High school or less,"Black, non-Hispanic",Married,Lower income,South
202201031073,0.2458058709890082,4-year college or graduate school,Not currently working for pay,A great deal,Very often,Very often,Sometimes,Extremely often,Very often,A fair amount,A few times a week,At least once a day,A few times a week,Somewhat,Yes,Lives with at least one parent,Poor,Rarely,Not at all,Not too well,Less involved than desired,Less often than desired,18–29,Woman,Some college,"Asian, non-Hispanic",Never married,Middle income,Midwest
202201031145,1.149014633882136,Not enrolled in school,Working full time,A great deal,Rarely,Sometimes,Rarely,Rarely,Sometimes,Some,A few times a week,A few times a week,Less than once a month,Completely,Yes,Does not live with a parent,Fair,Some of the time,Not much,Somewhat well,Less involved than desired,Less often than desired,18–29,Man,High school or less,"Black, non-Hispanic",Divorced,Middle income,South
202201031271,1.7191864985071814,Not enrolled in school,Working full time,A great deal,Never,Rarely,Never,Rarely,Sometimes,Not much,Never,Never,Never,Completely,No,Lives with at least one parent,Good,Some of the time,A fair amount,Not too well,More involved than desired,About as often as desired,30–34,Woman,High school or less,Hispanic,Never married,Lower income,West
202201031788,3.820700841162676,2-year college or technical school,Not currently working for pay,Not much,Extremely often,Extremely often,Sometimes,Very often,Sometimes,Some,Less than once a month,Less than once a month,Less than once a month,Somewhat,Yes,Lives with at least one parent,Very good,Some of the time,Not much,Not too well,Less involved than desired,About as often as desired,18–29,Man,High school or less,"Black, non-Hispanic",Divorced,,Midwest
202201032016,1.2970145967865303,4-year college or graduate school,Working full time,A fair amount,Extremely often,Very often,Rarely,Very often,Sometimes,Not much,,,,Mostly,No,Lives with all parents,Excellent,All of the time,A great deal,Extremely well,As involved as desired,About as often as desired,18–29,Woman,College graduate or higher,"Black, non-Hispanic",Never married,Lower income,Northeast
202201032043,0.3344779222539014,Not enrolled in school,Working full time,A fair amount,Rarely,Rarely,Never,Never,Never,Not at all,A few times a week,A few times a week,Less than once a month,Completely,No,Does not live with a parent,Excellent,All of the time,Not at all,Somewhat well,As involved as desired,Less often than desired,30–34,Man,College graduate or higher,"White, non-Hispanic",Never married,Middle income,South
202201032054,0.20004688747692,4-year college or graduate school,Working part time,Some,Extremely often,Very often,Sometimes,Sometimes,Rarely,A fair amount,A few times a week,At least once a day,A few times a week,A little,Yes,Does not live with a parent,Good,Most of the time,Not at all,Somewhat well,As involved as desired,About as often as desired,18–29,Woman,College graduate or higher,"Black, non-Hispanic",Never married,,Midwest
202201032133,0.1261528866531366,Not enrolled in school,Not currently working for pay,A great deal,Rarely,Sometimes,Sometimes,Sometimes,Rarely,A fair amount,A few times a week,A few times a week,A few times a week,Somewhat,No,Does not live with a parent,Fair,Rarely,Not much,Somewhat well,More involved than desired,More often than desired,30–34,Woman,High school or less,"Black, non-Hispanic",Separated,Lower income,South
202201032653,0.8982997708046649,Not enrolled in school,Working full time,Some,Sometimes,Sometimes,Sometimes,Sometimes,Very often,Some,At least once a day,Once a month,A few times a month,Somewhat,Yes,Does not live with a parent,Excellent,Most of the time,A great deal,Very well,More involved than desired,About as often as desired,30–34,Man,Some college,"Black, non-Hispanic",Living with a partner,Middle income,Midwest
202201032838,0.4950129321105043,Not enrolled in school,Working full time,A great deal,Rarely,Rarely,Sometimes,Rarely,Rarely,Some,At least once a day,At least once a day,Less than once a month,Completely,No,Does not live with a parent,Very good,Most of the time,A fair amount,Somewhat well,Less involved than desired,About as often as desired,30–34,Man,College graduate or higher,"Asian, non-Hispanic",Married,Upper income,Northeast
202201033431,0.1905368914604655,Not enrolled in school,Working full time,A great deal,Extremely often,Extremely often,Extremely often,Extremely often,Extremely often,A great deal,,,,Mostly,Yes,Lives with all parents,Excellent,Most of the time,Some,Very well,As involved as desired,About as often as desired,18–29,Woman,College graduate or higher,"Black, non-Hispanic",Married,Lower income,South
202201033626,1.1192204872546834,2-year college or technical school,Working full time,A great deal,Extremely often,Sometimes,Sometimes,Sometimes,Extremely often,A fair amount,At least once a day,A few times a month,A few times a week,Not at all,Yes,Lives with at least one parent,Very good,All of the time,A great deal,Extremely well,More involved than desired,More often than desired,18–29,Woman,High school or less,"Black, non-Hispanic",Never married,Lower income,South
202201033760,0.1857523725765901,Not enrolled in school,Working part time,A fair amount,Sometimes,Sometimes,Very often,Very often,Sometimes,Not much,At least once a day,A few times a week,Less than once a month,Completely,No,Does not live with a parent,Good,,A great deal,Very well,As involved as desired,About as often as desired,30–34,Woman,Some college,"Black, non-Hispanic",Married,Lower income,South
202201034233,0.7500967937040777,4-year college or graduate school,Not currently working for pay,A great deal,Extremely often,Extremely often,Extremely often,Sometimes,Extremely often,A great deal,At least once a day,At least once a day,At least once a day,Somewhat,Yes,Lives with at least one parent,Excellent,All of the time,A fair amount,Extremely well,As involved as desired,About as often as desired,18–29,Woman,Some college,"Black, non-Hispanic",Living with a partner,Lower income,South
202201034486,0.2937196948098805,2-year college or technical school,Working part time,Some,Very often,Sometimes,Very often,Sometimes,Sometimes,A fair amount,A few times a month,A few times a month,Once a month,Somewhat,Yes,Lives with at least one parent,Good,Most of the time,A fair amount,Somewhat well,Less involved than desired,Less often than desired,18–29,Nonbinary,Some college,Hispanic,Never married,Lower income,South
202201035001,0.6179400461448964,Not enrolled in school,Working full time,A fair amount,Never,Rarely,Never,Never,Never,Not much,A few times a month,A few times a week,Less than once a month,Completely,No,Does not live with a parent,Good,Rarely,Some,Very well,As involved as desired,About as often as desired,30–34,Man,College graduate or higher,"White, non-Hispanic",Married,Upper income,South
202201035069,0.6758064316959574,4-year college or graduate school,Working full time,Not much,Never,Never,Rarely,Never,Rarely,Not at all,Less than once a month,Less than once a month,Less than once a month,Completely,No,Does not live with a parent,Fair,Some of the time,Some,Very well,Less involved than desired,Less often than desired,18–29,Woman,Some college,"White, non-Hispanic",Living with a partner,Lower income,Midwest
202201035271,1.6797907125925386,4-year college or graduate school,Working part time,Not at all,Never,Never,Never,Rarely,Never,Not at all,Once a month,A few times a week,Less than once a month,Completely,No,Does not live with a parent,Good,All of the time,A fair amount,Somewhat well,As involved as desired,About as often as desired,18–29,Woman,High school or less,"Black, non-Hispanic",Divorced,Lower income,South
202201035792,0.3026248539110535,Not enrolled in school,Working full time,Not much,Rarely,Rarely,Never,Never,Rarely,Not at all,At least once a day,At least once a day,Less than once a month,Completely,No,Does not live with a parent,Good,Most of the time,Not at all,Very well,Less involved than desired,About as often as desired,18–29,Woman,Some college,"Black, non-Hispanic",Never married,Middle income,South
202201035983,0.2553526419524761,Not enrolled in school,Working full time,Not at all,Never,Never,Never,Never,Never,Not at all,Never,A few times a week,A few times a week,Completely,No,Does not live with a parent,Poor,Rarely,Some,Not well at all,As involved as desired,About as often as desired,30–34,Woman,High school or less,"Black, non-Hispanic",Living with a partner,Lower income,South
202201036076,0.1510043597907441,Not enrolled in school,Working full time,Some,Never,Never,Never,Never,Never,Some,A few times a month,A few times a month,Less than once a month,Completely,No,Does not live with a parent,Good,Some of the time,Some,Somewhat well,As involved as desired,About as often as desired,30–34,Woman,College graduate or higher,Hispanic,Married,Lower income,South
202201036436,0.0658229198353675,Not enrolled in school,Working full time,A great deal,Rarely,Never,Rarely,Rarely,Never,Not much,A few times a month,A few times a month,Less than once a month,Completely,No,Does not live with a parent,Good,All of the time,Some,Somewhat well,As involved as desired,About as often as desired,30–34,Man,College graduate or higher,"Asian, non-Hispanic",Never married,Middle income,Northeast
202201036459,0.0557527342046621,4-year college or graduate school,Working full time,A fair amount,Extremely often,Extremely often,Extremely often,Extremely often,Extremely often,A great deal,At least once a day,At least once a day,A few times a week,Mostly,Yes,Does not live with a parent,Excellent,All of the time,Some,Extremely well,More involved than desired,About as often as desired,30–34,Woman,Some college,"Black, non-Hispanic",Living with a partner,Lower income,Midwest
202201036517,0.2224611999433756,Not enrolled in school,Working full time,A great deal,Very often,Very often,Sometimes,Very often,Very often,A fair amount,A few times a month,At least once a day,At least once a day,Mostly,No,Lives with at least one parent,Very good,Most of the time,Some,Somewhat well,As involved as desired,About as often as desired,18–29,Woman,College graduate or higher,"Black, non-Hispanic",Never married,Middle income,Midwest
202201036524,0.4016987482856656,Not enrolled in school,Not currently working for pay,Some,Rarely,Rarely,Never,Never,Never,A great deal,Less than once a month,At least once a day,Less than once a month,Not at all,No,Does not live with a parent,Excellent,All of the time,A great deal,Extremely well,As involved as desired,More often than desired,18–29,Woman,High school or less,"Black, non-Hispanic",Married,Lower income,Midwest
202201036720,0.3779684483797867,Not enrolled in school,Not currently working for pay,A great deal,Very often,Sometimes,Sometimes,Sometimes,Rarely,A fair amount,Once a month,A few times a month,Less than once a month,Mostly,No,Does not live with a parent,Very good,All of the time,Some,Very well,Less involved than desired,Less often than desired,30–34,Woman,Some college,Hispanic,Married,Lower income,Midwest
202201036786,1.654322578134,Not enrolled in school,Working full time,A fair amount,Rarely,Rarely,Sometimes,Very often,Rarely,A fair amount,A few times a month,A few times a month,Once a month,Completely,Yes,Lives with at least one parent,Good,Rarely,Some,Somewhat well,Less involved than desired,Less often than desired,30–34,Man,Some college,"Black, non-Hispanic",Married,Middle income,Northeast
202201036800,0.2611006186682459,2-year college or technical school,Not currently working for pay,Not much,Sometimes,Rarely,Never,Rarely,Sometimes,Not much,,,,Somewhat,Yes,Lives with all parents,Good,Some of the time,Some,Somewhat well,Less involved than desired,Less often than desired,18–29,Woman,Some college,"White, non-Hispanic",Never married,Lower income,Midwest
202201036846,3.377866884663617,Not enrolled in school,Not currently working for pay,A fair amount,Extremely often,Sometimes,Very often,Very often,Sometimes,A great deal,A few times a month,A few times a week,Once a month,Completely,No,Does not live with a parent,Excellent,All of the time,A fair amount,Very well,As involved as desired,About as often as desired,30–34,Woman,High school or less,Hispanic,Married,,South
202201037024,0.3100550566575755,Not enrolled in school,Working full time,A fair amount,Rarely,Sometimes,Sometimes,Sometimes,Sometimes,Some,Less than once a month,At least once a day,A few times a month,Completely,No,Does not live with a parent,Very good,Most of the time,Some,Very well,As involved as desired,About as often as desired,30–34,Man,Some college,"White, non-Hispanic",Never married,Middle income,West
202201037226,0.0880104356277886,Not enrolled in school,Working full time,A great deal,Extremely often,Sometimes,Rarely,Very often,Very often,A great deal,A few times a month,A few times a week,A few times a month,Mostly,Yes,Does not live with a parent,Excellent,All of the time,A great deal,Extremely well,As involved as desired,About as often as desired,30–34,Man,College graduate or higher,"Black, non-Hispanic",Living with a partner,Middle income,South
202201037273,0.1264177205729901,Not enrolled in school,Working full time,A great deal,Sometimes,Sometimes,Never,Sometimes,Sometimes,Not much,A few times a week,A few times a month,Less than once a month,Completely,Yes,Does not live with a parent,Fair,Never,Not much,Very well,As involved as desired,About as often as desired,30–34,Woman,College graduate or higher,"Black, non-Hispanic",Never married,Lower income,Midwest
202201037280,0.0828758256911887,Not enrolled in school,Working full time,A great deal,Very often,Sometimes,Very often,Very often,Rarely,Some,A few times a week,A few times a week,Once a month,Completely,No,Does not live with a parent,Excellent,All of the time,Not at all,Extremely well,As involved as desired,About as often as desired,30–34,Woman,College graduate or higher,Hispanic,Divorced,Middle income,South
202201037671,0.0846299330646426,Not enrolled in school,Working full time,A fair amount,Sometimes,Sometimes,Sometimes,Rarely,Rarely,A fair amount,A few times a month,A few times a month,Once a month,Completely,No,Does not live with a parent,Very good,Most of the time,Not at all,Very well,As involved as desired,About as often as desired,30–34,Man,College graduate or higher,"White, non-Hispanic",Married,Upper income,Midwest
202201037730,0.4373413219763747,Not enrolled in school,Working full time,Not at all,Rarely,Rarely,Never,Never,Never,Not at all,Less than once a month,Less than once a month,Less than once a month,Mostly,Yes,Does not live with a parent,Poor,Rarely,Some,Not well at all,As involved as desired,About as often as desired,30–34,Nonbinary,High school or less,Hispanic,Never married,Lower income,Northeast
202201038379,0.9055068268150004,4-year college or graduate school,Working full time,A fair amount,Very often,Rarely,Sometimes,Sometimes,Rarely,A fair amount,A few times a week,A few times a month,A few times a week,Somewhat,No,Lives with at least one parent,Very good,Some of the time,Some,Not too well,As involved as desired,More often than desired,18–29,Man,Some college,"Black, non-Hispanic",Married,Lower income,South
202201038387,0.6914742421436161,Not enrolled in school,Working full time,A great deal,Extremely often,Extremely often,Sometimes,Extremely often,Sometimes,A great deal,,,,A little,Yes,Lives with all parents,Excellent,All of the time,A great deal,Extremely well,As involved as desired,About as often as desired,30–34,Man,College graduate or higher,"Other or multiracial, non-Hispanic",Never married,Middle income,West
202201038814,0.6560858360148712,2-year college or technical school,Working full time,Not much,Sometimes,Never,Never,Never,Never,Some,At least once a day,A few times a week,A few times a week,Mostly,Yes,Does not live with a parent,Fair,Some of the time,Not at all,Somewhat well,Less involved than desired,Less often than desired,18–29,Woman,Some college,"Black, non-Hispanic",Living with a partner,Lower income,South
202201038863,0.8704495218516937,Not enrolled in school,Not currently working for pay,A fair amount,Rarely,Rarely,Rarely,Rarely,Rarely,Not much,A few times a month,A few times a week,Less than once a month,Completely,No,Does not live with a parent,Excellent,All of the time,Not at all,Somewhat well,As involved as desired,About as often as desired,30–34,Woman,Some college,"White, non-Hispanic",Married,Middle income,Northeast
202201039132,0.5877423527439041,Not enrolled in school,Not currently working for pay,Not much,Never,Never,Never,Never,Never,Some,Never,A few times a month,Less than once a month,Completely,No,Does not live with a parent,Fair,Rarely,Not much,Not well at all,Less involved than desired,Less often than desired,18–29,Woman,High school or less,"White, non-Hispanic",Married,Lower income,South
202201039180,0.5089024971421663,2-year college or technical school,Working part time,Not much,Never,Never,Sometimes,Extremely often,Very often,A fair amount,Once a month,Less than once a month,At least once a day,Not at all,Yes,Lives with at least one parent,Very good,All of the time,A great deal,Somewhat well,As involved as desired,About as often as desired,30–34,Woman,College graduate or higher,"Black, non-Hispanic",Never married,Lower income,West
202201039309,0.0661382645935713,Not enrolled in school,Working full time,A great deal,Rarely,Rarely,Never,Rarely,Never,Not at all,Once a month,A few times a month,Less than once a month,Completely,No,Does not live with a parent,Fair,Rarely,Not much,Somewhat well,Less involved than desired,Less often than desired,30–34,Woman,College graduate or higher,"White, non-Hispanic",Married,Middle income,South
202201039452,0.4139006518845323,Not enrolled in school,Working full time,A great deal,Extremely often,Extremely often,Extremely often,Extremely often,Extremely often,A great deal,At least once a day,At least once a day,A few times a month,Completely,No,Lives with at least one parent,Excellent,All of the time,A great deal,Extremely well,As involved as desired,About as often as desired,30–34,Woman,Some college,Hispanic,Married,Lower income,West
202201039465,0.184786981144711,4-year college or graduate school,Working part time,A great deal,Extremely often,Extremely often,Sometimes,Very often,Sometimes,A fair amount,,,,Not at all,Yes,Lives with all parents,Very good,Most of the time,Not much,Somewhat well,Less involved than desired,Less often than desired,18–29,Woman,High school or less,Hispanic,Never married,Lower income,South
202201039500,0.6221019652660964,Not enrolled in school,Working full time,A fair amount,Rarely,Sometimes,Sometimes,Sometimes,Never,Not much,Less than once a month,A few times a month,Less than once a month,Completely,No,Does not live with a parent,Fair,All of the time,Not at all,Not too well,As involved as desired,About as often as desired,30–34,Man,High school or less,"Black, non-Hispanic",Living with a partner,Middle income,South
202201039551,0.1813077017160065,Not enrolled in school,Working full time,Some,Sometimes,Never,Rarely,Sometimes,Rarely,Not much,At least once a day,A few times a month,At least once a day,Completely,Yes,Does not live with a parent,Good,Some of the time,A fair amount,Very well,Less involved than desired,About as often as desired,30–34,Woman,High school or less,"Black, non-Hispanic",Never married,Lower income,Midwest
202201039841,0.8415254913378235,Not enrolled in school,Working part time,A fair amount,Sometimes,Rarely,Rarely,Sometimes,Sometimes,Some,,,,Not at all,Yes,Lives with all parents,Excellent,Most of the time,A fair amount,Very well,As involved as desired,About as often as desired,18–29,Man,College graduate or higher,"Black, non-Hispanic",Never married,Lower income,Northeast
202201040180,0.7582821190897499,Not enrolled in school,Working part time,A fair amount,Very often,Very often,Never,Very often,Sometimes,A fair amount,A few times a week,At least once a day,A few times a month,Mostly,Yes,Does not live with a parent,Excellent,All of the time,A fair amount,Very well,As involved as desired,About as often as desired,18–29,Woman,Some college,"White, non-Hispanic",Never married,Middle income,South
202201040432,1.2817125406804022,2-year college or technical school,Working full time,A great deal,Very often,Very often,Very often,Very often,Very often,A fair amount,A few times a month,A few times a month,A few times a week,Completely,No,Does not live with a parent,Excellent,Most of the time,Not at all,Very well,As involved as desired,About as often as desired,18–29,Man,Some college,"White, non-Hispanic",Never married,Lower income,Midwest
202201040510,0.166076973546242,Not enrolled in school,Working full time,A fair amount,Sometimes,Sometimes,Rarely,Sometimes,Sometimes,Some,At least once a day,At least once a day,A few times a week,Completely,No,Does not live with a parent,Very good,Most of the time,Not much,Somewhat well,As involved as desired,About as often as desired,30–34,Woman,Some college,Hispanic,Married,Middle income,South
202201040772,0.6885713143464498,Not enrolled in school,Working part time,A fair amount,Very often,Sometimes,Extremely often,Very often,Extremely often,Some,A few times a week,A few times a week,Less than once a month,Somewhat,No,Lives with at least one parent,Very good,Most of the time,A fair amount,Not too well,As involved as desired,Less often than desired,30–34,Woman,High school or less,"Black, non-Hispanic",Living with a partner,Lower income,South
202201040901,0.7443014805340421,Not enrolled in school,Working full time,A great deal,Sometimes,Very often,Sometimes,Sometimes,Rarely,Some,,,,Somewhat,Yes,,Good,,,,,,18–29,Woman,High school or less,"Other or multiracial, non-Hispanic",,Lower income,South
202201041138,0.3648225558320984,4-year college or graduate school,Not currently working for pay,Some,Sometimes,Sometimes,Rarely,Sometimes,Sometimes,Not much,Once a month,Less than once a month,Once a month,A little,Yes,Lives with at least one parent,Excellent,All of the time,Not much,Somewhat well,Less involved than desired,Less often than desired,18–29,Woman,High school or less,"Black, non-Hispanic",Never married,Lower income,Northeast
202201041303,0.4538363226095462,4-year college or graduate school,Working full time,A fair amount,Rarely,Sometimes,Never,Rarely,Never,Not much,,,,Mostly,Yes,Lives with all parents,Fair,All of the time,Not at all,Somewhat well,As involved as desired,Less often than desired,30–34,Man,Some college,"Black, non-Hispanic",Never married,Lower income,Northeast
202201041480,1.220425877998751,4-year college or graduate school,Working full time,A great deal,Sometimes,Rarely,Sometimes,Never,Rarely,A fair amount,A few times a month,Never,Less than once a month,Completely,No,Does not live with a parent,Excellent,Some of the time,Some,Very well,Less involved than desired,Less often than desired,30–34,Man,Some college,"Black, non-Hispanic",Divorced,Middle income,Midwest
202201041662,0.8317196236849519,Not enrolled in school,Working full time,A great deal,Extremely often,Extremely often,Extremely often,Extremely often,Extremely often,A great deal,A few times a week,A few times a week,A few times a week,Mostly,Yes,Does not live with a parent,Excellent,All of the time,Not at all,Extremely well,As involved as desired,More often than desired,30–34,Woman,High school or less,"Black, non-Hispanic",Separated,Lower income,South
202201041681,0.248809995266445,2-year college or technical school,Working full time,Not much,Sometimes,Never,Sometimes,Never,Rarely,Not at all,A few times a month,A few times a month,Less than once a month,Completely,No,Does not live with a parent,Poor,All of the time,Some,Extremely well,Less involved than desired,Less often than desired,30–34,Woman,High school or less,"Asian, non-Hispanic",Married,Lower income,South
202201041876,1.6841492720118465,4-year college or graduate school,Working part time,A great deal,Extremely often,Extremely often,Sometimes,Sometimes,Very often,A great deal,,,,Mostly,Yes,Lives with all parents,Excellent,Some of the time,A fair amount,Very well,As involved as desired,About as often as desired,18–29,Man,College graduate or higher,"Other or multiracial, non-Hispanic",Never married,Middle income,West
202201042107,0.2619080375018767,Not enrolled in school,Not currently working for pay,Not much,Never,Never,Sometimes,Sometimes,Never,Not at all,A few times a month,A few times a month,A few times a month,Completely,Yes,Does not live with a parent,Good,Most of the time,Some,Somewhat well,More involved than desired,About as often as desired,18–29,Woman,High school or less,"White, non-Hispanic",Never married,Lower income,Midwest
202201042569,0.2337859667721355,Not enrolled in school,Working full time,A great deal,Sometimes,Extremely often,Extremely often,Extremely often,Extremely often,A fair amount,At least once a day,At least once a day,At least once a day,Completely,No,Does not live with a parent,Excellent,All of the time,Some,,,,18–29,Woman,Some college,"Black, non-Hispanic",Never married,Lower income,South
202201042603,0.4427938996646597,Not enrolled in school,Working full time,A great deal,Sometimes,Sometimes,Rarely,Very often,Very often,A great deal,,,,Completely,Yes,Lives with all parents,Excellent,All of the time,Some,Very well,As involved as desired,About as often as desired,18–29,Woman,College graduate or higher,"Black, non-Hispanic",Never married,Middle income,Northeast
202201042846,0.2198150451631353,4-year college or graduate school,Working full time,Not at all,Never,Never,Never,Rarely,Never,Not at all,Once a month,Once a month,Less than once a month,Completely,No,Does not live with a parent,Poor,Some of the time,Not at all,Somewhat well,As involved as desired,About as often as desired,18–29,Woman,Some college,Hispanic,Married,Middle income,West
202201042967,0.0972666443462576,Not enrolled in school,Working full time,A fair amount,Sometimes,Very often,Rarely,Sometimes,Rarely,Some,At least once a day,A few times a week,A few times a week,Mostly,Yes,Does not live with a parent,Very good,Most of the time,Some,Not too well,As involved as desired,About as often as desired,30–34,Woman,College graduate or higher,"Other or multiracial, non-Hispanic",Living with a partner,Upper income,Northeast
202201043080,0.3100825489819258,2-year college or technical school,Not currently working for pay,A great deal,Extremely often,Extremely often,Extremely often,Extremely often,Extremely often,Some,At least once a day,At least once a day,At least once a day,Completely,Yes,Does not live with a parent,Excellent,All of the time,A great deal,Extremely well,Less involved than desired,Less often than desired,18–29,Woman,Some college,"Black, non-Hispanic",Married,Middle income,South
202201043111,0.9460761613378954,Not enrolled in school,Working full time,A fair amount,Sometimes,Very often,Rarely,Very often,Rarely,A fair amount,,,,Mostly,Yes,Lives with all parents,Very good,Most of the time,A fair amount,Somewhat well,As involved as desired,About as often as desired,18–29,Woman,College graduate or higher,Hispanic,Never married,Lower income,West
202201043196,0.3039276261724581,Not enrolled in school,Working part time,A great deal,Never,Never,Never,Never,Never,Not at all,A few times a week,A few times a week,A few times a month,Completely,No,Does not live with a parent,Good,All of the time,A fair amount,Somewhat well,As involved as desired,Less often than desired,18–29,Man,Some college,"Asian, non-Hispanic",Never married,Middle income,Midwest
202201043808,0.2991683396552967,Not enrolled in school,Working full time,A fair amount,Rarely,Very often,Rarely,Sometimes,Sometimes,Some,At least once a day,At least once a day,A few times a week,A little,Yes,Does not live with a parent,Very good,Most of the time,Not at all,Very well,Less involved than desired,About as often as desired,18–29,Woman,Some college,"White, non-Hispanic",Living with a partner,Lower income,South
202201043881,0.064332598776619,Not enrolled in school,Working part time,A fair amount,Rarely,Rarely,Sometimes,Rarely,Sometimes,A fair amount,A few times a week,A few times a week,A few times a month,Completely,No,Does not live with a parent,Good,All of the time,A great deal,Very well,As involved as desired,Less often than desired,30–34,Woman,Some college,Hispanic,Living with a partner,Lower income,South
202201044115,0.198591616140592,Not enrolled in school,Working full time,A great deal,Sometimes,Very often,Sometimes,Rarely,Sometimes,Not much,Less than once a month,A few times a week,A few times a month,Somewhat,No,Does not live with a parent,Fair,Most of the time,Not at all,Not well at all,As involved as desired,About as often as desired,30–34,Man,College graduate or higher,"Black, non-Hispanic",Living with a partner,Middle income,South
202201044256,1.062808306170531,4-year college or graduate school,Working part time,A fair amount,Rarely,Sometimes,Rarely,Sometimes,Never,Not much,A few times a month,A few times a week,At least once a day,Somewhat,No,Lives with at least one parent,Very good,,A fair amount,,More involved than desired,,18–29,Man,Some college,Hispanic,Widowed,Lower income,Midwest
202201044352,0.094885898355892,Not enrolled in school,Working full time,A great deal,Sometimes,Sometimes,Sometimes,Sometimes,Sometimes,Some,At least once a day,At least once a day,A few times a week,A little,No,Does not live with a parent,Very good,Most of the time,Not much,Somewhat well,As involved as desired,About as often as desired,30–34,Woman,High school or less,"Black, non-Hispanic",Never married,Middle income,South
202201044354,0.2289900589028239,Not enrolled in school,Working full time,Some,Very often,Rarely,Rarely,Rarely,Never,Not at all,Less than once a month,A few times a month,Never,Completely,Yes,Does not live with a parent,Good,Some of the time,Not much,Somewhat well,Less involved than desired,Less often than desired,30–34,Woman,College graduate or higher,"Black, non-Hispanic",Never married,Lower income,South
202201044454,0.2202367825683462,Not enrolled in school,Working full time,Some,Rarely,Rarely,Rarely,Rarely,Rarely,Not much,A few times a week,A few times a week,A few times a week,Completely,No,Does not live with a parent,Good,Some of the time,Some,Somewhat well,As involved as desired,About as often as desired,18–29,Woman,High school or less,"White, non-Hispanic",Divorced,Middle income,South
202201045076,1.2583398182714192,2-year college or technical school,Not currently working for pay,A fair amount,Never,Sometimes,Rarely,Extremely often,Never,Some,Less than once a month,Once a month,Less than once a month,,Yes,Lives with at least one parent,Fair,Some of the time,A fair amount,Very well,Less involved than desired,About as often as desired,18–29,Woman,Some college,"White, non-Hispanic",Separated,Middle income,Midwest
202201045392,1.0744302001687054,Not enrolled in school,Working full time,Not much,Never,Never,Never,Rarely,Never,Not at all,A few times a week,At least once a day,At least once a day,Mostly,Yes,Lives with at least one parent,Good,All of the time,A fair amount,Somewhat well,Less involved than desired,About as often as desired,18–29,Man,High school or less,"White, non-Hispanic",Never married,Lower income,Midwest
202201045923,0.2423333199305394,Not enrolled in school,Working full time,A great deal,Very often,Extremely often,Extremely often,Very often,Extremely often,A great deal,A few times a week,A few times a week,Less than once a month,Completely,No,Does not live with a parent,Excellent,All of the time,A fair amount,Extremely well,As involved as desired,About as often as desired,30–34,Man,College graduate or higher,"Black, non-Hispanic",Married,Middle income,Midwest
202201046110,5.554759390118034,4-year college or graduate school,Working part time,A fair amount,Very often,Very often,Sometimes,Sometimes,Sometimes,A fair amount,,,,Not at all,Yes,Lives with all parents,Excellent,Some of the time,Not much,Extremely well,As involved as desired,About as often as desired,18–29,Man,Some college,Hispanic,Never married,Middle income,West
202201046121,0.6282190228207921,Not enrolled in school,Working full time,A great deal,Sometimes,Very often,Extremely often,Very often,Sometimes,Some,Once a month,A few times a week,A few times a month,A little,No,Does not live with a parent,Excellent,All of the time,A great deal,Very well,As involved as desired,About as often as desired,18–29,Woman,College graduate or higher,"Black, non-Hispanic",Married,Middle income,South
202201046141,0.2359468371227719,Not enrolled in school,Working full time,Some,Rarely,Never,Never,Never,Never,Not at all,A few times a week,A few times a week,A few times a month,Mostly,Yes,Does not live with a parent,Fair,Some of the time,Not at all,Somewhat well,Less involved than desired,Less often than desired,18–29,Woman,College graduate or higher,"Black, non-Hispanic",Never married,Lower income,South
202201046214,0.6956058111244695,Not enrolled in school,Working full time,A great deal,Extremely often,Extremely often,Very often,Sometimes,Very often,A great deal,,,,Completely,No,Lives with all parents,Excellent,All of the time,A fair amount,Extremely well,As involved as desired,About as often as desired,30–34,Woman,Some college,Hispanic,Married,Middle income,South
202201046899,0.4117746180624833,Not enrolled in school,Working full time,A fair amount,Sometimes,Extremely often,Sometimes,Very often,Very often,A great deal,At least once a day,At least once a day,A few times a week,Completely,Yes,Does not live with a parent,Fair,Some of the time,Not much,Somewhat well,As involved as desired,About as often as desired,18–29,Woman,College graduate or higher,"Black, non-Hispanic",Never married,Middle income,Northeast
202201047212,0.3637753475695465,Not enrolled in school,Working full time,A fair amount,Sometimes,Rarely,Sometimes,Never,Rarely,Not much,A few times a month,A few times a month,A few times a month,Completely,No,Does not live with a parent,Very good,Most of the time,Not much,Very well,Less involved than desired,Less often than desired,18–29,Man,College graduate or higher,"White, non-Hispanic",Married,Middle income,West
202201047245,0.2821048567491015,Not enrolled in school,Working full time,A great deal,Very often,Extremely often,Extremely often,Extremely often,Very often,A great deal,At least once a day,At least once a day,Never,Completely,No,Does not live with a parent,Excellent,All of the time,A fair amount,Somewhat well,As involved as desired,Less often than desired,30–34,Woman,High school or less,Hispanic,Living with a partner,Middle income,Northeast
202201047306,0.2463718660707028,4-year college or graduate school,Working full time,A great deal,Sometimes,Sometimes,Very often,Very often,Sometimes,A fair amount,At least once a day,At least once a day,A few times a week,Completely,No,Does not live with a parent,Very good,All of the time,A great deal,Extremely well,As involved as desired,About as often as desired,30–34,Woman,High school or less,Hispanic,Living with a partner,Lower income,Midwest
202201047348,0.086363618400744,Not enrolled in school,Working full time,A great deal,Very often,Extremely often,Very often,Sometimes,Sometimes,A fair amount,A few times a month,At least once a day,Less than once a month,Mostly,Yes,Does not live with a parent,Very good,Most of the time,Some,Very well,As involved as desired,Less often than desired,30–34,Man,College graduate or higher,"Black, non-Hispanic",Never married,Middle income,South
202201047665,0.4845246377591277,4-year college or graduate school,Not currently working for pay,A great deal,Sometimes,Sometimes,Sometimes,Sometimes,Sometimes,Not much,,,,A little,Yes,Lives with all parents,Good,Some of the time,Not much,Somewhat well,As involved as desired,About as often as desired,18–29,Woman,College graduate or higher,"Black, non-Hispanic",Never married,Middle income,South
202201047958,2.987071302224099,2-year college or technical school,Working full time,A fair amount,Very often,Extremely often,Never,Sometimes,Extremely often,A fair amount,Once a month,Once a month,Less than once a month,Somewhat,No,Lives with at least one parent,Very good,Most of the time,Some,Not too well,As involved as desired,About as often as desired,18–29,Woman,High school or less,Hispanic,Living with a partner,Middle income,Northeast
202201048032,0.3752047341973155,Not enrolled in school,Working full time,A great deal,Very often,Very often,Sometimes,Rarely,Sometimes,Some,At least once a day,At least once a day,At least once a day,Completely,No,Does not live with a parent,Very good,All of the time,A great deal,Very well,As involved as desired,About as often as desired,30–34,Man,College graduate or higher,"White, non-Hispanic",Married,Upper income,Midwest
202201048081,0.1820292282001033,Not enrolled in school,Working full time,Some,Sometimes,Extremely often,Sometimes,Sometimes,Very often,A great deal,A few times a month,Less than once a month,A few times a month,A little,Yes,Lives with at least one parent,Good,All of the time,Some,Somewhat well,As involved as desired,About as often as desired,30–34,Woman,College graduate or higher,"Black, non-Hispanic",Never married,Middle income,South
202201048309,0.2325027697462951,4-year college or graduate school,Not currently working for pay,A great deal,Very often,Sometimes,Very often,Extremely often,Rarely,A great deal,A few times a month,At least once a day,Once a month,A little,Yes,Does not live with a parent,Excellent,All of the time,Some,Very well,As involved as desired,About as often as desired,18–29,Woman,College graduate or higher,"White, non-Hispanic",Living with a partner,Lower income,Midwest
202201048582,0.1805150574993287,Not enrolled in school,Working full time,A fair amount,Sometimes,Sometimes,Sometimes,Sometimes,Sometimes,Some,A few times a month,A few times a month,Less than once a month,Completely,No,Does not live with a parent,Good,Some of the time,Some,Somewhat well,As involved as desired,About as often as desired,30–34,Man,Some college,"Black, non-Hispanic",Never married,Middle income,South
202201048747,1.1221008496582547,4-year college or graduate school,Not currently working for pay,A fair amount,Extremely often,Sometimes,Sometimes,Very often,Sometimes,Some,,,,Not at all,Yes,Lives with all parents,Very good,Most of the time,Not at all,Somewhat well,As involved as desired,Less often than desired,18–29,Woman,Some college,"White, non-Hispanic",Never married,Middle income,Northeast
202201048914,1.4335381509568144,4-year college or graduate school,Not currently working for pay,A great deal,Sometimes,Very often,Rarely,Never,Never,A fair amount,At least once a day,At least once a day,Once a month,A little,Yes,Lives with at least one parent,Excellent,Most of the time,A fair amount,Very well,Less involved than desired,About as often as desired,18–29,Man,Some college,"Black, non-Hispanic",Never married,Middle income,South
202201048982,0.2793786650908015,4-year college or graduate school,Working full time,A great deal,Very often,Sometimes,Sometimes,Sometimes,Sometimes,A fair amount,A few times a month,A few times a week,A few times a week,Mostly,Yes,Does not live with a parent,Excellent,Most of the time,A fair amount,Very well,As involved as desired,About as often as desired,18–29,Man,College graduate or higher,"Black, non-Hispanic",Never married,Middle income,Northeast
202201049235,0.1495667327563932,Not enrolled in school,Working full time,Some,Never,Never,Never,Rarely,Never,Not at all,A few times a month,A few times a week,Less than once a month,Completely,No,Does not live with a parent,Good,Some of the time,A great deal,Not too well,Less involved than desired,Less often than desired,30–34,Woman,College graduate or higher,"Other or multiracial, non-Hispanic",Married,Upper income,Northeast
202201049424,2.6184821784788728,Not enrolled in school,Unable to work due to disability,Some,Never,Never,Never,Never,Never,Not at all,A few times a month,A few times a month,Less than once a month,Mostly,No,Does not live with a parent,Fair,Rarely,Not at all,Somewhat well,Less involved than desired,Less often than desired,18–29,Man,High school or less,Hispanic,Married,Lower income,South
202201049642,0.5226248556982233,4-year college or graduate school,Working full time,A great deal,Very often,Very often,Sometimes,Sometimes,Very often,Some,A few times a week,A few times a week,Less than once a month,Mostly,Yes,Does not live with a parent,Very good,All of the time,Not much,Very well,As involved as desired,About as often as desired,18–29,Woman,College graduate or higher,Hispanic,Living with a partner,Middle income,Midwest
202201049875,0.5559100938086132,Not enrolled in school,Working part time,A great deal,Sometimes,Sometimes,Sometimes,Sometimes,Sometimes,A great deal,,,,Mostly,Yes,Lives with all parents,Excellent,All of the time,A great deal,Extremely well,As involved as desired,About as often as desired,30–34,Woman,Some college,"Black, non-Hispanic",Married,Lower income,South
202201050218,1.4291358216419712,Not enrolled in school,Working full time,Not much,Rarely,Rarely,Never,Never,Never,Not at all,Once a month,A few times a month,A few times a month,Mostly,No,Does not live with a parent,Very good,Some of the time,Not much,Somewhat well,Less involved than desired,Less often than desired,18–29,Man,Some college,Hispanic,Never married,Middle income,Midwest
202201050480,0.300785049074042,Not enrolled in school,Not currently working for pay,A great deal,Very often,Very often,Very often,Sometimes,Very often,A fair amount,A few times a week,A few times a week,A few times a week,Mostly,Yes,Lives with at least one parent,Excellent,All of the time,Some,Extremely well,As involved as desired,About as often as desired,30–34,Woman,High school or less,"Black, non-Hispanic",Never married,Lower income,Midwest
202201051057,4.686489659959571,Not enrolled in school,Unable to work due to disability,Some,Sometimes,Sometimes,Never,Sometimes,Very often,Not at all,A few times a week,At least once a day,A few times a month,Completely,No,Does not live with a parent,Good,All of the time,Not at all,Not well at all,Less involved than desired,Less often than desired,18–29,,High school or less,,,,Midwest
202201051229,1.8478600573774449,Not enrolled in school,Not currently working for pay,Not much,Sometimes,Sometimes,Never,Never,Never,Not at all,,,,Somewhat,Yes,Lives with all parents,Fair,Never,Not at all,Not well at all,As involved as desired,More often than desired,18–29,Man,High school or less,"Black, non-Hispanic",Never married,Lower income,Northeast
202201051940,0.2377294350313165,4-year college or graduate school,Working full time,A great deal,Extremely often,Extremely often,Very often,Extremely often,Sometimes,A great deal,A few times a week,A few times a week,Less than once a month,Mostly,No,Does not live with a parent,Excellent,All of the time,A great deal,Very well,As involved as desired,About as often as desired,30–34,Man,College graduate or higher,"Black, non-Hispanic",Married,Middle income,Midwest
202201051964,0.142412906878713,Not enrolled in school,Working full time,A great deal,Very often,Extremely often,Rarely,Extremely often,Extremely often,A fair amount,A few times a week,A few times a week,A few times a week,Somewhat,Yes,Does not live with a parent,Excellent,Most of the time,Some,Extremely well,As involved as desired,About as often as desired,30–34,Woman,College graduate or higher,"Other or multiracial, non-Hispanic",Married,Upper income,West
202201051965,0.5610959283643947,4-year college or graduate school,Working full time,Some,Extremely often,Extremely often,Extremely often,Very often,Very often,A great deal,Once a month,A few times a week,A few times a month,Mostly,Yes,Does not live with a parent,Very good,Most of the time,Some,Somewhat well,As involved as desired,About as often as desired,18–29,Woman,Some college,Hispanic,Living with a partner,Lower income,Midwest
202201051982,1.3083643549311648,Not enrolled in school,Working full time,Some,Never,Never,Never,Never,Never,Not at all,Less than once a month,A few times a month,Once a month,Completely,No,Does not live with a parent,Poor,Never,A great deal,Not well at all,Less involved than desired,Less often than desired,18–29,Woman,Some college,"White, non-Hispanic",Living with a partner,Lower income,Midwest
202201052032,0.1925406737756243,2-year college or technical school,Working part time,A fair amount,Rarely,Very often,Sometimes,Never,Very often,Some,At least once a day,At least once a day,Less than once a month,Completely,No,Does not live with a parent,Excellent,All of the time,A fair amount,Extremely well,As involved as desired,Less often than desired,30–34,Woman,Some college,"White, non-Hispanic",Married,Middle income,South
202201052046,0.5914985880984449,Not enrolled in school,Working full time,A great deal,Rarely,Very often,Never,Never,Never,A fair amount,At least once a day,A few times a week,A few times a week,Completely,No,Does not live with a parent,Fair,All of the time,Not at all,Very well,As involved as desired,About as often as desired,30–34,Man,Some college,"White, non-Hispanic",Married,Upper income,Northeast
202201052080,0.1236912992060653,Not enrolled in school,Working full time,Some,Sometimes,Sometimes,Rarely,Sometimes,Sometimes,A fair amount,A few times a month,A few times a month,Once a month,A little,Yes,Lives with at least one parent,Very good,Most of the time,A fair amount,Somewhat well,Less involved than desired,Less often than desired,18–29,Woman,Some college,Hispanic,Married,Lower income,South
202201052227,0.3861810870321846,2-year college or technical school,Working part time,A fair amount,Very often,Rarely,Rarely,Rarely,Rarely,A fair amount,At least once a day,At least once a day,Less than once a month,A little,Yes,Does not live with a parent,Very good,All of the time,Some,Extremely well,Less involved than desired,About as often as desired,18–29,Woman,Some college,Hispanic,Never married,Lower income,Midwest
202201052268,0.65377017219896,Not enrolled in school,Working full time,Some,Sometimes,Sometimes,Sometimes,Sometimes,Sometimes,Some,A few times a month,A few times a month,A few times a month,Mostly,Yes,Does not live with a parent,Good,Most of the time,Some,Somewhat well,As involved as desired,About as often as desired,30–34,Man,Some college,"White, non-Hispanic",Married,Lower income,Northeast
202201052326,0.7311506957311431,Not enrolled in school,Working full time,A great deal,Sometimes,Sometimes,Very often,Sometimes,Very often,A great deal,Once a month,A few times a week,A few times a month,Mostly,Yes,Does not live with a parent,Very good,Most of the time,Not much,Very well,As involved as desired,About as often as desired,18–29,Man,College graduate or higher,"White, non-Hispanic",Never married,Middle income,Midwest
202201052438,0.2556140293310382,Not enrolled in school,Working full time,A great deal,Sometimes,Extremely often,Very often,Extremely often,Extremely often,A great deal,At least once a day,At least once a day,Less than once a month,Completely,No,Does not live with a parent,Excellent,All of the time,A fair amount,Very well,As involved as desired,About as often as desired,18–29,Woman,College graduate or higher,"White, non-Hispanic",Married,Middle income,South
202201052570,0.5952360180724138,Not enrolled in school,Working full time,A fair amount,Very often,Sometimes,Sometimes,Very often,Never,A fair amount,Once a month,A few times a month,Less than once a month,Completely,No,Does not live with a parent,Excellent,All of the time,A fair amount,Not too well,As involved as desired,About as often as desired,30–34,Man,Some college,"White, non-Hispanic",Married,Lower income,West
202201052679,0.2756798883705289,Not enrolled in school,Working full time,A great deal,Very often,Very often,Sometimes,Sometimes,Sometimes,A fair amount,,,,A little,Yes,Lives with all parents,Very good,Most of the time,Not at all,Very well,More involved than desired,About as often as desired,18–29,Woman,College graduate or higher,"White, non-Hispanic",Never married,Middle income,South
202201052745,0.4248246380680317,Not enrolled in school,Not currently working for pay,A great deal,Sometimes,Sometimes,Sometimes,Sometimes,Very often,A great deal,A few times a week,At least once a day,Less than once a month,Completely,No,Does not live with a parent,Excellent,Most of the time,Not at all,Very well,Less involved than desired,Less often than desired,18–29,Woman,College graduate or higher,"White, non-Hispanic",Married,Middle income,Midwest
202201052804,0.2893170384919152,Not enrolled in school,Working full time,A great deal,Very often,Very often,Very often,Rarely,Sometimes,A fair amount,,,,Not at all,Yes,Lives with all parents,Excellent,All of the time,A fair amount,Extremely well,As involved as desired,About as often as desired,30–34,Man,High school or less,"Black, non-Hispanic",Divorced,Lower income,Northeast
202201052867,0.0611577365349077,4-year college or graduate school,Working full time,Some,Sometimes,Very often,Sometimes,Sometimes,Rarely,A fair amount,A few times a week,At least once a day,A few times a month,Mostly,No,Does not live with a parent,Fair,Some of the time,Some,Somewhat well,As involved as desired,Less often than desired,30–34,Woman,College graduate or higher,Hispanic,Never married,Middle income,South
202201053298,1.1759040837622154,Not enrolled in school,Working part time,A fair amount,Rarely,Sometimes,Never,Rarely,Very often,A fair amount,A few times a week,At least once a day,A few times a week,Completely,No,Does not live with a parent,Excellent,All of the time,Not much,Very well,As involved as desired,About as often as desired,18–29,Woman,Some college,Hispanic,Married,Lower income,West
202201053326,0.9001365624929912,Not enrolled in school,Not currently working for pay,A great deal,Extremely often,Extremely often,Extremely often,Extremely often,Extremely often,A great deal,At least once a day,At least once a day,At least once a day,A little,Yes,Lives with at least one parent,Excellent,All of the time,A great deal,Extremely well,As involved as desired,More often than desired,18–29,Man,High school or less,"Black, non-Hispanic",Never married,Lower income,South
202201053422,0.2249639027013037,Not enrolled in school,Working full time,A great deal,Sometimes,Never,Never,Never,Never,Not at all,Less than once a month,Less than once a month,Less than once a month,Completely,No,Does not live with a parent,Very good,Most of the time,Not at all,Very well,Less involved than desired,Less often than desired,30–34,Man,College graduate or higher,"Black, non-Hispanic",Married,Middle income,South
202201053556,1.8475520671151744,4-year college or graduate school,Working part time,A fair amount,Very often,Very often,Very often,Extremely often,Sometimes,A fair amount,,,,Not at all,Yes,Lives with all parents,Excellent,Most of the time,A fair amount,Very well,As involved as desired,About as often as desired,18–29,Woman,High school or less,Hispanic,Never married,Middle income,Northeast
202201053787,0.7266604927679685,2-year college or technical school,Working full time,A great deal,Extremely often,Extremely often,Extremely often,Extremely often,Extremely often,A great deal,A few times a week,A few times a week,A few times a month,Somewhat,Yes,Lives with at least one parent,Excellent,All of the time,A great deal,Extremely well,As involved as desired,About as often as desired,18–29,Woman,Some college,"Black, non-Hispanic",Living with a partner,Lower income,South
202301000005,0.4667617834066525,4-year college or graduate school,Not currently working for pay,A fair amount,Extremely often,Rarely,Rarely,Sometimes,Never,Not much,A few times a week,A few times a month,Less than once a month,Not at all,Yes,Does not live with a parent,Very good,Rarely,A fair amount,Somewhat well,As involved as desired,About as often as desired,18–29,Nonbinary,College graduate or higher,"Other or multiracial, non-Hispanic",Living with a partner,Middle income,Northeast
202301000022,0.2322412261161067,Not enrolled in school,Working full time,Some,Rarely,Sometimes,Rarely,Sometimes,Sometimes,Some,,,,Mostly,No,Lives with all parents,Excellent,All of the time,Not much,Very well,As involved as desired,About as often as desired,18–29,Woman,College graduate or higher,"Other or multiracial, non-Hispanic",Never married,Middle income,Northeast
202301000036,1.0540529525501172,Not enrolled in school,Working full time,Not much,Never,Rarely,Never,Never,Never,Not much,,,,Somewhat,Yes,Lives with all parents,Very good,All of the time,Not much,Very well,As involved as desired,About as often as desired,18–29,Man,College graduate or higher,"Other or multiracial, non-Hispanic",Never married,Lower income,South
202301000038,0.2466962735708178,Not enrolled in school,Working full time,A fair amount,Sometimes,Very often,Very often,Very often,Sometimes,A fair amount,A few times a month,A few times a week,Less than once a month,Mostly,No,Does not live with a parent,Good,Most of the time,Not much,Somewhat well,As involved as desired,About as often as desired,30–34,Woman,High school or less,"Other or multiracial, non-Hispanic",Never married,Middle income,West
202301000050,0.7846621966999969,2-year college or technical school,Working full time,A fair amount,Sometimes,Sometimes,Rarely,Rarely,Rarely,Not at all,A few times a month,A few times a month,Less than once a month,Mostly,Yes,Does not live with a parent,Excellent,Most of the time,Some,Somewhat well,As involved as desired,Less often than desired,30–34,Man,Some college,Hispanic,Never married,Middle income,West
202301000075,5.8448453979114,2-year college or technical school,Working part time,Some,Very often,Sometimes,Sometimes,Very often,Sometimes,Some,,,,Mostly,No,Lives with all parents,Good,Most of the time,Some,Somewhat well,As involved as desired,About as often as desired,18–29,Woman,Some college,"Other or multiracial, non-Hispanic",Never married,Middle income,South
202301000084,0.8710802807494871,Not enrolled in school,Working full time,A fair amount,Sometimes,Sometimes,Sometimes,Very often,Sometimes,Some,A few times a week,A few times a week,Never,Completely,No,Does not live with a parent,Good,Most of the time,A fair amount,Very well,As involved as desired,More often than desired,18–29,Woman,College graduate or higher,"Other or multiracial, non-Hispanic",Married,Middle income,Northeast
202301000120,0.8224614247731998,Not enrolled in school,Working full time,Not much,Never,Never,Never,Sometimes,Never,A great deal,At least once a day,A few times a month,Less than once a month,Completely,No,Does not live with a parent,Excellent,Most of the time,A great deal,Very well,As involved as desired,About as often as desired,30–34,Man,College graduate or higher,"Other or multiracial, non-Hispanic",Never married,Upper income,South
202301000125,1.4148906398097112,4-year college or graduate school,Working part time,A fair amount,Sometimes,Never,Never,Never,Never,Not at all,Never,Less than once a month,Less than once a month,Completely,No,Does not live with a parent,Fair,Rarely,Not at all,Not well at all,Less involved than desired,Less often than desired,18–29,Woman,College graduate or higher,"Asian, non-Hispanic",Married,Middle income,West
202301000128,0.7005059888245216,Not enrolled in school,Working full time,A great deal,Extremely often,Extremely often,Rarely,Sometimes,Sometimes,Not much,A few times a week,At least once a day,Less than once a month,Completely,No,Does not live with a parent,Excellent,All of the time,Not much,Very well,As involved as desired,About as often as desired,18–29,Man,College graduate or higher,"Other or multiracial, non-Hispanic",Living with a partner,Upper income,West
202301000129,0.5112040158032083,Not enrolled in school,Working full time,A fair amount,Rarely,Sometimes,Sometimes,Sometimes,Very often,Some,A few times a month,A few times a week,Less than once a month,Completely,No,Does not live with a parent,Very good,Most of the time,A great deal,Very well,As involved as desired,About as often as desired,30–34,Woman,College graduate or higher,"Other or multiracial, non-Hispanic",Married,Upper income,West
202301000132,0.34962820302915,Not enrolled in school,Working full time,A great deal,Very often,Rarely,Never,Rarely,Rarely,A fair amount,A few times a month,A few times a month,Less than once a month,Mostly,Yes,Does not live with a parent,Very good,Most of the time,Some,Somewhat well,As involved as desired,About as often as desired,18–29,Man,College graduate or higher,"Other or multiracial, non-Hispanic",Never married,Middle income,Northeast
202301000133,1.012951336164133,4-year college or graduate school,Working full time,A great deal,Rarely,Rarely,Very often,Sometimes,Very often,A great deal,A few times a week,A few times a week,Less than once a month,Mostly,No,Does not live with a parent,Excellent,Most of the time,A fair amount,Extremely well,As involved as desired,About as often as desired,18–29,Woman,College graduate or higher,"Other or multiracial, non-Hispanic",Never married,Lower income,West
202301000143,1.7708712575410062,4-year college or graduate school,Working part time,Some,Sometimes,Rarely,Never,Rarely,Never,Not at all,A few times a month,A few times a month,A few times a week,Somewhat,Yes,Lives with at least one parent,Fair,Rarely,Not at all,Not too well,Less involved than desired,Less often than desired,18–29,Woman,Some college,"Other or multiracial, non-Hispanic",Never married,Lower income,Northeast
202301000144,0.3152059073292581,Not enrolled in school,Working full time,A fair amount,Extremely often,Extremely often,Very often,Extremely often,Sometimes,Some,A few times a month,A few times a week,Less than once a month,Mostly,Yes,Does not live with a parent,Good,Rarely,Not at all,Somewhat well,As involved as desired,About as often as desired,18–29,Man,College graduate or higher,"Other or multiracial, non-Hispanic",Living with a partner,Lower income,West
202301000155,0.6817698941195298,Not enrolled in school,Working full time,A great deal,Sometimes,Rarely,Rarely,Sometimes,Rarely,A fair amount,Once a month,At least once a day,Less than once a month,Completely,No,Does not live with a parent,Excellent,Most of the time,A fair amount,Very well,As involved as desired,About as often as desired,30–34,Woman,College graduate or higher,"Other or multiracial, non-Hispanic",Married,Upper income,Northeast
202301000160,0.452776112798498,Not enrolled in school,Working full time,A great deal,Very often,Very often,Never,Sometimes,Sometimes,A fair amount,At least once a day,At least once a day,A few times a week,Completely,No,Does not live with a parent,Excellent,Most of the time,Some,Very well,As involved as desired,About as often as desired,30–34,Woman,College graduate or higher,"Asian, non-Hispanic",Married,Middle income,Northeast
202301000162,0.336164919412104,4-year college or graduate school,Working part time,A great deal,Extremely often,Sometimes,Never,Sometimes,Very often,Some,,,,Somewhat,Yes,Lives with all parents,Very good,Most of the time,Some,Very well,More involved than desired,About as often as desired,18–29,Woman,Some college,"Other or multiracial, non-Hispanic",Living with a partner,Middle income,South
202301000167,0.4585785458200533,Not enrolled in school,Working full time,A great deal,Very often,Extremely often,Sometimes,Very often,Rarely,A great deal,A few times a week,A few times a week,A few times a month,Mostly,Yes,Does not live with a parent,Excellent,Most of the time,Some,Extremely well,As involved as desired,About as often as desired,18–29,Woman,College graduate or higher,"Other or multiracial, non-Hispanic",Married,Upper income,South
202301000203,0.3595197221845889,Not enrolled in school,Working full time,A great deal,Rarely,Sometimes,Sometimes,Rarely,Rarely,Some,Once a month,A few times a month,Once a month,Mostly,Yes,Does not live with a parent,Very good,Most of the time,Not at all,Very well,As involved as desired,About as often as desired,18–29,Woman,College graduate or higher,"Asian, non-Hispanic",Living with a partner,Middle income,West
202301000221,0.496224412438482,Not enrolled in school,Working full time,Some,Sometimes,Very often,Sometimes,Sometimes,Rarely,A fair amount,,,,Somewhat,Yes,Lives with all parents,Excellent,Most of the time,Some,Very well,Less involved than desired,About as often as desired,18–29,Woman,College graduate or higher,"Other or multiracial, non-Hispanic",Never married,Upper income,West
202301000244,0.120468281263188,4-year college or graduate school,Not currently working for pay,Some,Sometimes,Rarely,Never,Sometimes,Never,Not at all,Never,Once a month,Never,Not at all,Yes,Lives with at least one parent,Very good,Most of the time,Not at all,Somewhat well,As involved as desired,About as often as desired,18–29,Nonbinary,High school or less,"Other or multiracial, non-Hispanic",Never married,Middle income,Midwest
202301000262,2.057370381024295,Not enrolled in school,Working full time,A great deal,Rarely,Never,Rarely,Sometimes,Sometimes,Some,A few times a week,At least once a day,Less than once a month,Completely,Yes,Does not live with a parent,Very good,Some of the time,A fair amount,Somewhat well,As involved as desired,Less often than desired,18–29,Woman,College graduate or higher,"Other or multiracial, non-Hispanic",Married,Upper income,West
202301000267,0.2903877505911866,Not enrolled in school,Working full time,A fair amount,Sometimes,Sometimes,Sometimes,Sometimes,Rarely,A fair amount,A few times a month,A few times a week,Less than once a month,Somewhat,Yes,Lives with at least one parent,Very good,Some of the time,A fair amount,Somewhat well,As involved as desired,About as often as desired,30–34,Woman,Some college,"Asian, non-Hispanic",Never married,Lower income,West
202301000275,0.7997596335559105,Not enrolled in school,Working full time,A great deal,Sometimes,Sometimes,Never,Sometimes,Never,Not much,A few times a week,A few times a week,Once a month,Mostly,No,Does not live with a parent,Good,Most of the time,A fair amount,Somewhat well,As involved as desired,About as often as desired,18–29,Woman,College graduate or higher,"Asian, non-Hispanic",Never married,Upper income,Northeast
202301000278,0.3328857288892184,Not enrolled in school,Working full time,Some,Rarely,Very often,Rarely,Very often,Very often,A great deal,,,,A little,Yes,Lives with all parents,Fair,Some of the time,A great deal,Very well,As involved as desired,About as often as desired,18–29,Nonbinary,College graduate or higher,Hispanic,Never married,Middle income,West
202301000279,0.4989335833857737,Not enrolled in school,Working full time,A fair amount,Rarely,Rarely,Never,Never,Never,Not at all,Once a month,Once a month,Less than once a month,Completely,No,Does not live with a parent,Fair,Some of the time,Not much,Not too well,As involved as desired,Less often than desired,18–29,Man,College graduate or higher,"Other or multiracial, non-Hispanic",Never married,Upper income,Midwest
202301000308,0.3401745361889837,Not enrolled in school,Working part time,Some,Sometimes,Rarely,Rarely,Rarely,Rarely,Some,A few times a month,A few times a month,At least once a day,A little,Yes,Lives with at least one parent,Fair,Most of the time,Some,Somewhat well,As involved as desired,About as often as desired,18–29,Woman,College graduate or higher,"Other or multiracial, non-Hispanic",Never married,Lower income,South
202301000326,0.3799223918861139,4-year college or graduate school,Working full time,A fair amount,Rarely,Very often,Never,Sometimes,Rarely,Not much,,,,Not at all,No,Lives with all parents,Very good,Some of the time,Not much,Not too well,Less involved than desired,About as often as desired,30–34,Man,Some college,"Other or multiracial, non-Hispanic",Never married,Lower income,Northeast
202301000333,0.8940000897209975,Not enrolled in school,Working full time,A fair amount,Very often,Sometimes,Very often,Very often,Never,A fair amount,A few times a month,A few times a month,Never,Completely,No,Does not live with a parent,Excellent,Most of the time,Some,Very well,Less involved than desired,About as often as desired,30–34,Man,Some college,"Asian, non-Hispanic",Never married,Middle income,West
202301000344,0.2547836347902614,Not enrolled in school,Not currently working for pay,A fair amount,Very often,Sometimes,Rarely,Sometimes,Sometimes,Some,A few times a month,At least once a day,Less than once a month,Mostly,No,Does not live with a parent,Excellent,Most of the time,A fair amount,Very well,As involved as desired,About as often as desired,18–29,Man,College graduate or higher,"Other or multiracial, non-Hispanic",Never married,Upper income,Midwest
202301000350,1.233360248484161,Not enrolled in school,Working full time,A great deal,Never,Rarely,Rarely,Rarely,Rarely,Some,,,,Somewhat,Yes,Lives with all parents,Good,Rarely,Some,Somewhat well,As involved as desired,About as often as desired,30–34,Woman,College graduate or higher,"Other or multiracial, non-Hispanic",Never married,Middle income,West
202301000420,0.6236019524748375,Not enrolled in school,Working full time,A fair amount,Sometimes,Rarely,Sometimes,Sometimes,Rarely,Not much,A few times a week,A few times a week,Less than once a month,Completely,No,Does not live with a parent,Good,Most of the time,A fair amount,Somewhat well,As involved as desired,About as often as desired,30–34,Woman,College graduate or higher,"Other or multiracial, non-Hispanic",Never married,Middle income,West
202301000432,0.7378093698336902,Not enrolled in school,Working full time,A great deal,Sometimes,Sometimes,Rarely,Sometimes,Rarely,Some,A few times a month,A few times a month,Less than once a month,Completely,No,Does not live with a parent,Very good,Most of the time,Not much,Somewhat well,As involved as desired,About as often as desired,30–34,Man,College graduate or higher,"Other or multiracial, non-Hispanic",Living with a partner,Middle income,Northeast
202301000459,0.5431171800571515,4-year college or graduate school,Working part time,A great deal,Never,Rarely,Never,Sometimes,Never,A fair amount,A few times a week,A few times a week,Less than once a month,Completely,No,Does not live with a parent,Excellent,Most of the time,A fair amount,Extremely well,As involved as desired,Less often than desired,30–34,Man,College graduate or higher,"Other or multiracial, non-Hispanic",Married,Lower income,Northeast
202301000468,0.5787227532419938,4-year college or graduate school,Working full time,A great deal,Extremely often,Extremely often,Extremely often,Extremely often,Extremely often,A fair amount,,,,Somewhat,No,Lives with all parents,Excellent,All of the time,A great deal,Extremely well,As involved as desired,About as often as desired,18–29,Woman,College graduate or higher,"Other or multiracial, non-Hispanic",Never married,Lower income,West
202301000474,0.7070004487861793,Not enrolled in school,Working full time,A great deal,Sometimes,Rarely,Sometimes,Very often,Very often,A fair amount,A few times a week,At least once a day,Less than once a month,Mostly,Yes,Does not live with a parent,Excellent,All of the time,Not much,Very well,As involved as desired,About as often as desired,18–29,Woman,College graduate or higher,"Other or multiracial, non-Hispanic",Never married,Lower income,South
202301000485,0.9754317936170622,Not enrolled in school,Not currently working for pay,Some,Very often,Sometimes,Never,Rarely,Never,Some,Less than once a month,A few times a month,Less than once a month,A little,Yes,Does not live with a parent,Poor,Never,Not much,Not too well,As involved as desired,About as often as desired,30–34,Woman,College graduate or higher,"Other or multiracial, non-Hispanic",Married,Middle income,West
202301000488,0.2809518151946927,4-year college or graduate school,Working part time,A fair amount,Sometimes,Sometimes,Never,Sometimes,Sometimes,Some,A few times a month,A few times a month,A few times a month,A little,Yes,Does not live with a parent,Good,Rarely,Not at all,Not too well,As involved as desired,About as often as desired,18–29,Woman,College graduate or higher,"Other or multiracial, non-Hispanic",Never married,Middle income,Midwest
202301000504,1.8594951692271209,Not enrolled in school,Working full time,Some,Sometimes,Never,Rarely,Rarely,Never,A fair amount,,,,Mostly,Yes,Lives with all parents,Good,Most of the time,Some,Somewhat well,More involved than desired,About as often as desired,18–29,Man,College graduate or higher,"Other or multiracial, non-Hispanic",Never married,Middle income,Northeast
202301000511,0.6866701053693833,Not enrolled in school,Working full time,A great deal,Sometimes,Very often,Sometimes,Extremely often,Rarely,A great deal,Less than once a month,A few times a week,Less than once a month,Mostly,No,Does not live with a parent,Good,Most of the time,Not much,Extremely well,As involved as desired,About as often as desired,30–34,Woman,College graduate or higher,"Other or multiracial, non-Hispanic",Married,Upper income,Northeast
202301000522,0.4288222638947288,Not enrolled in school,Working full time,A great deal,Sometimes,Sometimes,Never,Never,Rarely,Some,At least once a day,At least once a day,A few times a month,Mostly,Yes,Does not live with a parent,Excellent,Most of the time,A fair amount,Very well,As involved as desired,About as often as desired,18–29,Woman,College graduate or higher,"Other or multiracial, non-Hispanic",Living with a partner,Upper income,West
202301000539,0.2815483490594734,Not enrolled in school,Working full time,Some,Never,Rarely,Never,Never,Rarely,Not at all,Less than once a month,Less than once a month,Never,Completely,No,Does not live with a parent,Poor,Most of the time,Not at all,Not too well,Less involved than desired,Less often than desired,30–34,Woman,Some college,"Asian, non-Hispanic",Living with a partner,Lower income,South
202301000615,0.5140016354196796,Not enrolled in school,Working full time,Not much,Never,Rarely,Never,Never,Never,Not much,A few times a month,Once a month,Less than once a month,Completely,No,Does not live with a parent,Poor,Some of the time,Not much,Not well at all,As involved as desired,About as often as desired,30–34,Woman,College graduate or higher,"Other or multiracial, non-Hispanic",Married,Middle income,West
202301000629,0.9009228658988656,Not enrolled in school,Not currently working for pay,A great deal,Rarely,Rarely,Very often,Extremely often,Rarely,Not much,Once a month,A few times a month,A few times a month,Not at all,No,Does not live with a parent,Good,All of the time,A great deal,Extremely well,As involved as desired,About as often as desired,30–34,Man,Some college,"Other or multiracial, non-Hispanic",Married,Middle income,West
202301000634,0.2800754296382239,Not enrolled in school,Not currently working for pay,Some,Rarely,Never,Never,Never,Never,Not much,A few times a week,A few times a week,At least once a day,Somewhat,Yes,Lives with at least one parent,Poor,Never,A fair amount,Somewhat well,More involved than desired,About as often as desired,18–29,Man,Some college,"Other or multiracial, non-Hispanic",Never married,Lower income,Northeast
202301000646,0.6037271906481151,Not enrolled in school,Working full time,A great deal,Very often,Sometimes,Never,Rarely,Rarely,Not much,Once a month,A few times a month,A few times a month,Completely,No,Does not live with a parent,Good,Some of the time,Some,Not too well,More involved than desired,Less often than desired,18–29,Man,College graduate or higher,"Other or multiracial, non-Hispanic",Never married,Lower income,West
202301000653,2.832384061989662,4-year college or graduate school,Not currently working for pay,A fair amount,Extremely often,Very often,Rarely,Very often,Rarely,Some,At least once a day,At least once a day,A few times a month,Not at all,Yes,Does not live with a parent,Very good,Most of the time,Some,Not too well,As involved as desired,About as often as desired,18–29,Woman,High school or less,"Other or multiracial, non-Hispanic",Never married,Upper income,West
202301000661,0.3773045239318999,4-year college or graduate school,Not currently working for pay,Some,Very often,Very often,Rarely,Very often,Sometimes,Not much,,,,A little,Yes,Lives with all parents,Good,Some of the time,Not much,Not too well,Less involved than desired,About as often as desired,18–29,Woman,High school or less,"Other or multiracial, non-Hispanic",Never married,Lower income,South
202301000662,0.9271666675146084,Not enrolled in school,Working full time,A fair amount,Sometimes,Very often,Sometimes,Sometimes,Very often,Some,A few times a month,At least once a day,A few times a week,Mostly,Yes,Lives with at least one parent,Very good,Most of the time,A fair amount,Very well,As involved as desired,About as often as desired,18–29,Man,College graduate or higher,"Other or multiracial, non-Hispanic",Never married,Middle income,West
202301000667,0.1476064995560792,Not enrolled in school,Working part time,Not much,Very often,Sometimes,Never,Rarely,Rarely,Not at all,A few times a month,Less than once a month,Less than once a month,Not at all,Yes,Does not live with a parent,Good,Most of the time,Not at all,Somewhat well,As involved as desired,About as often as desired,30–34,Woman,Some college,"Other or multiracial, non-Hispanic",Never married,Middle income,West
202301000668,0.1390149003683617,Not enrolled in school,Working full time,A fair amount,Rarely,Rarely,Rarely,Rarely,Rarely,Some,A few times a week,A few times a month,Less than once a month,Completely,No,Does not live with a parent,Good,Rarely,Not much,Somewhat well,As involved as desired,About as often as desired,30–34,Woman,College graduate or higher,"Other or multiracial, non-Hispanic",Never married,Upper income,West
202301000681,0.6989021318045887,Not enrolled in school,Working full time,A fair amount,Sometimes,Sometimes,Never,Rarely,Never,Some,Less than once a month,A few times a week,Less than once a month,A little,Yes,Does not live with a parent,Good,Rarely,Not much,Somewhat well,As involved as desired,About as often as desired,30–34,Man,College graduate or higher,"Asian, non-Hispanic",Married,Upper income,South
202301000684,0.5791657804234644,4-year college or graduate school,Working part time,Not much,Rarely,Rarely,Sometimes,Sometimes,Very often,Some,A few times a month,A few times a week,Less than once a month,A little,Yes,Does not live with a parent,Fair,Some of the time,Some,Not too well,As involved as desired,About as often as desired,18–29,Woman,College graduate or higher,"Other or multiracial, non-Hispanic",Never married,Lower income,Northeast
202301000688,0.3152059073292582,Not enrolled in school,Working full time,A fair amount,Rarely,Rarely,Never,Rarely,Never,Not much,A few times a month,A few times a month,Once a month,Completely,No,Does not live with a parent,Excellent,Most of the time,Not at all,Very well,As involved as desired,About as often as desired,18–29,Man,College graduate or higher,"Other or multiracial, non-Hispanic",Never married,Upper income,West
202301000702,0.2976872207858684,Not enrolled in school,Working full time,A fair amount,Rarely,Rarely,Sometimes,Rarely,Sometimes,A fair amount,,,,Completely,No,Lives with all parents,Good,Most of the time,A fair amount,Very well,More involved than desired,About as often as desired,30–34,Woman,College graduate or higher,"Other or multiracial, non-Hispanic",Never married,Middle income,Northeast
202301000703,4.859783116186624,4-year college or graduate school,Not currently working for pay,Some,Rarely,Rarely,Very often,Very often,Extremely often,A fair amount,A few times a week,At least once a day,Less than once a month,Not at all,Yes,Does not live with a parent,Good,Most of the time,Some,Somewhat well,As involved as desired,About as often as desired,18–29,Man,High school or less,"Other or multiracial, non-Hispanic",Never married,Middle income,Northeast
202301000715,0.7177819692418458,4-year college or graduate school,Not currently working for pay,A great deal,Very often,Sometimes,Rarely,Rarely,Rarely,Not much,,,,Somewhat,Yes,Lives with all parents,Good,Some of the time,Not at all,Somewhat well,Less involved than desired,About as often as desired,18–29,Nonbinary,High school or less,"Other or multiracial, non-Hispanic",Never married,Lower income,Northeast
202301000717,0.923205690766668,Not enrolled in school,Working full time,A fair amount,Extremely often,Sometimes,Rarely,Rarely,Rarely,Some,,,,Mostly,Yes,Lives with all parents,Good,Most of the time,A fair amount,Somewhat well,Less involved than desired,Less often than desired,18–29,Man,College graduate or higher,"Asian, non-Hispanic",Never married,Middle income,South
202301000725,0.4626881426476034,4-year college or graduate school,Working part time,A great deal,Very often,Extremely often,Rarely,Sometimes,Sometimes,Some,A few times a week,A few times a week,Less than once a month,A little,Yes,Does not live with a parent,Very good,Most of the time,Not at all,Somewhat well,As involved as desired,About as often as desired,18–29,Man,College graduate or higher,"Other or multiracial, non-Hispanic",Never married,Lower income,West
202301000743,0.2450674046275828,Not enrolled in school,Working full time,Some,Rarely,Very often,Very often,Sometimes,Very often,A great deal,At least once a day,At least once a day,Less than once a month,Completely,No,Does not live with a parent,Good,Some of the time,Not at all,Not too well,As involved as desired,Less often than desired,30–34,Woman,College graduate or higher,"Other or multiracial, non-Hispanic",Living with a partner,Upper income,Northeast
202301000765,2.322022562869668,4-year college or graduate school,Not currently working for pay,A great deal,Extremely often,Extremely often,Extremely often,Extremely often,Sometimes,A great deal,,,,A little,Yes,Lives with all parents,Excellent,All of the time,A fair amount,Very well,As involved as desired,Less often than desired,18–29,Woman,High school or less,"Other or multiracial, non-Hispanic",Never married,Middle income,Northeast
202301000772,0.2887023972855251,Not enrolled in school,Working part time,A great deal,Sometimes,Never,Rarely,Rarely,Rarely,Not much,A few times a month,A few times a month,Less than once a month,Completely,No,Does not live with a parent,Fair,Some of the time,Not much,Somewhat well,As involved as desired,About as often as desired,30–34,Woman,College graduate or higher,"Other or multiracial, non-Hispanic",Living with a partner,Middle income,South
202301000782,0.2183919293855194,Not enrolled in school,Not currently working for pay,A great deal,Rarely,Very often,Very often,Very often,Very often,A great deal,A few times a week,A few times a week,Less than once a month,Completely,No,Does not live with a parent,Excellent,All of the time,A fair amount,Very well,As involved as desired,About as often as desired,30–34,Woman,College graduate or higher,"Other or multiracial, non-Hispanic",Married,Middle income,West
202301000787,0.5018191290390789,4-year college or graduate school,Working part time,A fair amount,Rarely,Rarely,Rarely,Sometimes,Rarely,Not much,A few times a month,Once a month,Less than once a month,A little,Yes,Does not live with a parent,Fair,Some of the time,Not at all,Not too well,Less involved than desired,Less often than desired,18–29,Woman,Some college,"Other or multiracial, non-Hispanic",Never married,Middle income,West
202301000800,4.50649793422372,4-year college or graduate school,Not currently working for pay,Some,Sometimes,Sometimes,Rarely,Very often,Rarely,Some,,,,Somewhat,Yes,Lives with all parents,Good,Some of the time,Not much,Very well,As involved as desired,About as often as desired,18–29,Man,Some college,"Other or multiracial, non-Hispanic",Never married,Lower income,Midwest
202301000821,3.1847144923841952,Not enrolled in school,Not currently working for pay,A fair amount,Extremely often,Very often,Very often,Very often,Sometimes,A great deal,A few times a week,At least once a day,A few times a week,Somewhat,Yes,Does not live with a parent,Excellent,All of the time,A fair amount,Extremely well,As involved as desired,About as often as desired,30–34,Woman,High school or less,"Other or multiracial, non-Hispanic",Married,Lower income,Northeast
202301000843,0.6947331871147333,Not enrolled in school,Working full time,Not much,Sometimes,Sometimes,Rarely,Sometimes,Rarely,Not much,Once a month,Once a month,Less than once a month,Somewhat,No,Lives with at least one parent,Good,Some of the time,Not much,Not too well,As involved as desired,About as often as desired,18–29,Man,College graduate or higher,"Other or multiracial, non-Hispanic",Never married,Upper income,Northeast
202301000844,0.0930318112151827,Not enrolled in school,Working full time,A fair amount,Very often,Rarely,Sometimes,Very often,Sometimes,Some,,,,Somewhat,No,Lives with all parents,Very good,Most of the time,Not at all,Very well,As involved as desired,About as often as desired,30–34,Woman,College graduate or higher,"Other or multiracial, non-Hispanic",Never married,Middle income,West
202301000858,2.796253714977756,4-year college or graduate school,Not currently working for pay,A great deal,Extremely often,Extremely often,Sometimes,Extremely often,Sometimes,Some,,,,Not at all,Yes,Lives with all parents,Excellent,All of the time,Not much,Very well,As involved as desired,About as often as desired,18–29,Man,Some college,"Other or multiracial, non-Hispanic",Never married,Middle income,West
202301000871,1.6240027183463852,2-year college or technical school,Not currently working for pay,A great deal,Very often,Extremely often,Sometimes,Very often,Rarely,A fair amount,,,,A little,Yes,Lives with all parents,Good,Some of the time,A fair amount,Somewhat well,As involved as desired,Less often than desired,18–29,Man,Some college,"Other or multiracial, non-Hispanic",Never married,Middle income,West
202301000879,1.0234611547245998,Not enrolled in school,Working full time,A fair amount,Rarely,Sometimes,Sometimes,Sometimes,Rarely,Some,A few times a week,A few times a week,Less than once a month,Completely,No,Does not live with a parent,Good,Some of the time,Some,Somewhat well,As involved as desired,About as often as desired,30–34,Woman,College graduate or higher,"Other or multiracial, non-Hispanic",Married,Upper income,South
202301000888,0.5632305832690153,Not enrolled in school,Working full time,Some,Sometimes,Extremely often,Never,Sometimes,Rarely,Not at all,,,,Somewhat,Yes,Lives with all parents,Good,Rarely,Not at all,Somewhat well,More involved than desired,About as often as desired,18–29,Man,College graduate or higher,"Other or multiracial, non-Hispanic",Never married,Middle income,West
202301000893,0.209562913285552,Not enrolled in school,Working part time,Not much,Sometimes,Never,Never,Sometimes,Never,Not at all,,,,A little,Yes,Lives with all parents,Good,Some of the time,Some,Not too well,As involved as desired,Less often than desired,18–29,Nonbinary,College graduate or higher,"Other or multiracial, non-Hispanic",Never married,Middle income,South
202301000916,1.043415252231222,Not enrolled in school,Working full time,A fair amount,Rarely,Sometimes,Rarely,Rarely,Rarely,Not much,,,,Completely,No,Lives with all parents,Very good,All of the time,Not much,Somewhat well,As involved as desired,About as often as desired,18–29,Man,College graduate or higher,"Other or multiracial, non-Hispanic",Never married,Middle income,West
202301000938,0.1650583244148618,4-year college or graduate school,Working full time,A great deal,Sometimes,Sometimes,Sometimes,Rarely,Sometimes,A great deal,At least once a day,At least once a day,A few times a week,Mostly,Yes,Does not live with a parent,Excellent,All of the time,Not at all,Somewhat well,Less involved than desired,Less often than desired,30–34,Man,College graduate or higher,"Other or multiracial, non-Hispanic",Never married,Lower income,South
202301000941,0.1788407463243111,4-year college or graduate school,Working part time,A great deal,Very often,Very often,Never,Rarely,Never,Not much,A few times a week,A few times a week,A few times a month,A little,Yes,Lives with at least one parent,Fair,Rarely,Not at all,Not too well,As involved as desired,About as often as desired,18–29,Woman,Some college,"Other or multiracial, non-Hispanic",Never married,Middle income,West
202301000943,0.5832655157495825,4-year college or graduate school,Working full time,A great deal,Sometimes,Very often,Very often,Very often,Very often,A fair amount,A few times a week,A few times a week,Less than once a month,Mostly,Yes,Does not live with a parent,Excellent,All of the time,Some,Very well,As involved as desired,About as often as desired,18–29,Woman,College graduate or higher,"Other or multiracial, non-Hispanic",Never married,Lower income,Northeast
202301000962,1.5583298950918507,Not enrolled in school,Working full time,A great deal,Extremely often,Extremely often,Extremely often,Extremely often,Sometimes,A great deal,A few times a week,A few times a week,Less than once a month,Completely,No,Does not live with a parent,Excellent,Most of the time,A great deal,Very well,As involved as desired,About as often as desired,18–29,Woman,College graduate or higher,"Other or multiracial, non-Hispanic",Never married,Upper income,Midwest
202301000979,0.672023393994142,Not enrolled in school,Working full time,A fair amount,Very often,Very often,Never,Sometimes,Rarely,Some,,,,Mostly,No,Lives with all parents,Good,Some of the time,A great deal,Very well,More involved than desired,About as often as desired,18–29,Woman,College graduate or higher,"Other or multiracial, non-Hispanic",Never married,Middle income,Northeast
202301000981,0.5769982413156048,Not enrolled in school,Working part time,Not much,Never,Rarely,Never,Sometimes,Never,Not much,A few times a week,A few times a month,Less than once a month,Mostly,No,Does not live with a parent,Good,Most of the time,Some,Somewhat well,As involved as desired,About as often as desired,18–29,Woman,Some college,"Other or multiracial, non-Hispanic",Married,Lower income,West
202301000997,2.889676037123415,Not enrolled in school,Working full time,A fair amount,Sometimes,Rarely,Sometimes,Very often,Very often,Not much,Once a month,Once a month,A few times a month,Completely,No,Does not live with a parent,Very good,Most of the time,Not much,Somewhat well,As involved as desired,Less often than desired,30–34,Man,Some college,"Other or multiracial, non-Hispanic",Married,Lower income,West
202301001014,2.4101868257939927,4-year college or graduate school,Not currently working for pay,Not much,Rarely,Rarely,Never,Never,Never,Not at all,,,,A little,Yes,Lives with all parents,Good,Some of the time,Not much,Not too well,More involved than desired,About as often as desired,18–29,Woman,Some college,"Other or multiracial, non-Hispanic",Never married,Lower income,Northeast
202301001016,0.6955289050146588,Not enrolled in school,Working full time,A great deal,Rarely,Rarely,Rarely,Rarely,Rarely,Some,A few times a week,At least once a day,At least once a day,Completely,No,Does not live with a parent,Very good,Most of the time,A fair amount,Somewhat well,More involved than desired,About as often as desired,30–34,Woman,College graduate or higher,"Other or multiracial, non-Hispanic",Never married,Middle income,Northeast
202301001018,0.2249660596513949,Not enrolled in school,Not currently working for pay,Not much,Very often,Rarely,Never,Very often,Rarely,Not at all,,,,Not at all,Yes,Lives with all parents,Poor,Rarely,Not at all,Somewhat well,As involved as desired,More often than desired,18–29,Woman,Some college,"Other or multiracial, non-Hispanic",Never married,,South
202301001031,0.3619182068455547,Not enrolled in school,Working full time,Some,Never,Never,Never,Never,Never,Not at all,,,,Mostly,No,Lives with all parents,Good,Rarely,Some,Not too well,As involved as desired,About as often as desired,30–34,Man,Some college,"Other or multiracial, non-Hispanic",Never married,Middle income,West
202301001061,1.3731382982045293,Not enrolled in school,Not currently working for pay,A fair amount,Never,Sometimes,Never,Sometimes,Rarely,Not much,A few times a month,A few times a month,A few times a month,Mostly,Yes,Does not live with a parent,Good,All of the time,Not at all,Somewhat well,Less involved than desired,Less often than desired,18–29,Woman,Some college,"Asian, non-Hispanic",Living with a partner,Lower income,Midwest
202301001073,0.1662253597856236,Not enrolled in school,Working full time,A great deal,Sometimes,Sometimes,Rarely,Rarely,Rarely,Some,,,,Completely,No,Lives with all parents,Very good,Most of the time,Not much,Somewhat well,As involved as desired,About as often as desired,30–34,Woman,College graduate or higher,"Other or multiracial, non-Hispanic",Married,Upper income,Northeast
202301001093,0.3794916932331401,Not enrolled in school,Working full time,A great deal,Very often,Very often,Very often,Very often,Sometimes,A fair amount,A few times a week,A few times a week,Less than once a month,Completely,No,Does not live with a parent,Excellent,All of the time,Some,Very well,As involved as desired,About as often as desired,30–34,Man,College graduate or higher,"Asian, non-Hispanic",Married,Upper income,West
202301001104,2.0204086933605763,Not enrolled in school,Working full time,Some,Sometimes,Never,Never,Rarely,Never,Not at all,Less than once a month,Less than once a month,Less than once a month,Mostly,No,Does not live with a parent,Poor,Never,Some,Not well at all,As involved as desired,About as often as desired,18–29,Man,College graduate or higher,"Other or multiracial, non-Hispanic",Never married,Middle income,South
202301001105,5.2310390772015865,4-year college or graduate school,Not currently working for pay,A great deal,Very often,Extremely often,Sometimes,Sometimes,Rarely,Not much,A few times a week,At least once a day,Once a month,Not at all,Yes,Does not live with a parent,Excellent,Most of the time,Not much,Very well,As involved as desired,About as often as desired,18–29,Man,Some college,"Asian, non-Hispanic",Never married,Middle income,South
202301001115,5.067496664065993,Not enrolled in school,Working part time,Some,Sometimes,Never,Never,Never,Never,Not at all,,,,A little,Yes,Lives with all parents,Fair,Some of the time,Not at all,Somewhat well,Less involved than desired,Less often than desired,18–29,Man,High school or less,"Other or multiracial, non-Hispanic",Never married,Lower income,Northeast
202301001119,1.0547565311998666,Not enrolled in school,Working full time,Not much,Never,Never,Never,Never,Never,Not at all,Once a month,Less than once a month,Less than once a month,Completely,No,Does not live with a parent,Good,Some of the time,Not much,Somewhat well,As involved as desired,About as often as desired,18–29,Man,College graduate or higher,"Other or multiracial, non-Hispanic",Never married,Upper income,South
202301001134,6.27149339613728,4-year college or graduate school,Not currently working for pay,A fair amount,Very often,Very often,Extremely often,Extremely often,Very often,A fair amount,,,,A little,Yes,Lives with all parents,Excellent,Most of the time,A fair amount,Somewhat well,As involved as desired,About as often as desired,18–29,Man,Some college,"Other or multiracial, non-Hispanic",Never married,Upper income,Northeast
202301001140,1.495786374301021,Not enrolled in school,Working full time,Some,Extremely often,Extremely often,Extremely often,Extremely often,Extremely often,Some,A few times a month,A few times a month,Less than once a month,Not at all,No,Does not live with a parent,Excellent,All of the time,A great deal,Extremely well,More involved than desired,More often than desired,18–29,Woman,College graduate or higher,"Other or multiracial, non-Hispanic",Married,,West
202301001142,2.304322822089835,4-year college or graduate school,Working part time,A fair amount,Never,Rarely,Never,Never,Never,Not much,,,,Somewhat,No,Lives with all parents,Good,Some of the time,Some,Somewhat well,As involved as desired,About as often as desired,18–29,Man,Some college,"Asian, non-Hispanic",Never married,Middle income,South
202301001156,0.6664028895415223,Not enrolled in school,Not currently working for pay,A great deal,Extremely often,Extremely often,Extremely often,Extremely often,Extremely often,A great deal,At least once a day,Never,Never,Mostly,No,Does not live with a parent,Excellent,All of the time,A great deal,Extremely well,As involved as desired,About as often as desired,30–34,Woman,College graduate or higher,"Other or multiracial, non-Hispanic",Married,Lower income,South
202301001162,0.4345658547751159,Not enrolled in school,Working full time,A fair amount,Sometimes,Rarely,Sometimes,Sometimes,Never,Some,A few times a week,Once a month,A few times a month,Completely,No,Does not live with a parent,Very good,Most of the time,Some,Somewhat well,As involved as desired,Less often than desired,30–34,Woman,College graduate or higher,"Other or multiracial, non-Hispanic",Married,Middle income,South
202301001165,6.3191626703856185,4-year college or graduate school,Working part time,A great deal,Sometimes,Rarely,Sometimes,Sometimes,Sometimes,Some,,,,A little,Yes,Lives with all parents,Excellent,Most of the time,Not at all,Very well,As involved as desired,About as often as desired,18–29,Man,High school or less,"Asian, non-Hispanic",Never married,Middle income,Northeast
202301001166,0.5794943203037685,Not enrolled in school,Working full time,A great deal,Extremely often,Extremely often,Sometimes,Sometimes,Sometimes,Some,At least once a day,A few times a week,Once a month,Mostly,Yes,Does not live with a parent,Excellent,Most of the time,A fair amount,Very well,As involved as desired,More often than desired,18–29,Woman,College graduate or higher,"Other or multiracial, non-Hispanic",Never married,Upper income,Northeast
202301001171,1.4593478718624344,4-year college or graduate school,Working part time,A great deal,Never,Rarely,Never,Rarely,Never,Not much,,,,A little,Yes,Lives with all parents,Good,Most of the time,Not much,Somewhat well,Less involved than desired,Less often than desired,18–29,Man,Some college,"Other or multiracial, non-Hispanic",Never married,Lower income,West
202301001181,2.549179221379287,4-year college or graduate school,Not currently working for pay,A great deal,Very often,Extremely often,Rarely,Sometimes,Sometimes,Not much,A few times a week,At least once a day,Less than once a month,Not at all,Yes,Does not live with a parent,Excellent,Most of the time,Not much,Somewhat well,As involved as desired,About as often as desired,18–29,Nonbinary,Some college,"Asian, non-Hispanic",Never married,,South
202301001184,0.2894032741346751,Not enrolled in school,Working part time,A fair amount,Sometimes,Sometimes,Sometimes,Rarely,Sometimes,A fair amount,A few times a month,A few times a week,Less than once a month,Completely,No,Does not live with a parent,Very good,Most of the time,Not much,Very well,As involved as desired,Less often than desired,30–34,Woman,College graduate or higher,"Other or multiracial, non-Hispanic",Married,Middle income,Northeast
202301001187,0.7954108285458888,4-year college or graduate school,Not currently working for pay,Not much,Never,Never,Never,Never,Never,Some,A few times a month,A few times a month,Less than once a month,Not at all,Yes,Does not live with a parent,Excellent,Some of the time,Not at all,Very well,Less involved than desired,Less often than desired,18–29,Man,Some college,"Other or multiracial, non-Hispanic",Never married,Upper income,South
202301001191,0.1421666762343225,Not enrolled in school,Working full time,A great deal,Never,Never,Never,Never,Never,Not at all,Less than once a month,Less than once a month,Less than once a month,Completely,No,Does not live with a parent,Good,Rarely,Not at all,Not too well,As involved as desired,About as often as desired,30–34,Man,College graduate or higher,"Other or multiracial, non-Hispanic",Never married,Upper income,Northeast
