QKEY,INTERVIEW_START_W137,INTERVIEW_END_W137,DEVICE_TYPE_W137,LANG_W137,XSAMPLE_W137,XMARITAL_W137,XKIDS1_W137,XKIDS2_W137,XEVERMAR_W137,SCHLMOD_W137,LIVINGPAR2_W137,PARENTNUM_W137,PARENT_GEND_1_W137,PARENT_GEND_2_W137,PARENT_GEND_3_W137,PARENT_GEND_4_W137,PARENT_GEND_5_W137,PARENT_GEND_6_W137,PARENT_GEND_7_W137,PARENT_GEND_8_W137,PARENT_GEND_9_W137,PARENT_CONTACT_1_W137,PARENT_CONTACT_2_W137,PARENT_CONTACT_3_W137,PARENT_CONTACT_4_W137,PARENT_CONTACT_5_W137,PARENT_CONTACT_6_W137,PARENT_CONTACT_7_W137,PARENT_CONTACT_8_W137,PARENT_CONTACT_9_W137,DOV_PARENT_SELECT_W137,DOV_PARENT_GENDER_W137,CPREPARE_W137,CADVICE_a_W137,CADVICE_b_W137,CADVICE_c_W137,CADVICE_d_W137,CADVICE_e_W137,CADVICE_f_W137,CADVICE_g_W137,CADVICE_h_W137,CDISAGREE_a_W137,CDISAGREE_b_W137,CDISAGREE_c_W137,CDISAGREE_d_W137,CDISAGREE_e_W137,CDISAGREE_f_W137,CDISAGREE_g_W137,CDISAGREE_h_W137,CEMOTIONAL1_W137,CLIVEPAR1_W137,CCOMMPAR1_a_W137,CCOMMPAR1_b_W137,CCOMMPAR1_c_W137,EMPLSIT_W137,MARRYPREF1_W137,CMARRY2_W137,CHILDPREF_W137,CCHILD_W137,CFINANCES1_W137,CFINANCES2_W137,CFINANCES3_W137,CFINANCES4_a_W137,CFINANCES4_b_W137,CFINANCES4_c_W137,CFINANCES4_d_W137,CFINANCES4_e_W137,CFINANCES5_W137,CRATEREL_W137,CTRUSELF_W137,CEMOTIONAL2_W137,CPARKNOW_W137,CINVOLV_W137,CCOMMPAR2_W137,CLIVEPAR2_W137,CLIVEPAR3_a_W137,CLIVEPAR3_b_W137,CLIVEPAR3_c_W137,CLIVEPAR3_d_W137,CLIVEPAR3_e_W137,CLIVEPAR5_a_W137,CLIVEPAR5_b_W137,CHILDGRP_1_W137,CHILDGRP_1_REFUSED_W137,CHILDGRP_2_W137,CHILDGRP_2_REFUSED_W137,CHILDGRP_3_W137,CHILDGRP_3_REFUSED_W137,CHILD_AGE_1_RECODE_W137,CHILD_AGE_2_RECODE_W137,CHILD_AGE_3_RECODE_W137,CHILD_AGE_4_RECODE_W137,CHILD_AGE_5_RECODE_W137,CHILD_AGE_6_RECODE_W137,CHILD_AGE_7_RECODE_W137,CHILD_AGE_8_RECODE_W137,CHILD_AGE_9_RECODE_W137,CHILDTOTAL_W137,CHILD_GEND_1_W137,CHILD_GEND_2_W137,CHILD_GEND_3_W137,CHILD_GEND_4_W137,CHILD_GEND_5_W137,CHILD_GEND_6_W137,CHILD_GEND_7_W137,CHILD_GEND_8_W137,CHILD_GEND_9_W137,CHILD_CONTACT_1_W137,CHILD_CONTACT_2_W137,CHILD_CONTACT_3_W137,CHILD_CONTACT_4_W137,CHILD_CONTACT_5_W137,CHILD_CONTACT_6_W137,CHILD_CONTACT_7_W137,CHILD_CONTACT_8_W137,CHILD_CONTACT_9_W137,DOV_CHILD_SELECT_W137,DOV_CHILD_GENDER_W137,PSUCCESS_W137,PPREPARE_W137,PADVICE_a_W137,PADVICE_b_W137,PADVICE_c_W137,PADVICE_d_W137,PADVICE_e_W137,PADVICE_f_W137,PADVICE_g_W137,PDISAGREE_a_W137,PDISAGREE_b_W137,PDISAGREE_c_W137,PDISAGREE_d_W137,PDISAGREE_e_W137,PDISAGREE_f_W137,PDISAGREE_g_W137,PPASTADV_W137,PEMOTIONAL1_W137,PLIVECHILD1_W137,PCOMMCHILD1_a_W137,PCOMMCHILD1_b_W137,PCOMMCHILD1_c_W137,PFINANCES1_W137,PFINANCES2_W137,PFINANCES3_W137,PFINANCES4_W137,PRATEREL_W137,PTRUKNOW_W137,PEMOTIONAL2_W137,PFEEL_a_W137,PFEEL_b_W137,PFEEL_c_W137,PFEEL_d_W137,PCINVOLV_W137,PCOMMCHILD2_W137,PMONITOR_W137,PLIVECHILD2_W137,PLIVECHILD3_a_W137,PLIVECHILD3_b_W137,CDISABIL_W137,PMILESTONE1_a_W137,PMILESTONE1_b_W137,PMILESTONE1_c_W137,PMILESTONE1_d_W137,PMILESTONE2_W137,PMILESTONE3_W137,F_METRO,F_CREGION,F_CDIVISION,F_USR_SELFID,F_AGECAT,F_GENDER,F_EDUCCAT,F_EDUCCAT2,F_HISP,F_HISP_ORIGIN,F_YEARSINUS_RECODE,F_RACECMB,F_RACETHNMOD,F_BIRTHPLACE,F_MARITAL,F_RELIG,F_BORN,F_RELIGCAT1,F_ATTENDPER,F_PARTY_FINAL,F_PARTYLN_FINAL,F_PARTYSUM_FINAL,F_PARTYSUMIDEO_FINAL,F_REG,F_INC_SDT1,F_IDEO,F_INTFREQ,F_VOLSUM,F_INC_TIER2,WEIGHT_W137_CHILD,WEIGHT_W137_PARENT
102198,2023-10-28T20:40:15Z,2023-10-28T20:51:32Z,1,1,1,6,2,2,2,3.0,2.0,2.0,2.0,1.0,,,,,,,,1.0,1.0,,,,,,,,1.0,1.0,1.0,1.0,1.0,2.0,4.0,1.0,1.0,,,4.0,4.0,5.0,5.0,4.0,5.0,,,1.0,1.0,,,,2.0,1.0,5.0,1.0,4.0,2.0,1.0,1.0,2.0,2.0,2.0,1.0,1.0,2.0,1.0,2.0,1.0,1.0,1.0,3.0,3.0,4.0,2.0,1.0,1.0,,2.0,2.0,,0,,0,,0,,,,,,,,,,,,,,,,,,,,,,,,,,,,,,,,,,,,,,,,,,,,,,,,,,,,,,,,,,,,,,,,,,,,,,,,,,,,,1.0,1.0,2.0,2,1,2,1,6,2,,1,1,1,1,6,1,1.0,1,2,1,,1,1,1,1,2,1.0,1,1,0.362393397854942,
274825,2023-10-27T17:44:12Z,2023-10-27T17:47:10Z,1,1,1,6,2,2,2,4.0,2.0,2.0,2.0,1.0,,,,,,,,1.0,1.0,,,,,,,,1.0,2.0,2.0,1.0,2.0,3.0,2.0,3.0,3.0,,,99.0,4.0,4.0,4.0,4.0,4.0,,,3.0,3.0,3.0,2.0,5.0,1.0,1.0,2.0,1.0,1.0,1.0,,2.0,,,,,,2.0,1.0,2.0,2.0,1.0,3.0,3.0,4.0,,,,,,,,,0,,0,,0,,,,,,,,,,,,,,,,,,,,,,,,,,,,,,,,,,,,,,,,,,,,,,,,,,,,,,,,,,,,,,,,,,,,,,,,,,,,,1.0,4.0,8.0,1,1,1,1,6,2,,1,1,1,1,6,9,,3,5,2,,2,3,3,8,3,1.0,2,3,1.6814015105575095,
278114,2023-10-31T15:57:15Z,2023-10-31T16:02:15Z,2,1,1,1,1,2,1,4.0,2.0,2.0,1.0,2.0,,,,,,,,1.0,1.0,,,,,,,,1.0,1.0,1.0,5.0,5.0,5.0,4.0,5.0,,5.0,3.0,5.0,4.0,5.0,5.0,5.0,,5.0,5.0,2.0,3.0,3.0,2.0,3.0,2.0,,,,,1.0,,2.0,,,,,,2.0,1.0,2.0,3.0,2.0,3.0,3.0,4.0,,,,,,,,,0,,0,,0,,,,,,,,,,,,,,,,,,,,,,,,,,,,,,,,,,,,,,,,,,,,,,,,,,,,,,,,,,,,,,,,,,,,,,,,,,,,,1.0,2.0,3.0,2,2,2,1,5,2,,1,1,1,1,1,1,1.0,1,4,1,,1,1,1,4,2,2.0,2,1,0.3960992910346649,
309053,2023-10-29T20:27:03Z,2023-10-29T23:51:09Z,2,1,1,2,2,2,2,4.0,2.0,2.0,1.0,2.0,,,,,,,,1.0,1.0,,,,,,,,1.0,2.0,1.0,3.0,2.0,4.0,3.0,4.0,,3.0,,4.0,5.0,5.0,4.0,4.0,,3.0,,3.0,3.0,3.0,3.0,5.0,1.0,1.0,3.0,3.0,5.0,4.0,2.0,2.0,,,,,,2.0,2.0,1.0,4.0,3.0,3.0,2.0,4.0,,,,,,,,,0,,0,,0,,,,,,,,,,,,,,,,,,,,,,,,,,,,,,,,,,,,,,,,,,,,,,,,,,,,,,,,,,,,,,,,,,,,,,,,,,,,,1.0,4.0,8.0,2,1,1,1,5,2,,1,1,1,1,2,1,2.0,1,5,3,1.0,1,2,2,4,3,2.0,2,2,3.5883102340932944,
319198,2023-10-29T19:37:10Z,2023-10-29T19:41:07Z,2,1,1,6,2,2,2,4.0,2.0,2.0,1.0,2.0,,,,,,,,1.0,1.0,,,,,,,,1.0,2.0,4.0,3.0,4.0,5.0,5.0,5.0,4.0,,,3.0,2.0,4.0,3.0,4.0,3.0,,,5.0,3.0,5.0,2.0,5.0,1.0,1.0,3.0,1.0,3.0,2.0,1.0,1.0,1.0,2.0,1.0,2.0,2.0,2.0,5.0,5.0,4.0,4.0,3.0,1.0,4.0,,,,,,,,,0,,0,,0,,,,,,,,,,,,,,,,,,,,,,,,,,,,,,,,,,,,,,,,,,,,,,,,,,,,,,,,,,,,,,,,,,,,,,,,,,,,,1.0,2.0,4.0,2,2,1,1,5,2,,1,1,1,1,6,11,,4,5,4,2.0,2,4,1,3,4,1.0,2,2,0.3212080274888562,
601394,2023-10-27T17:02:30Z,2023-10-27T17:07:51Z,2,1,1,2,2,2,2,4.0,2.0,2.0,1.0,2.0,,,,,,,,1.0,1.0,,,,,,,,1.0,1.0,2.0,3.0,3.0,5.0,4.0,5.0,,4.0,,3.0,4.0,2.0,2.0,5.0,,4.0,,4.0,3.0,4.0,3.0,5.0,1.0,1.0,4.0,1.0,3.0,1.0,,2.0,,,,,,2.0,2.0,2.0,4.0,2.0,3.0,3.0,4.0,,,,,,,,,0,,0,,0,,,,,,,,,,,,,,,,,,,,,,,,,,,,,,,,,,,,,,,,,,,,,,,,,,,,,,,,,,,,,,,,,,,,,,,,,,,,,1.0,4.0,9.0,3,1,1,2,3,2,,1,1,1,1,2,9,,3,6,3,1.0,1,1,1,6,2,1.0,2,2,4.319443365904856,
601538,2023-11-04T20:38:02Z,2023-11-04T20:46:51Z,2,2,1,6,2,2,2,4.0,2.0,2.0,2.0,1.0,,,,,,,,1.0,1.0,,,,,,,,1.0,1.0,1.0,4.0,4.0,3.0,5.0,4.0,4.0,,,4.0,5.0,5.0,5.0,4.0,4.0,,,4.0,1.0,,,,1.0,1.0,5.0,1.0,5.0,1.0,,1.0,2.0,2.0,1.0,1.0,2.0,1.0,3.0,3.0,3.0,4.0,2.0,2.0,3.0,3.0,3.0,5.0,3.0,,1.0,1.0,,0,,0,,0,,,,,,,,,,,,,,,,,,,,,,,,,,,,,,,,,,,,,,,,,,,,,,,,,,,,,,,,,,,,,,,,,,,,,,,,,,,,,1.0,3.0,7.0,1,2,2,2,3,1,1.0,3,1,3,4,6,12,,3,3,4,2.0,2,3,3,3,3,1.0,2,1,1.517542625273916,
603590,2023-10-29T17:07:13Z,2023-10-29T17:13:27Z,2,1,1,6,2,2,2,4.0,2.0,2.0,1.0,2.0,,,,,,,,1.0,1.0,,,,,,,,1.0,2.0,1.0,3.0,2.0,2.0,2.0,3.0,4.0,,,4.0,4.0,4.0,4.0,4.0,3.0,,,3.0,1.0,,,,3.0,1.0,4.0,1.0,4.0,2.0,1.0,1.0,2.0,2.0,2.0,1.0,2.0,2.0,1.0,2.0,2.0,3.0,3.0,3.0,1.0,1.0,1.0,2.0,4.0,,2.0,1.0,,0,,0,,0,,,,,,,,,,,,,,,,,,,,,,,,,,,,,,,,,,,,,,,,,,,,,,,,,,,,,,,,,,,,,,,,,,,,,,,,,,,,,1.0,4.0,8.0,3,2,1,2,4,2,,1,4,4,1,6,1,1.0,1,3,4,1.0,1,1,1,9,1,2.0,1,3,1.812167388042596,
604534,2023-10-31T17:52:15Z,2023-10-31T19:02:45Z,2,1,1,1,1,2,1,4.0,2.0,2.0,2.0,1.0,,,,,,,,1.0,1.0,,,,,,,,1.0,2.0,1.0,3.0,3.0,4.0,3.0,4.0,,3.0,3.0,4.0,4.0,3.0,4.0,3.0,,4.0,3.0,3.0,3.0,2.0,2.0,2.0,1.0,,,,,1.0,,2.0,,,,,,2.0,3.0,2.0,3.0,3.0,3.0,3.0,4.0,,,,,,,,,0,,0,,0,,,,,,,,,,,,,,,,,,,,,,,,,,,,,,,,,,,,,,,,,,,,,,,,,,,,,,,,,,,,,,,,,,,,,,,,,,,,,1.0,2.0,3.0,2,2,2,1,6,2,,4,1,1,4,1,10,,3,3,2,,2,4,1,9,4,2.0,1,3,0.4009511910867191,
605031,2023-11-02T07:05:40Z,2023-11-02T07:10:29Z,2,1,1,1,1,2,1,4.0,2.0,2.0,1.0,2.0,,,,,,,,1.0,1.0,,,,,,,,1.0,1.0,1.0,4.0,4.0,4.0,5.0,5.0,,4.0,3.0,3.0,5.0,4.0,5.0,4.0,,1.0,5.0,4.0,3.0,3.0,3.0,3.0,1.0,,,,,1.0,,2.0,,,,,,2.0,2.0,1.0,5.0,2.0,3.0,3.0,4.0,,,,,,,,,0,,0,,0,,,,,,,,,,,,,,,,,,,,,,,,,,,,,,,,,,,,,,,,,,,,,,,,,,,,,,,,,,,,,,,,,,,,,,,,,,,,,1.0,1.0,2.0,2,2,1,3,2,2,,1,1,1,1,1,2,2.0,2,2,2,,2,4,1,6,4,1.0,2,2,2.0461155556067,
605493,2023-10-27T19:42:23Z,2023-10-27T19:46:11Z,1,1,1,1,1,2,1,4.0,2.0,2.0,2.0,1.0,,,,,,,,1.0,1.0,,,,,,,,1.0,2.0,1.0,3.0,3.0,3.0,3.0,3.0,,3.0,3.0,3.0,3.0,2.0,4.0,4.0,,3.0,3.0,2.0,3.0,2.0,2.0,5.0,2.0,,,,,2.0,1.0,1.0,2.0,2.0,2.0,1.0,2.0,1.0,2.0,2.0,2.0,2.0,2.0,2.0,4.0,,,,,,,,,0,,0,,0,,,,,,,,,,,,,,,,,,,,,,,,,,,,,,,,,,,,,,,,,,,,,,,,,,,,,,,,,,,,,,,,,,,,,,,,,,,,,1.0,4.0,9.0,1,2,2,1,6,2,,1,5,4,1,1,12,,3,6,3,2.0,2,4,1,8,5,1.0,2,2,0.5942078379936837,
606171,2023-10-29T13:46:21Z,2023-10-29T13:52:33Z,2,1,1,2,1,1,2,3.0,1.0,1.0,2.0,,,,,,,,,1.0,,,,,,,,,99.0,2.0,4.0,4.0,2.0,4.0,2.0,2.0,,4.0,2.0,5.0,1.0,5.0,5.0,5.0,,5.0,3.0,1.0,2.0,2.0,2.0,2.0,1.0,1.0,5.0,,,1.0,,2.0,,,,,,1.0,1.0,2.0,1.0,3.0,3.0,3.0,1.0,1.0,1.0,1.0,3.0,3.0,1.0,1.0,,0,,0,,0,,,,,,,,,,,,,,,,,,,,,,,,,,,,,,,,,,,,,,,,,,,,,,,,,,,,,,,,,,,,,,,,,,,,,,,,,,,,,1.0,4.0,9.0,1,2,2,1,5,1,1.0,1,5,3,1,2,10,,3,6,4,1.0,1,2,1,4,3,1.0,2,2,0.4463020804917564,
606790,2023-11-02T20:50:56Z,2023-11-02T20:57:38Z,2,1,1,1,1,2,1,4.0,2.0,2.0,2.0,1.0,,,,,,,,1.0,1.0,,,,,,,,1.0,1.0,1.0,2.0,3.0,5.0,2.0,5.0,,5.0,3.0,5.0,5.0,5.0,5.0,5.0,,5.0,4.0,4.0,3.0,2.0,2.0,2.0,1.0,,,,,1.0,,2.0,,,,,,2.0,2.0,2.0,4.0,3.0,2.0,2.0,4.0,,,,,,,,,0,,0,,0,,,,,,,,,,,,,,,,,,,,,,,,,,,,,,,,,,,,,,,,,,,,,,,,,,,,,,,,,,,,,,,,,,,,,,,,,,,,,1.0,4.0,9.0,2,2,2,1,5,1,1.0,1,5,3,1,1,2,2.0,2,3,2,,2,4,1,8,4,1.0,2,2,0.50831401847266,
607694,2023-10-27T17:11:25Z,2023-10-27T17:16:03Z,2,1,1,2,2,2,2,4.0,2.0,2.0,2.0,1.0,,,,,,,,1.0,1.0,,,,,,,,1.0,2.0,3.0,3.0,3.0,5.0,5.0,5.0,,5.0,,2.0,4.0,5.0,5.0,3.0,,4.0,,5.0,3.0,2.0,2.0,6.0,1.0,1.0,5.0,1.0,4.0,1.0,,2.0,,,,,,2.0,2.0,2.0,1.0,1.0,3.0,3.0,4.0,,,,,,,,,0,,0,,0,,,,,,,,,,,,,,,,,,,,,,,,,,,,,,,,,,,,,,,,,,,,,,,,,,,,,,,,,,,,,,,,,,,,,,,,,,,,,1.0,4.0,9.0,1,2,2,2,4,1,2.0,1,1,3,1,2,10,,3,6,2,,2,4,1,9,4,1.0,2,3,0.618016868628595,
608491,2023-10-30T10:23:52Z,2023-10-30T10:29:50Z,2,1,1,6,2,2,2,4.0,1.0,1.0,2.0,,,,,,,,,1.0,,,,,,,,,99.0,2.0,2.0,3.0,4.0,4.0,4.0,5.0,5.0,,,3.0,5.0,4.0,4.0,5.0,5.0,,,4.0,2.0,1.0,6.0,1.0,1.0,1.0,4.0,2.0,4.0,2.0,2.0,2.0,,,,,,1.0,2.0,2.0,3.0,3.0,1.0,3.0,1.0,2.0,2.0,3.0,3.0,,1.0,2.0,,0,,0,,0,,,,,,,,,,,,,,,,,,,,,,,,,,,,,,,,,,,,,,,,,,,,,,,,,,,,,,,,,,,,,,,,,,,,,,,,,,,,,1.0,3.0,5.0,3,1,2,2,3,2,,1,2,2,1,6,11,2.0,4,5,3,2.0,2,3,3,2,3,1.0,2,1,2.5030488089344987,
610786,2023-11-02T10:39:20Z,2023-11-04T12:15:48Z,1,1,1,6,2,2,2,3.0,2.0,2.0,2.0,1.0,,,,,,,,1.0,1.0,,,,,,,,1.0,1.0,1.0,3.0,3.0,3.0,5.0,3.0,4.0,,,3.0,3.0,3.0,3.0,3.0,3.0,,,1.0,3.0,3.0,2.0,5.0,1.0,1.0,5.0,1.0,5.0,1.0,,2.0,,,,,,2.0,1.0,2.0,2.0,3.0,3.0,3.0,4.0,,,,,,,,,0,,0,,0,,,,,,,,,,,,,,,,,,,,,,,,,,,,,,,,,,,,,,,,,,,,,,,,,,,,,,,,,,,,,,,,,,,,,,,,,,,,,1.0,3.0,5.0,2,2,1,1,6,2,,1,3,5,1,6,10,,3,5,3,1.0,1,1,2,9,2,1.0,2,2,0.5975662126396958,
612332,2023-11-01T14:55:46Z,2023-11-01T14:58:47Z,2,1,1,6,1,2,2,4.0,2.0,2.0,1.0,2.0,,,,,,,,1.0,1.0,,,,,,,,1.0,2.0,4.0,4.0,4.0,5.0,4.0,4.0,5.0,,4.0,4.0,5.0,4.0,5.0,5.0,4.0,,4.0,4.0,3.0,2.0,1.0,2.0,3.0,3.0,5.0,,,2.0,1.0,1.0,2.0,2.0,2.0,1.0,1.0,2.0,3.0,4.0,5.0,1.0,1.0,1.0,4.0,,,,,,,,,0,,0,,0,,,,,,,,,,,,,,,,,,,,,,,,,,,,,,,,,,,,,,,,,,,,,,,,,,,,,,,,,,,,,,,,,,,,,,,,,,,,,1.0,2.0,3.0,2,2,1,2,3,2,,1,1,1,1,6,12,,3,5,3,2.0,2,4,3,4,4,1.0,1,2,0.6464232893018635,
615859,2023-10-31T07:31:35Z,2023-10-31T07:38:37Z,2,1,1,6,2,2,2,4.0,2.0,2.0,2.0,1.0,,,,,,,,1.0,1.0,,,,,,,,1.0,2.0,1.0,2.0,3.0,3.0,4.0,4.0,4.0,,,3.0,5.0,4.0,4.0,4.0,4.0,,,2.0,3.0,3.0,1.0,4.0,1.0,1.0,4.0,1.0,4.0,2.0,1.0,1.0,2.0,2.0,2.0,2.0,1.0,1.0,2.0,1.0,3.0,3.0,3.0,2.0,4.0,,,,,,,,,0,,0,,0,,,,,,,,,,,,,,,,,,,,,,,,,,,,,,,,,,,,,,,,,,,,,,,,,,,,,,,,,,,,,,,,,,,,,,,,,,,,,1.0,1.0,2.0,1,1,1,1,5,2,,1,1,1,1,6,2,2.0,2,3,3,1.0,1,2,1,5,3,1.0,1,2,0.6313720159485123,
617876,2023-10-28T07:03:45Z,2023-10-28T07:15:11Z,1,1,1,6,2,2,2,4.0,2.0,2.0,2.0,1.0,,,,,,,,1.0,1.0,,,,,,,,1.0,1.0,2.0,3.0,3.0,4.0,4.0,3.0,3.0,,,3.0,4.0,4.0,3.0,3.0,3.0,,,3.0,3.0,3.0,2.0,1.0,1.0,2.0,5.0,2.0,5.0,1.0,,2.0,,,,,,2.0,2.0,2.0,4.0,2.0,3.0,2.0,4.0,,,,,,,,,0,,0,,0,,,,,,,,,,,,,,,,,,,,,,,,,,,,,,,,,,,,,,,,,,,,,,,,,,,,,,,,,,,,,,,,,,,,,,,,,,,,,2.0,1.0,1.0,3,2,1,2,3,2,,1,1,1,1,6,12,,3,6,4,2.0,2,4,1,2,5,1.0,2,2,1.6847429696994776,
619330,2023-10-26T20:37:04Z,2023-10-26T20:40:41Z,2,1,1,6,2,2,2,4.0,2.0,2.0,1.0,2.0,,,,,,,,1.0,1.0,,,,,,,,1.0,1.0,1.0,4.0,5.0,5.0,5.0,5.0,5.0,,,5.0,5.0,5.0,5.0,5.0,5.0,,,5.0,1.0,,,,1.0,1.0,3.0,3.0,5.0,1.0,,1.0,1.0,2.0,2.0,1.0,2.0,2.0,1.0,2.0,3.0,3.0,3.0,3.0,1.0,3.0,1.0,4.0,4.0,,2.0,2.0,,0,,0,,0,,,,,,,,,,,,,,,,,,,,,,,,,,,,,,,,,,,,,,,,,,,,,,,,,,,,,,,,,,,,,,,,,,,,,,,,,,,,,1.0,2.0,3.0,2,2,1,1,6,1,2.0,4,4,3,4,6,9,,3,6,2,,2,4,1,7,5,1.0,1,3,0.1153522785847851,
622962,2023-11-01T12:03:11Z,2023-11-01T12:06:30Z,2,1,1,1,2,2,1,3.0,2.0,2.0,1.0,2.0,,,,,,,,1.0,1.0,,,,,,,,1.0,1.0,1.0,3.0,2.0,4.0,2.0,3.0,,4.0,,3.0,1.0,3.0,5.0,4.0,,3.0,,3.0,3.0,3.0,3.0,5.0,1.0,,,3.0,4.0,2.0,2.0,2.0,,,,,,2.0,1.0,2.0,3.0,3.0,3.0,3.0,4.0,,,,,,,,,0,,0,,0,,,,,,,,,,,,,,,,,,,,,,,,,,,,,,,,,,,,,,,,,,,,,,,,,,,,,,,,,,,,,,,,,,,,,,,,,,,,,1.0,4.0,8.0,1,2,1,1,6,2,,1,1,1,1,1,9,,3,6,2,,2,4,1,5,4,1.0,1,2,0.3144036928102103,
623762,2023-10-27T17:14:05Z,2023-10-27T17:17:27Z,1,1,1,1,1,2,1,4.0,2.0,2.0,1.0,2.0,,,,,,,,1.0,1.0,,,,,,,,1.0,2.0,2.0,4.0,5.0,5.0,3.0,5.0,,5.0,3.0,5.0,5.0,3.0,5.0,5.0,,5.0,5.0,3.0,3.0,4.0,3.0,4.0,1.0,,,,,2.0,1.0,1.0,2.0,2.0,2.0,2.0,1.0,2.0,1.0,1.0,5.0,3.0,2.0,2.0,4.0,,,,,,,,,0,,0,,0,,,,,,,,,,,,,,,,,,,,,,,,,,,,,,,,,,,,,,,,,,,,,,,,,,,,,,,,,,,,,,,,,,,,,,,,,,,,,1.0,4.0,8.0,2,2,1,1,6,2,,1,1,1,1,1,3,2.0,4,2,3,2.0,2,4,1,8,4,1.0,1,2,0.3633296742809729,
623771,2023-10-31T14:09:24Z,2023-10-31T14:14:55Z,2,1,1,1,1,2,1,4.0,3.0,3.0,2.0,1.0,1.0,,,,,,,1.0,1.0,1.0,,,,,,,1.0,1.0,2.0,3.0,3.0,3.0,3.0,3.0,,3.0,3.0,3.0,4.0,4.0,3.0,3.0,,4.0,3.0,3.0,3.0,5.0,3.0,5.0,1.0,,,,,1.0,,2.0,,,,,,2.0,2.0,2.0,4.0,3.0,2.0,2.0,4.0,,,,,,,,,0,,0,,0,,,,,,,,,,,,,,,,,,,,,,,,,,,,,,,,,,,,,,,,,,,,,,,,,,,,,,,,,,,,,,,,,,,,,,,,,,,,,1.0,3.0,7.0,2,2,1,2,3,2,,1,1,1,1,1,1,1.0,1,2,3,1.0,1,2,1,8,3,2.0,2,2,2.829656817579432,
623809,2023-10-27T17:19:34Z,2023-10-27T17:22:45Z,2,1,1,2,2,2,2,4.0,2.0,2.0,2.0,1.0,,,,,,,,1.0,1.0,,,,,,,,1.0,2.0,1.0,3.0,3.0,3.0,3.0,3.0,,3.0,,3.0,3.0,3.0,3.0,3.0,,3.0,,2.0,3.0,2.0,2.0,2.0,1.0,1.0,3.0,1.0,3.0,1.0,,2.0,,,,,,2.0,2.0,2.0,2.0,2.0,3.0,3.0,4.0,,,,,,,,,0,,0,,0,,,,,,,,,,,,,,,,,,,,,,,,,,,,,,,,,,,,,,,,,,,,,,,,,,,,,,,,,,,,,,,,,,,,,,,,,,,,,2.0,2.0,3.0,3,2,2,1,6,2,,1,1,1,1,2,1,1.0,1,4,1,,1,2,3,6,3,1.0,2,2,0.9165120240644484,
625088,2023-10-29T12:00:58Z,2023-10-29T12:07:26Z,2,1,1,2,1,2,1,4.0,2.0,2.0,1.0,2.0,,,,,,,,1.0,1.0,,,,,,,,1.0,1.0,2.0,3.0,3.0,3.0,3.0,3.0,,3.0,3.0,3.0,4.0,5.0,5.0,5.0,,5.0,5.0,3.0,3.0,3.0,3.0,3.0,2.0,,,,,2.0,1.0,2.0,,,,,,2.0,1.0,1.0,4.0,2.0,3.0,2.0,4.0,,,,,,,,,0,,0,,0,,,,,,,,,,,,,,,,,,,,,,,,,,,,,,,,,,,,,,,,,,,,,,,,,,,,,,,,,,,,,,,,,,,,,,,,,,,,,1.0,3.0,5.0,3,2,2,3,2,2,,1,1,1,1,2,10,,3,6,3,2.0,2,3,3,4,3,1.0,2,1,1.509724482034236,
625237,2023-10-29T23:21:47Z,2023-10-29T23:25:47Z,2,1,1,1,1,2,1,4.0,1.0,1.0,1.0,,,,,,,,,1.0,,,,,,,,,99.0,1.0,2.0,3.0,3.0,3.0,3.0,3.0,,3.0,2.0,5.0,4.0,4.0,5.0,5.0,,4.0,4.0,3.0,3.0,4.0,2.0,5.0,1.0,,,,,1.0,,1.0,2.0,2.0,2.0,2.0,2.0,2.0,3.0,2.0,2.0,3.0,3.0,2.0,4.0,,,,,,,,,0,,0,,0,,,,,,,,,,,,,,,,,,,,,,,,,,,,,,,,,,,,,,,,,,,,,,,,,,,,,,,,,,,,,,,,,,,,,,,,,,,,,1.0,4.0,8.0,3,2,1,1,5,2,,1,1,1,1,1,1,2.0,1,2,3,1.0,1,1,3,3,2,2.0,2,2,2.58458320120069,
626152,2023-10-29T12:56:55Z,2023-10-29T13:02:05Z,2,1,1,1,2,2,1,4.0,2.0,2.0,1.0,2.0,,,,,,,,1.0,1.0,,,,,,,,1.0,2.0,1.0,4.0,4.0,4.0,4.0,5.0,,5.0,,5.0,5.0,5.0,4.0,5.0,,4.0,,4.0,3.0,3.0,3.0,5.0,1.0,,,2.0,5.0,1.0,,2.0,,,,,,2.0,2.0,1.0,5.0,2.0,3.0,3.0,4.0,,,,,,,,,0,,0,,0,,,,,,,,,,,,,,,,,,,,,,,,,,,,,,,,,,,,,,,,,,,,,,,,,,,,,,,,,,,,,,,,,,,,,,,,,,,,,1.0,2.0,4.0,1,2,1,1,5,2,,1,1,1,1,1,9,,3,6,4,2.0,2,4,1,9,5,1.0,1,3,0.2539530529224423,
630914,2023-11-03T01:24:06Z,2023-11-03T01:30:51Z,2,1,1,6,2,2,2,4.0,2.0,2.0,2.0,1.0,,,,,,,,1.0,1.0,,,,,,,,1.0,1.0,2.0,4.0,3.0,3.0,3.0,4.0,3.0,,,3.0,4.0,5.0,4.0,4.0,3.0,,,4.0,1.0,,,,2.0,1.0,5.0,1.0,5.0,1.0,,2.0,,,,,,1.0,1.0,1.0,4.0,2.0,3.0,3.0,1.0,3.0,1.0,4.0,4.0,,2.0,1.0,,0,,0,,0,,,,,,,,,,,,,,,,,,,,,,,,,,,,,,,,,,,,,,,,,,,,,,,,,,,,,,,,,,,,,,,,,,,,,,,,,,,,,1.0,2.0,4.0,2,2,1,2,3,2,,1,1,1,1,6,12,,3,6,4,1.0,1,2,1,6,3,1.0,2,2,1.3408364814360956,
633392,2023-10-27T16:58:13Z,2023-10-27T17:01:38Z,2,1,1,6,1,2,2,4.0,2.0,2.0,2.0,1.0,,,,,,,,1.0,1.0,,,,,,,,1.0,1.0,4.0,5.0,4.0,5.0,5.0,5.0,5.0,,5.0,5.0,5.0,5.0,5.0,5.0,5.0,,5.0,5.0,3.0,6.0,2.0,3.0,3.0,2.0,5.0,,,1.0,,2.0,,,,,,2.0,5.0,5.0,5.0,5.0,3.0,3.0,4.0,,,,,,,,,0,,0,,0,,,,,,,,,,,,,,,,,,,,,,,,,,,,,,,,,,,,,,,,,,,,,,,,,,,,,,,,,,,,,,,,,,,,,,,,,,,,,1.0,4.0,9.0,2,2,2,2,3,2,,1,1,1,1,6,9,,3,6,2,,2,4,1,1,4,2.0,1,1,0.6545217770736571,
636675,2023-10-27T21:07:36Z,2023-10-27T21:12:34Z,2,1,1,1,1,2,1,4.0,2.0,2.0,2.0,1.0,,,,,,,,1.0,1.0,,,,,,,,1.0,2.0,2.0,1.0,2.0,2.0,2.0,2.0,,3.0,2.0,3.0,1.0,4.0,5.0,5.0,,5.0,5.0,2.0,3.0,2.0,2.0,5.0,2.0,,,,,2.0,2.0,1.0,2.0,1.0,1.0,1.0,1.0,2.0,2.0,1.0,2.0,3.0,2.0,2.0,4.0,,,,,,,,,0,,0,,0,,,,,,,,,,,,,,,,,,,,,,,,,,,,,,,,,,,,,,,,,,,,,,,,,,,,,,,,,,,,,,,,,,,,,,,,,,,,,1.0,3.0,5.0,2,2,2,3,1,2,,3,1,1,4,1,10,,3,6,4,2.0,2,3,3,2,3,2.0,2,1,2.7380608597943903,
637024,2023-10-29T12:17:35Z,2023-10-29T12:22:19Z,2,1,1,6,2,2,2,4.0,2.0,2.0,2.0,1.0,,,,,,,,1.0,1.0,,,,,,,,1.0,2.0,4.0,3.0,5.0,5.0,5.0,5.0,5.0,,,3.0,4.0,5.0,5.0,5.0,5.0,,,4.0,3.0,3.0,3.0,5.0,1.0,1.0,4.0,3.0,4.0,1.0,,1.0,2.0,2.0,1.0,2.0,2.0,1.0,3.0,3.0,5.0,3.0,3.0,2.0,4.0,,,,,,,,,0,,0,,0,,,,,,,,,,,,,,,,,,,,,,,,,,,,,,,,,,,,,,,,,,,,,,,,,,,,,,,,,,,,,,,,,,,,,,,,,,,,,1.0,3.0,5.0,2,1,1,1,5,2,,1,2,2,1,6,1,2.0,1,3,3,2.0,2,3,1,4,3,1.0,2,2,1.3361204343155595,
643728,2023-10-27T18:50:26Z,2023-10-27T18:57:39Z,2,1,1,6,2,2,2,4.0,2.0,2.0,1.0,2.0,,,,,,,,1.0,1.0,,,,,,,,1.0,1.0,3.0,5.0,5.0,4.0,5.0,5.0,5.0,,,5.0,5.0,2.0,5.0,5.0,5.0,,,4.0,3.0,3.0,2.0,6.0,1.0,2.0,5.0,3.0,4.0,1.0,,2.0,,,,,,2.0,3.0,2.0,4.0,1.0,3.0,3.0,4.0,,,,,,,,,0,,0,,0,,,,,,,,,,,,,,,,,,,,,,,,,,,,,,,,,,,,,,,,,,,,,,,,,,,,,,,,,,,,,,,,,,,,,,,,,,,,,1.0,1.0,2.0,1,2,1,1,6,2,,1,1,1,1,6,12,,3,6,3,2.0,2,4,1,9,4,1.0,2,2,0.5541329383750135,
645149,2023-10-29T12:38:19Z,2023-10-29T12:40:56Z,2,1,1,1,1,2,1,4.0,2.0,2.0,1.0,2.0,,,,,,,,1.0,1.0,,,,,,,,1.0,1.0,1.0,1.0,3.0,3.0,3.0,3.0,,3.0,3.0,4.0,3.0,3.0,4.0,4.0,,4.0,4.0,3.0,3.0,1.0,1.0,2.0,2.0,,,,,2.0,2.0,1.0,2.0,2.0,2.0,1.0,2.0,2.0,3.0,3.0,3.0,3.0,3.0,3.0,4.0,,,,,,,,,0,,0,,0,,,,,,,,,,,,,,,,,,,,,,,,,,,,,,,,,,,,,,,,,,,,,,,,,,,,,,,,,,,,,,,,,,,,,,,,,,,,,2.0,3.0,7.0,3,2,2,2,3,2,,1,1,1,1,1,1,1.0,1,3,3,1.0,1,2,1,3,3,1.0,2,1,0.5165282484794159,
651256,2023-10-31T13:12:23Z,2023-10-31T13:15:39Z,2,1,1,1,1,2,1,4.0,2.0,2.0,1.0,2.0,,,,,,,,1.0,1.0,,,,,,,,1.0,2.0,3.0,5.0,4.0,5.0,5.0,5.0,,5.0,5.0,4.0,5.0,4.0,4.0,5.0,,5.0,4.0,5.0,3.0,3.0,2.0,5.0,3.0,,,,,1.0,,2.0,,,,,,2.0,4.0,2.0,3.0,3.0,3.0,3.0,4.0,,,,,,,,,0,,0,,0,,,,,,,,,,,,,,,,,,,,,,,,,,,,,,,,,,,,,,,,,,,,,,,,,,,,,,,,,,,,,,,,,,,,,,,,,,,,,1.0,1.0,2.0,1,2,2,1,5,2,,4,3,5,4,1,9,,3,6,4,2.0,2,4,2,9,4,1.0,2,3,0.7676433150752916,
651396,2023-10-29T11:33:55Z,2023-10-31T00:14:50Z,2,1,1,1,2,2,1,4.0,2.0,2.0,1.0,2.0,,,,,,,,1.0,1.0,,,,,,,,1.0,2.0,2.0,3.0,3.0,3.0,3.0,4.0,,3.0,,5.0,5.0,4.0,5.0,4.0,,2.0,,3.0,3.0,1.0,2.0,3.0,1.0,,,1.0,5.0,1.0,,2.0,,,,,,1.0,3.0,1.0,3.0,2.0,3.0,3.0,4.0,,,,,,,,,0,,0,,0,,,,,,,,,,,,,,,,,,,,,,,,,,,,,,,,,,,,,,,,,,,,,,,,,,,,,,,,,,,,,,,,,,,,,,,,,,,,,1.0,4.0,9.0,2,2,2,1,5,1,1.0,1,1,3,1,1,12,,3,6,4,2.0,2,3,2,6,3,1.0,2,2,0.6514684520235187,
652059,2023-10-27T17:42:55Z,2023-10-27T17:47:14Z,2,1,1,1,1,2,1,4.0,2.0,2.0,2.0,1.0,,,,,,,,1.0,1.0,,,,,,,,1.0,1.0,2.0,4.0,4.0,5.0,4.0,3.0,,4.0,3.0,4.0,4.0,1.0,2.0,4.0,,4.0,3.0,3.0,3.0,3.0,2.0,3.0,3.0,,,,,1.0,,2.0,,,,,,2.0,4.0,3.0,5.0,3.0,2.0,2.0,4.0,,,,,,,,,0,,0,,0,,,,,,,,,,,,,,,,,,,,,,,,,,,,,,,,,,,,,,,,,,,,,,,,,,,,,,,,,,,,,,,,,,,,,,,,,,,,,1.0,3.0,5.0,2,2,2,1,6,2,,1,1,1,1,1,1,1.0,1,2,3,2.0,2,3,1,5,3,2.0,1,2,0.3521535297902666,
653972,2023-10-31T02:40:51Z,2023-10-31T02:45:09Z,1,1,1,6,2,2,2,4.0,2.0,2.0,2.0,1.0,,,,,,,,1.0,1.0,,,,,,,,1.0,2.0,2.0,4.0,4.0,5.0,4.0,5.0,5.0,,,4.0,5.0,4.0,5.0,4.0,6.0,,,5.0,3.0,5.0,5.0,5.0,1.0,2.0,5.0,2.0,5.0,1.0,,2.0,,,,,,2.0,3.0,2.0,4.0,3.0,3.0,3.0,4.0,,,,,,,,,0,,0,,0,,,,,,,,,,,,,,,,,,,,,,,,,,,,,,,,,,,,,,,,,,,,,,,,,,,,,,,,,,,,,,,,,,,,,,,,,,,,,1.0,4.0,9.0,1,2,1,2,4,1,3.0,1,4,3,1,6,9,,3,6,2,,2,4,1,5,4,1.0,2,2,1.0916673562200516,
654956,2023-10-27T17:02:36Z,2023-10-27T17:11:11Z,2,1,1,1,1,2,1,4.0,2.0,2.0,2.0,1.0,,,,,,,,1.0,1.0,,,,,,,,1.0,2.0,1.0,3.0,2.0,3.0,3.0,2.0,,3.0,1.0,4.0,5.0,4.0,5.0,4.0,,5.0,4.0,3.0,3.0,2.0,2.0,5.0,1.0,,,,,1.0,,2.0,,,,,,2.0,1.0,1.0,3.0,2.0,3.0,3.0,4.0,,,,,,,,,0,,0,,0,,,,,,,,,,,,,,,,,,,,,,,,,,,,,,,,,,,,,,,,,,,,,,,,,,,,,,,,,,,,,,,,,,,,,,,,,,,,,1.0,4.0,8.0,2,2,1,1,5,2,,2,1,1,4,1,3,2.0,4,2,1,,1,1,3,9,2,1.0,1,2,0.8812464525622957,
655741,2023-10-30T00:20:51Z,2023-10-30T00:25:57Z,1,1,1,6,2,2,2,4.0,2.0,2.0,2.0,1.0,,,,,,,,1.0,1.0,,,,,,,,1.0,2.0,2.0,3.0,3.0,5.0,3.0,3.0,4.0,,,3.0,4.0,3.0,3.0,3.0,5.0,,,3.0,1.0,,,,1.0,1.0,3.0,1.0,3.0,3.0,2.0,1.0,2.0,2.0,2.0,2.0,1.0,1.0,1.0,2.0,3.0,1.0,3.0,3.0,1.0,2.0,1.0,3.0,3.0,,2.0,2.0,,0,,0,,0,,,,,,,,,,,,,,,,,,,,,,,,,,,,,,,,,,,,,,,,,,,,,,,,,,,,,,,,,,,,,,,,,,,,,,,,,,,,,1.0,2.0,3.0,2,2,1,1,5,2,,1,1,1,1,6,2,2.0,2,2,1,,1,1,1,4,1,1.0,2,2,0.4441773841261953,
657883,2023-10-29T19:10:51Z,2023-10-29T23:45:40Z,2,1,1,2,1,2,2,2.0,2.0,2.0,1.0,2.0,,,,,,,,1.0,1.0,,,,,,,,1.0,2.0,3.0,4.0,4.0,3.0,4.0,3.0,,3.0,4.0,4.0,5.0,5.0,5.0,5.0,,4.0,5.0,4.0,3.0,2.0,2.0,5.0,3.0,1.0,5.0,,,2.0,1.0,2.0,,,,,,1.0,2.0,2.0,2.0,3.0,3.0,3.0,4.0,,,,,,,,,0,,0,,0,,,,,,,,,,,,,,,,,,,,,,,,,,,,,,,,,,,,,,,,,,,,,,,,,,,,,,,,,,,,,,,,,,,,,,,,,,,,,1.0,3.0,5.0,2,2,2,2,3,2,,1,1,1,1,2,12,,3,6,1,,1,1,3,5,2,2.0,2,2,2.4398511082260725,
658382,2023-10-29T16:26:55Z,2023-10-29T17:52:48Z,2,1,1,1,1,2,1,4.0,2.0,2.0,2.0,1.0,,,,,,,,1.0,1.0,,,,,,,,1.0,1.0,3.0,5.0,5.0,5.0,5.0,5.0,,5.0,5.0,5.0,5.0,3.0,5.0,5.0,,5.0,5.0,5.0,3.0,5.0,3.0,5.0,1.0,,,,,1.0,,2.0,,,,,,2.0,1.0,2.0,4.0,4.0,2.0,2.0,4.0,,,,,,,,,0,,0,,0,,,,,,,,,,,,,,,,,,,,,,,,,,,,,,,,,,,,,,,,,,,,,,,,,,,,,,,,,,,,,,,,,,,,,,,,,,,,,2.0,4.0,9.0,2,2,1,2,4,1,1.0,2,4,3,4,1,2,2.0,2,5,1,,1,1,1,7,2,1.0,2,2,1.381807571222842,
658651,2023-10-31T23:57:31Z,2023-11-01T00:03:52Z,1,1,1,2,2,2,2,4.0,2.0,2.0,1.0,2.0,,,,,,,,1.0,1.0,,,,,,,,1.0,1.0,2.0,3.0,3.0,4.0,4.0,5.0,,5.0,,3.0,2.0,4.0,3.0,2.0,,3.0,,4.0,1.0,,,,1.0,1.0,5.0,1.0,4.0,2.0,2.0,1.0,2.0,2.0,1.0,2.0,2.0,2.0,2.0,3.0,5.0,4.0,3.0,3.0,1.0,3.0,1.0,4.0,4.0,3.0,2.0,1.0,,0,,0,,0,,,,,,,,,,,,,,,,,,,,,,,,,,,,,,,,,,,,,,,,,,,,,,,,,,,,,,,,,,,,,,,,,,,,,,,,,,,,,1.0,1.0,2.0,2,2,1,1,5,2,,1,1,1,1,2,5,,4,5,3,2.0,2,3,1,9,3,1.0,2,3,0.6427966040895615,
662351,2023-10-27T17:48:28Z,2023-10-27T17:56:05Z,2,1,1,6,2,2,2,4.0,2.0,2.0,2.0,1.0,,,,,,,,1.0,1.0,,,,,,,,1.0,2.0,1.0,5.0,3.0,5.0,5.0,3.0,5.0,,,5.0,5.0,5.0,6.0,5.0,6.0,,,5.0,3.0,1.0,1.0,3.0,1.0,3.0,5.0,3.0,5.0,1.0,,2.0,,,,,,2.0,1.0,1.0,5.0,1.0,3.0,3.0,4.0,,,,,,,,,0,,0,,0,,,,,,,,,,,,,,,,,,,,,,,,,,,,,,,,,,,,,,,,,,,,,,,,,,,,,,,,,,,,,,,,,,,,,,,,,,,,,1.0,2.0,4.0,3,1,3,3,2,2,,1,5,4,1,6,12,,3,6,4,1.0,1,1,2,1,1,1.0,1,2,2.474055702375646,
663768,2023-10-27T17:15:36Z,2023-10-27T17:19:52Z,2,1,1,1,2,2,1,4.0,2.0,2.0,2.0,1.0,,,,,,,,1.0,1.0,,,,,,,,1.0,1.0,1.0,4.0,2.0,3.0,3.0,2.0,,4.0,,4.0,3.0,3.0,4.0,4.0,,4.0,,3.0,3.0,3.0,2.0,5.0,1.0,,,3.0,4.0,1.0,,2.0,,,,,,2.0,4.0,3.0,4.0,4.0,3.0,3.0,4.0,,,,,,,,,0,,0,,0,,,,,,,,,,,,,,,,,,,,,,,,,,,,,,,,,,,,,,,,,,,,,,,,,,,,,,,,,,,,,,,,,,,,,,,,,,,,,1.0,4.0,9.0,2,2,2,1,5,2,,1,1,1,1,1,12,,3,4,3,2.0,2,3,3,1,3,2.0,2,1,1.277058357288676,
664996,2023-11-01T12:57:46Z,2023-11-01T14:10:59Z,2,1,1,1,2,2,1,4.0,2.0,2.0,2.0,1.0,,,,,,,,1.0,1.0,,,,,,,,1.0,2.0,1.0,1.0,2.0,2.0,2.0,3.0,,3.0,,4.0,5.0,3.0,5.0,5.0,,5.0,,1.0,3.0,1.0,2.0,5.0,1.0,,,1.0,4.0,1.0,,2.0,,,,,,2.0,1.0,1.0,3.0,2.0,3.0,3.0,4.0,,,,,,,,,0,,0,,0,,,,,,,,,,,,,,,,,,,,,,,,,,,,,,,,,,,,,,,,,,,,,,,,,,,,,,,,,,,,,,,,,,,,,,,,,,,,,1.0,4.0,8.0,2,2,2,1,6,2,,1,1,1,1,1,1,2.0,1,5,2,,2,4,1,9,4,1.0,2,3,0.2919805355463652,
668249,2023-10-28T11:39:00Z,2023-10-28T12:13:36Z,2,1,1,1,1,2,1,3.0,2.0,2.0,1.0,2.0,,,,,,,,1.0,1.0,,,,,,,,1.0,1.0,3.0,3.0,3.0,2.0,3.0,3.0,,4.0,3.0,5.0,5.0,5.0,5.0,5.0,,5.0,5.0,3.0,3.0,3.0,2.0,3.0,1.0,,,,,2.0,2.0,1.0,2.0,2.0,2.0,1.0,2.0,2.0,3.0,1.0,4.0,2.0,3.0,2.0,4.0,,,,,,,,,0,,0,,0,,,,,,,,,,,,,,,,,,,,,,,,,,,,,,,,,,,,,,,,,,,,,,,,,,,,,,,,,,,,,,,,,,,,,,,,,,,,,1.0,1.0,1.0,3,2,1,1,5,2,,1,1,1,1,1,12,,3,6,4,2.0,2,4,2,6,5,1.0,2,2,1.0814447407394538,
671577,2023-11-01T14:38:24Z,2023-11-01T14:42:39Z,2,1,1,2,2,2,2,4.0,1.0,1.0,1.0,,,,,,,,,1.0,,,,,,,,,99.0,1.0,4.0,4.0,3.0,4.0,3.0,4.0,,4.0,,5.0,5.0,4.0,5.0,5.0,,5.0,,1.0,3.0,3.0,3.0,4.0,2.0,1.0,5.0,3.0,5.0,1.0,,2.0,,,,,,2.0,1.0,1.0,2.0,1.0,3.0,3.0,4.0,,,,,,,,,0,,0,,0,,,,,,,,,,,,,,,,,,,,,,,,,,,,,,,,,,,,,,,,,,,,,,,,,,,,,,,,,,,,,,,,,,,,,,,,,,,,,1.0,4.0,9.0,1,2,2,2,3,2,,1,1,1,1,2,12,,3,6,4,2.0,2,3,2,1,3,1.0,2,1,1.6380486045067064,
672516,2023-10-30T16:54:42Z,2023-10-30T17:01:53Z,1,1,1,2,2,2,2,4.0,2.0,2.0,1.0,2.0,,,,,,,,1.0,1.0,,,,,,,,1.0,2.0,3.0,3.0,3.0,4.0,3.0,4.0,,4.0,,3.0,5.0,3.0,3.0,3.0,,3.0,,4.0,3.0,3.0,3.0,3.0,1.0,3.0,3.0,3.0,3.0,2.0,2.0,2.0,,,,,,1.0,2.0,2.0,3.0,3.0,3.0,3.0,4.0,,,,,,,,,0,,0,,0,,,,,,,,,,,,,,,,,,,,,,,,,,,,,,,,,,,,,,,,,,,,,,,,,,,,,,,,,,,,,,,,,,,,,,,,,,,,,1.0,1.0,1.0,2,2,1,1,5,2,,1,1,1,1,2,12,,3,6,4,2.0,2,4,2,9,4,1.0,2,2,1.0814447407394538,
673888,2023-10-30T04:45:35Z,2023-10-30T04:49:47Z,2,1,1,6,2,2,2,4.0,2.0,2.0,2.0,1.0,,,,,,,,1.0,1.0,,,,,,,,1.0,1.0,1.0,4.0,3.0,5.0,2.0,4.0,4.0,,,4.0,4.0,4.0,4.0,5.0,5.0,,,3.0,3.0,5.0,3.0,4.0,1.0,1.0,3.0,2.0,2.0,1.0,,2.0,,,,,,2.0,2.0,2.0,4.0,3.0,3.0,3.0,4.0,,,,,,,,,0,,0,,0,,,,,,,,,,,,,,,,,,,,,,,,,,,,,,,,,,,,,,,,,,,,,,,,,,,,,,,,,,,,,,,,,,,,,,,,,,,,,1.0,3.0,7.0,1,2,1,1,6,2,,1,1,1,1,6,10,,3,5,3,2.0,2,3,2,6,3,1.0,2,2,1.037326684833045,
674200,2023-10-29T12:44:07Z,2023-10-29T12:48:36Z,2,1,1,1,1,1,1,4.0,2.0,2.0,1.0,2.0,,,,,,,,1.0,1.0,,,,,,,,1.0,2.0,3.0,5.0,5.0,5.0,5.0,5.0,,5.0,5.0,5.0,5.0,5.0,5.0,5.0,,5.0,5.0,3.0,3.0,2.0,2.0,5.0,3.0,,,,,1.0,,2.0,,,,,,1.0,4.0,3.0,4.0,3.0,2.0,3.0,4.0,,,,,,,,,0,,0,,0,,,,,,,,,,,,,,,,,,,,,,,,,,,,,,,,,,,,,,,,,,,,,,,,,,,,,,,,,,,,,,,,,,,,,,,,,,,,,1.0,3.0,5.0,2,2,1,1,5,2,,1,1,1,1,1,1,1.0,1,6,3,1.0,1,2,1,6,3,2.0,2,2,1.1170069123931652,
676445,2023-10-28T15:31:45Z,2023-10-28T15:34:32Z,2,1,1,2,2,2,1,4.0,1.0,1.0,2.0,,,,,,,,,1.0,,,,,,,,,99.0,2.0,1.0,1.0,1.0,2.0,1.0,1.0,,1.0,,4.0,3.0,5.0,4.0,3.0,,3.0,,1.0,3.0,1.0,1.0,5.0,1.0,,,1.0,3.0,2.0,1.0,1.0,1.0,1.0,1.0,1.0,1.0,1.0,1.0,1.0,2.0,1.0,3.0,3.0,4.0,,,,,,,,,0,,0,,0,,,,,,,,,,,,,,,,,,,,,,,,,,,,,,,,,,,,,,,,,,,,,,,,,,,,,,,,,,,,,,,,,,,,,,,,,,,,,1.0,1.0,2.0,1,2,2,1,6,2,,1,1,1,1,2,10,,3,6,2,,2,4,1,9,4,1.0,2,2,0.3842920410819323,
676590,2023-10-31T14:03:04Z,2023-10-31T14:07:22Z,1,1,1,6,2,2,2,4.0,2.0,2.0,1.0,2.0,,,,,,,,1.0,1.0,,,,,,,,1.0,1.0,2.0,2.0,2.0,5.0,3.0,3.0,4.0,,,4.0,5.0,2.0,3.0,4.0,4.0,,,4.0,2.0,4.0,3.0,1.0,2.0,1.0,3.0,3.0,4.0,3.0,2.0,1.0,2.0,2.0,1.0,2.0,2.0,2.0,2.0,3.0,3.0,2.0,3.0,3.0,1.0,3.0,1.0,3.0,3.0,,1.0,1.0,,0,,0,,0,,,,,,,,,,,,,,,,,,,,,,,,,,,,,,,,,,,,,,,,,,,,,,,,,,,,,,,,,,,,,,,,,,,,,,,,,,,,,1.0,3.0,5.0,1,2,1,2,3,2,,1,1,1,1,6,9,,3,6,2,,2,4,1,1,4,1.0,2,1,1.3060106441880743,
678783,2023-10-27T23:28:44Z,2023-10-27T23:34:24Z,2,1,1,2,2,2,2,4.0,2.0,2.0,1.0,2.0,,,,,,,,1.0,1.0,,,,,,,,1.0,1.0,1.0,3.0,3.0,5.0,4.0,4.0,,4.0,,4.0,5.0,5.0,4.0,3.0,,3.0,,1.0,3.0,3.0,1.0,4.0,1.0,1.0,3.0,1.0,3.0,2.0,2.0,1.0,2.0,2.0,2.0,2.0,2.0,2.0,1.0,2.0,4.0,3.0,3.0,2.0,4.0,,,,,,,,,0,,0,,0,,,,,,,,,,,,,,,,,,,,,,,,,,,,,,,,,,,,,,,,,,,,,,,,,,,,,,,,,,,,,,,,,,,,,,,,,,,,,1.0,4.0,9.0,2,1,2,1,5,2,,1,1,1,1,2,1,2.0,1,2,1,,1,1,1,6,2,1.0,1,2,0.7140062090307076,
679176,2023-10-29T12:33:29Z,2023-10-30T19:18:41Z,2,1,1,1,1,2,1,4.0,2.0,2.0,2.0,1.0,,,,,,,,1.0,1.0,,,,,,,,1.0,2.0,1.0,4.0,3.0,4.0,1.0,3.0,,3.0,2.0,2.0,3.0,4.0,2.0,5.0,,1.0,3.0,3.0,1.0,,,,1.0,,,,,3.0,1.0,2.0,,,,,,1.0,3.0,4.0,5.0,3.0,1.0,1.0,3.0,2.0,2.0,3.0,3.0,3.0,1.0,1.0,,0,,0,,0,,,,,,,,,,,,,,,,,,,,,,,,,,,,,,,,,,,,,,,,,,,,,,,,,,,,,,,,,,,,,,,,,,,,,,,,,,,,,1.0,4.0,9.0,1,2,1,2,4,2,,1,3,5,1,1,1,2.0,1,2,1,,1,2,1,6,3,1.0,2,1,0.7210669400942177,
684102,2023-10-27T18:28:39Z,2023-10-27T18:57:48Z,2,1,1,1,1,2,1,4.0,2.0,2.0,2.0,1.0,,,,,,,,1.0,1.0,,,,,,,,1.0,1.0,1.0,2.0,2.0,3.0,3.0,2.0,,3.0,1.0,4.0,4.0,4.0,4.0,5.0,,4.0,4.0,1.0,3.0,1.0,1.0,2.0,1.0,,,,,1.0,,2.0,,,,,,2.0,1.0,1.0,2.0,1.0,3.0,3.0,4.0,,,,,,,,,0,,0,,0,,,,,,,,,,,,,,,,,,,,,,,,,,,,,,,,,,,,,,,,,,,,,,,,,,,,,,,,,,,,,,,,,,,,,,,,,,,,,1.0,3.0,5.0,2,2,2,1,6,2,,1,1,1,1,1,1,1.0,1,2,2,,2,4,1,9,4,1.0,1,3,0.2317695967330946,
687177,2023-10-30T16:06:35Z,2023-10-30T16:17:54Z,1,1,1,6,2,2,2,4.0,2.0,2.0,1.0,2.0,,,,,,,,1.0,1.0,,,,,,,,1.0,1.0,1.0,5.0,5.0,5.0,5.0,5.0,5.0,,,3.0,3.0,4.0,2.0,5.0,5.0,,,3.0,3.0,2.0,1.0,5.0,1.0,1.0,3.0,1.0,3.0,2.0,1.0,2.0,,,,,,2.0,2.0,3.0,3.0,3.0,3.0,3.0,4.0,,,,,,,,,0,,0,,0,,,,,,,,,,,,,,,,,,,,,,,,,,,,,,,,,,,,,,,,,,,,,,,,,,,,,,,,,,,,,,,,,,,,,,,,,,,,,1.0,4.0,9.0,1,2,1,1,5,1,1.0,1,99,3,1,6,10,,3,6,3,1.0,1,2,1,2,3,1.0,2,1,0.6349981372541201,
687497,2023-10-29T11:35:37Z,2023-10-29T11:46:14Z,2,1,1,6,99,2,2,4.0,2.0,2.0,2.0,1.0,,,,,,,,1.0,2.0,,,,,,,,1.0,2.0,4.0,1.0,1.0,5.0,3.0,2.0,5.0,,,1.0,5.0,5.0,3.0,5.0,4.0,,,4.0,3.0,1.0,1.0,3.0,3.0,1.0,5.0,,,3.0,1.0,1.0,2.0,2.0,1.0,1.0,2.0,1.0,3.0,4.0,2.0,3.0,3.0,3.0,4.0,,,,,,,,,0,,0,,0,,,,,,,,,,,,,,,,,,,,,,,,,,,,,,,,,,,,,,,,,,,,,,,,,,,,,,,,,,,,,,,,,,,,,,,,,,,,,1.0,3.0,7.0,2,2,2,2,3,1,1.0,1,1,3,1,6,2,2.0,2,5,3,2.0,2,4,3,1,4,1.0,2,1,2.037740364683013,
688022,2023-10-27T20:10:08Z,2023-10-27T20:13:36Z,2,1,1,6,2,2,2,4.0,2.0,2.0,1.0,2.0,,,,,,,,1.0,1.0,,,,,,,,1.0,1.0,3.0,3.0,5.0,5.0,4.0,4.0,5.0,,,4.0,5.0,4.0,5.0,4.0,5.0,,,3.0,1.0,,,,1.0,1.0,4.0,1.0,4.0,1.0,,2.0,,,,,,2.0,2.0,1.0,3.0,1.0,3.0,3.0,1.0,2.0,2.0,3.0,3.0,,2.0,1.0,,0,,0,,0,,,,,,,,,,,,,,,,,,,,,,,,,,,,,,,,,,,,,,,,,,,,,,,,,,,,,,,,,,,,,,,,,,,,,,,,,,,,,1.0,1.0,2.0,1,1,1,1,5,2,,1,3,5,1,6,12,,3,5,1,,1,1,1,9,2,1.0,2,2,0.8194030026601017,
688563,2023-10-30T18:06:17Z,2023-10-30T18:09:42Z,2,1,1,6,2,2,2,4.0,4.0,4.0,2.0,1.0,2.0,1.0,,,,,,1.0,1.0,1.0,1.0,,,,,,1.0,1.0,3.0,5.0,5.0,3.0,5.0,5.0,4.0,,,5.0,3.0,4.0,6.0,4.0,3.0,,,4.0,3.0,4.0,3.0,3.0,1.0,1.0,4.0,1.0,4.0,1.0,,2.0,,,,,,1.0,5.0,5.0,5.0,5.0,3.0,3.0,4.0,,,,,,,,,0,,0,,0,,,,,,,,,,,,,,,,,,,,,,,,,,,,,,,,,,,,,,,,,,,,,,,,,,,,,,,,,,,,,,,,,,,,,,,,,,,,,1.0,4.0,8.0,1,2,2,1,5,2,,1,1,1,1,6,10,,3,5,1,,1,1,1,5,2,1.0,2,2,0.4645628343239373,
690065,2023-10-28T11:37:31Z,2023-10-28T11:39:35Z,1,1,1,1,2,2,1,4.0,1.0,1.0,2.0,,,,,,,,,1.0,,,,,,,,,99.0,2.0,1.0,3.0,4.0,4.0,4.0,99.0,,4.0,,4.0,4.0,4.0,5.0,5.0,,5.0,,5.0,3.0,5.0,3.0,5.0,1.0,,,1.0,3.0,1.0,,2.0,,,,,,2.0,1.0,1.0,5.0,2.0,3.0,3.0,4.0,,,,,,,,,0,,0,,0,,,,,,,,,,,,,,,,,,,,,,,,,,,,,,,,,,,,,,,,,,,,,,,,,,,,,,,,,,,,,,,,,,,,,,,,,,,,,1.0,1.0,2.0,1,2,1,1,6,2,,1,1,1,1,1,9,,3,5,3,2.0,2,3,2,9,3,1.0,2,3,1.0839472931920973,
692394,2023-10-27T17:43:07Z,2023-10-27T17:47:24Z,2,1,1,1,2,2,1,4.0,2.0,2.0,1.0,2.0,,,,,,,,1.0,1.0,,,,,,,,1.0,2.0,3.0,4.0,4.0,4.0,4.0,4.0,,4.0,,4.0,5.0,5.0,5.0,4.0,,4.0,,4.0,3.0,3.0,3.0,5.0,1.0,,,1.0,5.0,1.0,,2.0,,,,,,2.0,1.0,1.0,5.0,2.0,3.0,3.0,4.0,,,,,,,,,0,,0,,0,,,,,,,,,,,,,,,,,,,,,,,,,,,,,,,,,,,,,,,,,,,,,,,,,,,,,,,,,,,,,,,,,,,,,,,,,,,,,1.0,4.0,9.0,1,2,1,3,2,2,,2,1,1,4,1,12,,3,6,2,,2,3,3,4,3,2.0,2,1,4.465495814493455,
694680,2023-10-27T23:44:30Z,2023-10-27T23:50:57Z,2,1,1,6,2,2,2,4.0,2.0,2.0,2.0,1.0,,,,,,,,1.0,1.0,,,,,,,,1.0,1.0,3.0,2.0,2.0,3.0,3.0,3.0,3.0,,,5.0,5.0,4.0,5.0,5.0,3.0,,,2.0,3.0,2.0,2.0,5.0,1.0,3.0,5.0,1.0,5.0,2.0,1.0,1.0,1.0,2.0,1.0,1.0,1.0,2.0,4.0,3.0,5.0,4.0,3.0,2.0,4.0,,,,,,,,,0,,0,,0,,,,,,,,,,,,,,,,,,,,,,,,,,,,,,,,,,,,,,,,,,,,,,,,,,,,,,,,,,,,,,,,,,,,,,,,,,,,,1.0,4.0,9.0,1,2,2,1,6,2,,1,1,1,1,6,12,,3,5,3,2.0,2,4,3,5,4,1.0,2,2,0.4585783825269988,
697580,2023-10-27T17:15:26Z,2023-10-27T17:20:20Z,2,1,1,1,2,2,1,4.0,2.0,2.0,2.0,1.0,,,,,,,,1.0,1.0,,,,,,,,1.0,1.0,1.0,3.0,3.0,3.0,3.0,3.0,,3.0,,5.0,5.0,5.0,5.0,5.0,,5.0,,2.0,3.0,2.0,2.0,2.0,1.0,,,1.0,5.0,1.0,,2.0,,,,,,2.0,1.0,1.0,4.0,2.0,3.0,2.0,4.0,,,,,,,,,0,,0,,0,,,,,,,,,,,,,,,,,,,,,,,,,,,,,,,,,,,,,,,,,,,,,,,,,,,,,,,,,,,,,,,,,,,,,,,,,,,,,1.0,4.0,9.0,2,2,2,1,6,2,,4,1,1,4,1,10,,3,6,2,,2,4,1,3,4,2.0,2,1,0.981124418825384,
698078,2023-10-27T21:00:14Z,2023-10-27T21:03:33Z,2,1,1,1,1,2,1,4.0,2.0,2.0,1.0,2.0,,,,,,,,1.0,1.0,,,,,,,,1.0,1.0,1.0,4.0,2.0,2.0,4.0,2.0,,3.0,2.0,4.0,4.0,4.0,4.0,4.0,,4.0,4.0,2.0,3.0,2.0,2.0,4.0,3.0,,,,,1.0,,2.0,,,,,,2.0,1.0,2.0,2.0,2.0,3.0,3.0,4.0,,,,,,,,,0,,0,,0,,,,,,,,,,,,,,,,,,,,,,,,,,,,,,,,,,,,,,,,,,,,,,,,,,,,,,,,,,,,,,,,,,,,,,,,,,,,,1.0,3.0,5.0,1,2,1,1,5,2,,1,1,1,1,1,10,,3,5,3,2.0,2,4,1,9,5,2.0,1,3,0.5376973706346726,
698477,2023-10-28T09:04:24Z,2023-10-28T09:10:48Z,2,1,1,6,2,2,2,4.0,2.0,2.0,2.0,1.0,,,,,,,,1.0,2.0,,,,,,,,1.0,2.0,2.0,5.0,4.0,5.0,4.0,5.0,4.0,,,3.0,2.0,4.0,6.0,5.0,6.0,,,5.0,3.0,1.0,1.0,2.0,2.0,2.0,5.0,1.0,5.0,99.0,,2.0,,,,,,1.0,3.0,5.0,1.0,2.0,1.0,2.0,4.0,,,,,,,,,0,,0,,0,,,,,,,,,,,,,,,,,,,,,,,,,,,,,,,,,,,,,,,,,,,,,,,,,,,,,,,,,,,,,,,,,,,,,,,,,,,,,1.0,1.0,2.0,2,2,2,3,1,1,2.0,1,1,3,1,6,12,,3,6,4,1.0,1,2,1,1,3,1.0,2,1,1.0437494903128428,
704965,2023-10-27T19:28:04Z,2023-10-27T19:32:21Z,2,1,1,1,1,2,1,4.0,2.0,2.0,1.0,2.0,,,,,,,,1.0,1.0,,,,,,,,1.0,2.0,2.0,4.0,5.0,5.0,5.0,5.0,,5.0,5.0,3.0,5.0,5.0,3.0,3.0,,3.0,3.0,5.0,3.0,3.0,2.0,2.0,1.0,,,,,1.0,,1.0,2.0,2.0,1.0,1.0,2.0,1.0,5.0,5.0,5.0,5.0,2.0,2.0,4.0,,,,,,,,,0,,0,,0,,,,,,,,,,,,,,,,,,,,,,,,,,,,,,,,,,,,,,,,,,,,,,,,,,,,,,,,,,,,,,,,,,,,,,,,,,,,,1.0,3.0,7.0,1,2,2,1,5,2,,1,4,4,1,1,10,,3,4,3,2.0,2,3,1,3,3,1.0,2,1,0.2792210421445001,
705563,2023-10-29T20:33:39Z,2023-10-30T01:52:19Z,2,1,1,6,2,2,2,3.0,2.0,2.0,1.0,2.0,,,,,,,,1.0,1.0,,,,,,,,1.0,2.0,1.0,4.0,3.0,4.0,4.0,4.0,3.0,,,3.0,5.0,5.0,5.0,3.0,4.0,,,4.0,1.0,,,,1.0,3.0,4.0,1.0,4.0,2.0,1.0,2.0,,,,,,2.0,2.0,2.0,3.0,3.0,3.0,3.0,1.0,2.0,1.0,4.0,4.0,,1.0,2.0,,0,,0,,0,,,,,,,,,,,,,,,,,,,,,,,,,,,,,,,,,,,,,,,,,,,,,,,,,,,,,,,,,,,,,,,,,,,,,,,,,,,,,1.0,4.0,8.0,2,1,1,2,4,1,1.0,1,5,3,1,6,11,,4,6,4,2.0,2,4,1,2,4,2.0,2,1,5.110539139983708,
707103,2023-10-29T11:54:20Z,2023-11-05T09:21:13Z,2,1,1,1,1,2,1,4.0,2.0,2.0,1.0,2.0,,,,,,,,1.0,1.0,,,,,,,,1.0,2.0,1.0,3.0,4.0,4.0,4.0,4.0,,5.0,3.0,4.0,4.0,4.0,4.0,4.0,,1.0,2.0,4.0,3.0,2.0,2.0,5.0,1.0,,,,,1.0,,2.0,,,,,,2.0,4.0,3.0,3.0,2.0,3.0,3.0,4.0,,,,,,,,,0,,0,,0,,,,,,,,,,,,,,,,,,,,,,,,,,,,,,,,,,,,,,,,,,,,,,,,,,,,,,,,,,,,,,,,,,,,,,,,,,,,,1.0,4.0,8.0,2,2,2,1,6,2,,1,1,1,1,1,9,,3,5,2,,2,4,1,9,4,2.0,2,3,0.6541122808939748,
709312,2023-10-29T12:31:47Z,2023-10-29T17:28:45Z,2,1,1,2,2,2,2,4.0,2.0,2.0,2.0,1.0,,,,,,,,1.0,1.0,,,,,,,,1.0,2.0,3.0,5.0,3.0,5.0,3.0,4.0,,4.0,,4.0,2.0,5.0,3.0,4.0,,3.0,,3.0,3.0,2.0,2.0,3.0,2.0,1.0,3.0,1.0,2.0,1.0,,2.0,,,,,,2.0,3.0,2.0,1.0,3.0,3.0,1.0,4.0,,,,,,,,,0,,0,,0,,,,,,,,,,,,,,,,,,,,,,,,,,,,,,,,,,,,,,,,,,,,,,,,,,,,,,,,,,,,,,,,,,,,,,,,,,,,,1.0,3.0,7.0,1,1,2,1,5,2,,1,1,1,1,2,10,,3,5,2,,2,4,1,3,4,1.0,1,2,0.2171203812250989,
710918,2023-10-27T18:41:46Z,2023-10-27T18:46:11Z,2,1,1,1,1,2,1,4.0,2.0,2.0,2.0,1.0,,,,,,,,1.0,1.0,,,,,,,,1.0,1.0,2.0,3.0,3.0,5.0,3.0,5.0,,5.0,4.0,3.0,4.0,2.0,3.0,4.0,,4.0,4.0,3.0,3.0,2.0,1.0,2.0,1.0,,,,,2.0,1.0,2.0,,,,,,2.0,5.0,5.0,5.0,1.0,1.0,3.0,4.0,,,,,,,,,0,,0,,0,,,,,,,,,,,,,,,,,,,,,,,,,,,,,,,,,,,,,,,,,,,,,,,,,,,,,,,,,,,,,,,,,,,,,,,,,,,,,1.0,2.0,4.0,2,2,1,1,6,2,,1,1,1,1,1,1,1.0,1,2,3,2.0,2,4,3,7,4,1.0,1,2,0.5874252386275616,
714196,2023-10-26T20:25:48Z,2023-10-26T20:32:01Z,2,1,1,2,2,2,2,4.0,2.0,2.0,1.0,2.0,,,,,,,,1.0,1.0,,,,,,,,1.0,1.0,2.0,5.0,5.0,5.0,5.0,5.0,,5.0,,5.0,5.0,5.0,5.0,5.0,,5.0,,5.0,3.0,5.0,5.0,5.0,1.0,1.0,3.0,1.0,2.0,1.0,,2.0,,,,,,2.0,4.0,3.0,5.0,3.0,2.0,2.0,4.0,,,,,,,,,0,,0,,0,,,,,,,,,,,,,,,,,,,,,,,,,,,,,,,,,,,,,,,,,,,,,,,,,,,,,,,,,,,,,,,,,,,,,,,,,,,,,1.0,2.0,4.0,2,1,1,1,5,2,,3,3,5,4,2,12,,3,5,2,,2,4,3,9,4,1.0,2,3,1.0360233653159157,
717762,2023-10-30T11:19:47Z,2023-10-30T11:26:15Z,2,1,1,1,1,2,1,3.0,2.0,2.0,2.0,1.0,,,,,,,,1.0,1.0,,,,,,,,1.0,2.0,3.0,4.0,4.0,5.0,4.0,4.0,,5.0,4.0,3.0,5.0,5.0,4.0,4.0,,5.0,4.0,5.0,3.0,5.0,2.0,3.0,1.0,,,,,1.0,,2.0,,,,,,2.0,3.0,4.0,2.0,2.0,3.0,3.0,4.0,,,,,,,,,0,,0,,0,,,,,,,,,,,,,,,,,,,,,,,,,,,,,,,,,,,,,,,,,,,,,,,,,,,,,,,,,,,,,,,,,,,,,,,,,,,,,1.0,4.0,8.0,2,2,2,1,5,2,,1,1,1,1,1,1,2.0,1,4,3,1.0,1,2,1,9,3,2.0,1,2,0.4426591535026973,
724684,2023-10-27T19:28:45Z,2023-10-29T19:44:46Z,1,1,1,6,2,2,2,4.0,1.0,1.0,2.0,,,,,,,,,1.0,,,,,,,,,99.0,2.0,1.0,4.0,3.0,4.0,3.0,3.0,4.0,,,4.0,3.0,3.0,3.0,3.0,4.0,,,3.0,1.0,,,,1.0,1.0,5.0,1.0,5.0,2.0,1.0,1.0,2.0,2.0,2.0,1.0,2.0,1.0,2.0,2.0,4.0,3.0,3.0,3.0,3.0,2.0,2.0,1.0,2.0,,1.0,1.0,,0,,0,,0,,,,,,,,,,,,,,,,,,,,,,,,,,,,,,,,,,,,,,,,,,,,,,,,,,,,,,,,,,,,,,,,,,,,,,,,,,,,,1.0,1.0,2.0,1,1,2,1,5,2,,1,2,2,1,6,1,2.0,1,4,2,,2,4,2,9,5,1.0,2,3,1.886570240992819,
727271,2023-10-27T17:17:42Z,2023-10-27T18:13:08Z,2,1,1,3,2,2,1,4.0,2.0,2.0,1.0,2.0,,,,,,,,1.0,1.0,,,,,,,,1.0,2.0,1.0,2.0,3.0,4.0,2.0,3.0,4.0,,,4.0,4.0,3.0,3.0,2.0,2.0,,,4.0,3.0,5.0,2.0,5.0,1.0,,,1.0,1.0,1.0,,2.0,,,,,,1.0,2.0,3.0,3.0,3.0,1.0,3.0,4.0,,,,,,,,,0,,0,,0,,,,,,,,,,,,,,,,,,,,,,,,,,,,,,,,,,,,,,,,,,,,,,,,,,,,,,,,,,,,,,,,,,,,,,,,,,,,,1.0,3.0,5.0,2,2,2,1,6,2,,3,3,5,4,3,12,,3,5,3,1.0,1,1,3,8,2,1.0,1,2,0.3651641655296874,
201501118992,2023-10-27T23:46:22Z,2023-10-27T23:53:29Z,2,1,1,6,2,2,2,4.0,2.0,2.0,2.0,,,,,,,,,1.0,,,,,,,,,1.0,2.0,1.0,3.0,2.0,1.0,1.0,4.0,1.0,,,3.0,1.0,3.0,2.0,1.0,1.0,,,2.0,1.0,,,,2.0,1.0,4.0,2.0,4.0,4.0,4.0,1.0,2.0,2.0,2.0,2.0,2.0,2.0,2.0,2.0,4.0,3.0,3.0,2.0,1.0,2.0,3.0,2.0,2.0,,2.0,2.0,,0,,0,,0,,,,,,,,,,,,,,,,,,,,,,,,,,,,,,,,,,,,,,,,,,,,,,,,,,,,,,,,,,,,,,,,,,,,,,,,,,,,,1.0,3.0,5.0,3,2,2,3,1,1,97.0,1,1,3,1,6,10,,3,6,99,2.0,2,3,3,1,2,4.0,99,1,1.5395815214177344,
201501134047,2023-10-28T16:36:44Z,2023-10-28T16:53:54Z,1,1,1,6,2,2,2,3.0,2.0,2.0,2.0,1.0,,,,,,,,1.0,1.0,,,,,,,,1.0,1.0,3.0,3.0,5.0,3.0,2.0,3.0,4.0,,,2.0,3.0,3.0,5.0,3.0,4.0,,,3.0,3.0,3.0,2.0,5.0,2.0,3.0,5.0,3.0,5.0,3.0,3.0,1.0,2.0,2.0,2.0,2.0,1.0,2.0,5.0,4.0,4.0,5.0,3.0,3.0,4.0,,,,,,,,,0,,0,,0,,,,,,,,,,,,,,,,,,,,,,,,,,,,,,,,,,,,,,,,,,,,,,,,,,,,,,,,,,,,,,,,,,,,,,,,,,,,,1.0,1.0,2.0,1,1,2,1,6,2,,1,1,1,1,6,10,,3,5,2,,2,4,1,2,5,2.0,1,1,0.3661423934551699,
201501140481,2023-11-05T07:49:07Z,2023-11-05T07:53:34Z,2,1,1,6,2,2,2,4.0,2.0,2.0,1.0,2.0,,,,,,,,1.0,1.0,,,,,,,,1.0,2.0,2.0,5.0,5.0,5.0,5.0,5.0,5.0,,,5.0,5.0,5.0,5.0,5.0,5.0,,,5.0,3.0,2.0,5.0,5.0,1.0,1.0,4.0,3.0,4.0,2.0,1.0,1.0,2.0,2.0,2.0,2.0,2.0,1.0,5.0,3.0,5.0,4.0,2.0,2.0,4.0,,,,,,,,,0,,0,,0,,,,,,,,,,,,,,,,,,,,,,,,,,,,,,,,,,,,,,,,,,,,,,,,,,,,,,,,,,,,,,,,,,,,,,,,,,,,,1.0,4.0,8.0,2,2,1,1,6,1,1.0,1,4,3,1,6,1,1.0,1,5,1,,1,2,3,7,3,1.0,2,2,0.4029672466078119,
201501205715,2023-10-29T11:16:03Z,2023-10-29T11:20:26Z,2,1,1,2,2,2,2,4.0,2.0,2.0,2.0,1.0,,,,,,,,1.0,1.0,,,,,,,,1.0,2.0,3.0,4.0,4.0,4.0,4.0,4.0,,4.0,,2.0,3.0,3.0,4.0,2.0,,5.0,,5.0,3.0,5.0,3.0,5.0,2.0,1.0,2.0,1.0,3.0,1.0,,2.0,,,,,,2.0,2.0,2.0,2.0,2.0,2.0,2.0,4.0,,,,,,,,,0,,0,,0,,,,,,,,,,,,,,,,,,,,,,,,,,,,,,,,,,,,,,,,,,,,,,,,,,,,,,,,,,,,,,,,,,,,,,,,,,,,,2.0,3.0,5.0,1,2,2,1,5,2,,1,1,1,1,2,12,,3,6,3,2.0,2,3,1,4,3,1.0,2,2,0.2550543351717373,
201501208167,2023-10-27T18:23:50Z,2023-10-27T18:27:40Z,2,1,1,6,2,2,2,2.0,2.0,2.0,1.0,2.0,,,,,,,,1.0,1.0,,,,,,,,1.0,1.0,2.0,3.0,3.0,2.0,4.0,3.0,4.0,,,3.0,4.0,3.0,5.0,4.0,5.0,,,2.0,3.0,4.0,1.0,5.0,1.0,1.0,4.0,3.0,4.0,1.0,,2.0,,,,,,1.0,1.0,1.0,4.0,3.0,3.0,3.0,4.0,,,,,,,,,0,,0,,0,,,,,,,,,,,,,,,,,,,,,,,,,,,,,,,,,,,,,,,,,,,,,,,,,,,,,,,,,,,,,,,,,,,,,,,,,,,,,1.0,3.0,7.0,1,1,1,2,3,2,,1,1,1,1,6,10,,3,2,3,2.0,2,4,1,4,4,1.0,1,2,0.8048957828253382,
201501228955,2023-10-29T20:52:30Z,2023-10-29T21:01:05Z,1,1,1,6,2,2,2,3.0,1.0,1.0,2.0,,,,,,,,,1.0,,,,,,,,,99.0,2.0,4.0,3.0,4.0,4.0,5.0,5.0,5.0,,,4.0,5.0,5.0,4.0,3.0,6.0,,,3.0,1.0,,,,2.0,1.0,5.0,1.0,5.0,5.0,4.0,1.0,2.0,2.0,1.0,1.0,1.0,2.0,3.0,4.0,4.0,3.0,3.0,3.0,1.0,3.0,2.0,4.0,3.0,,2.0,1.0,,0,,0,,0,,,,,,,,,,,,,,,,,,,,,,,,,,,,,,,,,,,,,,,,,,,,,,,,,,,,,,,,,,,,,,,,,,,,,,,,,,,,,1.0,4.0,9.0,2,2,1,1,5,2,,1,4,4,1,6,2,2.0,2,6,2,,2,4,1,1,5,1.0,2,1,0.6242171701922763,
201501229317,2023-10-29T16:15:56Z,2023-10-29T16:20:02Z,2,1,1,6,2,2,2,4.0,2.0,2.0,2.0,1.0,,,,,,,,1.0,1.0,,,,,,,,1.0,2.0,1.0,3.0,3.0,3.0,3.0,3.0,3.0,,,3.0,3.0,3.0,3.0,3.0,3.0,,,3.0,3.0,1.0,1.0,5.0,1.0,1.0,1.0,1.0,1.0,1.0,,2.0,,,,,,2.0,2.0,2.0,1.0,2.0,3.0,3.0,4.0,,,,,,,,,0,,0,,0,,,,,,,,,,,,,,,,,,,,,,,,,,,,,,,,,,,,,,,,,,,,,,,,,,,,,,,,,,,,,,,,,,,,,,,,,,,,,1.0,3.0,5.0,2,2,2,1,5,2,,4,2,2,3,6,1,2.0,1,5,2,,2,4,2,3,5,2.0,2,2,1.7426978315424235,
201501265578,2023-10-26T19:28:36Z,2023-10-26T19:30:56Z,2,1,1,3,1,2,1,3.0,2.0,2.0,2.0,1.0,,,,,,,,1.0,1.0,,,,,,,,1.0,2.0,1.0,3.0,3.0,3.0,4.0,3.0,2.0,,2.0,4.0,4.0,4.0,4.0,4.0,4.0,,4.0,1.0,3.0,1.0,1.0,4.0,2.0,,,,,1.0,,2.0,,,,,,2.0,1.0,1.0,3.0,1.0,3.0,3.0,4.0,,,,,,,,,0,,0,,0,,,,,,,,,,,,,,,,,,,,,,,,,,,,,,,,,,,,,,,,,,,,,,,,,,,,,,,,,,,,,,,,,,,,,,,,,,,,,1.0,4.0,9.0,2,2,2,1,5,2,,1,4,4,1,3,1,2.0,1,6,2,,2,4,1,2,4,1.0,2,1,0.3020662759724152,
201501603640,2023-11-01T13:29:27Z,2023-11-01T13:37:06Z,2,1,1,6,2,2,2,3.0,2.0,2.0,2.0,1.0,,,,,,,,1.0,1.0,,,,,,,,1.0,1.0,1.0,1.0,2.0,3.0,2.0,3.0,3.0,,,4.0,2.0,2.0,4.0,3.0,4.0,,,1.0,3.0,1.0,2.0,5.0,2.0,1.0,5.0,3.0,4.0,2.0,2.0,1.0,1.0,99.0,99.0,99.0,99.0,2.0,2.0,2.0,4.0,3.0,3.0,2.0,4.0,,,,,,,,,0,,0,,0,,,,,,,,,,,,,,,,,,,,,,,,,,,,,,,,,,,,,,,,,,,,,,,,,,,,,,,,,,,,,,,,,,,,,,,,,,,,,1.0,3.0,5.0,1,2,1,1,6,2,,1,1,1,1,6,9,,3,6,4,2.0,2,4,1,1,5,1.0,2,1,0.5035428391834412,
201501605978,2023-10-27T19:09:21Z,2023-10-27T19:12:26Z,2,1,1,1,1,2,1,4.0,2.0,2.0,2.0,1.0,,,,,,,,1.0,1.0,,,,,,,,1.0,1.0,3.0,5.0,5.0,5.0,5.0,5.0,,5.0,5.0,5.0,2.0,2.0,5.0,4.0,,3.0,3.0,5.0,3.0,5.0,5.0,5.0,3.0,,,,,1.0,,2.0,,,,,,2.0,5.0,4.0,4.0,3.0,2.0,2.0,4.0,,,,,,,,,0,,0,,0,,,,,,,,,,,,,,,,,,,,,,,,,,,,,,,,,,,,,,,,,,,,,,,,,,,,,,,,,,,,,,,,,,,,,,,,,,,,,1.0,4.0,9.0,2,2,1,1,5,2,,1,1,1,1,1,10,,3,5,3,1.0,1,2,1,8,3,2.0,1,2,0.4905964131006797,
201501606159,2023-10-29T13:23:13Z,2023-10-29T13:26:04Z,2,1,1,1,2,2,1,3.0,1.0,1.0,2.0,,,,,,,,,1.0,,,,,,,,,99.0,2.0,3.0,4.0,3.0,3.0,4.0,4.0,,3.0,,5.0,5.0,5.0,6.0,5.0,,3.0,,2.0,3.0,2.0,2.0,3.0,1.0,,,1.0,4.0,1.0,,2.0,,,,,,2.0,2.0,2.0,3.0,3.0,3.0,3.0,4.0,,,,,,,,,0,,0,,0,,,,,,,,,,,,,,,,,,,,,,,,,,,,,,,,,,,,,,,,,,,,,,,,,,,,,,,,,,,,,,,,,,,,,,,,,,,,,1.0,4.0,8.0,2,2,2,1,5,2,,1,1,1,1,1,1,1.0,1,5,1,,1,2,1,2,3,1.0,2,1,0.538901664812224,
201501606632,2023-10-29T13:33:09Z,2023-10-29T13:41:16Z,3,1,1,6,2,2,2,4.0,2.0,2.0,2.0,1.0,,,,,,,,1.0,1.0,,,,,,,,1.0,2.0,2.0,3.0,3.0,3.0,4.0,4.0,4.0,,,4.0,5.0,3.0,4.0,5.0,5.0,,,4.0,3.0,3.0,3.0,5.0,3.0,3.0,3.0,3.0,3.0,2.0,1.0,1.0,2.0,1.0,1.0,2.0,2.0,2.0,2.0,2.0,4.0,1.0,3.0,3.0,4.0,,,,,,,,,0,,0,,0,,,,,,,,,,,,,,,,,,,,,,,,,,,,,,,,,,,,,,,,,,,,,,,,,,,,,,,,,,,,,,,,,,,,,,,,,,,,,1.0,4.0,9.0,2,2,1,2,3,2,,1,1,1,1,6,9,,3,6,3,2.0,2,4,1,3,5,1.0,2,2,0.8714188079549712,
201501608065,2023-10-27T18:40:23Z,2023-10-27T18:44:51Z,2,1,1,2,2,2,1,3.0,2.0,2.0,1.0,2.0,,,,,,,,1.0,1.0,,,,,,,,1.0,2.0,1.0,5.0,5.0,3.0,3.0,5.0,,4.0,,5.0,5.0,2.0,4.0,5.0,,5.0,,5.0,3.0,5.0,2.0,5.0,1.0,,,3.0,5.0,1.0,,2.0,,,,,,1.0,3.0,3.0,1.0,2.0,3.0,3.0,4.0,,,,,,,,,0,,0,,0,,,,,,,,,,,,,,,,,,,,,,,,,,,,,,,,,,,,,,,,,,,,,,,,,,,,,,,,,,,,,,,,,,,,,,,,,,,,,,4.0,9.0,3,2,2,1,5,2,,1,1,1,1,2,10,,3,6,4,1.0,1,2,1,6,3,2.0,1,99,0.451780669148742,
201501610567,2023-10-27T17:44:51Z,2023-10-27T17:47:04Z,1,1,1,6,2,2,2,4.0,2.0,2.0,1.0,2.0,,,,,,,,1.0,1.0,,,,,,,,1.0,2.0,1.0,2.0,2.0,2.0,3.0,3.0,3.0,,,3.0,4.0,3.0,4.0,3.0,4.0,,,1.0,3.0,2.0,2.0,3.0,1.0,1.0,3.0,3.0,3.0,2.0,1.0,1.0,2.0,2.0,2.0,2.0,1.0,1.0,1.0,2.0,2.0,2.0,3.0,3.0,4.0,,,,,,,,,0,,0,,0,,,,,,,,,,,,,,,,,,,,,,,,,,,,,,,,,,,,,,,,,,,,,,,,,,,,,,,,,,,,,,,,,,,,,,,,,,,,,1.0,4.0,8.0,2,1,1,1,5,2,,1,1,1,1,6,10,,3,6,4,2.0,2,4,1,5,5,1.0,1,2,0.4480881945413474,
201501610872,2023-10-27T17:47:12Z,2023-10-27T17:50:47Z,2,1,1,1,2,2,1,4.0,2.0,2.0,1.0,2.0,,,,,,,,1.0,1.0,,,,,,,,1.0,1.0,1.0,4.0,4.0,3.0,3.0,3.0,,3.0,,5.0,5.0,4.0,5.0,5.0,,5.0,,2.0,3.0,2.0,2.0,4.0,1.0,,,1.0,4.0,1.0,,2.0,,,,,,2.0,2.0,2.0,2.0,2.0,3.0,3.0,4.0,,,,,,,,,0,,0,,0,,,,,,,,,,,,,,,,,,,,,,,,,,,,,,,,,,,,,,,,,,,,,,,,,,,,,,,,,,,,,,,,,,,,,,,,,,,,,1.0,1.0,1.0,1,2,2,1,5,2,,1,1,1,1,1,12,,3,4,2,,2,3,1,9,3,1.0,2,3,0.3637607413241751,
201501611818,2023-10-29T12:03:28Z,2023-10-29T12:06:52Z,2,1,1,1,2,2,1,4.0,2.0,2.0,1.0,2.0,,,,,,,,1.0,1.0,,,,,,,,1.0,1.0,2.0,2.0,5.0,3.0,2.0,5.0,,3.0,,4.0,4.0,3.0,4.0,4.0,,4.0,,5.0,3.0,3.0,2.0,5.0,1.0,,,1.0,2.0,2.0,2.0,1.0,2.0,2.0,2.0,1.0,2.0,1.0,2.0,1.0,3.0,2.0,3.0,2.0,4.0,,,,,,,,,0,,0,,0,,,,,,,,,,,,,,,,,,,,,,,,,,,,,,,,,,,,,,,,,,,,,,,,,,,,,,,,,,,,,,,,,,,,,,,,,,,,,1.0,3.0,5.0,1,2,1,1,5,2,,1,1,1,1,1,12,,3,6,4,2.0,2,4,3,9,5,1.0,1,3,0.488854591019136,
201501616297,2023-11-04T13:01:03Z,2023-11-04T13:06:58Z,2,1,1,1,1,1,1,4.0,2.0,2.0,1.0,2.0,,,,,,,,1.0,1.0,,,,,,,,1.0,2.0,2.0,3.0,4.0,5.0,5.0,5.0,,5.0,4.0,3.0,3.0,3.0,3.0,5.0,,4.0,3.0,5.0,3.0,3.0,4.0,5.0,1.0,,,,,1.0,,2.0,,,,,,2.0,3.0,3.0,4.0,2.0,2.0,2.0,4.0,,,,,,,,,0,,0,,0,,,,,,,,,,,,,,,,,,,,,,,,,,,,,,,,,,,,,,,,,,,,,,,,,,,,,,,,,,,,,,,,,,,,,,,,,,,,,2.0,3.0,6.0,2,2,1,1,6,2,,1,1,1,1,1,1,1.0,1,3,3,1.0,1,2,2,8,3,1.0,2,2,1.5466052392287828,
201501617649,2023-10-28T09:18:28Z,2023-10-28T12:21:11Z,2,1,1,1,1,2,1,4.0,2.0,2.0,2.0,1.0,,,,,,,,1.0,1.0,,,,,,,,1.0,2.0,1.0,5.0,5.0,5.0,5.0,5.0,,5.0,5.0,5.0,5.0,5.0,5.0,5.0,,5.0,5.0,5.0,3.0,3.0,4.0,5.0,1.0,,,,,1.0,,2.0,,,,,,2.0,3.0,4.0,5.0,3.0,3.0,3.0,4.0,,,,,,,,,0,,0,,0,,,,,,,,,,,,,,,,,,,,,,,,,,,,,,,,,,,,,,,,,,,,,,,,,,,,,,,,,,,,,,,,,,,,,,,,,,,,,1.0,2.0,3.0,2,2,1,1,5,1,1.0,1,1,3,1,1,1,2.0,1,5,2,,2,3,1,9,3,1.0,2,2,0.4541523504313142,
201501622472,2023-10-27T17:05:11Z,2023-10-27T17:08:02Z,2,1,1,2,2,2,1,4.0,1.0,1.0,1.0,,,,,,,,,1.0,,,,,,,,,99.0,1.0,1.0,1.0,1.0,3.0,2.0,3.0,,1.0,,4.0,4.0,4.0,4.0,4.0,,4.0,,1.0,3.0,2.0,2.0,4.0,1.0,,,3.0,5.0,2.0,1.0,1.0,1.0,1.0,2.0,2.0,2.0,2.0,1.0,1.0,1.0,1.0,3.0,3.0,4.0,,,,,,,,,0,,0,,0,,,,,,,,,,,,,,,,,,,,,,,,,,,,,,,,,,,,,,,,,,,,,,,,,,,,,,,,,,,,,,,,,,,,,,,,,,,,,1.0,3.0,6.0,2,1,2,2,4,2,,1,1,1,1,2,1,2.0,1,4,1,,1,2,3,9,3,1.0,2,3,4.7091678454126304,
201501622724,2023-10-27T16:58:52Z,2023-10-27T17:12:07Z,2,1,1,6,2,2,2,4.0,2.0,2.0,1.0,2.0,,,,,,,,1.0,1.0,,,,,,,,1.0,2.0,1.0,3.0,3.0,3.0,3.0,4.0,3.0,,,4.0,4.0,3.0,4.0,3.0,3.0,,,2.0,3.0,5.0,3.0,3.0,1.0,3.0,3.0,3.0,3.0,1.0,,2.0,,,,,,2.0,3.0,1.0,3.0,3.0,3.0,3.0,4.0,,,,,,,,,0,,0,,0,,,,,,,,,,,,,,,,,,,,,,,,,,,,,,,,,,,,,,,,,,,,,,,,,,,,,,,,,,,,,,,,,,,,,,,,,,,,,1.0,2.0,4.0,1,2,1,3,2,2,,1,1,1,1,6,1,2.0,1,2,2,,2,4,1,8,4,2.0,2,3,2.4383869989034563,
201501624218,2023-10-28T00:35:24Z,2023-10-28T00:38:53Z,2,1,1,1,2,2,1,2.0,2.0,2.0,2.0,1.0,,,,,,,,1.0,1.0,,,,,,,,1.0,1.0,2.0,2.0,2.0,2.0,4.0,4.0,,4.0,,3.0,5.0,5.0,5.0,5.0,,5.0,,4.0,3.0,3.0,2.0,5.0,1.0,,,1.0,2.0,1.0,,1.0,2.0,2.0,2.0,1.0,2.0,2.0,1.0,1.0,4.0,2.0,2.0,2.0,4.0,,,,,,,,,0,,0,,0,,,,,,,,,,,,,,,,,,,,,,,,,,,,,,,,,,,,,,,,,,,,,,,,,,,,,,,,,,,,,,,,,,,,,,,,,,,,,1.0,2.0,3.0,3,1,1,2,3,2,,1,1,1,1,1,1,2.0,1,5,1,,1,1,2,5,2,2.0,2,2,5.972011849555488,
201501624300,2023-10-30T09:10:19Z,2023-10-30T09:17:49Z,2,1,1,2,2,2,2,4.0,2.0,2.0,2.0,1.0,,,,,,,,1.0,1.0,,,,,,,,1.0,2.0,1.0,3.0,2.0,2.0,2.0,3.0,,2.0,,3.0,4.0,3.0,2.0,2.0,,2.0,,1.0,3.0,3.0,2.0,4.0,1.0,1.0,3.0,1.0,3.0,2.0,1.0,1.0,1.0,2.0,1.0,2.0,1.0,2.0,1.0,2.0,2.0,1.0,3.0,3.0,4.0,,,,,,,,,0,,0,,0,,,,,,,,,,,,,,,,,,,,,,,,,,,,,,,,,,,,,,,,,,,,,,,,,,,,,,,,,,,,,,,,,,,,,,,,,,,,,1.0,2.0,4.0,2,1,2,1,5,2,,1,1,1,1,2,9,,3,4,3,2.0,2,3,1,6,3,1.0,1,2,0.2518599959238841,
201501624671,2023-10-30T06:30:37Z,2023-10-30T06:35:18Z,2,1,1,2,2,2,2,4.0,2.0,2.0,2.0,1.0,,,,,,,,1.0,1.0,,,,,,,,1.0,1.0,1.0,3.0,2.0,2.0,3.0,4.0,,3.0,,4.0,5.0,5.0,4.0,4.0,,5.0,,2.0,3.0,2.0,2.0,3.0,1.0,1.0,4.0,1.0,5.0,1.0,,2.0,,,,,,2.0,1.0,2.0,4.0,2.0,3.0,3.0,4.0,,,,,,,,,0,,0,,0,,,,,,,,,,,,,,,,,,,,,,,,,,,,,,,,,,,,,,,,,,,,,,,,,,,,,,,,,,,,,,,,,,,,,,,,,,,,,1.0,3.0,5.0,2,2,1,1,5,2,,1,1,1,1,2,12,,3,6,4,1.0,1,2,1,8,3,2.0,2,2,0.8533694789461876,
201501626417,2023-10-27T20:04:37Z,2023-10-27T20:12:04Z,2,1,1,1,1,2,1,4.0,2.0,2.0,1.0,2.0,,,,,,,,1.0,1.0,,,,,,,,1.0,2.0,1.0,3.0,2.0,2.0,1.0,1.0,,3.0,1.0,4.0,5.0,4.0,5.0,5.0,,5.0,5.0,3.0,3.0,3.0,2.0,3.0,1.0,,,,,1.0,,2.0,,,,,,2.0,1.0,2.0,3.0,2.0,3.0,3.0,4.0,,,,,,,,,0,,0,,0,,,,,,,,,,,,,,,,,,,,,,,,,,,,,,,,,,,,,,,,,,,,,,,,,,,,,,,,,,,,,,,,,,,,,,,,,,,,,1.0,2.0,3.0,3,2,1,1,6,2,,1,1,1,1,1,1,2.0,1,4,3,1.0,1,2,1,9,3,1.0,1,3,0.3153989970011514,
201501640302,2023-11-01T06:46:30Z,2023-11-01T07:20:55Z,2,1,1,6,2,2,2,4.0,1.0,1.0,2.0,,,,,,,,,1.0,,,,,,,,,99.0,2.0,3.0,3.0,99.0,4.0,3.0,99.0,3.0,,,3.0,4.0,99.0,99.0,3.0,6.0,,,2.0,2.0,2.0,2.0,2.0,1.0,2.0,5.0,2.0,5.0,3.0,2.0,1.0,2.0,2.0,1.0,1.0,1.0,1.0,4.0,3.0,1.0,3.0,3.0,3.0,3.0,99.0,4.0,2.0,3.0,,1.0,1.0,,0,,0,,0,,,,,,,,,,,,,,,,,,,,,,,,,,,,,,,,,,,,,,,,,,,,,,,,,,,,,,,,,,,,,,,,,,,,,,,,,,,,,1.0,3.0,7.0,3,2,2,2,3,2,,1,2,2,1,6,1,1.0,1,1,3,2.0,2,3,1,1,3,1.0,2,1,0.2996737350647932,
201501644301,2023-10-29T16:57:49Z,2023-10-29T17:06:25Z,2,1,1,1,2,2,1,4.0,2.0,2.0,1.0,2.0,,,,,,,,1.0,1.0,,,,,,,,1.0,1.0,1.0,3.0,3.0,3.0,3.0,2.0,,3.0,,4.0,4.0,3.0,4.0,4.0,,4.0,,3.0,3.0,3.0,1.0,5.0,1.0,,,1.0,5.0,1.0,,1.0,2.0,2.0,2.0,2.0,2.0,2.0,1.0,1.0,4.0,3.0,3.0,3.0,4.0,,,,,,,,,0,,0,,0,,,,,,,,,,,,,,,,,,,,,,,,,,,,,,,,,,,,,,,,,,,,,,,,,,,,,,,,,,,,,,,,,,,,,,,,,,,,,1.0,3.0,7.0,1,2,1,1,6,2,,1,1,1,1,1,12,,3,5,3,2.0,2,3,2,9,3,1.0,1,3,0.488854591019136,
201501649465,2023-10-29T10:24:21Z,2023-10-29T10:25:52Z,2,1,1,3,2,2,1,4.0,1.0,1.0,2.0,,,,,,,,,1.0,,,,,,,,,99.0,2.0,5.0,3.0,3.0,3.0,3.0,3.0,3.0,,,4.0,4.0,4.0,3.0,4.0,3.0,,,4.0,2.0,2.0,3.0,2.0,3.0,,,3.0,3.0,3.0,3.0,1.0,2.0,1.0,2.0,1.0,2.0,2.0,2.0,4.0,3.0,2.0,1.0,1.0,99.0,,,,,,,,,0,,0,,0,,,,,,,,,,,,,,,,,,,,,,,,,,,,,,,,,,,,,,,,,,,,,,,,,,,,,,,,,,,,,,,,,,,,,,,,,,,,,1.0,3.0,5.0,2,1,2,3,1,1,2.0,1,1,3,1,3,2,2.0,2,1,1,,1,1,1,2,2,2.0,1,1,2.915002057064943,
201501650065,2023-10-27T16:58:37Z,2023-10-27T23:20:49Z,1,1,1,6,2,2,2,4.0,2.0,2.0,2.0,1.0,,,,,,,,1.0,1.0,,,,,,,,1.0,2.0,3.0,2.0,3.0,5.0,4.0,5.0,5.0,,,3.0,5.0,3.0,4.0,99.0,6.0,,,3.0,1.0,,,,1.0,3.0,2.0,2.0,2.0,4.0,3.0,1.0,99.0,2.0,2.0,1.0,1.0,2.0,3.0,3.0,3.0,3.0,1.0,3.0,1.0,3.0,3.0,4.0,4.0,,2.0,1.0,,0,,0,,0,,,,,,,,,,,,,,,,,,,,,,,,,,,,,,,,,,,,,,,,,,,,,,,,,,,,,,,,,,,,,,,,,,,,,,,,,,,,,1.0,1.0,1.0,2,1,2,1,5,2,,4,3,5,4,6,8,,4,5,2,,2,4,1,9,4,1.0,1,3,0.3404290469526549,
201501653278,2023-11-02T01:33:07Z,2023-11-02T01:37:06Z,2,1,1,6,2,2,2,4.0,2.0,2.0,1.0,2.0,,,,,,,,1.0,1.0,,,,,,,,1.0,1.0,1.0,2.0,2.0,2.0,2.0,3.0,2.0,,,4.0,3.0,4.0,4.0,4.0,3.0,,,2.0,3.0,3.0,3.0,5.0,3.0,3.0,4.0,3.0,4.0,1.0,,2.0,,,,,,2.0,1.0,1.0,4.0,1.0,3.0,3.0,4.0,,,,,,,,,0,,0,,0,,,,,,,,,,,,,,,,,,,,,,,,,,,,,,,,,,,,,,,,,,,,,,,,,,,,,,,,,,,,,,,,,,,,,,,,,,,,,1.0,1.0,1.0,2,2,1,1,5,1,2.0,1,99,3,1,6,1,1.0,1,4,1,,1,1,1,9,2,1.0,1,3,0.3370198589616606,
201501655718,2023-11-04T17:52:00Z,2023-11-04T17:59:19Z,2,1,1,6,2,2,2,4.0,2.0,2.0,1.0,2.0,,,,,,,,1.0,1.0,,,,,,,,1.0,1.0,1.0,3.0,3.0,3.0,3.0,2.0,2.0,,,4.0,3.0,3.0,3.0,4.0,5.0,,,2.0,3.0,3.0,3.0,4.0,1.0,1.0,4.0,1.0,3.0,1.0,,2.0,,,,,,2.0,1.0,1.0,2.0,2.0,3.0,3.0,4.0,,,,,,,,,0,,0,,0,,,,,,,,,,,,,,,,,,,,,,,,,,,,,,,,,,,,,,,,,,,,,,,,,,,,,,,,,,,,,,,,,,,,,,,,,,,,,1.0,2.0,4.0,1,1,2,1,5,2,,1,1,1,1,6,2,2.0,2,5,3,2.0,2,3,1,9,3,1.0,2,3,0.7373214858356415,
201501667434,2023-10-27T18:00:47Z,2023-10-27T18:04:29Z,2,1,1,6,2,2,2,4.0,2.0,2.0,2.0,1.0,,,,,,,,1.0,1.0,,,,,,,,1.0,2.0,2.0,3.0,2.0,3.0,2.0,2.0,4.0,,,2.0,3.0,2.0,2.0,2.0,3.0,,,3.0,1.0,,,,1.0,3.0,5.0,3.0,4.0,1.0,,1.0,2.0,2.0,2.0,1.0,2.0,1.0,2.0,1.0,2.0,2.0,3.0,3.0,1.0,2.0,2.0,4.0,3.0,,1.0,1.0,,0,,0,,0,,,,,,,,,,,,,,,,,,,,,,,,,,,,,,,,,,,,,,,,,,,,,,,,,,,,,,,,,,,,,,,,,,,,,,,,,,,,,1.0,1.0,2.0,2,2,2,3,2,2,,1,1,1,1,6,12,,3,6,3,1.0,1,2,1,8,3,2.0,1,2,0.6301618295481428,
201501676079,2023-11-04T14:11:49Z,2023-11-04T16:08:07Z,2,1,1,1,1,2,1,4.0,2.0,2.0,1.0,2.0,,,,,,,,1.0,1.0,,,,,,,,1.0,2.0,1.0,3.0,4.0,3.0,3.0,5.0,,4.0,3.0,3.0,99.0,3.0,6.0,3.0,,5.0,3.0,3.0,3.0,2.0,2.0,5.0,1.0,,,,,1.0,,2.0,,,,,,2.0,2.0,2.0,5.0,2.0,2.0,2.0,4.0,,,,,,,,,0,,0,,0,,,,,,,,,,,,,,,,,,,,,,,,,,,,,,,,,,,,,,,,,,,,,,,,,,,,,,,,,,,,,,,,,,,,,,,,,,,,,1.0,3.0,5.0,2,1,1,1,5,2,,1,1,1,1,1,9,,3,6,3,1.0,1,2,3,9,3,1.0,2,2,2.671576449407988,
201501676648,2023-10-27T20:07:23Z,2023-10-27T20:10:45Z,2,1,1,6,2,2,2,4.0,2.0,2.0,2.0,1.0,,,,,,,,1.0,1.0,,,,,,,,1.0,1.0,2.0,3.0,3.0,3.0,2.0,4.0,4.0,,,5.0,5.0,5.0,4.0,4.0,4.0,,,4.0,3.0,3.0,3.0,5.0,1.0,3.0,4.0,3.0,4.0,2.0,1.0,2.0,,,,,,2.0,3.0,3.0,3.0,3.0,3.0,3.0,4.0,,,,,,,,,0,,0,,0,,,,,,,,,,,,,,,,,,,,,,,,,,,,,,,,,,,,,,,,,,,,,,,,,,,,,,,,,,,,,,,,,,,,,,,,,,,,,1.0,1.0,1.0,1,1,1,1,6,2,,1,1,1,1,6,10,,3,6,3,2.0,2,4,2,9,4,1.0,2,3,1.5950462757493908,
201501676768,2023-10-30T12:23:16Z,2023-10-30T12:26:58Z,2,1,1,1,1,2,1,4.0,1.0,1.0,1.0,,,,,,,,,1.0,,,,,,,,,99.0,1.0,2.0,2.0,1.0,4.0,3.0,4.0,,3.0,2.0,4.0,4.0,4.0,4.0,4.0,,4.0,4.0,4.0,3.0,1.0,1.0,3.0,1.0,,,,,1.0,,2.0,,,,,,1.0,2.0,2.0,3.0,3.0,3.0,1.0,4.0,,,,,,,,,0,,0,,0,,,,,,,,,,,,,,,,,,,,,,,,,,,,,,,,,,,,,,,,,,,,,,,,,,,,,,,,,,,,,,,,,,,,,,,,,,,,,1.0,4.0,9.0,2,2,2,1,5,2,,1,4,4,1,1,1,1.0,1,1,1,,1,1,1,8,2,1.0,1,2,0.2316458777695321,
201501678221,2023-10-26T19:42:18Z,2023-10-26T19:45:16Z,2,1,1,1,2,2,1,4.0,2.0,2.0,2.0,1.0,,,,,,,,1.0,1.0,,,,,,,,1.0,1.0,2.0,4.0,3.0,5.0,3.0,5.0,,5.0,,4.0,2.0,2.0,3.0,3.0,,3.0,,4.0,3.0,3.0,5.0,5.0,1.0,,,2.0,3.0,1.0,,2.0,,,,,,2.0,5.0,4.0,4.0,3.0,3.0,2.0,4.0,,,,,,,,,0,,0,,0,,,,,,,,,,,,,,,,,,,,,,,,,,,,,,,,,,,,,,,,,,,,,,,,,,,,,,,,,,,,,,,,,,,,,,,,,,,,,1.0,2.0,4.0,1,1,2,1,5,2,,1,1,1,1,1,12,,3,6,4,2.0,2,4,1,5,5,2.0,2,2,1.2116837838023362,
201501678471,2023-10-28T13:15:45Z,2023-10-28T13:22:31Z,1,1,1,6,2,2,2,4.0,2.0,2.0,1.0,2.0,,,,,,,,1.0,1.0,,,,,,,,1.0,2.0,2.0,3.0,4.0,3.0,3.0,4.0,3.0,,,3.0,5.0,2.0,4.0,5.0,5.0,,,2.0,3.0,3.0,2.0,5.0,1.0,3.0,5.0,1.0,4.0,2.0,3.0,1.0,2.0,2.0,2.0,2.0,1.0,2.0,3.0,2.0,3.0,2.0,2.0,3.0,4.0,,,,,,,,,0,,0,,0,,,,,,,,,,,,,,,,,,,,,,,,,,,,,,,,,,,,,,,,,,,,,,,,,,,,,,,,,,,,,,,,,,,,,,,,,,,,,1.0,4.0,9.0,1,1,2,1,5,2,,1,1,1,1,6,10,,3,6,2,,2,4,2,3,5,1.0,2,1,1.918749447435812,
201501680124,2023-10-28T01:14:03Z,2023-10-28T01:20:03Z,2,1,1,1,2,2,1,4.0,2.0,2.0,2.0,1.0,,,,,,,,1.0,1.0,,,,,,,,1.0,1.0,1.0,4.0,3.0,5.0,3.0,3.0,,3.0,,4.0,1.0,2.0,4.0,4.0,,4.0,,3.0,3.0,3.0,2.0,3.0,1.0,,,1.0,3.0,2.0,1.0,2.0,,,,,,1.0,3.0,1.0,4.0,3.0,3.0,2.0,4.0,,,,,,,,,0,,0,,0,,,,,,,,,,,,,,,,,,,,,,,,,,,,,,,,,,,,,,,,,,,,,,,,,,,,,,,,,,,,,,,,,,,,,,,,,,,,,1.0,2.0,4.0,2,1,2,2,3,2,,3,3,5,4,1,1,2.0,1,2,2,,2,4,1,9,4,1.0,2,2,0.9830405621317913,
201501680788,2023-10-27T17:24:29Z,2023-10-27T17:29:39Z,2,1,1,1,2,2,1,4.0,2.0,2.0,1.0,2.0,,,,,,,,1.0,1.0,,,,,,,,1.0,2.0,1.0,2.0,3.0,4.0,3.0,3.0,,4.0,,5.0,3.0,2.0,5.0,5.0,,5.0,,3.0,3.0,5.0,2.0,5.0,1.0,,,1.0,3.0,2.0,2.0,2.0,,,,,,2.0,1.0,2.0,3.0,2.0,3.0,2.0,4.0,,,,,,,,,0,,0,,0,,,,,,,,,,,,,,,,,,,,,,,,,,,,,,,,,,,,,,,,,,,,,,,,,,,,,,,,,,,,,,,,,,,,,,,,,,,,,1.0,3.0,7.0,1,2,2,2,4,2,,1,1,1,1,1,12,,3,5,3,2.0,2,4,1,6,5,1.0,1,2,0.335494764564973,
201501682318,2023-10-28T00:07:56Z,2023-10-28T00:11:56Z,2,1,1,6,2,2,2,4.0,2.0,2.0,1.0,2.0,,,,,,,,1.0,1.0,,,,,,,,1.0,1.0,2.0,5.0,5.0,5.0,5.0,5.0,5.0,,,4.0,4.0,3.0,4.0,4.0,5.0,,,5.0,3.0,4.0,4.0,5.0,2.0,3.0,4.0,2.0,4.0,2.0,1.0,2.0,,,,,,2.0,4.0,4.0,5.0,4.0,3.0,3.0,4.0,,,,,,,,,0,,0,,0,,,,,,,,,,,,,,,,,,,,,,,,,,,,,,,,,,,,,,,,,,,,,,,,,,,,,,,,,,,,,,,,,,,,,,,,,,,,,1.0,2.0,3.0,1,2,3,1,5,2,,1,1,1,1,6,2,2.0,2,6,4,2.0,2,4,3,1,5,1.0,2,1,1.3131616627166145,
201501683849,2023-10-27T17:05:51Z,2023-10-27T18:02:29Z,2,1,1,1,1,2,1,4.0,2.0,2.0,1.0,2.0,,,,,,,,1.0,1.0,,,,,,,,1.0,1.0,2.0,4.0,3.0,4.0,3.0,3.0,,3.0,3.0,4.0,3.0,3.0,4.0,3.0,,3.0,4.0,2.0,3.0,2.0,2.0,5.0,3.0,,,,,1.0,,2.0,,,,,,2.0,3.0,2.0,3.0,3.0,3.0,3.0,4.0,,,,,,,,,0,,0,,0,,,,,,,,,,,,,,,,,,,,,,,,,,,,,,,,,,,,,,,,,,,,,,,,,,,,,,,,,,,,,,,,,,,,,,,,,,,,,1.0,3.0,5.0,2,2,1,1,6,2,,1,2,2,1,1,1,2.0,1,3,1,,1,1,1,9,2,1.0,1,3,0.5390680441493876,
201501684131,2023-10-28T00:52:44Z,2023-11-01T11:32:42Z,2,1,1,2,2,2,2,3.0,2.0,2.0,2.0,1.0,,,,,,,,1.0,1.0,,,,,,,,1.0,2.0,1.0,3.0,1.0,3.0,4.0,3.0,,2.0,,4.0,4.0,3.0,5.0,5.0,,5.0,,1.0,3.0,4.0,1.0,5.0,1.0,1.0,1.0,1.0,1.0,2.0,1.0,2.0,,,,,,2.0,1.0,1.0,2.0,2.0,3.0,2.0,4.0,,,,,,,,,0,,0,,0,,,,,,,,,,,,,,,,,,,,,,,,,,,,,,,,,,,,,,,,,,,,,,,,,,,,,,,,,,,,,,,,,,,,,,,,,,,,,1.0,3.0,5.0,1,1,2,1,5,2,,1,1,1,1,2,1,2.0,1,4,2,,2,4,1,9,4,1.0,1,3,0.3333324237113266,
201501686078,2023-10-29T12:24:32Z,2023-10-29T12:28:52Z,2,1,1,2,2,2,2,4.0,1.0,1.0,2.0,,,,,,,,,1.0,,,,,,,,,99.0,2.0,4.0,5.0,4.0,5.0,5.0,4.0,,5.0,,5.0,5.0,4.0,5.0,3.0,,4.0,,4.0,3.0,3.0,2.0,3.0,1.0,1.0,5.0,2.0,4.0,1.0,,2.0,,,,,,1.0,4.0,2.0,2.0,3.0,3.0,3.0,4.0,,,,,,,,,0,,0,,0,,,,,,,,,,,,,,,,,,,,,,,,,,,,,,,,,,,,,,,,,,,,,,,,,,,,,,,,,,,,,,,,,,,,,,,,,,,,,1.0,3.0,5.0,2,1,2,1,6,2,,1,1,1,1,2,10,,3,3,2,,2,4,2,1,5,1.0,1,1,0.5221632279900154,
201501687391,2023-10-29T12:27:41Z,2023-10-29T16:12:53Z,2,1,1,1,2,2,1,4.0,2.0,2.0,2.0,1.0,,,,,,,,1.0,1.0,,,,,,,,1.0,1.0,1.0,5.0,5.0,5.0,4.0,5.0,,5.0,,5.0,3.0,3.0,5.0,5.0,,5.0,,5.0,3.0,2.0,2.0,3.0,1.0,,,1.0,5.0,1.0,,2.0,,,,,,2.0,2.0,2.0,3.0,2.0,3.0,3.0,4.0,,,,,,,,,0,,0,,0,,,,,,,,,,,,,,,,,,,,,,,,,,,,,,,,,,,,,,,,,,,,,,,,,,,,,,,,,,,,,,,,,,,,,,,,,,,,,1.0,4.0,8.0,2,2,2,1,5,2,,1,1,1,1,1,9,,3,6,3,2.0,2,3,1,9,3,1.0,2,3,0.3897533618430241,
201501687650,2023-10-30T12:39:11Z,2023-10-30T12:43:24Z,1,1,1,2,2,2,2,4.0,2.0,2.0,2.0,1.0,,,,,,,,1.0,1.0,,,,,,,,1.0,2.0,1.0,5.0,4.0,2.0,3.0,3.0,,4.0,,5.0,5.0,5.0,2.0,5.0,,5.0,,3.0,3.0,3.0,2.0,5.0,1.0,1.0,2.0,1.0,2.0,1.0,,2.0,,,,,,2.0,2.0,2.0,4.0,3.0,2.0,2.0,4.0,,,,,,,,,0,,0,,0,,,,,,,,,,,,,,,,,,,,,,,,,,,,,,,,,,,,,,,,,,,,,,,,,,,,,,,,,,,,,,,,,,,,,,,,,,,,,1.0,1.0,2.0,1,2,2,1,5,2,,1,1,1,1,2,10,,3,6,2,,2,4,1,5,5,1.0,2,2,0.3538962867655155,
201501687662,2023-10-29T19:50:29Z,2023-10-29T19:54:46Z,1,1,1,1,2,2,1,4.0,2.0,2.0,2.0,1.0,,,,,,,,1.0,1.0,,,,,,,,1.0,1.0,1.0,1.0,1.0,1.0,1.0,3.0,,1.0,,5.0,5.0,3.0,5.0,5.0,,5.0,,2.0,3.0,3.0,2.0,4.0,1.0,,,1.0,3.0,1.0,,2.0,,,,,,2.0,1.0,1.0,3.0,3.0,3.0,3.0,4.0,,,,,,,,,0,,0,,0,,,,,,,,,,,,,,,,,,,,,,,,,,,,,,,,,,,,,,,,,,,,,,,,,,,,,,,,,,,,,,,,,,,,,,,,,,,,,1.0,3.0,5.0,2,2,1,1,5,2,,1,1,1,1,1,1,2.0,1,6,3,1.0,1,2,1,9,3,1.0,2,3,0.6604280495825496,
201501688342,2023-10-28T08:00:01Z,2023-10-28T08:03:35Z,2,1,1,6,2,2,2,4.0,2.0,2.0,2.0,1.0,,,,,,,,1.0,1.0,,,,,,,,1.0,1.0,1.0,2.0,2.0,3.0,3.0,2.0,3.0,,,4.0,4.0,3.0,4.0,4.0,6.0,,,1.0,3.0,1.0,1.0,3.0,1.0,1.0,2.0,1.0,2.0,2.0,1.0,2.0,,,,,,2.0,1.0,1.0,3.0,1.0,3.0,3.0,4.0,,,,,,,,,0,,0,,0,,,,,,,,,,,,,,,,,,,,,,,,,,,,,,,,,,,,,,,,,,,,,,,,,,,,,,,,,,,,,,,,,,,,,,,,,,,,,1.0,3.0,7.0,1,2,2,1,6,2,,1,1,1,1,6,1,1.0,1,2,3,1.0,1,1,1,9,2,1.0,1,2,0.2331918138962437,
201501689057,2023-11-02T18:52:43Z,2023-11-02T18:57:59Z,1,1,1,6,2,2,2,4.0,2.0,2.0,2.0,1.0,,,,,,,,1.0,1.0,,,,,,,,1.0,1.0,1.0,4.0,4.0,4.0,4.0,4.0,4.0,,,3.0,99.0,4.0,4.0,4.0,5.0,,,3.0,3.0,3.0,5.0,5.0,1.0,1.0,5.0,1.0,5.0,1.0,,1.0,2.0,2.0,2.0,2.0,1.0,2.0,3.0,3.0,3.0,3.0,3.0,3.0,4.0,,,,,,,,,0,,0,,0,,,,,,,,,,,,,,,,,,,,,,,,,,,,,,,,,,,,,,,,,,,,,,,,,,,,,,,,,,,,,,,,,,,,,,,,,,,,,1.0,1.0,1.0,1,2,1,1,5,2,,1,1,1,1,6,11,,4,4,2,,2,4,1,99,4,2.0,1,99,0.4579585678958912,
201501690936,2023-10-27T17:58:50Z,2023-10-27T18:03:29Z,2,1,1,1,1,2,1,4.0,2.0,2.0,1.0,1.0,,,,,,,,1.0,1.0,,,,,,,,1.0,1.0,1.0,5.0,5.0,5.0,5.0,5.0,,5.0,3.0,5.0,5.0,5.0,5.0,5.0,,5.0,5.0,5.0,3.0,3.0,2.0,3.0,1.0,,,,,1.0,,2.0,,,,,,2.0,1.0,5.0,5.0,1.0,3.0,3.0,4.0,,,,,,,,,0,,0,,0,,,,,,,,,,,,,,,,,,,,,,,,,,,,,,,,,,,,,,,,,,,,,,,,,,,,,,,,,,,,,,,,,,,,,,,,,,,,,1.0,2.0,4.0,3,2,1,2,4,2,,1,1,1,1,1,1,2.0,1,3,1,,1,1,1,6,2,2.0,2,2,2.34276697713878,
201501691173,2023-10-28T19:19:48Z,2023-10-28T19:24:51Z,2,1,1,6,2,2,2,4.0,2.0,2.0,2.0,1.0,,,,,,,,1.0,1.0,,,,,,,,1.0,1.0,2.0,3.0,3.0,4.0,4.0,4.0,4.0,,,4.0,4.0,4.0,4.0,4.0,4.0,,,3.0,3.0,4.0,3.0,5.0,1.0,3.0,5.0,3.0,5.0,2.0,1.0,2.0,,,,,,2.0,3.0,2.0,4.0,3.0,3.0,3.0,4.0,,,,,,,,,0,,0,,0,,,,,,,,,,,,,,,,,,,,,,,,,,,,,,,,,,,,,,,,,,,,,,,,,,,,,,,,,,,,,,,,,,,,,,,,,,,,,1.0,4.0,9.0,1,1,2,1,5,2,,1,1,1,1,6,11,,4,4,2,,2,4,1,2,5,1.0,2,2,0.6073382236784455,
201501691275,2023-10-28T10:46:40Z,2023-10-28T10:48:58Z,1,1,1,6,2,2,2,4.0,2.0,2.0,2.0,1.0,,,,,,,,1.0,1.0,,,,,,,,1.0,1.0,1.0,1.0,1.0,1.0,1.0,1.0,1.0,,,1.0,1.0,1.0,1.0,1.0,1.0,,,1.0,3.0,1.0,1.0,5.0,1.0,3.0,5.0,2.0,5.0,2.0,1.0,1.0,2.0,2.0,2.0,2.0,1.0,2.0,1.0,1.0,4.0,1.0,3.0,3.0,4.0,,,,,,,,,0,,0,,0,,,,,,,,,,,,,,,,,,,,,,,,,,,,,,,,,,,,,,,,,,,,,,,,,,,,,,,,,,,,,,,,,,,,,,,,,,,,,1.0,3.0,5.0,2,2,2,1,6,2,,1,1,1,1,6,12,,3,6,2,,2,4,1,4,4,1.0,2,2,0.3405506061209443,
201501694020,2023-10-29T23:57:37Z,2023-10-30T00:05:16Z,2,1,1,6,2,2,2,4.0,2.0,2.0,2.0,,,,,,,,,1.0,,,,,,,,,1.0,2.0,2.0,3.0,5.0,5.0,5.0,5.0,4.0,,,5.0,3.0,3.0,5.0,5.0,6.0,,,5.0,3.0,3.0,3.0,5.0,1.0,3.0,5.0,3.0,5.0,1.0,,1.0,2.0,2.0,2.0,1.0,2.0,2.0,3.0,1.0,3.0,4.0,3.0,3.0,4.0,,,,,,,,,0,,0,,0,,,,,,,,,,,,,,,,,,,,,,,,,,,,,,,,,,,,,,,,,,,,,,,,,,,,,,,,,,,,,,,,,,,,,,,,,,,,,1.0,1.0,1.0,2,2,1,2,4,2,,1,2,2,1,6,1,2.0,1,5,4,2.0,2,3,3,2,3,2.0,2,1,6.314159461681934,
201501695233,2023-10-28T20:33:41Z,2023-10-28T20:39:34Z,2,1,1,6,2,2,2,4.0,1.0,1.0,1.0,,,,,,,,,1.0,,,,,,,,,99.0,1.0,4.0,4.0,4.0,5.0,4.0,4.0,5.0,,,3.0,4.0,3.0,6.0,4.0,6.0,,,4.0,2.0,2.0,6.0,1.0,1.0,1.0,4.0,1.0,4.0,2.0,2.0,1.0,2.0,2.0,2.0,2.0,1.0,1.0,4.0,4.0,4.0,3.0,1.0,3.0,1.0,4.0,2.0,4.0,3.0,,1.0,1.0,,0,,0,,0,,,,,,,,,,,,,,,,,,,,,,,,,,,,,,,,,,,,,,,,,,,,,,,,,,,,,,,,,,,,,,,,,,,,,,,,,,,,,1.0,3.0,5.0,2,1,1,3,2,2,,1,1,1,1,6,1,1.0,1,2,3,1.0,1,1,1,4,2,2.0,2,2,4.306226691869545,
201501697631,2023-10-29T20:35:00Z,2023-10-29T20:42:10Z,2,1,1,1,2,2,1,4.0,2.0,2.0,2.0,1.0,,,,,,,,2.0,1.0,,,,,,,,1.0,1.0,5.0,3.0,4.0,5.0,5.0,5.0,,5.0,,4.0,5.0,4.0,5.0,5.0,,5.0,,5.0,3.0,3.0,6.0,5.0,1.0,,,1.0,5.0,1.0,,2.0,,,,,,2.0,3.0,3.0,3.0,5.0,2.0,2.0,4.0,,,,,,,,,0,,0,,0,,,,,,,,,,,,,,,,,,,,,,,,,,,,,,,,,,,,,,,,,,,,,,,,,,,,,,,,,,,,,,,,,,,,,,,,,,,,,1.0,3.0,5.0,2,2,2,2,3,2,,1,1,1,1,1,9,,3,6,4,2.0,2,4,1,2,5,1.0,2,1,0.6657900243114468,
201501700859,2023-10-27T17:19:34Z,2023-10-27T19:46:45Z,2,1,1,1,1,2,1,3.0,1.0,1.0,2.0,,,,,,,,,1.0,,,,,,,,,99.0,2.0,4.0,5.0,5.0,5.0,5.0,5.0,,5.0,4.0,5.0,5.0,5.0,5.0,5.0,,5.0,5.0,5.0,3.0,5.0,5.0,5.0,1.0,,,,,1.0,,2.0,,,,,,2.0,5.0,5.0,5.0,1.0,2.0,2.0,4.0,,,,,,,,,0,,0,,0,,,,,,,,,,,,,,,,,,,,,,,,,,,,,,,,,,,,,,,,,,,,,,,,,,,,,,,,,,,,,,,,,,,,,,,,,,,,,2.0,3.0,6.0,2,2,2,2,3,2,,1,1,1,1,1,11,,4,3,3,2.0,2,4,1,3,5,1.0,1,1,0.2894763707948369,
201501701762,2023-10-27T18:18:54Z,2023-10-28T15:58:42Z,2,1,1,1,1,2,1,4.0,2.0,2.0,1.0,2.0,,,,,,,,1.0,1.0,,,,,,,,1.0,2.0,2.0,3.0,4.0,3.0,5.0,4.0,,4.0,4.0,3.0,2.0,2.0,4.0,5.0,,3.0,3.0,3.0,3.0,3.0,2.0,3.0,1.0,,,,,1.0,,2.0,,,,,,2.0,2.0,2.0,4.0,3.0,3.0,3.0,4.0,,,,,,,,,0,,0,,0,,,,,,,,,,,,,,,,,,,,,,,,,,,,,,,,,,,,,,,,,,,,,,,,,,,,,,,,,,,,,,,,,,,,,,,,,,,,,1.0,4.0,8.0,2,2,1,1,5,2,,1,1,1,1,1,3,2.0,4,2,4,1.0,1,2,1,8,4,1.0,1,2,0.3602560904852916,
201501726321,2023-10-28T10:13:46Z,2023-10-28T10:18:18Z,2,1,1,1,1,2,1,4.0,1.0,1.0,2.0,,,,,,,,,1.0,,,,,,,,,99.0,2.0,1.0,3.0,1.0,1.0,2.0,4.0,,1.0,1.0,4.0,5.0,4.0,5.0,5.0,,5.0,5.0,2.0,3.0,1.0,1.0,2.0,2.0,,,,,2.0,2.0,1.0,1.0,2.0,2.0,2.0,2.0,2.0,2.0,1.0,2.0,1.0,3.0,3.0,4.0,,,,,,,,,0,,0,,0,,,,,,,,,,,,,,,,,,,,,,,,,,,,,,,,,,,,,,,,,,,,,,,,,,,,,,,,,,,,,,,,,,,,,,,,,,,,,2.0,2.0,4.0,3,2,2,1,5,2,,1,1,1,1,1,12,,3,5,3,1.0,1,1,1,7,2,2.0,1,2,0.2719718016441227,
201501726340,2023-10-30T13:40:29Z,2023-10-30T13:42:33Z,2,2,1,4,1,2,1,2.0,2.0,2.0,2.0,,,,,,,,,1.0,,,,,,,,,1.0,2.0,2.0,3.0,3.0,3.0,3.0,2.0,3.0,,2.0,3.0,3.0,3.0,4.0,3.0,3.0,,2.0,3.0,2.0,3.0,3.0,3.0,3.0,,,,,2.0,3.0,1.0,2.0,1.0,2.0,1.0,2.0,1.0,3.0,3.0,4.0,3.0,1.0,3.0,2.0,3.0,3.0,3.0,3.0,,2.0,1.0,,0,,0,,0,,,,,,,,,,,,,,,,,,,,,,,,,,,,,,,,,,,,,,,,,,,,,,,,,,,,,,,,,,,,,,,,,,,,,,,,,,,,,2.0,3.0,7.0,2,2,2,3,1,1,1.0,4,1,3,2,4,2,1.0,2,3,2,,2,3,1,1,2,3.0,1,1,2.0061428061826017,
201501726887,2023-10-27T17:00:22Z,2023-10-27T17:22:53Z,2,1,1,6,2,2,2,4.0,2.0,2.0,1.0,2.0,,,,,,,,1.0,1.0,,,,,,,,1.0,2.0,1.0,4.0,4.0,5.0,4.0,4.0,5.0,,,4.0,5.0,5.0,5.0,4.0,4.0,,,3.0,3.0,3.0,2.0,5.0,1.0,3.0,4.0,3.0,3.0,1.0,,2.0,,,,,,2.0,1.0,2.0,4.0,1.0,3.0,3.0,4.0,,,,,,,,,0,,0,,0,,,,,,,,,,,,,,,,,,,,,,,,,,,,,,,,,,,,,,,,,,,,,,,,,,,,,,,,,,,,,,,,,,,,,,,,,,,,,1.0,2.0,3.0,2,2,1,1,6,2,,1,1,1,1,6,5,,4,4,2,,2,4,1,9,4,2.0,2,3,0.8081633920811111,
201501728252,2023-11-03T14:09:44Z,2023-11-03T14:30:41Z,1,1,1,1,1,2,1,4.0,2.0,2.0,2.0,1.0,,,,,,,,1.0,1.0,,,,,,,,1.0,1.0,2.0,4.0,4.0,4.0,4.0,5.0,,4.0,4.0,4.0,3.0,2.0,4.0,4.0,,3.0,3.0,4.0,3.0,3.0,3.0,5.0,1.0,,,,,1.0,,2.0,,,,,,2.0,4.0,4.0,5.0,3.0,3.0,2.0,4.0,,,,,,,,,0,,0,,0,,,,,,,,,,,,,,,,,,,,,,,,,,,,,,,,,,,,,,,,,,,,,,,,,,,,,,,,,,,,,,,,,,,,,,,,,,,,,2.0,2.0,3.0,2,2,1,1,5,2,,1,1,1,1,1,10,,3,6,2,,2,4,1,5,4,1.0,2,2,0.2947449439391508,
201501728687,2023-10-27T21:45:07Z,2023-10-27T21:49:43Z,1,1,1,6,1,2,2,4.0,2.0,2.0,2.0,1.0,,,,,,,,1.0,2.0,,,,,,,,1.0,2.0,3.0,5.0,5.0,5.0,5.0,5.0,5.0,,5.0,5.0,5.0,3.0,5.0,5.0,6.0,,3.0,5.0,2.0,6.0,6.0,6.0,1.0,1.0,5.0,,,1.0,,2.0,,,,,,1.0,3.0,3.0,2.0,2.0,3.0,1.0,2.0,4.0,3.0,3.0,4.0,,1.0,1.0,,0,,0,,0,,,,,,,,,,,,,,,,,,,,,,,,,,,,,,,,,,,,,,,,,,,,,,,,,,,,,,,,,,,,,,,,,,,,,,,,,,,,,1.0,1.0,2.0,3,2,1,3,2,2,,1,1,1,1,6,1,1.0,1,5,1,,1,2,1,6,3,2.0,2,2,4.852521621115174,
201501729167,2023-10-26T23:33:05Z,2023-10-26T23:38:21Z,2,1,1,1,2,2,1,4.0,2.0,2.0,1.0,2.0,,,,,,,,1.0,1.0,,,,,,,,1.0,2.0,2.0,4.0,4.0,4.0,4.0,4.0,,3.0,,4.0,5.0,4.0,5.0,4.0,,5.0,,3.0,3.0,2.0,2.0,2.0,1.0,,,1.0,3.0,2.0,1.0,2.0,,,,,,2.0,2.0,3.0,2.0,3.0,1.0,3.0,4.0,,,,,,,,,0,,0,,0,,,,,,,,,,,,,,,,,,,,,,,,,,,,,,,,,,,,,,,,,,,,,,,,,,,,,,,,,,,,,,,,,,,,,,,,,,,,,1.0,4.0,8.0,1,2,1,1,5,2,,1,1,1,1,1,9,,3,6,4,2.0,2,4,1,9,5,1.0,1,3,0.2853047129916281,
201501729858,2023-10-27T17:49:26Z,2023-10-27T17:53:11Z,1,1,1,6,2,2,2,4.0,2.0,2.0,1.0,2.0,,,,,,,,1.0,1.0,,,,,,,,1.0,2.0,2.0,4.0,4.0,5.0,3.0,5.0,5.0,,,4.0,4.0,4.0,3.0,5.0,3.0,,,4.0,3.0,3.0,2.0,5.0,1.0,1.0,1.0,3.0,2.0,1.0,,2.0,,,,,,2.0,3.0,3.0,3.0,3.0,2.0,2.0,4.0,,,,,,,,,0,,0,,0,,,,,,,,,,,,,,,,,,,,,,,,,,,,,,,,,,,,,,,,,,,,,,,,,,,,,,,,,,,,,,,,,,,,,,,,,,,,,1.0,1.0,2.0,1,2,2,1,6,2,,1,1,1,1,6,1,1.0,1,4,3,1.0,1,2,1,4,3,2.0,2,2,0.7350920770524269,
201501731054,2023-10-27T17:50:15Z,2023-10-27T20:46:02Z,2,1,1,1,1,2,1,4.0,2.0,2.0,1.0,2.0,,,,,,,,1.0,1.0,,,,,,,,1.0,2.0,1.0,2.0,2.0,3.0,3.0,4.0,,4.0,3.0,4.0,4.0,5.0,4.0,4.0,,5.0,4.0,4.0,2.0,3.0,3.0,5.0,4.0,,,,,2.0,1.0,1.0,2.0,2.0,2.0,1.0,2.0,1.0,3.0,3.0,4.0,3.0,3.0,3.0,2.0,2.0,2.0,3.0,4.0,3.0,1.0,1.0,,0,,0,,0,,,,,,,,,,,,,,,,,,,,,,,,,,,,,,,,,,,,,,,,,,,,,,,,,,,,,,,,,,,,,,,,,,,,,,,,,,,,,1.0,3.0,5.0,2,2,1,1,5,2,,1,4,4,1,1,6,,4,5,1,,1,1,1,9,1,1.0,2,2,0.9997273456439032,
201501734824,2023-10-28T14:31:09Z,2023-10-28T14:50:43Z,2,1,1,1,1,2,1,4.0,2.0,2.0,1.0,2.0,,,,,,,,1.0,1.0,,,,,,,,1.0,1.0,2.0,2.0,2.0,2.0,2.0,2.0,,2.0,2.0,4.0,5.0,4.0,4.0,4.0,,4.0,4.0,2.0,1.0,,,,1.0,,,,,1.0,,2.0,,,,,,1.0,1.0,1.0,2.0,2.0,2.0,3.0,2.0,3.0,3.0,3.0,3.0,3.0,2.0,2.0,,0,,0,,0,,,,,,,,,,,,,,,,,,,,,,,,,,,,,,,,,,,,,,,,,,,,,,,,,,,,,,,,,,,,,,,,,,,,,,,,,,,,,1.0,1.0,2.0,2,2,1,1,5,2,,3,3,5,4,1,6,,4,2,3,2.0,2,3,1,3,3,1.0,2,1,0.5098215161424883,
201501735187,2023-10-27T21:14:09Z,2023-10-27T21:18:57Z,2,1,1,2,2,2,2,3.0,2.0,2.0,1.0,2.0,,,,,,,,1.0,1.0,,,,,,,,1.0,2.0,1.0,4.0,4.0,3.0,3.0,4.0,,3.0,,4.0,4.0,3.0,5.0,5.0,,5.0,,3.0,3.0,3.0,2.0,5.0,1.0,1.0,5.0,3.0,4.0,2.0,1.0,1.0,2.0,2.0,2.0,2.0,2.0,2.0,3.0,3.0,2.0,3.0,3.0,2.0,4.0,,,,,,,,,0,,0,,0,,,,,,,,,,,,,,,,,,,,,,,,,,,,,,,,,,,,,,,,,,,,,,,,,,,,,,,,,,,,,,,,,,,,,,,,,,,,,1.0,1.0,1.0,2,2,2,1,6,2,,1,1,1,1,2,10,,3,6,2,,2,4,1,5,5,1.0,2,2,0.3538962867655155,
201501735861,2023-10-27T22:58:21Z,2023-10-27T23:10:18Z,2,1,1,2,1,2,1,4.0,4.0,4.0,2.0,1.0,1.0,1.0,,,,,,1.0,1.0,1.0,1.0,,,,,,1.0,1.0,3.0,3.0,3.0,3.0,3.0,5.0,,3.0,3.0,2.0,3.0,3.0,3.0,4.0,,4.0,4.0,4.0,3.0,3.0,3.0,4.0,1.0,,,,,2.0,1.0,1.0,2.0,2.0,1.0,2.0,1.0,2.0,4.0,5.0,5.0,3.0,2.0,2.0,4.0,,,,,,,,,0,,0,,0,,,,,,,,,,,,,,,,,,,,,,,,,,,,,,,,,,,,,,,,,,,,,,,,,,,,,,,,,,,,,,,,,,,,,,,,,,,,,1.0,3.0,5.0,1,1,3,2,3,2,,1,1,1,1,2,12,,3,5,4,2.0,2,4,3,1,5,2.0,1,1,2.570016420207565,
201501736093,2023-10-29T20:15:06Z,2023-10-29T20:18:02Z,2,1,1,2,2,2,2,4.0,2.0,2.0,1.0,2.0,,,,,,,,1.0,1.0,,,,,,,,1.0,2.0,2.0,4.0,3.0,4.0,5.0,4.0,,4.0,,4.0,2.0,2.0,4.0,4.0,,4.0,,3.0,3.0,2.0,2.0,5.0,1.0,1.0,3.0,1.0,2.0,2.0,2.0,2.0,,,,,,2.0,2.0,2.0,2.0,2.0,3.0,3.0,4.0,,,,,,,,,0,,0,,0,,,,,,,,,,,,,,,,,,,,,,,,,,,,,,,,,,,,,,,,,,,,,,,,,,,,,,,,,,,,,,,,,,,,,,,,,,,,,1.0,1.0,2.0,1,1,2,1,6,2,,1,1,1,1,2,10,,3,5,2,,2,3,1,9,3,1.0,2,2,0.8823119078393715,
201501736475,2023-10-27T17:19:14Z,2023-10-27T17:25:11Z,2,1,1,6,2,2,2,4.0,2.0,2.0,1.0,2.0,,,,,,,,1.0,1.0,,,,,,,,1.0,1.0,1.0,2.0,2.0,4.0,4.0,3.0,3.0,,,4.0,3.0,3.0,5.0,4.0,5.0,,,3.0,3.0,3.0,2.0,5.0,1.0,1.0,4.0,1.0,5.0,1.0,,2.0,,,,,,2.0,1.0,2.0,5.0,2.0,3.0,3.0,4.0,,,,,,,,,0,,0,,0,,,,,,,,,,,,,,,,,,,,,,,,,,,,,,,,,,,,,,,,,,,,,,,,,,,,,,,,,,,,,,,,,,,,,,,,,,,,,1.0,1.0,2.0,1,1,1,1,5,2,,1,1,1,1,6,5,,4,2,4,1.0,1,2,3,9,3,1.0,1,3,1.0050719350700288,
201501794979,2023-10-27T17:33:32Z,2023-10-27T17:37:04Z,1,1,1,1,2,2,1,4.0,2.0,2.0,1.0,2.0,,,,,,,,1.0,1.0,,,,,,,,1.0,2.0,2.0,3.0,4.0,4.0,3.0,4.0,,4.0,,5.0,5.0,4.0,3.0,99.0,,5.0,,4.0,3.0,3.0,2.0,5.0,1.0,,,1.0,1.0,2.0,1.0,1.0,2.0,2.0,2.0,2.0,1.0,2.0,3.0,2.0,1.0,2.0,3.0,3.0,4.0,,,,,,,,,0,,0,,0,,,,,,,,,,,,,,,,,,,,,,,,,,,,,,,,,,,,,,,,,,,,,,,,,,,,,,,,,,,,,,,,,,,,,,,,,,,,,1.0,4.0,9.0,1,2,1,1,6,2,,1,1,1,1,1,10,,3,6,2,,2,4,1,9,4,1.0,1,3,0.2853047129916281,
201701218985,2023-10-27T21:28:30Z,2023-10-27T21:52:47Z,2,2,1,6,2,2,2,4.0,2.0,2.0,1.0,2.0,,,,,,,,1.0,1.0,,,,,,,,1.0,2.0,2.0,3.0,3.0,5.0,5.0,4.0,4.0,,,2.0,2.0,4.0,2.0,4.0,3.0,,,4.0,1.0,,,,1.0,1.0,5.0,1.0,5.0,2.0,1.0,2.0,,,,,,1.0,2.0,3.0,4.0,2.0,3.0,3.0,3.0,2.0,2.0,3.0,4.0,,1.0,1.0,,0,,0,,0,,,,,,,,,,,,,,,,,,,,,,,,,,,,,,,,,,,,,,,,,,,,,,,,,,,,,,,,,,,,,,,,,,,,,,,,,,,,,1.0,4.0,9.0,3,1,1,2,3,1,1.0,1,5,3,1,6,12,,3,4,1,,1,2,2,9,3,1.0,2,2,2.910681528609685,
201701256892,2023-11-01T17:23:29Z,2023-11-01T17:29:22Z,2,1,1,6,2,2,2,4.0,2.0,2.0,2.0,1.0,,,,,,,,1.0,1.0,,,,,,,,1.0,1.0,2.0,4.0,1.0,1.0,2.0,4.0,3.0,,,3.0,3.0,4.0,4.0,5.0,5.0,,,1.0,1.0,,,,1.0,3.0,5.0,3.0,5.0,3.0,1.0,1.0,2.0,2.0,2.0,1.0,1.0,2.0,1.0,1.0,4.0,1.0,3.0,3.0,1.0,3.0,2.0,5.0,3.0,,2.0,2.0,,0,,0,,0,,,,,,,,,,,,,,,,,,,,,,,,,,,,,,,,,,,,,,,,,,,,,,,,,,,,,,,,,,,,,,,,,,,,,,,,,,,,,1.0,2.0,3.0,2,2,1,1,6,2,,1,1,1,1,6,12,,3,6,2,,2,4,1,9,5,1.0,2,2,0.3939732420670037,
201701602961,2023-10-30T00:14:12Z,2023-10-30T00:17:38Z,2,1,1,6,2,2,2,4.0,2.0,2.0,1.0,2.0,,,,,,,,1.0,1.0,,,,,,,,1.0,2.0,4.0,3.0,2.0,2.0,2.0,3.0,4.0,,,3.0,5.0,3.0,3.0,3.0,4.0,,,2.0,3.0,2.0,2.0,5.0,1.0,1.0,4.0,1.0,5.0,2.0,2.0,1.0,2.0,1.0,1.0,2.0,1.0,2.0,1.0,1.0,3.0,1.0,3.0,3.0,4.0,,,,,,,,,0,,0,,0,,,,,,,,,,,,,,,,,,,,,,,,,,,,,,,,,,,,,,,,,,,,,,,,,,,,,,,,,,,,,,,,,,,,,,,,,,,,,1.0,1.0,2.0,1,1,1,1,5,2,,1,1,1,1,6,12,,3,5,2,,2,4,3,9,4,1.0,1,2,0.5524444017845986,
201701603739,2023-10-27T17:01:57Z,2023-10-27T17:06:31Z,2,1,1,6,2,2,2,4.0,2.0,2.0,2.0,1.0,,,,,,,,1.0,1.0,,,,,,,,1.0,1.0,2.0,5.0,4.0,5.0,3.0,5.0,4.0,,,5.0,3.0,4.0,3.0,5.0,5.0,,,4.0,3.0,3.0,3.0,5.0,3.0,1.0,4.0,1.0,5.0,1.0,,2.0,,,,,,2.0,2.0,2.0,4.0,3.0,3.0,2.0,4.0,,,,,,,,,0,,0,,0,,,,,,,,,,,,,,,,,,,,,,,,,,,,,,,,,,,,,,,,,,,,,,,,,,,,,,,,,,,,,,,,,,,,,,,,,,,,,1.0,4.0,9.0,1,2,1,1,5,1,1.0,1,4,3,1,6,7,,4,1,2,,2,4,3,1,5,1.0,1,1,0.1332576089846679,
201701606150,2023-11-05T06:39:34Z,2023-11-05T06:44:40Z,2,1,1,6,2,2,2,3.0,2.0,2.0,1.0,2.0,,,,,,,,1.0,1.0,,,,,,,,1.0,2.0,2.0,2.0,5.0,5.0,3.0,4.0,5.0,,,2.0,5.0,3.0,5.0,5.0,6.0,,,4.0,3.0,5.0,4.0,5.0,2.0,3.0,5.0,2.0,5.0,2.0,2.0,1.0,1.0,2.0,1.0,2.0,2.0,2.0,3.0,2.0,2.0,4.0,3.0,3.0,4.0,,,,,,,,,0,,0,,0,,,,,,,,,,,,,,,,,,,,,,,,,,,,,,,,,,,,,,,,,,,,,,,,,,,,,,,,,,,,,,,,,,,,,,,,,,,,,1.0,3.0,5.0,1,1,2,1,5,2,,1,4,4,1,6,12,,3,6,3,2.0,2,4,1,5,4,1.0,2,2,0.6074973185084243,
201701607480,2023-10-29T11:50:44Z,2023-10-29T11:53:57Z,2,1,1,2,2,2,2,4.0,2.0,2.0,1.0,2.0,,,,,,,,1.0,1.0,,,,,,,,1.0,1.0,1.0,1.0,1.0,1.0,1.0,1.0,,1.0,,4.0,5.0,3.0,4.0,4.0,,5.0,,1.0,3.0,2.0,1.0,5.0,2.0,3.0,4.0,1.0,3.0,2.0,2.0,1.0,1.0,2.0,2.0,2.0,1.0,2.0,1.0,1.0,1.0,1.0,3.0,3.0,4.0,,,,,,,,,0,,0,,0,,,,,,,,,,,,,,,,,,,,,,,,,,,,,,,,,,,,,,,,,,,,,,,,,,,,,,,,,,,,,,,,,,,,,,,,,,,,,2.0,2.0,3.0,3,1,2,1,5,2,,1,1,1,1,2,10,,3,6,2,,2,4,1,1,5,2.0,2,1,1.4556630394131431,
201701610536,2023-11-03T17:53:41Z,2023-11-03T17:57:34Z,1,1,1,1,2,2,1,4.0,2.0,2.0,1.0,2.0,,,,,,,,1.0,1.0,,,,,,,,1.0,2.0,1.0,4.0,4.0,5.0,3.0,5.0,,5.0,,5.0,5.0,5.0,3.0,5.0,,5.0,,2.0,3.0,2.0,2.0,1.0,1.0,,,1.0,3.0,1.0,,2.0,,,,,,1.0,1.0,1.0,3.0,2.0,3.0,2.0,4.0,,,,,,,,,0,,0,,0,,,,,,,,,,,,,,,,,,,,,,,,,,,,,,,,,,,,,,,,,,,,,,,,,,,,,,,,,,,,,,,,,,,,,,,,,,,,,1.0,4.0,9.0,1,1,2,1,5,1,1.0,1,1,3,1,1,1,1.0,1,2,3,1.0,1,1,2,9,1,2.0,1,2,1.138829714411207,
201701610762,2023-10-27T19:23:32Z,2023-10-27T19:29:00Z,2,1,1,1,1,2,1,4.0,2.0,2.0,2.0,1.0,,,,,,,,1.0,1.0,,,,,,,,1.0,1.0,2.0,4.0,3.0,4.0,4.0,4.0,,3.0,3.0,5.0,4.0,5.0,5.0,5.0,,5.0,5.0,3.0,3.0,5.0,3.0,5.0,1.0,,,,,1.0,,2.0,,,,,,2.0,2.0,2.0,4.0,2.0,3.0,2.0,4.0,,,,,,,,,0,,0,,0,,,,,,,,,,,,,,,,,,,,,,,,,,,,,,,,,,,,,,,,,,,,,,,,,,,,,,,,,,,,,,,,,,,,,,,,,,,,,1.0,2.0,4.0,1,2,1,1,5,2,,1,1,1,1,1,9,,3,6,3,2.0,2,3,1,7,3,1.0,2,2,0.5324946860997153,
201701610930,2023-10-29T15:16:03Z,2023-10-29T15:22:33Z,2,1,1,1,1,1,1,4.0,1.0,1.0,2.0,,,,,,,,,1.0,,,,,,,,,99.0,2.0,1.0,1.0,1.0,1.0,1.0,1.0,,1.0,1.0,3.0,4.0,4.0,5.0,4.0,,5.0,4.0,1.0,2.0,1.0,1.0,1.0,2.0,,,,,2.0,1.0,1.0,2.0,2.0,1.0,1.0,2.0,1.0,1.0,1.0,3.0,2.0,3.0,3.0,3.0,1.0,1.0,2.0,2.0,2.0,1.0,1.0,,0,,0,,0,,,,,,,,,,,,,,,,,,,,,,,,,,,,,,,,,,,,,,,,,,,,,,,,,,,,,,,,,,,,,,,,,,,,,,,,,,,,,1.0,1.0,2.0,3,2,2,1,5,1,4.0,4,5,3,4,1,1,1.0,1,1,1,,1,1,1,9,2,1.0,1,2,0.5233511310411485,
201701611096,2023-10-29T17:21:27Z,2023-10-29T17:24:36Z,2,1,1,6,2,2,2,4.0,1.0,1.0,2.0,,,,,,,,,1.0,,,,,,,,,99.0,2.0,1.0,2.0,3.0,2.0,4.0,4.0,4.0,,,3.0,4.0,3.0,5.0,4.0,4.0,,,3.0,3.0,4.0,2.0,5.0,1.0,1.0,4.0,1.0,3.0,2.0,1.0,1.0,2.0,2.0,2.0,1.0,1.0,2.0,2.0,2.0,2.0,1.0,3.0,2.0,4.0,,,,,,,,,0,,0,,0,,,,,,,,,,,,,,,,,,,,,,,,,,,,,,,,,,,,,,,,,,,,,,,,,,,,,,,,,,,,,,,,,,,,,,,,,,,,,1.0,3.0,7.0,2,1,2,1,6,2,,4,3,5,4,6,10,,3,6,2,,2,4,3,2,5,1.0,1,2,0.5159865957425868,
201701611152,2023-10-29T12:15:26Z,2023-10-29T12:23:49Z,1,1,1,1,2,2,1,4.0,2.0,2.0,1.0,2.0,,,,,,,,1.0,1.0,,,,,,,,1.0,1.0,2.0,3.0,3.0,3.0,2.0,3.0,,3.0,,3.0,3.0,4.0,3.0,3.0,,4.0,,3.0,3.0,1.0,2.0,3.0,1.0,,,1.0,2.0,2.0,2.0,2.0,,,,,,1.0,3.0,3.0,3.0,3.0,1.0,3.0,4.0,,,,,,,,,0,,0,,0,,,,,,,,,,,,,,,,,,,,,,,,,,,,,,,,,,,,,,,,,,,,,,,,,,,,,,,,,,,,,,,,,,,,,,,,,,,,,1.0,3.0,5.0,2,2,2,1,6,1,4.0,2,1,3,4,1,2,2.0,2,2,3,1.0,1,2,3,3,3,1.0,2,1,0.8920351119592214,
201701612823,2023-10-29T22:27:52Z,2023-10-29T22:44:24Z,2,1,1,2,2,2,2,4.0,2.0,2.0,2.0,1.0,,,,,,,,1.0,1.0,,,,,,,,1.0,2.0,1.0,2.0,2.0,2.0,2.0,3.0,,3.0,,4.0,5.0,3.0,4.0,4.0,,4.0,,2.0,3.0,5.0,2.0,3.0,2.0,3.0,4.0,2.0,4.0,2.0,1.0,2.0,,,,,,2.0,1.0,2.0,2.0,2.0,3.0,3.0,4.0,,,,,,,,,0,,0,,0,,,,,,,,,,,,,,,,,,,,,,,,,,,,,,,,,,,,,,,,,,,,,,,,,,,,,,,,,,,,,,,,,,,,,,,,,,,,,1.0,1.0,2.0,1,1,2,1,5,2,,1,3,5,1,2,9,,3,6,3,2.0,2,4,2,2,5,2.0,1,1,0.3746494484843643,
201701618655,2023-10-28T13:51:00Z,2023-10-28T14:13:54Z,1,1,1,6,2,2,2,4.0,2.0,2.0,1.0,2.0,,,,,,,,1.0,1.0,,,,,,,,1.0,1.0,1.0,2.0,2.0,2.0,2.0,2.0,2.0,,,3.0,3.0,3.0,4.0,4.0,4.0,,,1.0,3.0,2.0,2.0,3.0,1.0,1.0,4.0,3.0,3.0,2.0,1.0,1.0,1.0,1.0,2.0,2.0,2.0,2.0,1.0,2.0,4.0,1.0,3.0,3.0,4.0,,,,,,,,,0,,0,,0,,,,,,,,,,,,,,,,,,,,,,,,,,,,,,,,,,,,,,,,,,,,,,,,,,,,,,,,,,,,,,,,,,,,,,,,,,,,,1.0,1.0,1.0,1,1,1,1,6,2,,1,1,1,1,6,9,,3,6,4,2.0,2,4,1,6,5,1.0,1,2,0.3885634126987383,
201701628100,2023-10-27T18:00:34Z,2023-10-27T18:10:15Z,2,1,1,2,2,2,2,4.0,2.0,2.0,2.0,1.0,,,,,,,,1.0,1.0,,,,,,,,1.0,1.0,1.0,3.0,3.0,3.0,3.0,3.0,,4.0,,4.0,3.0,3.0,4.0,4.0,,3.0,,4.0,3.0,3.0,3.0,3.0,1.0,1.0,4.0,1.0,4.0,1.0,,2.0,,,,,,2.0,3.0,1.0,4.0,4.0,2.0,2.0,4.0,,,,,,,,,0,,0,,0,,,,,,,,,,,,,,,,,,,,,,,,,,,,,,,,,,,,,,,,,,,,,,,,,,,,,,,,,,,,,,,,,,,,,,,,,,,,,1.0,1.0,2.0,2,2,1,2,3,2,,1,1,1,1,2,1,2.0,1,5,3,2.0,2,3,1,3,3,2.0,2,2,1.4516104362298126,
201701629027,2023-10-27T21:25:19Z,2023-10-29T18:03:52Z,1,1,1,1,2,2,1,4.0,2.0,2.0,1.0,2.0,,,,,,,,1.0,1.0,,,,,,,,1.0,2.0,1.0,5.0,5.0,5.0,5.0,5.0,,5.0,,3.0,4.0,5.0,5.0,5.0,,5.0,,4.0,3.0,3.0,2.0,4.0,1.0,,,1.0,1.0,1.0,,2.0,,,,,,2.0,4.0,3.0,5.0,4.0,3.0,2.0,4.0,,,,,,,,,0,,0,,0,,,,,,,,,,,,,,,,,,,,,,,,,,,,,,,,,,,,,,,,,,,,,,,,,,,,,,,,,,,,,,,,,,,,,,,,,,,,,1.0,2.0,4.0,3,1,1,1,5,2,,1,1,1,1,1,1,1.0,1,5,3,2.0,2,3,1,6,3,3.0,1,2,1.4596834654511788,
201701634759,2023-10-27T17:42:02Z,2023-10-27T17:45:15Z,2,1,1,2,2,2,2,4.0,2.0,2.0,1.0,2.0,,,,,,,,1.0,1.0,,,,,,,,1.0,1.0,3.0,2.0,2.0,4.0,3.0,3.0,,5.0,,2.0,5.0,5.0,2.0,3.0,,5.0,,4.0,3.0,3.0,2.0,5.0,1.0,3.0,2.0,3.0,4.0,2.0,2.0,2.0,,,,,,1.0,2.0,3.0,4.0,4.0,2.0,2.0,4.0,,,,,,,,,0,,0,,0,,,,,,,,,,,,,,,,,,,,,,,,,,,,,,,,,,,,,,,,,,,,,,,,,,,,,,,,,,,,,,,,,,,,,,,,,,,,,1.0,4.0,9.0,2,1,1,1,6,2,,2,3,5,4,2,12,,3,5,2,,2,4,3,3,4,1.0,2,2,0.9561683402663232,
201701637196,2023-11-02T01:47:19Z,2023-11-04T19:02:56Z,1,1,1,6,2,2,2,3.0,1.0,1.0,2.0,,,,,,,,,1.0,,,,,,,,,99.0,2.0,1.0,3.0,3.0,3.0,2.0,3.0,5.0,,,3.0,4.0,3.0,5.0,2.0,2.0,,,2.0,1.0,,,,1.0,1.0,5.0,3.0,5.0,3.0,1.0,1.0,2.0,2.0,1.0,2.0,2.0,1.0,2.0,2.0,2.0,2.0,3.0,3.0,1.0,1.0,4.0,1.0,1.0,,1.0,1.0,,0,,0,,0,,,,,,,,,,,,,,,,,,,,,,,,,,,,,,,,,,,,,,,,,,,,,,,,,,,,,,,,,,,,,,,,,,,,,,,,,,,,,1.0,4.0,9.0,1,1,1,2,3,2,,1,2,2,1,6,4,2.0,4,3,4,2.0,2,3,1,7,3,1.0,1,2,1.035087684240269,
201701640014,2023-10-27T18:04:43Z,2023-10-27T18:07:03Z,2,1,1,1,2,2,1,3.0,2.0,2.0,2.0,1.0,,,,,,,,1.0,1.0,,,,,,,,1.0,1.0,1.0,3.0,1.0,5.0,5.0,4.0,,5.0,,5.0,5.0,2.0,5.0,5.0,,5.0,,4.0,3.0,3.0,2.0,5.0,1.0,,,1.0,4.0,1.0,,2.0,,,,,,2.0,1.0,2.0,5.0,1.0,3.0,3.0,4.0,,,,,,,,,0,,0,,0,,,,,,,,,,,,,,,,,,,,,,,,,,,,,,,,,,,,,,,,,,,,,,,,,,,,,,,,,,,,,,,,,,,,,,,,,,,,,1.0,3.0,6.0,2,2,2,1,6,2,,1,1,1,1,1,9,,3,6,2,,2,4,1,9,5,1.0,2,3,0.4010469026372703,
201701641473,2023-10-29T11:01:41Z,2023-10-29T11:06:11Z,2,1,1,6,2,2,2,3.0,1.0,1.0,2.0,,,,,,,,,1.0,,,,,,,,,99.0,2.0,1.0,2.0,2.0,2.0,2.0,2.0,3.0,,,2.0,3.0,3.0,3.0,2.0,3.0,,,2.0,3.0,1.0,2.0,5.0,1.0,1.0,2.0,3.0,5.0,2.0,2.0,2.0,,,,,,2.0,1.0,2.0,3.0,3.0,3.0,3.0,4.0,,,,,,,,,0,,0,,0,,,,,,,,,,,,,,,,,,,,,,,,,,,,,,,,,,,,,,,,,,,,,,,,,,,,,,,,,,,,,,,,,,,,,,,,,,,,,1.0,2.0,4.0,1,2,1,1,6,2,,2,3,5,4,6,8,,4,5,4,2.0,2,4,3,8,4,1.0,1,3,0.2455862833523246,
201701643011,2023-10-27T19:33:12Z,2023-10-27T19:39:01Z,2,1,1,2,2,2,2,3.0,2.0,2.0,1.0,2.0,,,,,,,,1.0,1.0,,,,,,,,1.0,1.0,2.0,3.0,3.0,3.0,3.0,4.0,,5.0,,4.0,4.0,3.0,5.0,3.0,,5.0,,3.0,3.0,3.0,3.0,3.0,1.0,1.0,99.0,1.0,3.0,1.0,,2.0,,,,,,2.0,2.0,2.0,3.0,2.0,3.0,3.0,4.0,,,,,,,,,0,,0,,0,,,,,,,,,,,,,,,,,,,,,,,,,,,,,,,,,,,,,,,,,,,,,,,,,,,,,,,,,,,,,,,,,,,,,,,,,,,,,1.0,1.0,2.0,1,2,1,1,6,2,,1,1,1,1,2,10,,3,5,2,,2,3,1,9,3,1.0,1,2,0.3045805209534003,
201701643053,2023-10-29T19:56:41Z,2023-10-29T20:04:52Z,1,1,1,6,2,2,2,4.0,2.0,2.0,2.0,1.0,,,,,,,,1.0,1.0,,,,,,,,1.0,2.0,5.0,1.0,4.0,5.0,3.0,4.0,5.0,,,1.0,5.0,5.0,1.0,2.0,5.0,,,5.0,2.0,2.0,1.0,1.0,3.0,1.0,5.0,1.0,5.0,5.0,1.0,1.0,2.0,2.0,1.0,1.0,1.0,2.0,3.0,4.0,3.0,3.0,2.0,3.0,1.0,5.0,4.0,4.0,3.0,,1.0,1.0,,0,,0,,0,,,,,,,,,,,,,,,,,,,,,,,,,,,,,,,,,,,,,,,,,,,,,,,,,,,,,,,,,,,,,,,,,,,,,,,,,,,,,1.0,1.0,1.0,1,1,2,3,2,2,,1,2,2,1,6,12,,3,6,3,2.0,2,4,3,7,5,1.0,2,2,2.0233508790285746,
201701653417,2023-10-27T21:27:07Z,2023-10-27T21:31:14Z,1,1,1,1,2,2,1,4.0,2.0,2.0,2.0,1.0,,,,,,,,1.0,1.0,,,,,,,,1.0,2.0,2.0,5.0,5.0,5.0,5.0,5.0,,4.0,,5.0,5.0,5.0,5.0,5.0,,5.0,,5.0,3.0,4.0,5.0,5.0,1.0,,,1.0,4.0,1.0,,2.0,,,,,,1.0,2.0,2.0,3.0,3.0,2.0,2.0,4.0,,,,,,,,,0,,0,,0,,,,,,,,,,,,,,,,,,,,,,,,,,,,,,,,,,,,,,,,,,,,,,,,,,,,,,,,,,,,,,,,,,,,,,,,,,,,,1.0,3.0,5.0,2,2,1,1,6,2,,2,3,5,4,1,12,,3,6,3,2.0,2,3,3,9,3,1.0,1,2,0.2545017339559448,
201701667125,2023-10-27T18:39:49Z,2023-10-27T18:48:03Z,2,1,1,6,1,2,2,4.0,1.0,1.0,2.0,,,,,,,,,1.0,,,,,,,,,99.0,2.0,4.0,5.0,5.0,5.0,5.0,5.0,5.0,,5.0,5.0,5.0,5.0,5.0,5.0,5.0,,4.0,5.0,3.0,1.0,1.0,1.0,2.0,1.0,5.0,,,2.0,1.0,2.0,,,,,,1.0,4.0,3.0,3.0,3.0,1.0,1.0,4.0,,,,,,,,,0,,0,,0,,,,,,,,,,,,,,,,,,,,,,,,,,,,,,,,,,,,,,,,,,,,,,,,,,,,,,,,,,,,,,,,,,,,,,,,,,,,,1.0,4.0,8.0,1,2,1,2,3,1,1.0,3,1,3,3,6,2,2.0,2,5,3,2.0,2,3,2,4,3,3.0,2,1,2.956906914429727,
201701669600,2023-10-27T18:38:05Z,2023-10-27T18:43:14Z,2,1,1,6,2,2,2,4.0,2.0,2.0,1.0,2.0,,,,,,,,1.0,1.0,,,,,,,,1.0,1.0,2.0,2.0,2.0,3.0,3.0,4.0,4.0,,,3.0,3.0,3.0,6.0,4.0,5.0,,,5.0,1.0,,,,3.0,1.0,4.0,1.0,4.0,5.0,3.0,1.0,2.0,2.0,1.0,1.0,1.0,2.0,3.0,4.0,4.0,3.0,3.0,3.0,1.0,3.0,2.0,3.0,3.0,,2.0,2.0,,0,,0,,0,,,,,,,,,,,,,,,,,,,,,,,,,,,,,,,,,,,,,,,,,,,,,,,,,,,,,,,,,,,,,,,,,,,,,,,,,,,,,1.0,4.0,9.0,2,1,1,3,1,1,1.0,1,99,3,1,6,10,,3,5,3,1.0,1,2,2,5,3,1.0,2,2,6.314159461681934,
201701677591,2023-10-29T11:18:27Z,2023-10-29T11:22:33Z,2,1,1,6,2,2,2,4.0,2.0,2.0,2.0,1.0,,,,,,,,1.0,1.0,,,,,,,,1.0,2.0,1.0,2.0,3.0,4.0,3.0,3.0,5.0,,,4.0,3.0,2.0,4.0,4.0,3.0,,,2.0,3.0,2.0,1.0,2.0,1.0,1.0,5.0,2.0,5.0,2.0,1.0,1.0,2.0,2.0,2.0,2.0,1.0,2.0,1.0,1.0,2.0,2.0,3.0,3.0,4.0,,,,,,,,,0,,0,,0,,,,,,,,,,,,,,,,,,,,,,,,,,,,,,,,,,,,,,,,,,,,,,,,,,,,,,,,,,,,,,,,,,,,,,,,,,,,,1.0,3.0,6.0,2,2,2,1,6,2,,1,1,1,1,6,12,,3,6,2,,2,4,1,8,5,1.0,1,3,0.2106181930528347,
201701678401,2023-11-01T11:49:43Z,2023-11-01T11:53:18Z,2,1,1,2,2,2,2,4.0,1.0,1.0,1.0,,,,,,,,,1.0,,,,,,,,,99.0,1.0,1.0,1.0,2.0,5.0,4.0,5.0,,3.0,,5.0,4.0,1.0,4.0,5.0,,5.0,,4.0,3.0,3.0,1.0,3.0,1.0,1.0,4.0,1.0,4.0,2.0,1.0,1.0,2.0,1.0,2.0,2.0,1.0,2.0,2.0,2.0,5.0,4.0,2.0,2.0,4.0,,,,,,,,,0,,0,,0,,,,,,,,,,,,,,,,,,,,,,,,,,,,,,,,,,,,,,,,,,,,,,,,,,,,,,,,,,,,,,,,,,,,,,,,,,,,,1.0,1.0,2.0,1,1,2,1,6,2,,1,1,1,1,2,5,,4,4,2,,2,4,2,8,4,2.0,2,2,3.850459669405764,
201701684911,2023-10-25T16:55:44Z,2023-10-25T16:59:46Z,2,1,1,6,2,2,2,4.0,2.0,2.0,1.0,2.0,,,,,,,,1.0,1.0,,,,,,,,1.0,1.0,2.0,3.0,2.0,3.0,2.0,3.0,1.0,,,3.0,4.0,4.0,5.0,4.0,4.0,,,2.0,3.0,2.0,1.0,2.0,1.0,1.0,3.0,1.0,4.0,3.0,1.0,1.0,1.0,2.0,2.0,2.0,1.0,1.0,3.0,3.0,4.0,3.0,3.0,3.0,4.0,,,,,,,,,0,,0,,0,,,,,,,,,,,,,,,,,,,,,,,,,,,,,,,,,,,,,,,,,,,,,,,,,,,,,,,,,,,,,,,,,,,,,,,,,,,,,1.0,3.0,7.0,3,1,1,1,5,1,1.0,1,1,3,1,6,1,1.0,1,5,2,,2,4,1,7,5,1.0,1,2,0.2717874867719778,
201701686171,2023-10-30T07:04:43Z,2023-10-30T07:09:12Z,1,1,1,2,2,2,2,4.0,2.0,2.0,2.0,1.0,,,,,,,,1.0,1.0,,,,,,,,1.0,2.0,1.0,4.0,3.0,3.0,4.0,4.0,,4.0,,4.0,3.0,4.0,5.0,4.0,,5.0,,3.0,3.0,3.0,3.0,4.0,1.0,3.0,5.0,2.0,5.0,1.0,,2.0,,,,,,1.0,1.0,1.0,3.0,2.0,3.0,3.0,4.0,,,,,,,,,0,,0,,0,,,,,,,,,,,,,,,,,,,,,,,,,,,,,,,,,,,,,,,,,,,,,,,,,,,,,,,,,,,,,,,,,,,,,,,,,,,,,1.0,2.0,3.0,2,2,2,1,6,2,,1,1,1,1,2,9,,3,6,2,,2,4,1,9,4,1.0,1,3,0.1906472600955951,
201701687851,2023-10-27T18:39:35Z,2023-10-27T18:42:27Z,2,1,1,3,2,2,1,4.0,1.0,1.0,2.0,,,,,,,,,1.0,,,,,,,,,99.0,2.0,2.0,5.0,4.0,4.0,4.0,4.0,5.0,,,4.0,2.0,3.0,4.0,4.0,4.0,,,5.0,3.0,5.0,5.0,5.0,1.0,,,2.0,5.0,1.0,,2.0,,,,,,2.0,5.0,4.0,4.0,5.0,3.0,1.0,4.0,,,,,,,,,0,,0,,0,,,,,,,,,,,,,,,,,,,,,,,,,,,,,,,,,,,,,,,,,,,,,,,,,,,,,,,,,,,,,,,,,,,,,,,,,,,,,1.0,1.0,2.0,2,2,1,1,5,2,,1,1,1,1,3,12,,3,6,1,,1,1,1,9,2,1.0,2,3,0.660064862424488,
201701690935,2023-10-29T11:25:49Z,2023-10-29T11:28:49Z,2,1,1,6,2,2,2,4.0,2.0,2.0,2.0,1.0,,,,,,,,1.0,1.0,,,,,,,,1.0,1.0,2.0,3.0,2.0,3.0,3.0,3.0,4.0,,,5.0,5.0,5.0,4.0,5.0,5.0,,,2.0,3.0,3.0,1.0,3.0,1.0,1.0,1.0,1.0,99.0,1.0,,2.0,,,,,,2.0,4.0,1.0,3.0,2.0,2.0,3.0,4.0,,,,,,,,,0,,0,,0,,,,,,,,,,,,,,,,,,,,,,,,,,,,,,,,,,,,,,,,,,,,,,,,,,,,,,,,,,,,,,,,,,,,,,,,,,,,,1.0,1.0,2.0,2,2,2,1,6,2,,1,1,1,1,6,5,,4,4,2,,2,4,1,6,5,1.0,1,2,0.1849957625327775,
201701691779,2023-10-28T00:21:58Z,2023-10-28T00:27:30Z,2,1,1,6,2,2,2,4.0,1.0,1.0,2.0,,,,,,,,,1.0,,,,,,,,,99.0,2.0,1.0,1.0,1.0,1.0,1.0,1.0,1.0,,,5.0,5.0,5.0,6.0,3.0,6.0,,,1.0,1.0,,,,4.0,1.0,1.0,1.0,1.0,3.0,4.0,1.0,2.0,2.0,1.0,1.0,1.0,1.0,1.0,1.0,1.0,1.0,2.0,3.0,2.0,1.0,2.0,1.0,1.0,,1.0,1.0,,0,,0,,0,,,,,,,,,,,,,,,,,,,,,,,,,,,,,,,,,,,,,,,,,,,,,,,,,,,,,,,,,,,,,,,,,,,,,,,,,,,,,2.0,3.0,5.0,3,1,1,3,1,2,,1,1,1,1,6,1,2.0,1,4,2,,2,3,1,1,3,1.0,2,1,3.5292702840888617,
201701694992,2023-10-27T22:27:02Z,2023-10-27T22:33:32Z,2,1,1,1,1,2,1,4.0,2.0,2.0,1.0,2.0,,,,,,,,1.0,1.0,,,,,,,,1.0,2.0,1.0,3.0,3.0,4.0,4.0,5.0,,3.0,4.0,3.0,3.0,2.0,5.0,5.0,,3.0,4.0,3.0,3.0,3.0,3.0,3.0,1.0,,,,,1.0,,2.0,,,,,,2.0,3.0,2.0,4.0,2.0,3.0,3.0,4.0,,,,,,,,,0,,0,,0,,,,,,,,,,,,,,,,,,,,,,,,,,,,,,,,,,,,,,,,,,,,,,,,,,,,,,,,,,,,,,,,,,,,,,,,,,,,,1.0,2.0,4.0,1,2,1,1,5,2,,1,1,1,1,1,10,,3,6,3,2.0,2,4,1,9,5,1.0,2,2,0.5442125121810325,
201701695713,2023-10-29T21:57:36Z,2023-10-29T22:09:21Z,2,2,1,2,1,2,2,4.0,2.0,2.0,2.0,1.0,,,,,,,,1.0,1.0,,,,,,,,1.0,1.0,2.0,4.0,4.0,4.0,3.0,4.0,,5.0,3.0,5.0,5.0,5.0,6.0,5.0,,4.0,5.0,5.0,3.0,3.0,3.0,6.0,1.0,3.0,5.0,,,1.0,,2.0,,,,,,2.0,1.0,1.0,5.0,2.0,3.0,3.0,4.0,,,,,,,,,0,,0,,0,,,,,,,,,,,,,,,,,,,,,,,,,,,,,,,,,,,,,,,,,,,,,,,,,,,,,,,,,,,,,,,,,,,,,,,,,,,,,1.0,1.0,1.0,3,2,2,2,3,1,2.0,2,1,3,2,2,12,,3,5,1,,1,2,1,1,3,1.0,2,1,0.5926969027667496,
201701701371,2023-10-29T20:34:55Z,2023-10-29T20:37:44Z,2,1,1,6,1,2,2,4.0,2.0,2.0,1.0,2.0,,,,,,,,2.0,1.0,,,,,,,,1.0,2.0,3.0,5.0,5.0,5.0,5.0,5.0,5.0,,5.0,5.0,5.0,5.0,5.0,5.0,5.0,,5.0,5.0,3.0,5.0,5.0,5.0,1.0,3.0,5.0,,,1.0,,2.0,,,,,,2.0,4.0,2.0,4.0,3.0,2.0,2.0,4.0,,,,,,,,,0,,0,,0,,,,,,,,,,,,,,,,,,,,,,,,,,,,,,,,,,,,,,,,,,,,,,,,,,,,,,,,,,,,,,,,,,,,,,,,,,,,,1.0,2.0,3.0,2,1,1,3,2,2,,1,1,1,1,6,10,,3,6,1,,1,1,2,3,2,2.0,2,2,6.314159461681934,
201701707483,2023-10-27T17:55:03Z,2023-10-27T17:58:04Z,1,1,1,1,1,2,1,4.0,2.0,2.0,2.0,1.0,,,,,,,,1.0,1.0,,,,,,,,1.0,1.0,1.0,3.0,4.0,4.0,4.0,5.0,,5.0,3.0,4.0,5.0,4.0,5.0,5.0,,3.0,3.0,4.0,3.0,3.0,2.0,5.0,1.0,,,,,1.0,,2.0,,,,,,2.0,3.0,2.0,5.0,3.0,2.0,2.0,4.0,,,,,,,,,0,,0,,0,,,,,,,,,,,,,,,,,,,,,,,,,,,,,,,,,,,,,,,,,,,,,,,,,,,,,,,,,,,,,,,,,,,,,,,,,,,,,1.0,4.0,9.0,1,2,1,1,6,2,,1,1,1,1,1,10,,3,6,2,,2,4,1,9,5,1.0,1,3,0.3424226113023347,
201701715648,2023-10-28T18:28:11Z,2023-10-28T18:33:02Z,2,1,1,1,1,2,1,4.0,2.0,2.0,1.0,2.0,,,,,,,,1.0,1.0,,,,,,,,1.0,2.0,2.0,3.0,3.0,4.0,4.0,4.0,,4.0,2.0,3.0,3.0,2.0,4.0,3.0,,4.0,4.0,2.0,3.0,2.0,2.0,4.0,1.0,,,,,1.0,,2.0,,,,,,2.0,2.0,3.0,3.0,3.0,3.0,3.0,4.0,,,,,,,,,0,,0,,0,,,,,,,,,,,,,,,,,,,,,,,,,,,,,,,,,,,,,,,,,,,,,,,,,,,,,,,,,,,,,,,,,,,,,,,,,,,,,1.0,3.0,7.0,2,2,1,1,5,2,,1,1,1,1,1,1,1.0,1,2,3,2.0,2,3,1,9,3,1.0,2,2,0.7130543492525682,
201701716173,2023-10-29T15:51:40Z,2023-10-29T15:59:38Z,1,1,1,2,2,2,2,4.0,2.0,2.0,2.0,1.0,,,,,,,,1.0,1.0,,,,,,,,1.0,2.0,1.0,5.0,5.0,5.0,4.0,3.0,,4.0,,5.0,5.0,5.0,5.0,5.0,,5.0,,4.0,3.0,3.0,2.0,2.0,1.0,1.0,3.0,1.0,3.0,1.0,,2.0,,,,,,2.0,3.0,2.0,4.0,3.0,3.0,3.0,4.0,,,,,,,,,0,,0,,0,,,,,,,,,,,,,,,,,,,,,,,,,,,,,,,,,,,,,,,,,,,,,,,,,,,,,,,,,,,,,,,,,,,,,,,,,,,,,,4.0,9.0,1,1,2,1,5,1,1.0,1,4,3,1,2,12,,3,6,2,,2,4,1,9,4,1.0,1,99,0.1804692363824049,
201701722580,2023-10-27T17:21:15Z,2023-10-27T17:23:57Z,2,1,1,1,1,2,1,3.0,2.0,2.0,1.0,2.0,,,,,,,,1.0,1.0,,,,,,,,1.0,2.0,1.0,3.0,3.0,4.0,5.0,3.0,,3.0,3.0,3.0,3.0,3.0,3.0,3.0,,3.0,3.0,3.0,3.0,2.0,2.0,5.0,3.0,,,,,3.0,3.0,1.0,1.0,1.0,1.0,1.0,1.0,2.0,2.0,3.0,3.0,3.0,3.0,3.0,4.0,,,,,,,,,0,,0,,0,,,,,,,,,,,,,,,,,,,,,,,,,,,,,,,,,,,,,,,,,,,,,,,,,,,,,,,,,,,,,,,,,,,,,,,,,,,,,1.0,3.0,5.0,2,2,1,1,6,2,,1,3,5,1,1,6,,4,5,1,,1,1,1,1,2,1.0,2,1,0.157643209528383,
201701723603,2023-10-27T17:43:02Z,2023-10-27T17:48:30Z,2,1,1,2,2,2,2,4.0,2.0,2.0,1.0,2.0,,,,,,,,1.0,1.0,,,,,,,,1.0,2.0,2.0,4.0,3.0,2.0,4.0,2.0,,3.0,,3.0,5.0,3.0,3.0,3.0,,5.0,,3.0,3.0,1.0,3.0,3.0,1.0,1.0,5.0,1.0,4.0,1.0,,2.0,,,,,,2.0,3.0,2.0,5.0,2.0,2.0,2.0,4.0,,,,,,,,,0,,0,,0,,,,,,,,,,,,,,,,,,,,,,,,,,,,,,,,,,,,,,,,,,,,,,,,,,,,,,,,,,,,,,,,,,,,,,,,,,,,,1.0,4.0,9.0,2,1,2,3,2,2,,1,1,1,1,2,12,,3,6,3,2.0,2,3,1,3,3,2.0,2,2,1.3898938439322488,
201701727498,2023-10-29T13:47:59Z,2023-10-29T13:51:05Z,2,1,1,1,1,2,1,4.0,2.0,2.0,2.0,1.0,,,,,,,,1.0,1.0,,,,,,,,1.0,2.0,1.0,5.0,4.0,5.0,5.0,5.0,,5.0,3.0,4.0,4.0,3.0,3.0,5.0,,4.0,2.0,4.0,3.0,3.0,3.0,3.0,1.0,,,,,1.0,,2.0,,,,,,2.0,4.0,3.0,3.0,3.0,3.0,3.0,4.0,,,,,,,,,0,,0,,0,,,,,,,,,,,,,,,,,,,,,,,,,,,,,,,,,,,,,,,,,,,,,,,,,,,,,,,,,,,,,,,,,,,,,,,,,,,,,1.0,1.0,2.0,3,2,1,1,6,1,8.0,4,1,3,4,1,9,,3,6,4,2.0,2,4,1,9,5,1.0,2,2,0.4694453360566885,
201701729596,2023-10-29T11:17:29Z,2023-10-29T11:20:45Z,2,1,1,1,1,2,1,4.0,2.0,2.0,2.0,1.0,,,,,,,,1.0,1.0,,,,,,,,1.0,1.0,2.0,5.0,3.0,2.0,5.0,3.0,,3.0,2.0,3.0,3.0,2.0,6.0,5.0,,5.0,4.0,3.0,3.0,3.0,2.0,5.0,1.0,,,,,1.0,,2.0,,,,,,1.0,4.0,3.0,4.0,3.0,2.0,2.0,4.0,,,,,,,,,0,,0,,0,,,,,,,,,,,,,,,,,,,,,,,,,,,,,,,,,,,,,,,,,,,,,,,,,,,,,,,,,,,,,,,,,,,,,,,,,,,,,1.0,2.0,4.0,2,2,1,1,6,2,,1,1,1,1,1,12,,3,4,2,,2,4,2,9,5,1.0,2,3,1.0384084419003026,
201701734148,2023-10-27T17:00:29Z,2023-10-27T17:04:16Z,2,1,1,1,2,2,1,3.0,2.0,2.0,1.0,2.0,,,,,,,,1.0,1.0,,,,,,,,1.0,1.0,2.0,1.0,1.0,3.0,4.0,3.0,,2.0,,5.0,3.0,3.0,5.0,5.0,,5.0,,1.0,3.0,3.0,2.0,5.0,1.0,,,3.0,5.0,2.0,1.0,1.0,1.0,1.0,2.0,2.0,1.0,2.0,1.0,2.0,4.0,3.0,2.0,2.0,4.0,,,,,,,,,0,,0,,0,,,,,,,,,,,,,,,,,,,,,,,,,,,,,,,,,,,,,,,,,,,,,,,,,,,,,,,,,,,,,,,,,,,,,,,,,,,,,1.0,2.0,3.0,2,1,1,1,6,2,,1,1,1,1,1,6,,4,4,2,,2,4,3,2,5,1.0,2,1,1.1418200906033789,
201801000099,2023-10-27T23:35:53Z,2023-10-27T23:44:37Z,2,1,1,6,2,2,2,4.0,2.0,2.0,1.0,2.0,,,,,,,,1.0,1.0,,,,,,,,1.0,1.0,2.0,4.0,3.0,4.0,2.0,4.0,3.0,,,4.0,5.0,5.0,4.0,3.0,3.0,,,3.0,3.0,1.0,2.0,2.0,1.0,1.0,3.0,1.0,3.0,1.0,,2.0,,,,,,2.0,2.0,2.0,3.0,2.0,3.0,3.0,4.0,,,,,,,,,0,,0,,0,,,,,,,,,,,,,,,,,,,,,,,,,,,,,,,,,,,,,,,,,,,,,,,,,,,,,,,,,,,,,,,,,,,,,,,,,,,,,1.0,1.0,1.0,1,1,2,1,5,1,4.0,1,4,3,1,6,12,,3,5,3,2.0,2,4,1,7,4,2.0,2,2,0.1449103812874704,
201801000162,2023-10-28T08:58:37Z,2023-10-28T09:02:18Z,2,1,1,1,1,2,1,4.0,1.0,1.0,2.0,,,,,,,,,1.0,,,,,,,,,99.0,2.0,3.0,5.0,5.0,4.0,5.0,5.0,,4.0,3.0,5.0,5.0,5.0,6.0,5.0,,4.0,4.0,4.0,3.0,2.0,1.0,2.0,3.0,,,,,1.0,,2.0,,,,,,2.0,2.0,2.0,2.0,2.0,3.0,3.0,4.0,,,,,,,,,0,,0,,0,,,,,,,,,,,,,,,,,,,,,,,,,,,,,,,,,,,,,,,,,,,,,,,,,,,,,,,,,,,,,,,,,,,,,,,,,,,,,1.0,1.0,1.0,2,1,2,3,2,1,7.0,1,1,3,1,1,2,2.0,2,5,3,2.0,2,3,1,1,3,2.0,2,1,1.404130105109431,
201801000341,2023-11-02T13:15:58Z,2023-11-02T13:20:42Z,1,1,1,4,2,2,1,4.0,2.0,2.0,2.0,1.0,,,,,,,,1.0,1.0,,,,,,,,1.0,1.0,2.0,2.0,2.0,3.0,1.0,2.0,2.0,,,5.0,5.0,4.0,5.0,3.0,4.0,,,2.0,1.0,,,,1.0,,,1.0,3.0,4.0,1.0,1.0,1.0,2.0,2.0,2.0,2.0,1.0,2.0,3.0,4.0,2.0,3.0,3.0,1.0,1.0,1.0,2.0,2.0,,99.0,1.0,,0,,0,,0,,,,,,,,,,,,,,,,,,,,,,,,,,,,,,,,,,,,,,,,,,,,,,,,,,,,,,,,,,,,,,,,,,,,,,,,,,,,,1.0,1.0,2.0,1,1,2,1,6,1,8.0,4,1,3,4,4,12,,3,5,2,,2,3,3,3,3,1.0,1,1,0.616019225846344,
201801001116,2023-10-30T10:51:44Z,2023-10-30T11:00:55Z,2,1,1,2,2,2,2,4.0,2.0,2.0,1.0,2.0,,,,,,,,1.0,1.0,,,,,,,,1.0,1.0,1.0,5.0,5.0,5.0,5.0,5.0,,5.0,,5.0,5.0,4.0,5.0,5.0,,5.0,,5.0,3.0,4.0,3.0,5.0,1.0,1.0,5.0,2.0,5.0,1.0,,2.0,,,,,,2.0,1.0,2.0,5.0,2.0,3.0,3.0,4.0,,,,,,,,,0,,0,,0,,,,,,,,,,,,,,,,,,,,,,,,,,,,,,,,,,,,,,,,,,,,,,,,,,,,,,,,,,,,,,,,,,,,,,,,,,,,,1.0,1.0,2.0,2,2,2,1,6,1,6.0,1,4,3,1,2,1,2.0,1,6,1,,1,1,1,2,2,1.0,2,1,0.1573206897353543,
201801001147,2023-10-30T15:44:03Z,2023-10-30T15:47:40Z,2,1,1,1,1,2,1,4.0,2.0,2.0,2.0,1.0,,,,,,,,1.0,1.0,,,,,,,,1.0,2.0,1.0,2.0,2.0,3.0,2.0,2.0,,3.0,3.0,4.0,4.0,4.0,4.0,3.0,,3.0,3.0,2.0,3.0,2.0,2.0,2.0,1.0,,,,,1.0,,1.0,2.0,2.0,2.0,2.0,2.0,2.0,1.0,2.0,2.0,3.0,3.0,2.0,4.0,,,,,,,,,0,,0,,0,,,,,,,,,,,,,,,,,,,,,,,,,,,,,,,,,,,,,,,,,,,,,,,,,,,,,,,,,,,,,,,,,,,,,,,,,,,,,1.0,3.0,5.0,2,1,2,1,5,1,1.0,3,1,3,4,1,2,2.0,2,3,3,2.0,2,3,3,9,3,1.0,2,2,1.3727722856022186,
201801001456,2023-10-29T22:10:34Z,2023-10-29T22:36:03Z,2,1,1,6,2,2,2,4.0,1.0,1.0,2.0,,,,,,,,,1.0,,,,,,,,,99.0,2.0,4.0,4.0,3.0,2.0,3.0,3.0,2.0,,,3.0,5.0,5.0,3.0,4.0,4.0,,,2.0,1.0,,,,3.0,1.0,5.0,3.0,5.0,5.0,4.0,1.0,2.0,1.0,1.0,1.0,1.0,1.0,2.0,3.0,3.0,2.0,3.0,3.0,3.0,3.0,4.0,4.0,3.0,,2.0,2.0,,0,,0,,0,,,,,,,,,,,,,,,,,,,,,,,,,,,,,,,,,,,,,,,,,,,,,,,,,,,,,,,,,,,,,,,,,,,,,,,,,,,,,2.0,3.0,7.0,3,2,2,3,2,1,3.0,1,5,3,1,6,1,2.0,1,5,2,,2,3,2,1,3,1.0,2,1,1.2462335315383135,
201801001642,2023-11-03T10:40:03Z,2023-11-03T10:44:49Z,2,1,1,6,2,2,2,4.0,2.0,2.0,1.0,2.0,,,,,,,,1.0,1.0,,,,,,,,1.0,1.0,1.0,4.0,3.0,5.0,1.0,5.0,5.0,,,4.0,4.0,4.0,5.0,5.0,6.0,,,5.0,1.0,,,,2.0,1.0,5.0,1.0,5.0,2.0,2.0,2.0,,,,,,2.0,3.0,1.0,3.0,3.0,3.0,3.0,1.0,3.0,3.0,3.0,3.0,,2.0,1.0,,0,,0,,0,,,,,,,,,,,,,,,,,,,,,,,,,,,,,,,,,,,,,,,,,,,,,,,,,,,,,,,,,,,,,,,,,,,,,,,,,,,,,1.0,3.0,5.0,3,1,2,2,4,1,8.0,3,1,3,4,6,2,2.0,2,4,2,,2,4,1,1,5,1.0,2,1,0.0694516170653306,
201801002185,2023-10-27T22:02:31Z,2023-10-27T22:08:25Z,2,1,1,6,2,2,2,4.0,2.0,2.0,2.0,1.0,,,,,,,,1.0,1.0,,,,,,,,1.0,2.0,2.0,2.0,3.0,4.0,3.0,4.0,4.0,,,2.0,4.0,3.0,3.0,4.0,4.0,,,5.0,2.0,5.0,1.0,2.0,2.0,1.0,4.0,3.0,4.0,3.0,2.0,2.0,,,,,,2.0,3.0,2.0,5.0,2.0,1.0,3.0,1.0,4.0,4.0,2.0,3.0,,1.0,1.0,,0,,0,,0,,,,,,,,,,,,,,,,,,,,,,,,,,,,,,,,,,,,,,,,,,,,,,,,,,,,,,,,,,,,,,,,,,,,,,,,,,,,,1.0,2.0,3.0,2,1,1,3,2,1,1.0,1,4,3,1,6,2,2.0,2,2,1,,1,1,1,5,2,1.0,2,2,3.285814423015389,
201801002212,2023-10-27T17:22:03Z,2023-10-27T17:23:11Z,2,1,1,4,2,2,1,3.0,2.0,2.0,3.0,2.0,,,,,,,,2.0,1.0,,,,,,,,1.0,2.0,3.0,3.0,2.0,3.0,4.0,3.0,3.0,,,4.0,3.0,2.0,6.0,1.0,4.0,,,1.0,2.0,2.0,1.0,3.0,3.0,,,1.0,2.0,4.0,3.0,2.0,,,,,,2.0,2.0,2.0,2.0,4.0,2.0,2.0,3.0,2.0,4.0,2.0,3.0,,2.0,2.0,,0,,0,,0,,,,,,,,,,,,,,,,,,,,,,,,,,,,,,,,,,,,,,,,,,,,,,,,,,,,,,,,,,,,,,,,,,,,,,,,,,,,,1.0,2.0,3.0,1,1,2,3,1,2,,1,5,4,1,4,3,2.0,4,4,2,,2,3,3,2,3,4.0,1,1,3.6471688490655256,
201801002768,2023-11-01T12:09:35Z,2023-11-01T12:12:27Z,1,1,1,1,2,2,1,4.0,2.0,2.0,2.0,1.0,,,,,,,,1.0,1.0,,,,,,,,1.0,1.0,1.0,3.0,2.0,4.0,2.0,4.0,,3.0,,5.0,5.0,5.0,4.0,4.0,,5.0,,4.0,3.0,1.0,2.0,2.0,1.0,,,2.0,3.0,1.0,,2.0,,,,,,2.0,5.0,3.0,5.0,4.0,2.0,2.0,4.0,,,,,,,,,0,,0,,0,,,,,,,,,,,,,,,,,,,,,,,,,,,,,,,,,,,,,,,,,,,,,,,,,,,,,,,,,,,,,,,,,,,,,,,,,,,,,1.0,3.0,7.0,1,1,2,3,2,1,1.0,4,1,3,4,1,2,1.0,2,5,2,,2,3,3,7,3,1.0,2,2,4.798764205573833,
201801002962,2023-10-26T19:37:47Z,2023-10-26T19:42:03Z,1,1,1,6,2,2,2,4.0,2.0,2.0,1.0,2.0,,,,,,,,1.0,1.0,,,,,,,,1.0,2.0,3.0,3.0,5.0,5.0,5.0,5.0,5.0,,,3.0,5.0,5.0,4.0,5.0,5.0,,,4.0,1.0,,,,3.0,1.0,4.0,2.0,4.0,4.0,2.0,2.0,,,,,,1.0,3.0,3.0,3.0,3.0,3.0,3.0,1.0,4.0,3.0,5.0,3.0,,2.0,2.0,,0,,0,,0,,,,,,,,,,,,,,,,,,,,,,,,,,,,,,,,,,,,,,,,,,,,,,,,,,,,,,,,,,,,,,,,,,,,,,,,,,,,,1.0,3.0,7.0,2,1,1,2,3,1,1.0,1,4,3,1,6,2,2.0,2,6,2,,2,4,1,3,5,1.0,2,1,1.5995683795437676,
201801002992,2023-11-01T12:03:45Z,2023-11-01T12:07:57Z,2,1,1,2,2,2,2,3.0,3.0,3.0,1.0,2.0,,,,,,,,1.0,1.0,,,,,,,,1.0,1.0,2.0,2.0,4.0,4.0,4.0,4.0,,4.0,,3.0,4.0,4.0,4.0,4.0,,4.0,,3.0,3.0,4.0,4.0,4.0,3.0,2.0,4.0,1.0,4.0,3.0,3.0,1.0,2.0,2.0,2.0,1.0,2.0,2.0,4.0,3.0,4.0,4.0,2.0,2.0,4.0,,,,,,,,,0,,0,,0,,,,,,,,,,,,,,,,,,,,,,,,,,,,,,,,,,,,,,,,,,,,,,,,,,,,,,,,,,,,,,,,,,,,,,,,,,,,,1.0,3.0,7.0,2,1,2,1,5,1,1.0,4,1,3,4,2,2,1.0,2,2,2,,2,3,1,1,2,2.0,1,1,0.7014338171599123,
201801003350,2023-11-04T11:43:13Z,2023-11-04T11:55:25Z,2,1,1,6,2,2,2,3.0,2.0,2.0,1.0,2.0,,,,,,,,1.0,1.0,,,,,,,,1.0,2.0,4.0,4.0,3.0,4.0,2.0,4.0,5.0,,,3.0,4.0,3.0,3.0,4.0,6.0,,,3.0,1.0,,,,2.0,2.0,5.0,2.0,5.0,3.0,3.0,1.0,2.0,2.0,1.0,1.0,2.0,1.0,3.0,2.0,4.0,4.0,1.0,3.0,1.0,3.0,1.0,4.0,3.0,,1.0,1.0,,0,,0,,0,,,,,,,,,,,,,,,,,,,,,,,,,,,,,,,,,,,,,,,,,,,,,,,,,,,,,,,,,,,,,,,,,,,,,,,,,,,,,1.0,3.0,7.0,1,2,1,2,3,1,1.0,3,4,3,4,6,10,,3,5,2,,2,4,1,2,4,1.0,2,1,0.6090860602802404,
201801004035,2023-11-01T12:05:11Z,2023-11-01T12:09:15Z,2,1,1,1,1,2,1,4.0,2.0,2.0,1.0,2.0,,,,,,,,1.0,1.0,,,,,,,,1.0,2.0,2.0,2.0,2.0,2.0,2.0,1.0,,2.0,1.0,3.0,5.0,4.0,5.0,4.0,,5.0,4.0,1.0,3.0,1.0,1.0,2.0,3.0,,,,,1.0,,2.0,,,,,,2.0,1.0,1.0,2.0,2.0,3.0,3.0,4.0,,,,,,,,,0,,0,,0,,,,,,,,,,,,,,,,,,,,,,,,,,,,,,,,,,,,,,,,,,,,,,,,,,,,,,,,,,,,,,,,,,,,,,,,,,,,,1.0,3.0,7.0,2,2,2,2,4,1,7.0,4,1,3,4,1,3,2.0,4,3,1,,1,2,1,5,3,1.0,2,2,0.4547563224107384,
201801005161,2023-10-27T18:10:30Z,2023-10-27T18:46:40Z,2,1,1,6,2,2,2,4.0,2.0,2.0,1.0,2.0,,,,,,,,1.0,1.0,,,,,,,,1.0,2.0,3.0,2.0,2.0,3.0,2.0,2.0,99.0,,,2.0,2.0,2.0,3.0,2.0,6.0,,,1.0,1.0,,,,1.0,1.0,2.0,1.0,2.0,2.0,2.0,2.0,,,,,,2.0,2.0,2.0,3.0,3.0,99.0,3.0,1.0,2.0,1.0,4.0,4.0,,2.0,2.0,,0,,0,,0,,,,,,,,,,,,,,,,,,,,,,,,,,,,,,,,,,,,,,,,,,,,,,,,,,,,,,,,,,,,,,,,,,,,,,,,,,,,,1.0,4.0,8.0,1,1,2,1,5,1,1.0,1,1,3,1,6,1,1.0,1,1,1,,1,1,1,6,2,1.0,1,2,0.3054428221506098,
201801005504,2023-10-28T19:30:37Z,2023-10-28T19:37:30Z,1,1,1,2,2,2,2,4.0,2.0,2.0,1.0,2.0,,,,,,,,1.0,1.0,,,,,,,,1.0,1.0,3.0,2.0,2.0,4.0,5.0,2.0,,3.0,,2.0,5.0,5.0,5.0,4.0,,5.0,,2.0,3.0,1.0,2.0,3.0,1.0,1.0,4.0,3.0,2.0,2.0,2.0,1.0,2.0,1.0,1.0,1.0,2.0,2.0,2.0,3.0,4.0,3.0,3.0,3.0,4.0,,,,,,,,,0,,0,,0,,,,,,,,,,,,,,,,,,,,,,,,,,,,,,,,,,,,,,,,,,,,,,,,,,,,,,,,,,,,,,,,,,,,,,,,,,,,,1.0,4.0,9.0,2,1,2,2,4,1,1.0,1,5,3,1,2,10,,3,6,2,,2,4,2,2,4,1.0,2,1,1.3350091147687244,
201801005675,2023-10-27T17:08:55Z,2023-10-27T17:13:45Z,2,1,1,1,2,2,1,3.0,2.0,2.0,1.0,2.0,,,,,,,,1.0,1.0,,,,,,,,1.0,2.0,3.0,3.0,3.0,5.0,3.0,4.0,,3.0,,1.0,3.0,1.0,1.0,1.0,,5.0,,5.0,3.0,5.0,5.0,5.0,1.0,,,2.0,5.0,1.0,,2.0,,,,,,2.0,5.0,1.0,5.0,3.0,3.0,3.0,4.0,,,,,,,,,0,,0,,0,,,,,,,,,,,,,,,,,,,,,,,,,,,,,,,,,,,,,,,,,,,,,,,,,,,,,,,,,,,,,,,,,,,,,,,,,,,,,1.0,4.0,9.0,2,2,1,1,5,1,5.0,3,1,3,4,1,9,,3,6,2,,2,4,3,9,5,1.0,1,3,0.2277382842946813,
201801006202,2023-10-27T17:46:03Z,2023-10-27T17:49:20Z,2,1,1,2,2,2,2,3.0,2.0,2.0,2.0,1.0,,,,,,,,1.0,1.0,,,,,,,,1.0,1.0,2.0,5.0,5.0,5.0,5.0,5.0,,5.0,,5.0,5.0,5.0,6.0,5.0,,5.0,,3.0,3.0,5.0,3.0,6.0,2.0,1.0,3.0,3.0,3.0,1.0,,2.0,,,,,,2.0,3.0,3.0,4.0,3.0,2.0,2.0,4.0,,,,,,,,,0,,0,,0,,,,,,,,,,,,,,,,,,,,,,,,,,,,,,,,,,,,,,,,,,,,,,,,,,,,,,,,,,,,,,,,,,,,,,,,,,,,,1.0,4.0,9.0,2,1,2,1,5,1,1.0,1,5,3,1,2,12,,3,4,3,1.0,1,2,2,5,3,1.0,2,2,0.644975053245403,
201801006487,2023-10-26T21:35:54Z,2023-10-26T21:41:11Z,2,1,1,1,2,2,1,4.0,2.0,2.0,2.0,1.0,,,,,,,,1.0,1.0,,,,,,,,1.0,2.0,3.0,2.0,4.0,3.0,3.0,2.0,,2.0,,3.0,4.0,5.0,3.0,4.0,,4.0,,2.0,3.0,3.0,6.0,3.0,1.0,,,1.0,3.0,2.0,2.0,2.0,,,,,,2.0,1.0,2.0,2.0,2.0,3.0,2.0,4.0,,,,,,,,,0,,0,,0,,,,,,,,,,,,,,,,,,,,,,,,,,,,,,,,,,,,,,,,,,,,,,,,,,,,,,,,,,,,,,,,,,,,,,,,,,,,,1.0,4.0,9.0,3,2,2,1,5,1,7.0,1,5,3,1,1,2,2.0,2,5,2,,2,4,1,4,5,1.0,2,1,0.2302108250842327,
201801006552,2023-10-29T11:16:51Z,2023-10-29T11:20:06Z,2,1,1,1,2,2,1,4.0,2.0,2.0,1.0,2.0,,,,,,,,1.0,1.0,,,,,,,,1.0,2.0,2.0,4.0,4.0,4.0,5.0,4.0,,3.0,,4.0,5.0,5.0,5.0,5.0,,4.0,,2.0,3.0,2.0,2.0,4.0,1.0,,,1.0,3.0,1.0,,2.0,,,,,,2.0,1.0,1.0,2.0,1.0,3.0,2.0,4.0,,,,,,,,,0,,0,,0,,,,,,,,,,,,,,,,,,,,,,,,,,,,,,,,,,,,,,,,,,,,,,,,,,,,,,,,,,,,,,,,,,,,,,,,,,,,,1.0,4.0,9.0,3,1,2,1,5,1,1.0,1,1,3,1,1,2,2.0,2,5,4,1.0,1,2,1,9,3,2.0,2,2,1.1351345473229706,
201801006666,2023-10-30T20:27:13Z,2023-10-30T20:33:10Z,2,1,1,6,2,2,2,4.0,2.0,2.0,2.0,1.0,,,,,,,,1.0,1.0,,,,,,,,1.0,1.0,2.0,3.0,2.0,3.0,1.0,5.0,5.0,,,3.0,5.0,5.0,3.0,3.0,5.0,,,2.0,1.0,,,,1.0,1.0,3.0,1.0,3.0,4.0,1.0,2.0,,,,,,1.0,4.0,3.0,5.0,4.0,2.0,3.0,1.0,2.0,2.0,4.0,4.0,,1.0,2.0,,0,,0,,0,,,,,,,,,,,,,,,,,,,,,,,,,,,,,,,,,,,,,,,,,,,,,,,,,,,,,,,,,,,,,,,,,,,,,,,,,,,,,1.0,4.0,9.0,2,1,2,1,5,1,1.0,1,1,3,1,6,1,1.0,1,1,1,,1,1,1,4,2,1.0,1,2,0.3054428221506098,
201801007224,2023-10-29T14:52:23Z,2023-10-29T14:55:59Z,2,1,1,1,2,2,1,4.0,4.0,4.0,1.0,2.0,1.0,2.0,,,,,,1.0,1.0,1.0,1.0,,,,,,1.0,2.0,1.0,4.0,4.0,4.0,4.0,4.0,,4.0,,5.0,5.0,4.0,5.0,5.0,,5.0,,4.0,3.0,3.0,2.0,3.0,1.0,,,1.0,4.0,1.0,,2.0,,,,,,2.0,1.0,1.0,4.0,3.0,3.0,2.0,4.0,,,,,,,,,0,,0,,0,,,,,,,,,,,,,,,,,,,,,,,,,,,,,,,,,,,,,,,,,,,,,,,,,,,,,,,,,,,,,,,,,,,,,,,,,,,,,1.0,4.0,9.0,2,2,1,1,5,2,,1,3,5,1,1,2,2.0,2,3,3,2.0,2,4,1,9,5,1.0,2,3,0.1922892524990812,
201801007441,2023-10-24T19:28:25Z,2023-10-24T21:53:15Z,2,1,1,1,1,2,1,4.0,2.0,2.0,2.0,1.0,,,,,,,,1.0,1.0,,,,,,,,1.0,1.0,1.0,5.0,4.0,5.0,5.0,5.0,,4.0,4.0,5.0,1.0,2.0,2.0,3.0,,5.0,3.0,5.0,3.0,5.0,3.0,2.0,1.0,,,,,1.0,,2.0,,,,,,2.0,4.0,4.0,3.0,4.0,2.0,2.0,4.0,,,,,,,,,0,,0,,0,,,,,,,,,,,,,,,,,,,,,,,,,,,,,,,,,,,,,,,,,,,,,,,,,,,,,,,,,,,,,,,,,,,,,,,,,,,,,1.0,4.0,9.0,2,1,2,3,2,1,1.0,1,1,3,1,1,2,1.0,2,4,1,,1,9,1,3,99,1.0,2,1,0.6634944549399259,
201801007475,2023-10-27T17:12:29Z,2023-10-27T17:18:59Z,2,1,1,2,1,2,1,4.0,1.0,1.0,2.0,,,,,,,,,1.0,,,,,,,,,99.0,2.0,1.0,3.0,3.0,3.0,3.0,3.0,,4.0,3.0,3.0,4.0,4.0,3.0,3.0,,4.0,4.0,4.0,3.0,2.0,2.0,1.0,1.0,,,,,1.0,,1.0,2.0,2.0,2.0,1.0,2.0,1.0,1.0,1.0,3.0,3.0,3.0,3.0,4.0,,,,,,,,,0,,0,,0,,,,,,,,,,,,,,,,,,,,,,,,,,,,,,,,,,,,,,,,,,,,,,,,,,,,,,,,,,,,,,,,,,,,,,,,,,,,,1.0,4.0,9.0,3,2,2,3,2,1,1.0,1,1,3,1,2,2,2.0,2,4,1,,1,2,1,1,3,1.0,2,1,0.5167742071999019,
201801007627,2023-10-27T22:48:30Z,2023-10-27T22:54:22Z,2,1,1,1,1,2,1,4.0,2.0,2.0,1.0,2.0,,,,,,,,1.0,1.0,,,,,,,,1.0,1.0,2.0,5.0,5.0,5.0,5.0,5.0,,5.0,4.0,5.0,5.0,4.0,3.0,4.0,,3.0,5.0,4.0,3.0,5.0,5.0,5.0,1.0,,,,,1.0,,2.0,,,,,,2.0,3.0,3.0,5.0,3.0,3.0,3.0,4.0,,,,,,,,,0,,0,,0,,,,,,,,,,,,,,,,,,,,,,,,,,,,,,,,,,,,,,,,,,,,,,,,,,,,,,,,,,,,,,,,,,,,,,,,,,,,,1.0,1.0,1.0,2,2,2,1,5,1,7.0,1,1,3,1,1,2,2.0,2,5,3,2.0,2,3,3,9,3,1.0,2,3,0.2609809943559936,
201801007690,2023-10-27T22:40:05Z,2023-10-27T22:44:04Z,2,1,1,6,2,2,2,4.0,2.0,2.0,1.0,2.0,,,,,,,,1.0,1.0,,,,,,,,1.0,1.0,2.0,3.0,3.0,4.0,3.0,4.0,4.0,,,3.0,2.0,3.0,3.0,3.0,4.0,,,4.0,3.0,3.0,2.0,5.0,1.0,3.0,4.0,3.0,4.0,1.0,,2.0,,,,,,1.0,4.0,3.0,4.0,3.0,3.0,3.0,4.0,,,,,,,,,0,,0,,0,,,,,,,,,,,,,,,,,,,,,,,,,,,,,,,,,,,,,,,,,,,,,,,,,,,,,,,,,,,,,,,,,,,,,,,,,,,,,1.0,4.0,8.0,2,1,2,1,5,1,1.0,1,1,3,1,6,12,,3,6,2,,2,4,3,9,5,2.0,2,3,2.1573415855214124,
201801007785,2023-10-28T16:16:45Z,2023-10-29T11:13:56Z,2,1,1,1,2,2,1,4.0,2.0,2.0,2.0,1.0,,,,,,,,1.0,1.0,,,,,,,,1.0,2.0,2.0,4.0,4.0,5.0,5.0,5.0,,5.0,,4.0,4.0,1.0,4.0,4.0,,4.0,,5.0,3.0,3.0,3.0,5.0,2.0,,,1.0,5.0,1.0,,2.0,,,,,,2.0,3.0,2.0,4.0,2.0,3.0,3.0,4.0,,,,,,,,,0,,0,,0,,,,,,,,,,,,,,,,,,,,,,,,,,,,,,,,,,,,,,,,,,,,,,,,,,,,,,,,,,,,,,,,,,,,,,,,,,,,,1.0,1.0,1.0,2,1,2,1,5,2,,1,1,1,1,1,12,,3,5,2,,2,4,1,8,5,1.0,1,2,0.2756845834246194,
201801008522,2023-10-27T20:05:51Z,2023-10-27T20:11:17Z,2,1,1,6,2,2,2,4.0,1.0,1.0,2.0,,,,,,,,,1.0,,,,,,,,,99.0,2.0,4.0,3.0,2.0,4.0,3.0,3.0,3.0,,,5.0,5.0,2.0,3.0,3.0,3.0,,,5.0,3.0,1.0,1.0,4.0,1.0,1.0,4.0,2.0,5.0,1.0,,2.0,,,,,,2.0,3.0,3.0,2.0,2.0,1.0,3.0,4.0,,,,,,,,,0,,0,,0,,,,,,,,,,,,,,,,,,,,,,,,,,,,,,,,,,,,,,,,,,,,,,,,,,,,,,,,,,,,,,,,,,,,,,,,,,,,,1.0,3.0,5.0,2,2,2,1,5,99,,1,99,99,1,6,12,,3,6,3,1.0,1,2,3,3,3,5.0,2,2,0.9891603461489664,
201801008997,2023-11-02T03:36:29Z,2023-11-02T03:44:29Z,2,1,1,1,1,1,1,2.0,1.0,1.0,2.0,,,,,,,,,1.0,,,,,,,,,99.0,2.0,3.0,4.0,3.0,4.0,4.0,4.0,,3.0,4.0,4.0,5.0,4.0,3.0,4.0,,4.0,2.0,4.0,3.0,3.0,2.0,3.0,2.0,,,,,1.0,,2.0,,,,,,2.0,4.0,3.0,3.0,3.0,3.0,3.0,4.0,,,,,,,,,0,,0,,0,,,,,,,,,,,,,,,,,,,,,,,,,,,,,,,,,,,,,,,,,,,,,,,,,,,,,,,,,,,,,,,,,,,,,,,,,,,,,1.0,1.0,2.0,2,2,2,2,3,1,8.0,1,1,3,1,1,2,2.0,2,5,3,1.0,1,2,1,8,3,1.0,1,2,0.3069384046166448,
201801009141,2023-10-28T11:30:33Z,2023-10-28T11:34:29Z,2,1,1,6,2,2,2,4.0,2.0,2.0,1.0,2.0,,,,,,,,1.0,1.0,,,,,,,,1.0,2.0,3.0,4.0,2.0,3.0,2.0,4.0,3.0,,,4.0,4.0,5.0,3.0,3.0,3.0,,,2.0,3.0,2.0,2.0,5.0,1.0,1.0,4.0,1.0,5.0,1.0,,2.0,,,,,,1.0,3.0,2.0,3.0,3.0,3.0,3.0,4.0,,,,,,,,,0,,0,,0,,,,,,,,,,,,,,,,,,,,,,,,,,,,,,,,,,,,,,,,,,,,,,,,,,,,,,,,,,,,,,,,,,,,,,,,,,,,,1.0,1.0,2.0,1,2,2,1,5,2,,1,4,4,1,6,12,,3,6,3,2.0,2,3,2,8,3,1.0,1,3,0.0813668309152204,
201801011633,2023-10-29T13:28:17Z,2023-10-29T13:32:03Z,2,1,1,1,2,2,1,4.0,2.0,2.0,1.0,2.0,,,,,,,,1.0,1.0,,,,,,,,1.0,1.0,1.0,3.0,3.0,4.0,4.0,3.0,,4.0,,4.0,3.0,4.0,4.0,3.0,,4.0,,3.0,3.0,2.0,2.0,5.0,1.0,,,2.0,4.0,1.0,,2.0,,,,,,2.0,2.0,2.0,4.0,3.0,3.0,3.0,4.0,,,,,,,,,0,,0,,0,,,,,,,,,,,,,,,,,,,,,,,,,,,,,,,,,,,,,,,,,,,,,,,,,,,,,,,,,,,,,,,,,,,,,,,,,,,,,1.0,3.0,5.0,3,2,2,1,6,2,,1,1,1,1,1,1,1.0,1,3,1,,1,1,1,9,2,1.0,2,3,0.2858222031225366,
201801011816,2023-10-29T14:56:46Z,2023-10-29T15:01:11Z,2,1,1,6,2,2,2,4.0,2.0,2.0,1.0,2.0,,,,,,,,1.0,1.0,,,,,,,,1.0,1.0,3.0,3.0,3.0,3.0,3.0,3.0,3.0,,,3.0,3.0,3.0,4.0,3.0,99.0,,,3.0,1.0,,,,1.0,1.0,2.0,1.0,3.0,3.0,2.0,2.0,,,,,,2.0,4.0,3.0,5.0,3.0,2.0,3.0,1.0,3.0,4.0,4.0,4.0,,2.0,2.0,,0,,0,,0,,,,,,,,,,,,,,,,,,,,,,,,,,,,,,,,,,,,,,,,,,,,,,,,,,,,,,,,,,,,,,,,,,,,,,,,,,,,,1.0,3.0,5.0,3,1,2,1,5,1,1.0,1,4,3,1,6,1,2.0,1,1,2,,2,4,1,5,4,1.0,2,1,0.7565328567442292,
201801012544,2023-10-27T22:17:38Z,2023-10-27T22:21:15Z,2,1,1,1,2,2,1,4.0,2.0,2.0,2.0,1.0,,,,,,,,1.0,1.0,,,,,,,,1.0,2.0,2.0,3.0,2.0,2.0,4.0,4.0,,4.0,,4.0,4.0,3.0,3.0,4.0,,4.0,,4.0,3.0,2.0,3.0,5.0,1.0,,,1.0,3.0,1.0,,1.0,2.0,2.0,2.0,2.0,2.0,1.0,1.0,1.0,2.0,2.0,3.0,3.0,4.0,,,,,,,,,0,,0,,0,,,,,,,,,,,,,,,,,,,,,,,,,,,,,,,,,,,,,,,,,,,,,,,,,,,,,,,,,,,,,,,,,,,,,,,,,,,,,1.0,3.0,5.0,2,2,1,2,3,2,,1,4,4,1,1,1,1.0,1,4,3,1.0,1,2,1,8,3,1.0,1,2,0.5608862918609998,
201801013404,2023-10-27T17:49:56Z,2023-10-27T17:53:50Z,3,1,1,1,2,2,1,4.0,1.0,1.0,1.0,,,,,,,,,1.0,,,,,,,,,99.0,1.0,1.0,5.0,3.0,3.0,4.0,3.0,,5.0,,3.0,5.0,3.0,3.0,5.0,,5.0,,1.0,3.0,5.0,2.0,3.0,1.0,,,1.0,5.0,1.0,,2.0,,,,,,1.0,1.0,1.0,4.0,3.0,3.0,2.0,4.0,,,,,,,,,0,,0,,0,,,,,,,,,,,,,,,,,,,,,,,,,,,,,,,,,,,,,,,,,,,,,,,,,,,,,,,,,,,,,,,,,,,,,,,,,,,,,1.0,3.0,5.0,1,2,2,1,6,2,,1,1,1,1,1,12,,3,5,3,2.0,2,4,1,8,4,1.0,2,2,0.2156811163660652,
201801013491,2023-10-28T21:50:12Z,2023-10-28T21:53:40Z,2,1,1,6,2,2,2,4.0,2.0,2.0,2.0,1.0,,,,,,,,1.0,1.0,,,,,,,,1.0,2.0,2.0,1.0,3.0,3.0,3.0,4.0,4.0,,,5.0,5.0,4.0,4.0,5.0,2.0,,,2.0,3.0,2.0,2.0,5.0,1.0,1.0,3.0,3.0,3.0,1.0,,2.0,,,,,,2.0,1.0,1.0,2.0,3.0,3.0,3.0,4.0,,,,,,,,,0,,0,,0,,,,,,,,,,,,,,,,,,,,,,,,,,,,,,,,,,,,,,,,,,,,,,,,,,,,,,,,,,,,,,,,,,,,,,,,,,,,,1.0,3.0,7.0,1,1,2,1,6,2,,3,3,5,4,6,12,,3,6,2,,2,3,1,5,3,1.0,2,2,0.4187381814415576,
201801013592,2023-10-27T17:11:58Z,2023-10-27T17:17:21Z,2,1,1,6,2,2,2,4.0,2.0,2.0,2.0,1.0,,,,,,,,1.0,1.0,,,,,,,,1.0,2.0,2.0,3.0,5.0,5.0,5.0,5.0,5.0,,,4.0,5.0,5.0,3.0,5.0,5.0,,,5.0,3.0,2.0,4.0,2.0,1.0,3.0,5.0,3.0,5.0,3.0,2.0,2.0,,,,,,2.0,1.0,3.0,1.0,3.0,3.0,3.0,4.0,,,,,,,,,0,,0,,0,,,,,,,,,,,,,,,,,,,,,,,,,,,,,,,,,,,,,,,,,,,,,,,,,,,,,,,,,,,,,,,,,,,,,,,,,,,,,1.0,3.0,5.0,1,1,1,1,5,1,8.0,1,1,3,1,6,9,,3,6,2,,2,4,1,6,5,1.0,2,2,0.8894569322609096,
201801015620,2023-10-29T11:21:44Z,2023-10-29T11:25:57Z,2,1,1,2,1,2,2,3.0,1.0,1.0,2.0,,,,,,,,,1.0,,,,,,,,,99.0,2.0,3.0,4.0,3.0,4.0,3.0,3.0,,5.0,3.0,3.0,4.0,3.0,3.0,3.0,,2.0,4.0,2.0,3.0,1.0,1.0,3.0,1.0,3.0,4.0,,,1.0,,2.0,,,,,,1.0,1.0,2.0,3.0,3.0,3.0,3.0,4.0,,,,,,,,,0,,0,,0,,,,,,,,,,,,,,,,,,,,,,,,,,,,,,,,,,,,,,,,,,,,,,,,,,,,,,,,,,,,,,,,,,,,,,,,,,,,,1.0,2.0,3.0,1,1,2,1,5,1,2.0,1,1,3,1,2,1,2.0,1,6,2,,2,4,1,4,5,1.0,1,1,0.2397484535711283,
201801015678,2023-10-28T13:11:00Z,2023-10-28T13:15:08Z,2,1,1,1,1,2,1,4.0,2.0,2.0,1.0,2.0,,,,,,,,1.0,1.0,,,,,,,,1.0,1.0,3.0,4.0,5.0,5.0,5.0,4.0,,5.0,5.0,5.0,5.0,2.0,5.0,5.0,,5.0,5.0,5.0,3.0,3.0,3.0,5.0,1.0,,,,,1.0,,2.0,,,,,,2.0,4.0,4.0,3.0,2.0,2.0,3.0,4.0,,,,,,,,,0,,0,,0,,,,,,,,,,,,,,,,,,,,,,,,,,,,,,,,,,,,,,,,,,,,,,,,,,,,,,,,,,,,,,,,,,,,,,,,,,,,,1.0,2.0,3.0,2,1,2,3,1,2,,1,1,1,1,1,12,,3,6,3,99.0,9,9,3,2,3,1.0,2,1,3.491906583259308,
201801016074,2023-10-27T23:58:06Z,2023-10-28T00:02:47Z,2,1,1,1,1,2,1,4.0,2.0,2.0,2.0,1.0,,,,,,,,1.0,1.0,,,,,,,,1.0,2.0,3.0,4.0,4.0,4.0,5.0,5.0,,4.0,3.0,4.0,4.0,4.0,5.0,5.0,,4.0,3.0,3.0,3.0,2.0,1.0,2.0,3.0,,,,,1.0,,2.0,,,,,,2.0,3.0,3.0,3.0,3.0,3.0,3.0,4.0,,,,,,,,,0,,0,,0,,,,,,,,,,,,,,,,,,,,,,,,,,,,,,,,,,,,,,,,,,,,,,,,,,,,,,,,,,,,,,,,,,,,,,,,,,,,,1.0,2.0,3.0,2,2,2,1,5,2,,1,1,1,1,1,12,,3,6,4,2.0,2,4,1,7,4,2.0,2,2,0.3889128691444562,
201801016120,2023-11-01T21:17:51Z,2023-11-01T21:23:05Z,2,1,1,1,1,2,1,4.0,2.0,2.0,2.0,1.0,,,,,,,,1.0,1.0,,,,,,,,1.0,2.0,3.0,4.0,5.0,5.0,4.0,5.0,,5.0,4.0,5.0,5.0,5.0,5.0,5.0,,5.0,5.0,4.0,3.0,3.0,3.0,5.0,1.0,,,,,1.0,,2.0,,,,,,1.0,3.0,2.0,3.0,2.0,99.0,99.0,4.0,,,,,,,,,0,,0,,0,,,,,,,,,,,,,,,,,,,,,,,,,,,,,,,,,,,,,,,,,,,,,,,,,,,,,,,,,,,,,,,,,,,,,,,,,,,,,2.0,2.0,3.0,3,2,2,2,3,1,1.0,1,1,3,1,1,1,1.0,1,99,1,,1,1,1,9,1,1.0,2,3,0.4509599296438329,
201801016180,2023-10-30T09:27:07Z,2023-10-30T09:30:11Z,2,1,1,1,1,2,1,4.0,2.0,2.0,2.0,1.0,,,,,,,,1.0,1.0,,,,,,,,1.0,1.0,4.0,4.0,5.0,5.0,5.0,5.0,,5.0,5.0,3.0,5.0,4.0,2.0,3.0,,5.0,2.0,5.0,3.0,3.0,2.0,5.0,1.0,,,,,1.0,,2.0,,,,,,2.0,4.0,2.0,5.0,3.0,3.0,3.0,4.0,,,,,,,,,0,,0,,0,,,,,,,,,,,,,,,,,,,,,,,,,,,,,,,,,,,,,,,,,,,,,,,,,,,,,,,,,,,,,,,,,,,,,,,,,,,,,1.0,1.0,2.0,2,2,2,1,5,2,,1,3,5,1,1,12,,3,6,2,,2,4,1,9,5,1.0,2,2,0.1108833546020394,
201801017444,2023-10-29T19:52:21Z,2023-10-29T19:58:26Z,2,1,1,6,2,2,2,4.0,2.0,2.0,2.0,1.0,,,,,,,,1.0,1.0,,,,,,,,1.0,1.0,1.0,4.0,3.0,4.0,3.0,3.0,5.0,,,5.0,5.0,5.0,5.0,5.0,6.0,,,3.0,3.0,4.0,3.0,3.0,1.0,2.0,5.0,2.0,5.0,1.0,,2.0,,,,,,2.0,5.0,1.0,5.0,4.0,3.0,3.0,4.0,,,,,,,,,0,,0,,0,,,,,,,,,,,,,,,,,,,,,,,,,,,,,,,,,,,,,,,,,,,,,,,,,,,,,,,,,,,,,,,,,,,,,,,,,,,,,1.0,2.0,4.0,1,2,2,1,5,2,,1,1,1,1,6,1,1.0,1,2,99,1.0,1,1,3,99,1,1.0,1,99,0.0798014056222611,
201801017510,2023-10-29T09:37:43Z,2023-10-29T09:44:09Z,3,1,1,6,2,2,2,4.0,2.0,2.0,2.0,1.0,,,,,,,,1.0,2.0,,,,,,,,1.0,2.0,2.0,2.0,3.0,4.0,3.0,4.0,5.0,,,3.0,5.0,5.0,3.0,2.0,6.0,,,2.0,3.0,2.0,3.0,2.0,1.0,2.0,3.0,2.0,5.0,2.0,3.0,2.0,,,,,,2.0,1.0,2.0,3.0,2.0,3.0,3.0,4.0,,,,,,,,,0,,0,,0,,,,,,,,,,,,,,,,,,,,,,,,,,,,,,,,,,,,,,,,,,,,,,,,,,,,,,,,,,,,,,,,,,,,,,,,,,,,,1.0,2.0,4.0,2,1,1,1,5,1,1.0,1,5,3,1,6,9,,3,6,2,,2,4,1,3,5,1.0,2,2,0.8182172225627469,
201801019118,2023-11-02T16:37:52Z,2023-11-03T13:06:17Z,2,2,1,1,1,2,1,4.0,1.0,1.0,2.0,,,,,,,,,1.0,,,,,,,,,99.0,2.0,2.0,3.0,3.0,5.0,3.0,3.0,,3.0,3.0,5.0,5.0,5.0,6.0,3.0,,5.0,5.0,1.0,3.0,1.0,1.0,5.0,3.0,,,,,5.0,1.0,2.0,,,,,,2.0,1.0,1.0,3.0,2.0,3.0,3.0,4.0,,,,,,,,,0,,0,,0,,,,,,,,,,,,,,,,,,,,,,,,,,,,,,,,,,,,,,,,,,,,,,,,,,,,,,,,,,,,,,,,,,,,,,,,,,,,,1.0,3.0,7.0,2,1,2,3,2,1,1.0,1,1,3,1,1,12,,3,6,3,2.0,2,3,1,2,3,1.0,2,1,1.6241741052226562,
201801019314,2023-10-27T17:06:31Z,2023-10-27T17:16:51Z,2,1,1,1,1,2,1,4.0,2.0,2.0,1.0,2.0,,,,,,,,1.0,1.0,,,,,,,,1.0,1.0,2.0,3.0,3.0,3.0,4.0,4.0,,3.0,2.0,3.0,5.0,3.0,5.0,4.0,,5.0,5.0,2.0,3.0,2.0,2.0,2.0,2.0,,,,,1.0,,2.0,,,,,,2.0,2.0,1.0,3.0,3.0,2.0,2.0,4.0,,,,,,,,,0,,0,,0,,,,,,,,,,,,,,,,,,,,,,,,,,,,,,,,,,,,,,,,,,,,,,,,,,,,,,,,,,,,,,,,,,,,,,,,,,,,,1.0,3.0,7.0,3,2,2,1,5,1,1.0,1,1,3,1,1,2,2.0,2,2,1,,1,1,2,4,2,1.0,1,1,0.3158273343677185,
201801019417,2023-11-02T12:41:09Z,2023-11-02T12:50:45Z,2,1,1,6,2,2,2,4.0,2.0,2.0,1.0,2.0,,,,,,,,1.0,1.0,,,,,,,,1.0,2.0,1.0,2.0,2.0,3.0,4.0,3.0,4.0,,,3.0,2.0,4.0,3.0,3.0,4.0,,,3.0,1.0,,,,1.0,1.0,4.0,3.0,3.0,2.0,1.0,1.0,1.0,2.0,2.0,1.0,1.0,1.0,1.0,1.0,3.0,1.0,3.0,3.0,1.0,1.0,1.0,1.0,1.0,,2.0,2.0,,0,,0,,0,,,,,,,,,,,,,,,,,,,,,,,,,,,,,,,,,,,,,,,,,,,,,,,,,,,,,,,,,,,,,,,,,,,,,,,,,,,,,1.0,3.0,7.0,2,1,1,1,5,1,1.0,1,1,3,1,6,2,1.0,2,4,2,,2,4,1,9,4,1.0,2,2,1.3331016677140854,
201801019645,2023-10-28T20:30:51Z,2023-10-28T20:35:41Z,2,1,1,6,2,2,2,3.0,1.0,1.0,2.0,,,,,,,,,1.0,,,,,,,,,99.0,2.0,1.0,3.0,3.0,4.0,2.0,4.0,4.0,,,4.0,4.0,4.0,5.0,4.0,4.0,,,4.0,1.0,,,,3.0,3.0,5.0,1.0,5.0,5.0,3.0,1.0,1.0,1.0,2.0,1.0,1.0,2.0,4.0,3.0,3.0,3.0,3.0,3.0,1.0,4.0,4.0,4.0,3.0,,2.0,2.0,,0,,0,,0,,,,,,,,,,,,,,,,,,,,,,,,,,,,,,,,,,,,,,,,,,,,,,,,,,,,,,,,,,,,,,,,,,,,,,,,,,,,,1.0,3.0,7.0,2,1,1,2,3,1,7.0,1,5,3,1,6,12,,3,5,2,,2,4,2,1,4,1.0,2,1,2.680696824399948,
201801021976,2023-10-27T17:33:11Z,2023-10-27T17:40:56Z,2,1,1,2,1,2,2,4.0,1.0,1.0,2.0,,,,,,,,,1.0,,,,,,,,,99.0,2.0,2.0,1.0,2.0,99.0,2.0,3.0,,1.0,1.0,4.0,5.0,4.0,5.0,4.0,,3.0,2.0,3.0,3.0,2.0,3.0,4.0,1.0,2.0,3.0,,,2.0,1.0,1.0,2.0,2.0,1.0,2.0,2.0,2.0,2.0,2.0,2.0,3.0,1.0,2.0,4.0,,,,,,,,,0,,0,,0,,,,,,,,,,,,,,,,,,,,,,,,,,,,,,,,,,,,,,,,,,,,,,,,,,,,,,,,,,,,,,,,,,,,,,,,,,,,,1.0,3.0,7.0,1,1,2,3,2,1,1.0,1,1,3,1,2,2,2.0,2,3,2,,2,3,2,2,2,3.0,2,1,6.314159461681934,
201801022163,2023-11-01T21:58:39Z,2023-11-01T22:02:41Z,2,1,1,1,1,2,1,2.0,2.0,2.0,1.0,2.0,,,,,,,,2.0,1.0,,,,,,,,1.0,2.0,3.0,4.0,3.0,3.0,4.0,4.0,,2.0,2.0,4.0,4.0,4.0,3.0,4.0,,3.0,3.0,3.0,3.0,3.0,2.0,3.0,1.0,,,,,1.0,,2.0,,,,,,2.0,2.0,2.0,3.0,2.0,3.0,3.0,4.0,,,,,,,,,0,,0,,0,,,,,,,,,,,,,,,,,,,,,,,,,,,,,,,,,,,,,,,,,,,,,,,,,,,,,,,,,,,,,,,,,,,,,,,,,,,,,1.0,3.0,7.0,2,2,2,2,4,1,1.0,1,1,3,1,1,12,,3,6,1,,1,2,1,6,3,1.0,1,2,0.2034444083307471,
201801023124,2023-10-30T22:43:38Z,2023-10-30T22:49:43Z,2,1,1,1,1,2,1,3.0,2.0,2.0,2.0,1.0,,,,,,,,1.0,1.0,,,,,,,,1.0,1.0,3.0,4.0,3.0,3.0,3.0,3.0,,3.0,3.0,3.0,4.0,4.0,3.0,4.0,,4.0,4.0,2.0,3.0,1.0,1.0,2.0,1.0,,,,,1.0,,2.0,,,,,,1.0,4.0,2.0,4.0,3.0,3.0,3.0,4.0,,,,,,,,,0,,0,,0,,,,,,,,,,,,,,,,,,,,,,,,,,,,,,,,,,,,,,,,,,,,,,,,,,,,,,,,,,,,,,,,,,,,,,,,,,,,,1.0,3.0,7.0,3,2,2,1,5,1,1.0,1,1,3,1,1,2,1.0,2,5,3,2.0,2,3,1,7,2,1.0,1,2,0.133828064848043,
201801023479,2023-10-26T19:47:13Z,2023-10-26T19:50:30Z,2,1,1,3,1,2,1,4.0,2.0,2.0,2.0,1.0,,,,,,,,1.0,1.0,,,,,,,,1.0,2.0,3.0,3.0,5.0,4.0,4.0,5.0,4.0,,4.0,4.0,5.0,5.0,5.0,5.0,4.0,,4.0,4.0,3.0,3.0,2.0,5.0,1.0,,,,,1.0,,1.0,2.0,2.0,2.0,2.0,1.0,2.0,3.0,3.0,4.0,3.0,1.0,1.0,4.0,,,,,,,,,0,,0,,0,,,,,,,,,,,,,,,,,,,,,,,,,,,,,,,,,,,,,,,,,,,,,,,,,,,,,,,,,,,,,,,,,,,,,,,,,,,,,1.0,3.0,7.0,2,2,2,3,2,1,1.0,1,1,3,1,3,12,,3,6,1,,1,2,1,2,4,1.0,2,1,0.2949172046305198,
201801023720,2023-10-27T21:15:31Z,2023-10-27T21:25:37Z,2,1,1,1,2,2,1,4.0,2.0,2.0,1.0,2.0,,,,,,,,1.0,1.0,,,,,,,,1.0,1.0,2.0,4.0,3.0,4.0,4.0,5.0,,5.0,,5.0,4.0,2.0,5.0,5.0,,4.0,,4.0,3.0,2.0,2.0,3.0,1.0,,,1.0,2.0,1.0,,1.0,2.0,2.0,2.0,2.0,2.0,2.0,2.0,2.0,4.0,3.0,2.0,2.0,4.0,,,,,,,,,0,,0,,0,,,,,,,,,,,,,,,,,,,,,,,,,,,,,,,,,,,,,,,,,,,,,,,,,,,,,,,,,,,,,,,,,,,,,,,,,,,,,1.0,4.0,8.0,2,1,2,1,5,1,1.0,1,4,3,1,1,12,,3,5,2,,2,4,1,8,5,1.0,2,2,0.4775620957752589,
201801023941,2023-10-29T23:44:10Z,2023-10-29T23:47:59Z,2,1,1,1,1,2,1,4.0,2.0,2.0,1.0,2.0,,,,,,,,1.0,1.0,,,,,,,,1.0,2.0,3.0,3.0,3.0,4.0,3.0,4.0,,3.0,2.0,2.0,5.0,3.0,4.0,4.0,,2.0,4.0,4.0,3.0,2.0,2.0,5.0,3.0,,,,,1.0,,2.0,,,,,,2.0,3.0,2.0,3.0,2.0,3.0,1.0,4.0,,,,,,,,,0,,0,,0,,,,,,,,,,,,,,,,,,,,,,,,,,,,,,,,,,,,,,,,,,,,,,,,,,,,,,,,,,,,,,,,,,,,,,,,,,,,,1.0,4.0,8.0,3,2,2,2,4,2,,1,1,1,1,1,12,,3,6,4,1.0,1,9,3,7,99,1.0,2,2,0.5167823536799695,
201801024212,2023-10-27T23:18:30Z,2023-10-27T23:46:35Z,2,1,1,1,1,1,1,4.0,2.0,2.0,1.0,2.0,,,,,,,,1.0,1.0,,,,,,,,1.0,2.0,1.0,3.0,3.0,1.0,3.0,3.0,,2.0,2.0,4.0,5.0,5.0,3.0,3.0,,4.0,3.0,3.0,3.0,1.0,1.0,2.0,1.0,,,,,1.0,,2.0,,,,,,2.0,1.0,1.0,1.0,2.0,3.0,3.0,4.0,,,,,,,,,0,,0,,0,,,,,,,,,,,,,,,,,,,,,,,,,,,,,,,,,,,,,,,,,,,,,,,,,,,,,,,,,,,,,,,,,,,,,,,,,,,,,1.0,4.0,8.0,2,2,2,1,5,1,8.0,1,4,3,1,1,3,2.0,4,2,1,,1,1,1,9,2,1.0,1,3,0.1548311552187248,
201801025006,2023-10-30T11:48:39Z,2023-10-30T11:54:44Z,2,1,1,6,1,2,2,4.0,2.0,2.0,1.0,2.0,,,,,,,,2.0,1.0,,,,,,,,1.0,2.0,3.0,5.0,5.0,4.0,4.0,4.0,5.0,,3.0,5.0,5.0,4.0,5.0,5.0,5.0,,5.0,5.0,3.0,1.0,1.0,6.0,1.0,1.0,5.0,,,1.0,,2.0,,,,,,2.0,3.0,3.0,3.0,3.0,3.0,1.0,4.0,,,,,,,,,0,,0,,0,,,,,,,,,,,,,,,,,,,,,,,,,,,,,,,,,,,,,,,,,,,,,,,,,,,,,,,,,,,,,,,,,,,,,,,,,,,,,1.0,4.0,8.0,3,2,2,3,2,1,1.0,1,1,3,1,6,1,2.0,1,2,1,,1,2,3,1,5,5.0,2,1,6.314159461681934,
201801025674,2023-10-28T18:44:25Z,2023-10-28T21:56:18Z,2,1,1,6,2,2,2,4.0,1.0,1.0,2.0,,,,,,,,,1.0,,,,,,,,,99.0,2.0,3.0,2.0,3.0,4.0,3.0,4.0,4.0,,,1.0,3.0,3.0,2.0,3.0,2.0,,,4.0,3.0,3.0,5.0,3.0,1.0,3.0,4.0,3.0,4.0,4.0,3.0,1.0,2.0,1.0,1.0,1.0,2.0,1.0,4.0,3.0,4.0,3.0,1.0,1.0,4.0,,,,,,,,,0,,0,,0,,,,,,,,,,,,,,,,,,,,,,,,,,,,,,,,,,,,,,,,,,,,,,,,,,,,,,,,,,,,,,,,,,,,,,,,,,,,,2.0,4.0,8.0,3,2,2,3,2,1,1.0,1,5,3,1,6,1,1.0,1,4,4,1.0,1,2,3,1,3,2.0,2,1,1.66468187084481,
201801025815,2023-10-27T17:31:39Z,2023-10-27T17:36:08Z,2,1,1,2,2,2,2,4.0,1.0,1.0,2.0,,,,,,,,,1.0,,,,,,,,,99.0,2.0,2.0,4.0,2.0,3.0,4.0,3.0,,4.0,,5.0,3.0,4.0,4.0,5.0,,3.0,,2.0,3.0,2.0,2.0,5.0,3.0,1.0,5.0,3.0,5.0,1.0,,2.0,,,,,,2.0,1.0,2.0,1.0,2.0,3.0,3.0,4.0,,,,,,,,,0,,0,,0,,,,,,,,,,,,,,,,,,,,,,,,,,,,,,,,,,,,,,,,,,,,,,,,,,,,,,,,,,,,,,,,,,,,,,,,,,,,,1.0,4.0,9.0,1,2,2,1,5,1,1.0,1,1,3,1,2,9,,3,6,2,,2,4,1,9,4,2.0,2,3,0.2994673772352765,
201801026461,2023-10-27T18:14:04Z,2023-10-27T18:18:14Z,2,1,1,6,2,2,2,4.0,2.0,2.0,1.0,2.0,,,,,,,,1.0,1.0,,,,,,,,1.0,2.0,3.0,4.0,5.0,5.0,3.0,5.0,4.0,,,4.0,5.0,5.0,4.0,4.0,4.0,,,3.0,1.0,,,,2.0,1.0,4.0,1.0,4.0,3.0,2.0,1.0,2.0,2.0,2.0,2.0,2.0,1.0,3.0,3.0,3.0,3.0,3.0,3.0,1.0,4.0,2.0,3.0,3.0,,2.0,1.0,,0,,0,,0,,,,,,,,,,,,,,,,,,,,,,,,,,,,,,,,,,,,,,,,,,,,,,,,,,,,,,,,,,,,,,,,,,,,,,,,,,,,,1.0,4.0,9.0,2,1,1,1,5,1,1.0,1,1,3,1,6,2,2.0,2,5,2,,2,4,1,4,4,2.0,1,1,1.181551739270883,
201801026736,2023-11-02T14:40:51Z,2023-11-02T14:44:34Z,2,1,1,6,1,1,2,4.0,2.0,2.0,2.0,1.0,,,,,,,,1.0,1.0,,,,,,,,1.0,1.0,4.0,4.0,4.0,4.0,4.0,4.0,4.0,,4.0,4.0,4.0,4.0,4.0,4.0,4.0,,4.0,4.0,3.0,4.0,4.0,4.0,1.0,1.0,4.0,,,1.0,,2.0,,,,,,2.0,4.0,3.0,3.0,3.0,1.0,3.0,4.0,,,,,,,,,0,,0,,0,,,,,,,,,,,,,,,,,,,,,,,,,,,,,,,,,,,,,,,,,,,,,,,,,,,,,,,,,,,,,,,,,,,,,,,,,,,,,1.0,4.0,9.0,2,2,2,2,3,1,1.0,1,5,3,1,6,2,2.0,2,6,3,2.0,2,3,1,2,3,2.0,2,1,0.4098878179779636,
201801027066,2023-10-30T05:40:50Z,2023-10-30T05:45:11Z,2,1,1,2,2,2,2,4.0,2.0,2.0,2.0,1.0,,,,,,,,1.0,1.0,,,,,,,,1.0,2.0,3.0,4.0,3.0,3.0,4.0,4.0,,3.0,,3.0,3.0,5.0,3.0,3.0,,3.0,,3.0,2.0,3.0,3.0,5.0,1.0,3.0,2.0,3.0,3.0,1.0,,2.0,,,,,,1.0,2.0,1.0,3.0,2.0,1.0,3.0,1.0,2.0,2.0,2.0,2.0,3.0,1.0,1.0,,0,,0,,0,,,,,,,,,,,,,,,,,,,,,,,,,,,,,,,,,,,,,,,,,,,,,,,,,,,,,,,,,,,,,,,,,,,,,,,,,,,,,1.0,4.0,9.0,2,2,2,1,5,1,1.0,1,1,3,1,2,12,,3,5,2,,2,4,1,5,4,2.0,2,2,0.2994673772352765,
201801029055,2023-10-27T17:01:36Z,2023-10-27T18:15:52Z,2,2,1,1,1,2,1,4.0,2.0,2.0,2.0,1.0,,,,,,,,1.0,1.0,,,,,,,,1.0,2.0,1.0,3.0,3.0,2.0,3.0,3.0,,2.0,1.0,4.0,5.0,3.0,6.0,4.0,,4.0,4.0,1.0,3.0,2.0,5.0,5.0,3.0,,,,,1.0,,2.0,,,,,,1.0,1.0,1.0,3.0,2.0,2.0,2.0,4.0,,,,,,,,,0,,0,,0,,,,,,,,,,,,,,,,,,,,,,,,,,,,,,,,,,,,,,,,,,,,,,,,,,,,,,,,,,,,,,,,,,,,,,,,,,,,,1.0,4.0,9.0,2,2,2,3,2,1,1.0,2,1,3,4,1,2,2.0,2,2,3,2.0,2,3,3,1,2,1.0,2,1,2.1319389837594227,
201801029241,2023-10-29T11:10:40Z,2023-10-29T11:16:12Z,2,1,1,1,2,2,1,4.0,2.0,2.0,2.0,1.0,,,,,,,,1.0,1.0,,,,,,,,1.0,1.0,2.0,5.0,5.0,5.0,5.0,5.0,,5.0,,4.0,3.0,5.0,1.0,5.0,,2.0,,5.0,3.0,1.0,1.0,1.0,1.0,,,1.0,5.0,1.0,,2.0,,,,,,1.0,2.0,1.0,3.0,1.0,3.0,3.0,4.0,,,,,,,,,0,,0,,0,,,,,,,,,,,,,,,,,,,,,,,,,,,,,,,,,,,,,,,,,,,,,,,,,,,,,,,,,,,,,,,,,,,,,,,,,,,,,1.0,4.0,9.0,3,2,2,2,4,1,1.0,1,1,3,1,1,2,2.0,2,6,4,2.0,2,3,1,99,3,1.0,2,99,0.7593552819630216,
201801029259,2023-10-27T19:10:23Z,2023-10-27T19:14:50Z,2,1,1,6,2,2,2,4.0,2.0,2.0,1.0,2.0,,,,,,,,1.0,1.0,,,,,,,,1.0,2.0,2.0,3.0,2.0,4.0,2.0,3.0,3.0,,,4.0,3.0,3.0,4.0,4.0,2.0,,,4.0,3.0,2.0,2.0,2.0,1.0,1.0,4.0,1.0,4.0,2.0,1.0,2.0,,,,,,2.0,3.0,3.0,3.0,3.0,1.0,3.0,4.0,,,,,,,,,0,,0,,0,,,,,,,,,,,,,,,,,,,,,,,,,,,,,,,,,,,,,,,,,,,,,,,,,,,,,,,,,,,,,,,,,,,,,,,,,,,,,1.0,4.0,9.0,2,1,2,1,5,1,1.0,1,1,3,1,6,2,2.0,2,5,2,,2,3,1,7,3,1.0,2,2,1.053401118872164,
201801029858,2023-10-27T17:01:55Z,2023-10-27T17:10:51Z,2,1,1,6,2,2,2,4.0,2.0,2.0,2.0,1.0,,,,,,,,2.0,1.0,,,,,,,,1.0,1.0,4.0,5.0,5.0,5.0,5.0,5.0,5.0,,,5.0,5.0,5.0,5.0,5.0,6.0,,,5.0,3.0,6.0,5.0,4.0,1.0,1.0,5.0,1.0,5.0,1.0,,2.0,,,,,,2.0,3.0,3.0,4.0,2.0,2.0,2.0,4.0,,,,,,,,,0,,0,,0,,,,,,,,,,,,,,,,,,,,,,,,,,,,,,,,,,,,,,,,,,,,,,,,,,,,,,,,,,,,,,,,,,,,,,,,,,,,,1.0,4.0,9.0,2,1,2,1,5,1,1.0,1,1,3,1,6,12,,3,6,2,,2,3,3,7,3,1.0,2,2,0.9285121296481468,
201801030954,2023-10-29T02:53:57Z,2023-10-29T02:57:14Z,1,1,1,6,2,2,2,4.0,2.0,2.0,1.0,2.0,,,,,,,,1.0,1.0,,,,,,,,1.0,2.0,4.0,4.0,5.0,5.0,5.0,5.0,5.0,,,5.0,4.0,5.0,5.0,5.0,5.0,,,4.0,2.0,5.0,3.0,1.0,1.0,1.0,4.0,1.0,4.0,5.0,1.0,1.0,2.0,1.0,1.0,1.0,1.0,2.0,2.0,2.0,3.0,4.0,1.0,3.0,1.0,4.0,2.0,5.0,5.0,,2.0,1.0,,0,,0,,0,,,,,,,,,,,,,,,,,,,,,,,,,,,,,,,,,,,,,,,,,,,,,,,,,,,,,,,,,,,,,,,,,,,,,,,,,,,,,1.0,4.0,9.0,2,1,1,1,5,1,1.0,1,5,3,1,6,10,,3,5,2,,2,4,1,1,5,1.0,2,1,1.0232108838492602,
201801031827,2023-10-27T17:06:03Z,2023-10-27T17:11:02Z,3,1,1,1,1,2,1,3.0,1.0,1.0,2.0,,,,,,,,,1.0,,,,,,,,,99.0,2.0,2.0,4.0,3.0,3.0,3.0,3.0,,3.0,3.0,4.0,4.0,3.0,4.0,4.0,,4.0,4.0,3.0,3.0,2.0,3.0,5.0,1.0,,,,,1.0,,2.0,,,,,,2.0,2.0,2.0,3.0,4.0,3.0,3.0,4.0,,,,,,,,,0,,0,,0,,,,,,,,,,,,,,,,,,,,,,,,,,,,,,,,,,,,,,,,,,,,,,,,,,,,,,,,,,,,,,,,,,,,,,,,,,,,,1.0,1.0,2.0,2,2,1,1,6,2,,2,3,5,4,1,9,,3,5,2,,2,4,3,9,4,1.0,1,2,0.2686050797682953,
201801032543,2023-11-01T12:17:19Z,2023-11-01T12:30:08Z,2,1,1,2,2,2,2,4.0,2.0,2.0,2.0,1.0,,,,,,,,1.0,1.0,,,,,,,,1.0,1.0,2.0,2.0,2.0,2.0,4.0,2.0,,4.0,,4.0,2.0,1.0,4.0,4.0,,4.0,,1.0,3.0,2.0,2.0,4.0,1.0,1.0,4.0,1.0,4.0,1.0,,2.0,,,,,,2.0,4.0,3.0,3.0,3.0,3.0,3.0,4.0,,,,,,,,,0,,0,,0,,,,,,,,,,,,,,,,,,,,,,,,,,,,,,,,,,,,,,,,,,,,,,,,,,,,,,,,,,,,,,,,,,,,,,,,,,,,,1.0,4.0,9.0,2,1,2,1,5,1,1.0,1,4,3,1,2,12,,3,5,4,2.0,2,4,1,5,5,1.0,1,2,0.3544699454279701,
201801034847,2023-10-29T12:13:56Z,2023-10-29T12:44:10Z,2,1,1,2,1,2,2,2.0,2.0,2.0,2.0,1.0,,,,,,,,1.0,2.0,,,,,,,,1.0,2.0,1.0,3.0,3.0,4.0,4.0,5.0,,4.0,3.0,5.0,5.0,5.0,5.0,5.0,,4.0,5.0,3.0,3.0,1.0,1.0,5.0,2.0,3.0,5.0,,,3.0,1.0,1.0,2.0,2.0,1.0,1.0,2.0,1.0,1.0,1.0,3.0,2.0,3.0,3.0,4.0,,,,,,,,,0,,0,,0,,,,,,,,,,,,,,,,,,,,,,,,,,,,,,,,,,,,,,,,,,,,,,,,,,,,,,,,,,,,,,,,,,,,,,,,,,,,,2.0,3.0,5.0,3,1,2,2,3,2,,1,2,2,1,2,1,2.0,1,5,2,,2,3,2,1,3,1.0,2,1,1.7785849626202117,
201801035061,2023-10-27T17:34:55Z,2023-10-27T17:37:53Z,2,1,1,2,2,2,2,4.0,2.0,2.0,2.0,1.0,,,,,,,,1.0,1.0,,,,,,,,1.0,2.0,1.0,4.0,3.0,3.0,2.0,2.0,,3.0,,5.0,4.0,3.0,5.0,4.0,,4.0,,2.0,3.0,2.0,1.0,5.0,1.0,1.0,5.0,3.0,4.0,1.0,,2.0,,,,,,2.0,1.0,1.0,2.0,1.0,3.0,3.0,4.0,,,,,,,,,0,,0,,0,,,,,,,,,,,,,,,,,,,,,,,,,,,,,,,,,,,,,,,,,,,,,,,,,,,,,,,,,,,,,,,,,,,,,,,,,,,,,1.0,3.0,5.0,1,1,1,1,5,1,3.0,1,1,3,1,2,1,2.0,1,6,3,2.0,2,3,3,9,3,1.0,2,3,0.6727299418510515,
201801035093,2023-10-28T16:47:08Z,2023-10-29T19:07:21Z,2,1,1,6,1,2,2,4.0,2.0,2.0,1.0,1.0,,,,,,,,1.0,2.0,,,,,,,,1.0,1.0,4.0,3.0,3.0,2.0,2.0,3.0,4.0,,4.0,4.0,3.0,3.0,4.0,4.0,4.0,,3.0,4.0,3.0,6.0,5.0,5.0,1.0,2.0,5.0,,,1.0,,2.0,,,,,,2.0,4.0,4.0,2.0,3.0,1.0,2.0,4.0,,,,,,,,,0,,0,,0,,,,,,,,,,,,,,,,,,,,,,,,,,,,,,,,,,,,,,,,,,,,,,,,,,,,,,,,,,,,,,,,,,,,,,,,,,,,,1.0,3.0,5.0,2,2,2,3,2,2,,1,2,2,1,6,12,,3,6,2,,2,3,1,3,2,3.0,2,2,0.2724807570015752,
201801036406,2023-10-28T21:49:10Z,2023-10-28T21:51:17Z,2,1,1,4,1,1,1,3.0,2.0,2.0,2.0,,,,,,,,,1.0,,,,,,,,,1.0,2.0,4.0,1.0,1.0,4.0,1.0,4.0,4.0,,1.0,2.0,2.0,3.0,3.0,1.0,5.0,,1.0,4.0,2.0,2.0,1.0,3.0,4.0,,,,,4.0,99.0,1.0,1.0,2.0,2.0,1.0,1.0,2.0,3.0,2.0,4.0,2.0,3.0,3.0,3.0,4.0,4.0,4.0,4.0,,1.0,1.0,,0,,0,,0,,,,,,,,,,,,,,,,,,,,,,,,,,,,,,,,,,,,,,,,,,,,,,,,,,,,,,,,,,,,,,,,,,,,,,,,,,,,,1.0,3.0,6.0,3,1,1,2,4,1,4.0,1,2,3,1,4,1,2.0,1,3,1,,1,2,2,7,3,3.0,1,99,0.6157463590567019,
201801036666,2023-10-28T22:41:39Z,2023-10-28T22:46:00Z,2,1,1,1,1,2,1,4.0,2.0,2.0,1.0,2.0,,,,,,,,1.0,1.0,,,,,,,,1.0,2.0,3.0,5.0,5.0,4.0,4.0,5.0,,3.0,4.0,5.0,5.0,3.0,6.0,5.0,,4.0,5.0,3.0,3.0,2.0,6.0,6.0,1.0,,,,,1.0,,2.0,,,,,,2.0,2.0,1.0,3.0,1.0,3.0,3.0,4.0,,,,,,,,,0,,0,,0,,,,,,,,,,,,,,,,,,,,,,,,,,,,,,,,,,,,,,,,,,,,,,,,,,,,,,,,,,,,,,,,,,,,,,,,,,,,,1.0,3.0,5.0,2,1,1,2,4,2,,1,1,1,1,1,1,1.0,1,5,1,,1,2,3,9,3,1.0,2,2,2.3107190555022146,
201801037188,2023-11-05T03:22:17Z,2023-11-05T03:30:26Z,1,1,1,6,2,2,2,4.0,1.0,1.0,1.0,,,,,,,,,1.0,,,,,,,,,99.0,1.0,3.0,2.0,2.0,3.0,3.0,4.0,5.0,,,2.0,2.0,2.0,3.0,3.0,5.0,,,3.0,1.0,,,,2.0,1.0,4.0,3.0,4.0,4.0,3.0,1.0,2.0,2.0,2.0,1.0,1.0,1.0,3.0,2.0,4.0,3.0,3.0,99.0,3.0,3.0,2.0,5.0,5.0,,1.0,1.0,,0,,0,,0,,,,,,,,,,,,,,,,,,,,,,,,,,,,,,,,,,,,,,,,,,,,,,,,,,,,,,,,,,,,,,,,,,,,,,,,,,,,,1.0,2.0,3.0,2,1,1,3,2,2,,1,1,1,1,6,9,,3,6,2,,2,4,2,1,4,1.0,2,1,5.577383575537368,
201801038195,2023-10-29T12:50:14Z,2023-10-29T21:30:43Z,2,1,1,6,2,2,2,4.0,2.0,2.0,2.0,1.0,,,,,,,,1.0,1.0,,,,,,,,1.0,1.0,1.0,3.0,3.0,3.0,3.0,3.0,3.0,,,5.0,5.0,4.0,5.0,5.0,5.0,,,3.0,3.0,3.0,3.0,5.0,1.0,1.0,5.0,1.0,5.0,2.0,1.0,1.0,2.0,1.0,2.0,1.0,1.0,2.0,3.0,2.0,4.0,3.0,2.0,2.0,4.0,,,,,,,,,0,,0,,0,,,,,,,,,,,,,,,,,,,,,,,,,,,,,,,,,,,,,,,,,,,,,,,,,,,,,,,,,,,,,,,,,,,,,,,,,,,,,1.0,1.0,2.0,1,1,1,1,6,2,,1,2,2,1,6,1,2.0,1,5,2,,2,4,1,3,5,1.0,1,2,0.4855750819242031,
201801039165,2023-10-25T02:29:19Z,2023-10-25T02:36:01Z,2,1,1,6,1,2,2,2.0,2.0,2.0,2.0,1.0,,,,,,,,1.0,2.0,,,,,,,,1.0,2.0,1.0,1.0,1.0,1.0,3.0,3.0,5.0,,2.0,3.0,4.0,5.0,3.0,5.0,4.0,,2.0,2.0,3.0,2.0,2.0,2.0,1.0,1.0,5.0,,,1.0,,2.0,,,,,,1.0,1.0,1.0,1.0,4.0,1.0,1.0,4.0,,,,,,,,,0,,0,,0,,,,,,,,,,,,,,,,,,,,,,,,,,,,,,,,,,,,,,,,,,,,,,,,,,,,,,,,,,,,,,,,,,,,,,,,,,,,,1.0,3.0,7.0,2,2,2,2,3,2,,1,2,2,1,6,1,1.0,1,3,1,,1,1,1,1,1,2.0,1,1,0.3018377078906017,
201801039611,2023-10-28T18:10:20Z,2023-10-28T18:15:19Z,2,1,1,6,2,2,2,4.0,2.0,2.0,2.0,1.0,,,,,,,,1.0,1.0,,,,,,,,1.0,1.0,1.0,3.0,3.0,3.0,2.0,3.0,4.0,,,4.0,4.0,5.0,4.0,4.0,3.0,,,3.0,1.0,,,,3.0,1.0,3.0,1.0,4.0,3.0,1.0,1.0,2.0,2.0,2.0,1.0,1.0,2.0,1.0,1.0,4.0,1.0,3.0,3.0,1.0,1.0,2.0,4.0,4.0,,2.0,1.0,,0,,0,,0,,,,,,,,,,,,,,,,,,,,,,,,,,,,,,,,,,,,,,,,,,,,,,,,,,,,,,,,,,,,,,,,,,,,,,,,,,,,,1.0,1.0,1.0,2,2,2,1,6,2,,1,2,2,1,6,99,2.0,99,4,2,,2,3,1,99,3,1.0,2,99,0.6771145091538942,
201801040000,2023-10-27T17:49:54Z,2023-10-27T17:54:03Z,2,1,1,6,2,2,2,4.0,2.0,2.0,1.0,2.0,,,,,,,,1.0,1.0,,,,,,,,1.0,2.0,2.0,2.0,2.0,4.0,3.0,4.0,5.0,,,3.0,3.0,4.0,5.0,4.0,3.0,,,3.0,3.0,2.0,1.0,3.0,1.0,1.0,3.0,3.0,3.0,1.0,,2.0,,,,,,2.0,2.0,2.0,1.0,2.0,3.0,3.0,4.0,,,,,,,,,0,,0,,0,,,,,,,,,,,,,,,,,,,,,,,,,,,,,,,,,,,,,,,,,,,,,,,,,,,,,,,,,,,,,,,,,,,,,,,,,,,,,1.0,1.0,2.0,1,1,1,1,5,1,8.0,1,1,3,1,6,10,,3,5,2,,2,4,1,8,5,1.0,2,2,1.0989237344546785,
201801041113,2023-10-30T13:53:23Z,2023-10-30T21:39:40Z,1,1,1,3,2,2,1,4.0,2.0,2.0,1.0,2.0,,,,,,,,1.0,1.0,,,,,,,,1.0,2.0,1.0,3.0,3.0,3.0,3.0,3.0,3.0,,,4.0,3.0,3.0,4.0,3.0,3.0,,,2.0,3.0,3.0,2.0,4.0,1.0,,,1.0,4.0,1.0,,2.0,,,,,,2.0,2.0,2.0,4.0,3.0,3.0,2.0,4.0,,,,,,,,,0,,0,,0,,,,,,,,,,,,,,,,,,,,,,,,,,,,,,,,,,,,,,,,,,,,,,,,,,,,,,,,,,,,,,,,,,,,,,,,,,,,,1.0,3.0,5.0,2,2,2,1,6,2,,1,1,1,1,3,2,2.0,2,4,3,1.0,1,2,1,9,3,1.0,1,3,0.2080398967317699,
201801041193,2023-10-24T19:23:51Z,2023-10-24T19:27:08Z,2,1,1,4,1,2,1,4.0,2.0,2.0,2.0,1.0,,,,,,,,1.0,2.0,,,,,,,,1.0,2.0,4.0,3.0,4.0,2.0,3.0,3.0,3.0,,3.0,3.0,5.0,4.0,3.0,5.0,3.0,,4.0,3.0,3.0,2.0,2.0,3.0,1.0,,,,,1.0,,2.0,,,,,,2.0,3.0,3.0,1.0,2.0,3.0,3.0,4.0,,,,,,,,,0,,0,,0,,,,,,,,,,,,,,,,,,,,,,,,,,,,,,,,,,,,,,,,,,,,,,,,,,,,,,,,,,,,,,,,,,,,,,,,,,,,,1.0,1.0,2.0,2,2,2,2,3,2,,1,1,1,1,4,9,,3,6,4,2.0,2,4,1,2,5,1.0,1,1,0.2577133326146054,
201801041371,2023-10-27T21:38:01Z,2023-10-27T21:41:32Z,2,1,1,6,2,2,2,4.0,2.0,2.0,2.0,1.0,,,,,,,,1.0,1.0,,,,,,,,1.0,1.0,1.0,2.0,3.0,4.0,3.0,3.0,4.0,,,3.0,3.0,2.0,3.0,3.0,4.0,,,3.0,3.0,3.0,2.0,5.0,1.0,1.0,2.0,1.0,3.0,2.0,1.0,1.0,2.0,2.0,2.0,2.0,1.0,2.0,3.0,2.0,3.0,3.0,3.0,3.0,4.0,,,,,,,,,0,,0,,0,,,,,,,,,,,,,,,,,,,,,,,,,,,,,,,,,,,,,,,,,,,,,,,,,,,,,,,,,,,,,,,,,,,,,,,,,,,,,1.0,2.0,3.0,1,1,1,1,6,2,,1,1,1,1,6,10,,3,5,3,2.0,2,3,2,6,3,1.0,2,2,2.418548484855934,
201801042319,2023-10-27T17:11:06Z,2023-10-27T17:16:39Z,2,1,1,6,2,2,2,4.0,2.0,2.0,1.0,2.0,,,,,,,,1.0,1.0,,,,,,,,1.0,1.0,1.0,3.0,2.0,3.0,3.0,3.0,3.0,,,4.0,4.0,5.0,5.0,4.0,5.0,,,2.0,3.0,2.0,1.0,6.0,1.0,1.0,3.0,1.0,1.0,2.0,1.0,2.0,,,,,,2.0,1.0,2.0,1.0,1.0,3.0,3.0,4.0,,,,,,,,,0,,0,,0,,,,,,,,,,,,,,,,,,,,,,,,,,,,,,,,,,,,,,,,,,,,,,,,,,,,,,,,,,,,,,,,,,,,,,,,,,,,,1.0,3.0,5.0,1,2,2,1,6,2,,4,2,2,4,6,2,2.0,2,3,2,,2,3,3,9,3,1.0,1,3,0.1444847923949558,
201801042514,2023-10-28T09:26:51Z,2023-10-28T09:30:53Z,2,1,1,6,2,2,2,4.0,2.0,2.0,2.0,1.0,,,,,,,,1.0,1.0,,,,,,,,1.0,2.0,1.0,2.0,3.0,4.0,4.0,3.0,3.0,,,4.0,5.0,5.0,6.0,5.0,4.0,,,2.0,1.0,,,,1.0,1.0,4.0,1.0,5.0,2.0,1.0,2.0,,,,,,1.0,2.0,2.0,4.0,2.0,3.0,3.0,1.0,3.0,1.0,4.0,3.0,,2.0,1.0,,0,,0,,0,,,,,,,,,,,,,,,,,,,,,,,,,,,,,,,,,,,,,,,,,,,,,,,,,,,,,,,,,,,,,,,,,,,,,,,,,,,,,1.0,3.0,5.0,2,1,2,1,6,2,,1,2,2,1,6,1,2.0,1,4,2,,2,4,1,9,5,1.0,2,2,0.5348302925410843,
201801044875,2023-11-04T13:28:55Z,2023-11-04T13:49:13Z,2,1,1,1,1,2,1,4.0,2.0,2.0,2.0,1.0,,,,,,,,1.0,1.0,,,,,,,,1.0,2.0,2.0,3.0,2.0,3.0,3.0,3.0,,3.0,2.0,4.0,3.0,2.0,2.0,4.0,,5.0,4.0,2.0,3.0,1.0,1.0,4.0,1.0,,,,,1.0,,1.0,2.0,1.0,2.0,1.0,2.0,1.0,1.0,1.0,2.0,1.0,2.0,3.0,4.0,,,,,,,,,0,,0,,0,,,,,,,,,,,,,,,,,,,,,,,,,,,,,,,,,,,,,,,,,,,,,,,,,,,,,,,,,,,,,,,,,,,,,,,,,,,,,1.0,3.0,5.0,2,2,2,1,6,1,1.0,1,1,3,1,1,12,,3,5,2,,2,3,1,7,3,1.0,2,2,0.2039018628149782,
201801044917,2023-10-28T01:19:36Z,2023-10-28T01:23:14Z,2,1,1,6,2,2,2,4.0,2.0,2.0,2.0,1.0,,,,,,,,1.0,1.0,,,,,,,,1.0,2.0,3.0,5.0,4.0,5.0,5.0,5.0,5.0,,,5.0,5.0,5.0,5.0,5.0,5.0,,,2.0,3.0,2.0,2.0,5.0,1.0,1.0,5.0,1.0,4.0,1.0,,2.0,,,,,,1.0,1.0,2.0,2.0,3.0,3.0,3.0,4.0,,,,,,,,,0,,0,,0,,,,,,,,,,,,,,,,,,,,,,,,,,,,,,,,,,,,,,,,,,,,,,,,,,,,,,,,,,,,,,,,,,,,,,,,,,,,,1.0,4.0,9.0,1,2,1,1,6,1,4.0,1,5,3,1,6,9,,3,6,2,,2,4,1,9,4,1.0,2,3,0.5034808566958856,
201801045534,2023-11-04T20:13:08Z,2023-11-04T20:15:56Z,2,1,1,1,1,2,1,4.0,2.0,2.0,2.0,1.0,,,,,,,,1.0,1.0,,,,,,,,1.0,2.0,2.0,5.0,4.0,5.0,5.0,4.0,,5.0,4.0,3.0,4.0,3.0,4.0,4.0,,3.0,3.0,5.0,3.0,2.0,2.0,5.0,2.0,,,,,1.0,,2.0,,,,,,2.0,4.0,4.0,1.0,4.0,1.0,1.0,4.0,,,,,,,,,0,,0,,0,,,,,,,,,,,,,,,,,,,,,,,,,,,,,,,,,,,,,,,,,,,,,,,,,,,,,,,,,,,,,,,,,,,,,,,,,,,,,1.0,3.0,5.0,1,2,2,1,5,2,,1,1,1,1,1,1,1.0,1,2,3,1.0,1,2,1,5,3,1.0,2,2,0.3359277428296174,
201801046176,2023-10-27T17:45:31Z,2023-10-27T17:50:32Z,2,1,1,1,2,2,1,4.0,2.0,2.0,2.0,1.0,,,,,,,,1.0,1.0,,,,,,,,1.0,2.0,1.0,4.0,4.0,2.0,3.0,3.0,,2.0,,5.0,5.0,5.0,3.0,5.0,,5.0,,2.0,3.0,2.0,2.0,3.0,1.0,,,1.0,5.0,4.0,2.0,1.0,2.0,2.0,2.0,1.0,2.0,1.0,1.0,1.0,1.0,1.0,3.0,3.0,4.0,,,,,,,,,0,,0,,0,,,,,,,,,,,,,,,,,,,,,,,,,,,,,,,,,,,,,,,,,,,,,,,,,,,,,,,,,,,,,,,,,,,,,,,,,,,,,1.0,3.0,5.0,1,1,2,2,3,2,,1,2,2,1,1,1,99.0,1,5,3,2.0,2,9,1,6,99,1.0,2,2,2.006694897992877,
201801046811,2023-10-28T15:08:13Z,2023-10-28T15:11:42Z,2,1,1,2,2,2,2,4.0,2.0,2.0,2.0,1.0,,,,,,,,1.0,1.0,,,,,,,,1.0,2.0,5.0,5.0,3.0,5.0,5.0,4.0,,3.0,,5.0,5.0,5.0,3.0,4.0,,5.0,,5.0,3.0,3.0,2.0,4.0,1.0,1.0,5.0,1.0,3.0,1.0,,2.0,,,,,,1.0,4.0,2.0,3.0,4.0,2.0,2.0,4.0,,,,,,,,,0,,0,,0,,,,,,,,,,,,,,,,,,,,,,,,,,,,,,,,,,,,,,,,,,,,,,,,,,,,,,,,,,,,,,,,,,,,,,,,,,,,,1.0,3.0,5.0,2,2,2,3,2,2,,1,2,2,1,2,12,,3,5,3,2.0,2,4,2,4,4,2.0,2,1,1.5844035038969306,
201801046833,2023-10-29T11:11:47Z,2023-10-29T11:15:59Z,2,1,1,6,2,2,2,4.0,2.0,2.0,1.0,2.0,,,,,,,,1.0,1.0,,,,,,,,1.0,2.0,2.0,2.0,2.0,3.0,2.0,3.0,3.0,,,4.0,5.0,5.0,3.0,4.0,4.0,,,2.0,1.0,,,,2.0,1.0,4.0,2.0,5.0,4.0,2.0,1.0,2.0,2.0,2.0,1.0,1.0,2.0,1.0,1.0,2.0,1.0,3.0,3.0,1.0,2.0,2.0,3.0,3.0,,2.0,2.0,,0,,0,,0,,,,,,,,,,,,,,,,,,,,,,,,,,,,,,,,,,,,,,,,,,,,,,,,,,,,,,,,,,,,,,,,,,,,,,,,,,,,,1.0,3.0,5.0,2,1,2,1,5,2,,1,1,1,1,6,1,1.0,1,3,1,,1,1,1,9,2,2.0,2,3,2.547265845243514,
201801046930,2023-11-05T06:32:51Z,2023-11-05T06:36:04Z,2,1,1,2,1,1,2,4.0,2.0,2.0,2.0,1.0,,,,,,,,1.0,1.0,,,,,,,,1.0,2.0,1.0,3.0,2.0,4.0,2.0,3.0,,3.0,2.0,3.0,3.0,4.0,3.0,4.0,,3.0,3.0,2.0,3.0,2.0,2.0,3.0,1.0,1.0,5.0,,,2.0,2.0,1.0,2.0,2.0,2.0,1.0,2.0,1.0,1.0,1.0,5.0,1.0,3.0,3.0,4.0,,,,,,,,,0,,0,,0,,,,,,,,,,,,,,,,,,,,,,,,,,,,,,,,,,,,,,,,,,,,,,,,,,,,,,,,,,,,,,,,,,,,,,,,,,,,,1.0,3.0,5.0,2,2,2,1,5,2,,1,2,2,1,2,1,1.0,1,6,2,,2,3,1,2,3,1.0,2,1,0.1660516501839604,
201801047644,2023-10-29T08:13:53Z,2023-10-29T08:17:49Z,2,1,1,2,1,2,2,4.0,2.0,2.0,2.0,1.0,,,,,,,,1.0,1.0,,,,,,,,1.0,2.0,3.0,4.0,4.0,4.0,3.0,4.0,,5.0,4.0,4.0,5.0,5.0,3.0,5.0,,4.0,5.0,4.0,3.0,4.0,3.0,4.0,2.0,1.0,5.0,,,3.0,2.0,1.0,2.0,2.0,2.0,1.0,2.0,2.0,4.0,3.0,4.0,3.0,2.0,2.0,4.0,,,,,,,,,0,,0,,0,,,,,,,,,,,,,,,,,,,,,,,,,,,,,,,,,,,,,,,,,,,,,,,,,,,,,,,,,,,,,,,,,,,,,,,,,,,,,1.0,3.0,5.0,1,2,2,1,6,2,,1,2,2,1,2,99,,99,3,3,2.0,2,9,1,4,99,2.0,2,2,0.1803940404308712,
201801047656,2023-10-27T17:16:27Z,2023-10-27T17:20:07Z,2,1,1,1,1,2,1,4.0,2.0,2.0,2.0,1.0,,,,,,,,1.0,1.0,,,,,,,,1.0,2.0,2.0,2.0,3.0,3.0,3.0,3.0,,4.0,4.0,3.0,4.0,2.0,3.0,5.0,,5.0,5.0,3.0,3.0,2.0,1.0,4.0,1.0,,,,,2.0,1.0,1.0,2.0,2.0,2.0,2.0,2.0,2.0,1.0,2.0,2.0,1.0,3.0,3.0,4.0,,,,,,,,,0,,0,,0,,,,,,,,,,,,,,,,,,,,,,,,,,,,,,,,,,,,,,,,,,,,,,,,,,,,,,,,,,,,,,,,,,,,,,,,,,,,,1.0,3.0,5.0,2,2,2,1,6,2,,1,1,1,1,1,1,2.0,1,1,3,2.0,2,4,1,9,4,1.0,1,2,0.1600065707085361,
201801047657,2023-10-27T18:44:24Z,2023-10-27T18:48:47Z,2,1,1,6,2,2,2,4.0,2.0,2.0,1.0,2.0,,,,,,,,1.0,1.0,,,,,,,,1.0,1.0,2.0,2.0,3.0,3.0,2.0,3.0,4.0,,,4.0,4.0,2.0,4.0,3.0,3.0,,,1.0,3.0,3.0,2.0,3.0,1.0,1.0,4.0,2.0,4.0,3.0,2.0,1.0,2.0,1.0,2.0,1.0,1.0,2.0,1.0,2.0,3.0,2.0,2.0,2.0,4.0,,,,,,,,,0,,0,,0,,,,,,,,,,,,,,,,,,,,,,,,,,,,,,,,,,,,,,,,,,,,,,,,,,,,,,,,,,,,,,,,,,,,,,,,,,,,,1.0,3.0,5.0,2,2,2,1,5,2,,1,1,1,1,6,2,2.0,2,5,3,2.0,2,4,1,2,4,1.0,2,1,0.3693950107535527,
201801048506,2023-10-27T17:16:43Z,2023-10-27T17:47:49Z,2,1,1,2,2,2,2,3.0,1.0,1.0,2.0,,,,,,,,,1.0,,,,,,,,,99.0,2.0,4.0,2.0,2.0,2.0,2.0,2.0,,4.0,,3.0,5.0,5.0,5.0,1.0,,3.0,,2.0,3.0,2.0,2.0,5.0,1.0,1.0,5.0,1.0,5.0,4.0,1.0,1.0,2.0,2.0,2.0,1.0,1.0,2.0,2.0,2.0,4.0,3.0,3.0,3.0,4.0,,,,,,,,,0,,0,,0,,,,,,,,,,,,,,,,,,,,,,,,,,,,,,,,,,,,,,,,,,,,,,,,,,,,,,,,,,,,,,,,,,,,,,,,,,,,,1.0,3.0,5.0,1,1,1,2,4,2,,1,2,2,1,2,1,1.0,1,5,2,,2,3,3,5,3,1.0,2,2,6.314159461681934,
201801048664,2023-10-27T17:05:38Z,2023-10-27T17:10:11Z,2,1,1,6,1,2,2,4.0,2.0,2.0,2.0,1.0,,,,,,,,1.0,1.0,,,,,,,,1.0,1.0,1.0,1.0,1.0,1.0,1.0,1.0,5.0,,1.0,3.0,5.0,5.0,5.0,3.0,1.0,,1.0,1.0,3.0,1.0,1.0,5.0,1.0,1.0,4.0,,,1.0,,2.0,,,,,,1.0,1.0,1.0,1.0,1.0,3.0,3.0,4.0,,,,,,,,,0,,0,,0,,,,,,,,,,,,,,,,,,,,,,,,,,,,,,,,,,,,,,,,,,,,,,,,,,,,,,,,,,,,,,,,,,,,,,,,,,,,,1.0,3.0,5.0,1,1,2,2,3,2,,1,2,2,1,6,1,1.0,1,6,2,,2,4,3,3,4,1.0,2,2,2.049833870511826,
201801049501,2023-10-27T17:52:40Z,2023-10-27T17:56:34Z,2,1,1,6,2,2,2,4.0,2.0,2.0,1.0,2.0,,,,,,,,1.0,1.0,,,,,,,,1.0,1.0,2.0,4.0,4.0,5.0,5.0,5.0,5.0,,,4.0,3.0,3.0,3.0,5.0,5.0,,,5.0,3.0,3.0,5.0,5.0,1.0,1.0,5.0,1.0,5.0,1.0,,2.0,,,,,,2.0,1.0,2.0,4.0,2.0,3.0,3.0,4.0,,,,,,,,,0,,0,,0,,,,,,,,,,,,,,,,,,,,,,,,,,,,,,,,,,,,,,,,,,,,,,,,,,,,,,,,,,,,,,,,,,,,,,,,,,,,,1.0,3.0,5.0,2,1,2,1,5,2,,1,1,1,1,6,1,1.0,1,2,1,,1,1,1,99,2,2.0,1,99,0.9566384710002755,
201801051220,2023-10-28T11:54:36Z,2023-10-28T12:00:36Z,2,1,1,1,1,2,1,4.0,2.0,2.0,1.0,2.0,,,,,,,,1.0,1.0,,,,,,,,1.0,1.0,3.0,5.0,4.0,4.0,3.0,5.0,,5.0,4.0,4.0,5.0,4.0,3.0,3.0,,3.0,2.0,2.0,3.0,1.0,3.0,4.0,1.0,,,,,1.0,,2.0,,,,,,1.0,3.0,2.0,2.0,3.0,2.0,2.0,4.0,,,,,,,,,0,,0,,0,,,,,,,,,,,,,,,,,,,,,,,,,,,,,,,,,,,,,,,,,,,,,,,,,,,,,,,,,,,,,,,,,,,,,,,,,,,,,1.0,1.0,2.0,2,2,2,1,6,2,,2,3,5,4,1,6,,4,4,2,,2,4,3,2,4,1.0,2,1,0.4653683726545207,
201801051240,2023-10-29T19:14:38Z,2023-10-29T19:18:33Z,2,1,1,6,2,2,2,4.0,2.0,2.0,2.0,1.0,,,,,,,,1.0,1.0,,,,,,,,1.0,1.0,1.0,4.0,4.0,3.0,2.0,4.0,3.0,,,4.0,4.0,3.0,4.0,5.0,3.0,,,2.0,3.0,2.0,2.0,2.0,1.0,3.0,5.0,2.0,5.0,1.0,,2.0,,,,,,2.0,1.0,1.0,4.0,2.0,3.0,3.0,4.0,,,,,,,,,0,,0,,0,,,,,,,,,,,,,,,,,,,,,,,,,,,,,,,,,,,,,,,,,,,,,,,,,,,,,,,,,,,,,,,,,,,,,,,,,,,,,1.0,3.0,5.0,3,2,2,1,6,2,,1,1,1,1,6,12,,3,6,1,,1,2,1,9,3,1.0,2,3,0.1498198503984146,
201801051392,2023-10-27T20:36:22Z,2023-10-27T20:44:23Z,1,1,1,2,2,2,2,4.0,1.0,1.0,1.0,,,,,,,,,1.0,,,,,,,,,99.0,1.0,3.0,5.0,5.0,3.0,3.0,5.0,,3.0,,4.0,5.0,4.0,6.0,5.0,,5.0,,3.0,2.0,6.0,1.0,1.0,3.0,1.0,4.0,1.0,5.0,1.0,,2.0,,,,,,1.0,2.0,1.0,2.0,2.0,3.0,3.0,2.0,2.0,4.0,2.0,3.0,3.0,2.0,1.0,,0,,0,,0,,,,,,,,,,,,,,,,,,,,,,,,,,,,,,,,,,,,,,,,,,,,,,,,,,,,,,,,,,,,,,,,,,,,,,,,,,,,,1.0,3.0,6.0,1,2,2,3,1,2,,1,1,1,1,2,12,,3,6,4,1.0,1,2,3,3,3,1.0,2,1,2.119423862459441,
201801052974,2023-10-30T14:01:03Z,2023-10-30T14:33:15Z,2,1,1,2,1,2,1,4.0,1.0,1.0,2.0,,,,,,,,,1.0,,,,,,,,,99.0,2.0,1.0,4.0,4.0,4.0,2.0,3.0,,4.0,4.0,4.0,4.0,1.0,5.0,1.0,,1.0,5.0,4.0,3.0,3.0,3.0,5.0,1.0,,,,,1.0,,2.0,,,,,,2.0,4.0,3.0,3.0,3.0,2.0,2.0,4.0,,,,,,,,,0,,0,,0,,,,,,,,,,,,,,,,,,,,,,,,,,,,,,,,,,,,,,,,,,,,,,,,,,,,,,,,,,,,,,,,,,,,,,,,,,,,,1.0,2.0,3.0,2,2,2,3,2,2,,1,2,2,1,2,1,1.0,1,2,3,2.0,2,3,1,5,3,1.0,2,2,1.2362831986476384,
201801054987,2023-10-29T11:11:48Z,2023-10-29T11:14:50Z,2,1,1,6,2,2,2,4.0,1.0,1.0,2.0,,,,,,,,,1.0,,,,,,,,,99.0,2.0,2.0,3.0,4.0,5.0,3.0,5.0,5.0,,,3.0,5.0,4.0,6.0,5.0,6.0,,,5.0,1.0,,,,2.0,3.0,4.0,3.0,5.0,4.0,2.0,2.0,,,,,,1.0,3.0,4.0,3.0,3.0,3.0,2.0,1.0,4.0,2.0,4.0,4.0,,1.0,1.0,,0,,0,,0,,,,,,,,,,,,,,,,,,,,,,,,,,,,,,,,,,,,,,,,,,,,,,,,,,,,,,,,,,,,,,,,,,,,,,,,,,,,,1.0,2.0,4.0,1,1,1,1,5,2,,1,2,2,1,6,10,,3,6,4,2.0,2,4,1,3,5,1.0,1,1,0.595840656982804,
201801054990,2023-11-01T12:10:18Z,2023-11-01T12:41:43Z,2,1,1,6,2,2,2,2.0,2.0,2.0,2.0,1.0,,,,,,,,1.0,1.0,,,,,,,,1.0,1.0,3.0,4.0,3.0,4.0,4.0,2.0,4.0,,,4.0,4.0,3.0,3.0,3.0,4.0,,,4.0,3.0,2.0,1.0,3.0,1.0,1.0,5.0,1.0,5.0,2.0,3.0,1.0,1.0,2.0,2.0,2.0,2.0,2.0,3.0,1.0,3.0,1.0,2.0,2.0,4.0,,,,,,,,,0,,0,,0,,,,,,,,,,,,,,,,,,,,,,,,,,,,,,,,,,,,,,,,,,,,,,,,,,,,,,,,,,,,,,,,,,,,,,,,,,,,,1.0,2.0,4.0,1,2,2,2,3,2,,1,2,2,1,6,12,,3,5,2,,2,3,1,3,3,1.0,2,2,0.3063890494949589,
201801055010,2023-10-27T18:52:10Z,2023-10-27T18:56:32Z,1,1,1,1,1,2,1,2.0,2.0,2.0,1.0,2.0,,,,,,,,1.0,1.0,,,,,,,,1.0,2.0,4.0,5.0,5.0,5.0,5.0,5.0,,5.0,5.0,5.0,2.0,3.0,5.0,5.0,,5.0,5.0,5.0,3.0,3.0,2.0,5.0,2.0,,,,,1.0,,1.0,2.0,2.0,2.0,2.0,1.0,2.0,3.0,3.0,3.0,2.0,3.0,3.0,4.0,,,,,,,,,0,,0,,0,,,,,,,,,,,,,,,,,,,,,,,,,,,,,,,,,,,,,,,,,,,,,,,,,,,,,,,,,,,,,,,,,,,,,,,,,,,,,1.0,2.0,4.0,1,2,2,1,5,2,,1,1,1,1,1,2,2.0,2,2,4,2.0,2,3,1,5,3,1.0,1,2,0.1762811133672411,
201801055311,2023-10-27T20:36:00Z,2023-10-27T20:43:12Z,2,1,1,1,1,2,1,4.0,2.0,2.0,1.0,2.0,,,,,,,,1.0,1.0,,,,,,,,1.0,1.0,2.0,3.0,2.0,5.0,5.0,4.0,,3.0,2.0,4.0,3.0,3.0,5.0,4.0,,4.0,3.0,4.0,3.0,3.0,3.0,5.0,1.0,,,,,2.0,1.0,1.0,2.0,2.0,2.0,2.0,1.0,2.0,2.0,1.0,4.0,3.0,3.0,3.0,4.0,,,,,,,,,0,,0,,0,,,,,,,,,,,,,,,,,,,,,,,,,,,,,,,,,,,,,,,,,,,,,,,,,,,,,,,,,,,,,,,,,,,,,,,,,,,,,1.0,2.0,3.0,2,2,1,1,6,2,,1,1,1,1,1,2,2.0,2,4,3,1.0,1,1,1,9,2,1.0,2,2,0.5367744008579596,
201801056183,2023-10-28T18:25:17Z,2023-10-28T18:36:42Z,1,1,1,1,2,2,1,4.0,2.0,2.0,1.0,2.0,,,,,,,,1.0,1.0,,,,,,,,1.0,1.0,2.0,3.0,4.0,3.0,4.0,4.0,,4.0,,4.0,3.0,3.0,4.0,4.0,,2.0,,4.0,3.0,3.0,2.0,3.0,1.0,,,1.0,4.0,1.0,,2.0,,,,,,1.0,2.0,2.0,2.0,4.0,3.0,2.0,4.0,,,,,,,,,0,,0,,0,,,,,,,,,,,,,,,,,,,,,,,,,,,,,,,,,,,,,,,,,,,,,,,,,,,,,,,,,,,,,,,,,,,,,,,,,,,,,1.0,2.0,4.0,1,1,2,1,6,2,,1,1,1,1,1,1,1.0,1,2,2,,2,3,1,7,3,2.0,1,2,0.7067177035426621,
201801057956,2023-10-27T19:14:01Z,2023-10-27T19:29:01Z,2,1,1,2,1,2,2,4.0,1.0,1.0,2.0,,,,,,,,,1.0,,,,,,,,,99.0,2.0,1.0,3.0,1.0,4.0,2.0,4.0,,2.0,1.0,5.0,5.0,5.0,6.0,5.0,,3.0,5.0,1.0,3.0,2.0,1.0,5.0,1.0,1.0,5.0,,,1.0,,1.0,2.0,2.0,2.0,1.0,2.0,1.0,1.0,1.0,1.0,1.0,3.0,3.0,4.0,,,,,,,,,0,,0,,0,,,,,,,,,,,,,,,,,,,,,,,,,,,,,,,,,,,,,,,,,,,,,,,,,,,,,,,,,,,,,,,,,,,,,,,,,,,,,2.0,3.0,7.0,1,2,2,2,3,2,,1,2,2,1,2,1,2.0,1,6,2,,2,3,1,2,3,1.0,2,1,0.9141050267393176,
201801058202,2023-10-28T09:36:23Z,2023-10-28T09:41:39Z,2,1,1,1,1,2,1,4.0,2.0,2.0,1.0,2.0,,,,,,,,1.0,1.0,,,,,,,,1.0,1.0,1.0,3.0,3.0,4.0,4.0,4.0,,2.0,2.0,3.0,2.0,2.0,3.0,4.0,,4.0,2.0,1.0,3.0,3.0,2.0,3.0,1.0,,,,,1.0,,2.0,,,,,,2.0,1.0,2.0,3.0,3.0,3.0,2.0,4.0,,,,,,,,,0,,0,,0,,,,,,,,,,,,,,,,,,,,,,,,,,,,,,,,,,,,,,,,,,,,,,,,,,,,,,,,,,,,,,,,,,,,,,,,,,,,,1.0,3.0,7.0,1,2,1,1,5,2,,1,1,1,1,1,1,1.0,1,2,1,,1,1,1,9,1,1.0,1,3,0.246538481831794,
201801059020,2023-10-27T23:49:58Z,2023-10-27T23:54:38Z,2,1,1,1,1,2,1,4.0,2.0,2.0,2.0,1.0,,,,,,,,1.0,2.0,,,,,,,,1.0,2.0,4.0,3.0,5.0,4.0,4.0,3.0,,3.0,3.0,3.0,2.0,3.0,5.0,3.0,,3.0,3.0,2.0,3.0,2.0,2.0,2.0,3.0,,,,,1.0,,2.0,,,,,,2.0,1.0,2.0,1.0,1.0,1.0,3.0,4.0,,,,,,,,,0,,0,,0,,,,,,,,,,,,,,,,,,,,,,,,,,,,,,,,,,,,,,,,,,,,,,,,,,,,,,,,,,,,,,,,,,,,,,,,,,,,,1.0,3.0,7.0,2,2,2,3,2,1,6.0,1,1,3,1,1,2,2.0,2,4,1,,1,1,3,6,2,1.0,2,2,0.9960993489947476,
201801059595,2023-10-28T00:07:43Z,2023-10-28T02:26:17Z,2,1,1,1,2,2,1,4.0,2.0,2.0,2.0,1.0,,,,,,,,1.0,1.0,,,,,,,,1.0,2.0,1.0,3.0,3.0,2.0,2.0,2.0,,3.0,,5.0,5.0,3.0,5.0,5.0,,4.0,,1.0,3.0,1.0,1.0,5.0,1.0,,,1.0,4.0,1.0,,2.0,,,,,,2.0,1.0,1.0,1.0,1.0,3.0,2.0,4.0,,,,,,,,,0,,0,,0,,,,,,,,,,,,,,,,,,,,,,,,,,,,,,,,,,,,,,,,,,,,,,,,,,,,,,,,,,,,,,,,,,,,,,,,,,,,,1.0,4.0,8.0,2,2,2,2,4,2,,1,1,1,1,1,1,2.0,1,4,1,,1,2,1,9,3,1.0,2,3,0.755357797405599,
201801060511,2023-10-30T21:46:44Z,2023-10-30T21:53:28Z,1,1,1,6,2,2,2,4.0,1.0,1.0,2.0,,,,,,,,,1.0,,,,,,,,,99.0,2.0,3.0,4.0,5.0,5.0,4.0,5.0,5.0,,,1.0,5.0,5.0,1.0,1.0,6.0,,,5.0,1.0,,,,4.0,2.0,5.0,2.0,5.0,5.0,3.0,1.0,2.0,2.0,1.0,1.0,2.0,1.0,3.0,3.0,4.0,2.0,1.0,1.0,1.0,4.0,3.0,3.0,5.0,,2.0,1.0,,0,,0,,0,,,,,,,,,,,,,,,,,,,,,,,,,,,,,,,,,,,,,,,,,,,,,,,,,,,,,,,,,,,,,,,,,,,,,,,,,,,,,1.0,1.0,1.0,2,2,1,3,2,2,,1,1,1,1,6,9,,3,6,1,,1,2,2,1,3,1.0,2,1,4.940840606722948,
201801060539,2023-10-30T07:56:24Z,2023-10-30T07:59:57Z,2,1,1,2,2,2,2,4.0,2.0,2.0,1.0,1.0,,,,,,,,1.0,1.0,,,,,,,,1.0,1.0,4.0,5.0,5.0,5.0,5.0,5.0,,5.0,,3.0,5.0,4.0,3.0,4.0,,3.0,,5.0,3.0,4.0,3.0,4.0,1.0,2.0,3.0,2.0,2.0,1.0,,2.0,,,,,,1.0,5.0,5.0,3.0,5.0,1.0,1.0,4.0,,,,,,,,,0,,0,,0,,,,,,,,,,,,,,,,,,,,,,,,,,,,,,,,,,,,,,,,,,,,,,,,,,,,,,,,,,,,,,,,,,,,,,,,,,,,,1.0,1.0,1.0,2,1,1,2,3,2,,1,1,1,1,2,9,,3,6,2,,2,4,1,7,4,1.0,2,2,2.142997979245142,
201801060802,2023-10-28T12:29:13Z,2023-10-28T12:36:56Z,1,1,1,6,2,2,2,4.0,2.0,2.0,2.0,1.0,,,,,,,,1.0,2.0,,,,,,,,1.0,2.0,2.0,3.0,4.0,3.0,3.0,3.0,5.0,,,3.0,5.0,4.0,3.0,4.0,6.0,,,2.0,2.0,6.0,6.0,6.0,2.0,1.0,5.0,1.0,5.0,3.0,2.0,1.0,2.0,2.0,1.0,1.0,1.0,1.0,2.0,2.0,2.0,2.0,1.0,1.0,1.0,1.0,1.0,4.0,3.0,,1.0,1.0,,0,,0,,0,,,,,,,,,,,,,,,,,,,,,,,,,,,,,,,,,,,,,,,,,,,,,,,,,,,,,,,,,,,,,,,,,,,,,,,,,,,,,1.0,1.0,1.0,2,1,1,3,2,2,,1,4,4,1,6,12,,3,6,2,,2,4,1,4,5,1.0,2,2,3.6604753343479777,
201801060817,2023-11-04T11:12:42Z,2023-11-04T11:15:46Z,1,1,1,6,2,2,2,3.0,2.0,2.0,2.0,1.0,,,,,,,,1.0,1.0,,,,,,,,1.0,2.0,1.0,2.0,1.0,2.0,1.0,3.0,4.0,,,5.0,5.0,5.0,4.0,4.0,3.0,,,1.0,3.0,2.0,2.0,5.0,1.0,1.0,3.0,1.0,3.0,1.0,,2.0,,,,,,2.0,2.0,2.0,1.0,3.0,3.0,3.0,4.0,,,,,,,,,0,,0,,0,,,,,,,,,,,,,,,,,,,,,,,,,,,,,,,,,,,,,,,,,,,,,,,,,,,,,,,,,,,,,,,,,,,,,,,,,,,,,1.0,1.0,2.0,2,1,2,1,6,2,,1,1,1,1,6,10,,3,6,2,,2,4,2,3,5,1.0,1,2,0.8565518245006307,
201801061089,2023-10-31T07:48:04Z,2023-10-31T07:53:42Z,2,1,1,6,2,2,2,4.0,2.0,2.0,1.0,2.0,,,,,,,,1.0,1.0,,,,,,,,1.0,2.0,3.0,3.0,2.0,3.0,2.0,2.0,3.0,,,4.0,5.0,5.0,5.0,5.0,6.0,,,3.0,2.0,3.0,5.0,3.0,2.0,1.0,4.0,1.0,4.0,4.0,3.0,1.0,2.0,2.0,2.0,2.0,2.0,1.0,4.0,2.0,3.0,2.0,3.0,2.0,4.0,,,,,,,,,0,,0,,0,,,,,,,,,,,,,,,,,,,,,,,,,,,,,,,,,,,,,,,,,,,,,,,,,,,,,,,,,,,,,,,,,,,,,,,,,,,,,1.0,1.0,1.0,2,1,1,2,3,2,,1,1,1,1,6,10,,3,6,3,1.0,1,2,1,7,3,1.0,2,2,3.517438467971177,
201801061142,2023-10-28T11:55:28Z,2023-10-28T12:01:49Z,2,1,1,6,2,2,2,4.0,2.0,2.0,2.0,1.0,,,,,,,,1.0,1.0,,,,,,,,1.0,1.0,1.0,3.0,2.0,4.0,3.0,4.0,4.0,,,3.0,4.0,4.0,3.0,3.0,4.0,,,4.0,1.0,,,,1.0,1.0,2.0,1.0,2.0,3.0,1.0,1.0,2.0,1.0,2.0,2.0,1.0,2.0,2.0,2.0,3.0,2.0,3.0,3.0,1.0,4.0,1.0,5.0,4.0,,2.0,2.0,,0,,0,,0,,,,,,,,,,,,,,,,,,,,,,,,,,,,,,,,,,,,,,,,,,,,,,,,,,,,,,,,,,,,,,,,,,,,,,,,,,,,,1.0,1.0,1.0,2,1,1,1,5,2,,1,1,1,1,6,2,2.0,2,5,1,,1,1,1,8,2,1.0,2,2,2.1195268586141225,
201801061168,2023-10-28T09:38:40Z,2023-10-28T09:44:10Z,2,1,1,2,2,2,2,4.0,2.0,2.0,1.0,2.0,,,,,,,,1.0,1.0,,,,,,,,1.0,1.0,1.0,3.0,3.0,4.0,3.0,5.0,,5.0,,3.0,5.0,4.0,5.0,5.0,,4.0,,4.0,3.0,2.0,2.0,5.0,1.0,1.0,5.0,3.0,5.0,2.0,1.0,2.0,,,,,,2.0,2.0,1.0,2.0,2.0,2.0,2.0,4.0,,,,,,,,,0,,0,,0,,,,,,,,,,,,,,,,,,,,,,,,,,,,,,,,,,,,,,,,,,,,,,,,,,,,,,,,,,,,,,,,,,,,,,,,,,,,,1.0,3.0,7.0,1,1,1,1,6,2,,1,1,1,1,2,9,,3,6,2,,2,4,3,6,5,1.0,1,2,1.1962027717835657,
201801061714,2023-10-29T18:16:37Z,2023-10-29T18:24:00Z,2,1,1,6,2,2,2,4.0,2.0,2.0,2.0,1.0,,,,,,,,1.0,1.0,,,,,,,,1.0,2.0,1.0,1.0,1.0,4.0,1.0,4.0,2.0,,,4.0,5.0,3.0,4.0,4.0,4.0,,,2.0,1.0,,,,1.0,1.0,3.0,1.0,4.0,4.0,3.0,1.0,1.0,2.0,2.0,1.0,1.0,2.0,1.0,1.0,4.0,2.0,3.0,3.0,1.0,1.0,1.0,3.0,3.0,,2.0,2.0,,0,,0,,0,,,,,,,,,,,,,,,,,,,,,,,,,,,,,,,,,,,,,,,,,,,,,,,,,,,,,,,,,,,,,,,,,,,,,,,,,,,,,1.0,1.0,2.0,2,1,2,1,5,2,,1,3,5,1,6,6,,4,4,3,2.0,2,3,2,5,3,1.0,2,1,1.1266111942456345,
201801062154,2023-10-24T20:14:15Z,2023-10-24T20:23:55Z,2,1,1,2,2,2,2,4.0,2.0,2.0,1.0,2.0,,,,,,,,1.0,1.0,,,,,,,,1.0,1.0,2.0,3.0,3.0,4.0,3.0,3.0,,3.0,,4.0,3.0,4.0,3.0,4.0,,5.0,,3.0,3.0,3.0,2.0,3.0,1.0,1.0,4.0,1.0,3.0,2.0,2.0,1.0,1.0,2.0,2.0,1.0,1.0,1.0,1.0,2.0,4.0,2.0,3.0,3.0,4.0,,,,,,,,,0,,0,,0,,,,,,,,,,,,,,,,,,,,,,,,,,,,,,,,,,,,,,,,,,,,,,,,,,,,,,,,,,,,,,,,,,,,,,,,,,,,,1.0,1.0,2.0,1,1,2,1,5,2,,1,1,1,1,2,9,,3,5,4,2.0,2,4,1,8,5,1.0,2,2,0.3090267826559987,
201801062179,2023-10-27T18:25:15Z,2023-10-27T18:30:44Z,2,1,1,1,1,1,1,4.0,4.0,4.0,2.0,1.0,2.0,1.0,,,,,,1.0,1.0,1.0,1.0,,,,,,1.0,2.0,3.0,3.0,5.0,5.0,3.0,5.0,,5.0,5.0,3.0,4.0,5.0,3.0,5.0,,5.0,5.0,5.0,3.0,5.0,3.0,5.0,3.0,,,,,3.0,2.0,1.0,2.0,2.0,1.0,1.0,2.0,2.0,3.0,2.0,4.0,4.0,3.0,3.0,4.0,,,,,,,,,0,,0,,0,,,,,,,,,,,,,,,,,,,,,,,,,,,,,,,,,,,,,,,,,,,,,,,,,,,,,,,,,,,,,,,,,,,,,,,,,,,,,1.0,4.0,8.0,1,1,2,2,3,2,,1,1,1,1,1,10,,3,6,3,99.0,9,9,3,3,4,1.0,2,1,4.412190756888884,
201801062310,2023-10-26T21:15:55Z,2023-10-26T21:19:30Z,2,1,1,1,1,2,1,4.0,1.0,1.0,2.0,,,,,,,,,1.0,,,,,,,,,99.0,2.0,3.0,4.0,3.0,3.0,4.0,3.0,,3.0,2.0,3.0,5.0,4.0,5.0,4.0,,3.0,3.0,3.0,3.0,1.0,1.0,2.0,1.0,,,,,1.0,,2.0,,,,,,2.0,2.0,1.0,1.0,2.0,3.0,1.0,4.0,,,,,,,,,0,,0,,0,,,,,,,,,,,,,,,,,,,,,,,,,,,,,,,,,,,,,,,,,,,,,,,,,,,,,,,,,,,,,,,,,,,,,,,,,,,,,1.0,1.0,2.0,2,1,2,2,4,2,,1,1,1,1,1,2,2.0,2,6,1,,1,2,1,3,3,1.0,2,1,0.9873639821302284,
201801062327,2023-10-30T17:05:03Z,2023-10-30T17:12:11Z,2,1,1,6,2,2,2,4.0,2.0,2.0,1.0,2.0,,,,,,,,1.0,1.0,,,,,,,,1.0,1.0,3.0,2.0,3.0,4.0,4.0,5.0,5.0,,,4.0,5.0,3.0,4.0,4.0,5.0,,,3.0,3.0,3.0,3.0,3.0,1.0,1.0,4.0,1.0,4.0,3.0,2.0,1.0,2.0,2.0,2.0,2.0,2.0,2.0,3.0,2.0,4.0,3.0,2.0,2.0,4.0,,,,,,,,,0,,0,,0,,,,,,,,,,,,,,,,,,,,,,,,,,,,,,,,,,,,,,,,,,,,,,,,,,,,,,,,,,,,,,,,,,,,,,,,,,,,,1.0,1.0,2.0,2,1,1,2,3,2,,1,1,1,1,6,1,1.0,1,1,3,2.0,2,3,1,2,3,2.0,2,1,5.871603169901023,
201801062334,2023-10-29T08:41:12Z,2023-10-29T08:45:40Z,2,1,1,1,1,2,1,4.0,2.0,2.0,2.0,1.0,,,,,,,,1.0,1.0,,,,,,,,1.0,2.0,1.0,4.0,3.0,99.0,1.0,2.0,,3.0,2.0,5.0,5.0,5.0,6.0,5.0,,5.0,5.0,1.0,3.0,2.0,2.0,3.0,3.0,,,,,99.0,,2.0,,,,,,2.0,1.0,1.0,3.0,1.0,3.0,3.0,4.0,,,,,,,,,0,,0,,0,,,,,,,,,,,,,,,,,,,,,,,,,,,,,,,,,,,,,,,,,,,,,,,,,,,,,,,,,,,,,,,,,,,,,,,,,,,,,1.0,1.0,2.0,99,1,2,3,2,2,,99,1,1,99,1,1,99.0,1,6,1,,1,9,3,99,99,2.0,2,99,4.8250649527470975,
201801062481,2023-10-30T13:06:20Z,2023-10-30T13:09:28Z,2,1,1,1,1,2,1,4.0,2.0,2.0,2.0,1.0,,,,,,,,1.0,1.0,,,,,,,,1.0,1.0,3.0,3.0,3.0,4.0,3.0,3.0,,5.0,5.0,5.0,3.0,3.0,3.0,5.0,,5.0,4.0,2.0,3.0,1.0,1.0,2.0,1.0,,,,,2.0,1.0,1.0,2.0,2.0,2.0,2.0,2.0,2.0,3.0,3.0,5.0,4.0,2.0,2.0,4.0,,,,,,,,,0,,0,,0,,,,,,,,,,,,,,,,,,,,,,,,,,,,,,,,,,,,,,,,,,,,,,,,,,,,,,,,,,,,,,,,,,,,,,,,,,,,,1.0,1.0,2.0,2,1,2,1,6,2,,1,1,1,1,1,12,,3,6,1,,1,1,1,6,2,1.0,1,2,0.3289484687276543,
201801062517,2023-11-05T08:52:24Z,2023-11-05T08:58:52Z,2,1,1,1,2,2,1,4.0,2.0,2.0,2.0,1.0,,,,,,,,1.0,1.0,,,,,,,,1.0,1.0,2.0,4.0,5.0,5.0,4.0,5.0,,5.0,,5.0,4.0,3.0,5.0,5.0,,5.0,,5.0,3.0,3.0,2.0,5.0,1.0,,,2.0,4.0,1.0,,2.0,,,,,,2.0,4.0,3.0,5.0,5.0,2.0,3.0,4.0,,,,,,,,,0,,0,,0,,,,,,,,,,,,,,,,,,,,,,,,,,,,,,,,,,,,,,,,,,,,,,,,,,,,,,,,,,,,,,,,,,,,,,,,,,,,,1.0,1.0,2.0,2,2,99,1,6,2,,2,1,1,4,1,9,,3,6,2,,2,4,3,9,5,1.0,2,3,0.361079123402839,
201801062543,2023-10-30T08:49:05Z,2023-10-30T08:53:50Z,1,1,1,6,2,2,2,4.0,1.0,1.0,2.0,,,,,,,,,1.0,,,,,,,,,99.0,2.0,3.0,4.0,5.0,5.0,5.0,5.0,5.0,,,4.0,4.0,3.0,3.0,3.0,3.0,,,5.0,3.0,5.0,5.0,5.0,1.0,3.0,3.0,3.0,4.0,2.0,1.0,1.0,2.0,2.0,2.0,2.0,1.0,2.0,4.0,4.0,4.0,3.0,1.0,1.0,4.0,,,,,,,,,0,,0,,0,,,,,,,,,,,,,,,,,,,,,,,,,,,,,,,,,,,,,,,,,,,,,,,,,,,,,,,,,,,,,,,,,,,,,,,,,,,,,1.0,1.0,2.0,1,1,3,1,6,2,,1,1,1,1,6,9,,3,6,2,,2,4,1,2,5,2.0,2,2,0.6845991759816747,
201801062596,2023-11-01T20:32:07Z,2023-11-01T20:37:30Z,2,1,1,1,1,2,1,4.0,2.0,2.0,1.0,2.0,,,,,,,,1.0,1.0,,,,,,,,1.0,1.0,2.0,3.0,3.0,5.0,2.0,5.0,,3.0,3.0,4.0,4.0,4.0,5.0,4.0,,4.0,4.0,4.0,3.0,3.0,3.0,2.0,1.0,,,,,1.0,,2.0,,,,,,2.0,2.0,3.0,4.0,3.0,3.0,3.0,4.0,,,,,,,,,0,,0,,0,,,,,,,,,,,,,,,,,,,,,,,,,,,,,,,,,,,,,,,,,,,,,,,,,,,,,,,,,,,,,,,,,,,,,,,,,,,,,1.0,1.0,2.0,3,1,2,2,4,2,,1,99,99,1,1,1,2.0,1,5,1,,1,1,1,6,2,1.0,2,2,1.6092793938865846,
201801062889,2023-10-26T19:57:57Z,2023-10-26T20:01:50Z,2,1,1,6,2,2,2,4.0,1.0,1.0,1.0,,,,,,,,,1.0,,,,,,,,,99.0,1.0,1.0,2.0,3.0,3.0,4.0,4.0,4.0,,,5.0,2.0,3.0,5.0,3.0,5.0,,,4.0,3.0,3.0,2.0,3.0,1.0,3.0,4.0,3.0,3.0,2.0,1.0,2.0,,,,,,2.0,3.0,3.0,2.0,3.0,3.0,1.0,4.0,,,,,,,,,0,,0,,0,,,,,,,,,,,,,,,,,,,,,,,,,,,,,,,,,,,,,,,,,,,,,,,,,,,,,,,,,,,,,,,,,,,,,,,,,,,,,1.0,3.0,5.0,2,1,1,1,5,2,,1,1,1,1,6,9,,3,6,2,,2,4,1,9,5,1.0,1,2,0.4153790970540292,
201801062924,2023-10-27T18:58:45Z,2023-10-27T19:01:20Z,2,1,1,6,2,2,2,4.0,2.0,2.0,2.0,1.0,,,,,,,,1.0,1.0,,,,,,,,1.0,2.0,1.0,1.0,1.0,4.0,3.0,4.0,4.0,,,5.0,5.0,3.0,5.0,5.0,5.0,,,2.0,3.0,2.0,2.0,3.0,1.0,3.0,4.0,3.0,3.0,1.0,,2.0,,,,,,2.0,1.0,1.0,99.0,3.0,3.0,3.0,4.0,,,,,,,,,0,,0,,0,,,,,,,,,,,,,,,,,,,,,,,,,,,,,,,,,,,,,,,,,,,,,,,,,,,,,,,,,,,,,,,,,,,,,,,,,,,,,1.0,3.0,5.0,1,1,2,1,6,2,,1,1,1,1,6,10,,3,6,2,,2,4,1,6,5,1.0,1,2,0.2895884705829484,
201801062946,2023-10-29T11:19:30Z,2023-10-29T11:25:08Z,1,1,1,6,2,2,2,4.0,2.0,2.0,2.0,1.0,,,,,,,,1.0,1.0,,,,,,,,1.0,1.0,2.0,4.0,3.0,5.0,4.0,4.0,5.0,,,3.0,3.0,2.0,5.0,2.0,5.0,,,5.0,2.0,2.0,1.0,1.0,1.0,1.0,5.0,1.0,2.0,1.0,,2.0,,,,,,2.0,4.0,5.0,1.0,3.0,2.0,3.0,4.0,,,,,,,,,0,,0,,0,,,,,,,,,,,,,,,,,,,,,,,,,,,,,,,,,,,,,,,,,,,,,,,,,,,,,,,,,,,,,,,,,,,,,,,,,,,,,1.0,3.0,5.0,2,2,2,1,5,2,,1,1,1,1,6,12,,3,6,2,,2,4,1,9,4,1.0,2,3,0.3402936551344405,
201801063213,2023-10-29T17:19:46Z,2023-10-29T17:28:17Z,2,1,1,6,2,2,2,4.0,2.0,2.0,2.0,1.0,,,,,,,,1.0,2.0,,,,,,,,1.0,2.0,1.0,2.0,2.0,2.0,2.0,2.0,4.0,,,4.0,4.0,4.0,4.0,4.0,3.0,,,2.0,3.0,2.0,1.0,5.0,1.0,3.0,5.0,3.0,5.0,2.0,1.0,1.0,2.0,2.0,2.0,2.0,1.0,2.0,1.0,1.0,3.0,1.0,3.0,3.0,4.0,,,,,,,,,0,,0,,0,,,,,,,,,,,,,,,,,,,,,,,,,,,,,,,,,,,,,,,,,,,,,,,,,,,,,,,,,,,,,,,,,,,,,,,,,,,,,1.0,3.0,5.0,2,1,2,1,6,2,,1,1,1,1,6,10,,3,6,2,,2,4,1,7,5,1.0,1,3,0.2895884705829484,
201801063504,2023-10-27T17:41:29Z,2023-10-27T17:45:54Z,2,1,1,2,1,2,2,4.0,2.0,2.0,2.0,1.0,,,,,,,,1.0,2.0,,,,,,,,1.0,2.0,3.0,5.0,5.0,5.0,5.0,5.0,,5.0,5.0,5.0,5.0,5.0,5.0,5.0,,5.0,5.0,5.0,2.0,1.0,1.0,1.0,3.0,2.0,5.0,,,1.0,,2.0,,,,,,2.0,3.0,2.0,3.0,3.0,1.0,3.0,1.0,4.0,3.0,3.0,3.0,3.0,1.0,1.0,,0,,0,,0,,,,,,,,,,,,,,,,,,,,,,,,,,,,,,,,,,,,,,,,,,,,,,,,,,,,,,,,,,,,,,,,,,,,,,,,,,,,,1.0,3.0,5.0,2,1,2,2,3,2,,1,1,1,1,2,12,,3,6,4,1.0,1,2,3,6,3,2.0,1,2,2.8201494112526118,
201801063523,2023-10-28T09:52:36Z,2023-10-28T09:56:12Z,2,1,1,1,2,2,1,4.0,2.0,2.0,1.0,2.0,,,,,,,,1.0,1.0,,,,,,,,1.0,1.0,1.0,3.0,2.0,3.0,4.0,3.0,,3.0,,4.0,4.0,3.0,3.0,4.0,,5.0,,2.0,3.0,2.0,2.0,5.0,1.0,,,2.0,5.0,1.0,,2.0,,,,,,2.0,1.0,1.0,3.0,2.0,3.0,3.0,4.0,,,,,,,,,0,,0,,0,,,,,,,,,,,,,,,,,,,,,,,,,,,,,,,,,,,,,,,,,,,,,,,,,,,,,,,,,,,,,,,,,,,,,,,,,,,,,1.0,3.0,5.0,2,2,1,2,3,2,,1,1,1,1,1,1,1.0,1,2,4,1.0,1,1,1,3,2,2.0,1,2,0.843197484777913,
201801063534,2023-10-29T00:38:21Z,2023-10-29T00:47:32Z,2,1,1,1,2,2,1,4.0,2.0,2.0,2.0,1.0,,,,,,,,1.0,1.0,,,,,,,,1.0,1.0,1.0,4.0,3.0,4.0,3.0,5.0,,2.0,,5.0,3.0,3.0,5.0,5.0,,5.0,,3.0,3.0,3.0,3.0,3.0,1.0,,,1.0,4.0,1.0,,2.0,,,,,,2.0,3.0,5.0,5.0,3.0,3.0,2.0,4.0,,,,,,,,,0,,0,,0,,,,,,,,,,,,,,,,,,,,,,,,,,,,,,,,,,,,,,,,,,,,,,,,,,,,,,,,,,,,,,,,,,,,,,,,,,,,,1.0,3.0,5.0,3,1,1,1,5,2,,1,1,1,1,1,12,,3,6,3,2.0,2,4,1,9,4,1.0,2,3,0.4266519922567549,
201801064526,2023-10-27T17:22:32Z,2023-10-27T17:26:01Z,2,1,1,1,1,2,1,4.0,1.0,1.0,1.0,,,,,,,,,1.0,,,,,,,,,99.0,1.0,2.0,3.0,5.0,3.0,3.0,5.0,,5.0,5.0,4.0,5.0,5.0,5.0,5.0,,3.0,5.0,3.0,3.0,2.0,2.0,5.0,1.0,,,,,1.0,,2.0,,,,,,2.0,2.0,2.0,5.0,2.0,2.0,3.0,4.0,,,,,,,,,0,,0,,0,,,,,,,,,,,,,,,,,,,,,,,,,,,,,,,,,,,,,,,,,,,,,,,,,,,,,,,,,,,,,,,,,,,,,,,,,,,,,1.0,2.0,3.0,2,1,2,3,2,2,,1,4,4,1,1,11,,4,6,3,1.0,1,2,1,4,3,2.0,1,2,2.89599093748338,
201801065564,2023-11-01T15:46:40Z,2023-11-01T15:50:48Z,2,1,1,1,1,2,1,4.0,2.0,2.0,1.0,2.0,,,,,,,,1.0,1.0,,,,,,,,1.0,1.0,1.0,2.0,2.0,1.0,1.0,1.0,,1.0,1.0,2.0,1.0,2.0,2.0,2.0,,2.0,2.0,2.0,3.0,2.0,2.0,2.0,1.0,,,,,1.0,,2.0,,,,,,1.0,1.0,1.0,3.0,2.0,3.0,2.0,4.0,,,,,,,,,0,,0,,0,,,,,,,,,,,,,,,,,,,,,,,,,,,,,,,,,,,,,,,,,,,,,,,,,,,,,,,,,,,,,,,,,,,,,,,,,,,,,2.0,2.0,3.0,3,2,2,2,4,2,,1,1,1,1,1,1,1.0,1,1,1,,1,1,1,2,2,1.0,1,1,0.2871037471198394,
201801065668,2023-10-29T11:11:49Z,2023-10-29T11:15:29Z,2,1,1,1,1,2,1,4.0,2.0,2.0,2.0,1.0,,,,,,,,1.0,1.0,,,,,,,,1.0,1.0,1.0,5.0,4.0,5.0,4.0,4.0,,5.0,4.0,5.0,5.0,5.0,5.0,5.0,,5.0,5.0,4.0,3.0,5.0,2.0,4.0,3.0,,,,,1.0,,2.0,,,,,,2.0,5.0,2.0,2.0,4.0,2.0,3.0,4.0,,,,,,,,,0,,0,,0,,,,,,,,,,,,,,,,,,,,,,,,,,,,,,,,,,,,,,,,,,,,,,,,,,,,,,,,,,,,,,,,,,,,,,,,,,,,,1.0,2.0,3.0,2,1,2,3,2,2,,1,1,1,1,1,12,,3,6,3,1.0,1,2,1,5,3,2.0,1,2,0.9196374631202,
201801066086,2023-10-28T19:30:35Z,2023-10-28T19:35:47Z,2,1,1,1,2,2,1,4.0,2.0,2.0,2.0,1.0,,,,,,,,1.0,1.0,,,,,,,,1.0,1.0,3.0,1.0,1.0,1.0,1.0,1.0,,1.0,,2.0,3.0,3.0,5.0,5.0,,4.0,,3.0,3.0,5.0,2.0,2.0,1.0,,,1.0,5.0,1.0,,1.0,2.0,2.0,2.0,1.0,2.0,2.0,4.0,3.0,5.0,5.0,3.0,2.0,4.0,,,,,,,,,0,,0,,0,,,,,,,,,,,,,,,,,,,,,,,,,,,,,,,,,,,,,,,,,,,,,,,,,,,,,,,,,,,,,,,,,,,,,,,,,,,,,2.0,2.0,3.0,3,2,2,2,3,2,,1,1,1,1,1,12,,3,6,1,,1,2,1,2,3,1.0,2,2,0.4612058927613093,
201801066251,2023-10-28T15:53:16Z,2023-10-28T15:59:44Z,2,1,1,1,1,2,1,4.0,2.0,2.0,2.0,1.0,,,,,,,,1.0,1.0,,,,,,,,1.0,1.0,2.0,3.0,3.0,5.0,5.0,5.0,,5.0,3.0,4.0,4.0,4.0,4.0,4.0,,5.0,4.0,2.0,3.0,3.0,2.0,3.0,1.0,,,,,1.0,,1.0,2.0,2.0,2.0,2.0,2.0,2.0,2.0,1.0,5.0,2.0,2.0,2.0,4.0,,,,,,,,,0,,0,,0,,,,,,,,,,,,,,,,,,,,,,,,,,,,,,,,,,,,,,,,,,,,,,,,,,,,,,,,,,,,,,,,,,,,,,,,,,,,,2.0,2.0,3.0,3,1,1,1,6,2,,1,1,1,1,1,1,1.0,1,2,1,,1,2,1,5,3,1.0,1,2,0.5213778688556536,
201801066472,2023-10-27T17:38:02Z,2023-10-27T17:44:30Z,2,1,1,1,1,2,1,4.0,2.0,2.0,2.0,1.0,,,,,,,,1.0,1.0,,,,,,,,1.0,2.0,1.0,3.0,4.0,5.0,4.0,3.0,,4.0,3.0,3.0,3.0,3.0,3.0,3.0,,3.0,3.0,2.0,3.0,3.0,2.0,4.0,3.0,,,,,2.0,3.0,2.0,,,,,,2.0,3.0,1.0,3.0,2.0,3.0,3.0,4.0,,,,,,,,,0,,0,,0,,,,,,,,,,,,,,,,,,,,,,,,,,,,,,,,,,,,,,,,,,,,,,,,,,,,,,,,,,,,,,,,,,,,,,,,,,,,,1.0,2.0,3.0,2,2,2,3,2,2,,1,1,1,1,1,12,,3,6,2,,2,3,2,1,3,2.0,1,1,0.649191662183692,
201801066779,2023-10-30T14:36:47Z,2023-10-30T14:44:21Z,1,1,1,6,2,2,2,4.0,2.0,2.0,1.0,2.0,,,,,,,,1.0,1.0,,,,,,,,1.0,2.0,3.0,3.0,3.0,5.0,4.0,4.0,5.0,,,5.0,4.0,4.0,5.0,5.0,5.0,,,4.0,1.0,,,,3.0,2.0,5.0,2.0,5.0,5.0,4.0,1.0,1.0,1.0,1.0,1.0,1.0,2.0,4.0,3.0,4.0,3.0,1.0,3.0,1.0,3.0,3.0,4.0,4.0,,2.0,2.0,,0,,0,,0,,,,,,,,,,,,,,,,,,,,,,,,,,,,,,,,,,,,,,,,,,,,,,,,,,,,,,,,,,,,,,,,,,,,,,,,,,,,,1.0,2.0,4.0,1,1,3,1,5,2,,1,1,1,1,6,9,,3,6,4,2.0,2,4,1,99,5,1.0,2,99,1.1319850685858348,
201801066901,2023-10-27T17:36:24Z,2023-10-27T17:41:29Z,2,1,1,1,2,2,1,4.0,2.0,2.0,1.0,2.0,,,,,,,,1.0,1.0,,,,,,,,1.0,1.0,2.0,3.0,3.0,3.0,3.0,4.0,,4.0,,4.0,4.0,4.0,4.0,3.0,,4.0,,3.0,3.0,2.0,2.0,3.0,1.0,,,3.0,4.0,1.0,,2.0,,,,,,1.0,2.0,2.0,4.0,3.0,3.0,3.0,4.0,,,,,,,,,0,,0,,0,,,,,,,,,,,,,,,,,,,,,,,,,,,,,,,,,,,,,,,,,,,,,,,,,,,,,,,,,,,,,,,,,,,,,,,,,,,,,1.0,2.0,4.0,2,1,2,1,6,2,,1,1,1,1,1,1,2.0,1,5,2,,2,4,1,9,4,1.0,2,3,0.6487388002048596,
201801067117,2023-10-27T20:17:22Z,2023-10-27T20:22:17Z,2,1,1,1,2,2,1,4.0,2.0,2.0,1.0,2.0,,,,,,,,1.0,1.0,,,,,,,,1.0,2.0,2.0,3.0,2.0,3.0,4.0,5.0,,3.0,,3.0,4.0,3.0,3.0,4.0,,3.0,,2.0,1.0,,,,3.0,,,1.0,2.0,2.0,1.0,1.0,2.0,2.0,2.0,1.0,1.0,2.0,2.0,3.0,3.0,4.0,3.0,2.0,1.0,2.0,2.0,3.0,3.0,3.0,1.0,1.0,,0,,0,,0,,,,,,,,,,,,,,,,,,,,,,,,,,,,,,,,,,,,,,,,,,,,,,,,,,,,,,,,,,,,,,,,,,,,,,,,,,,,,1.0,2.0,3.0,1,1,1,1,5,2,,1,3,5,1,1,10,,3,3,3,2.0,2,3,1,5,3,1.0,2,2,0.190894303849779,
201801067366,2023-10-28T21:43:04Z,2023-10-28T21:46:39Z,2,1,1,1,1,2,1,4.0,2.0,2.0,2.0,1.0,,,,,,,,1.0,1.0,,,,,,,,1.0,2.0,1.0,5.0,5.0,5.0,5.0,5.0,,4.0,4.0,4.0,3.0,5.0,5.0,5.0,,3.0,2.0,5.0,3.0,3.0,3.0,4.0,1.0,,,,,1.0,,2.0,,,,,,2.0,2.0,2.0,4.0,3.0,3.0,3.0,4.0,,,,,,,,,0,,0,,0,,,,,,,,,,,,,,,,,,,,,,,,,,,,,,,,,,,,,,,,,,,,,,,,,,,,,,,,,,,,,,,,,,,,,,,,,,,,,1.0,3.0,6.0,2,2,1,1,6,2,,1,1,1,1,1,1,1.0,1,2,1,,1,1,1,9,2,1.0,2,2,0.4478304644478159,
201801067429,2023-10-27T17:13:30Z,2023-10-27T17:29:33Z,2,1,1,2,2,2,2,4.0,2.0,2.0,2.0,1.0,,,,,,,,1.0,1.0,,,,,,,,1.0,2.0,1.0,2.0,2.0,4.0,2.0,5.0,,5.0,,3.0,5.0,3.0,2.0,2.0,,3.0,,4.0,3.0,3.0,2.0,5.0,1.0,1.0,4.0,1.0,5.0,1.0,,2.0,,,,,,2.0,3.0,2.0,4.0,3.0,3.0,3.0,4.0,,,,,,,,,0,,0,,0,,,,,,,,,,,,,,,,,,,,,,,,,,,,,,,,,,,,,,,,,,,,,,,,,,,,,,,,,,,,,,,,,,,,,,,,,,,,,1.0,4.0,9.0,2,1,2,1,5,2,,1,3,5,1,2,12,,3,6,4,2.0,2,4,3,1,5,1.0,2,1,0.8752930357121181,
201801067682,2023-10-28T08:59:31Z,2023-10-28T09:03:23Z,2,1,1,2,2,2,2,4.0,1.0,1.0,2.0,,,,,,,,,1.0,,,,,,,,,99.0,2.0,2.0,4.0,4.0,4.0,4.0,4.0,,3.0,,4.0,4.0,5.0,4.0,3.0,,3.0,,4.0,3.0,3.0,2.0,4.0,1.0,1.0,4.0,3.0,4.0,1.0,,2.0,,,,,,1.0,2.0,1.0,4.0,2.0,3.0,2.0,4.0,,,,,,,,,0,,0,,0,,,,,,,,,,,,,,,,,,,,,,,,,,,,,,,,,,,,,,,,,,,,,,,,,,,,,,,,,,,,,,,,,,,,,,,,,,,,,2.0,2.0,3.0,3,2,2,1,6,2,,1,1,1,1,2,12,,3,5,1,,1,1,3,6,2,2.0,2,2,0.7009720190349217,
201801067788,2023-10-27T20:02:12Z,2023-10-27T20:05:00Z,2,1,1,1,1,2,1,4.0,2.0,2.0,2.0,1.0,,,,,,,,1.0,1.0,,,,,,,,1.0,1.0,1.0,4.0,4.0,4.0,4.0,4.0,,4.0,4.0,4.0,3.0,3.0,4.0,4.0,,4.0,3.0,5.0,3.0,3.0,2.0,3.0,1.0,,,,,1.0,,2.0,,,,,,1.0,3.0,3.0,4.0,3.0,3.0,2.0,4.0,,,,,,,,,0,,0,,0,,,,,,,,,,,,,,,,,,,,,,,,,,,,,,,,,,,,,,,,,,,,,,,,,,,,,,,,,,,,,,,,,,,,,,,,,,,,,1.0,2.0,4.0,1,1,2,1,6,2,,1,1,1,1,1,1,1.0,1,1,3,1.0,1,1,2,9,2,1.0,1,3,0.6910213825767846,
201801067856,2023-10-29T11:11:08Z,2023-10-29T11:39:23Z,2,1,1,1,1,2,1,4.0,1.0,1.0,2.0,,,,,,,,,1.0,,,,,,,,,99.0,2.0,2.0,5.0,5.0,5.0,5.0,5.0,,4.0,3.0,5.0,3.0,3.0,5.0,5.0,,5.0,5.0,3.0,3.0,2.0,2.0,5.0,1.0,,,,,1.0,,2.0,,,,,,2.0,1.0,1.0,3.0,1.0,2.0,3.0,4.0,,,,,,,,,0,,0,,0,,,,,,,,,,,,,,,,,,,,,,,,,,,,,,,,,,,,,,,,,,,,,,,,,,,,,,,,,,,,,,,,,,,,,,,,,,,,,1.0,2.0,4.0,3,2,1,1,5,2,,1,1,1,1,1,1,2.0,1,5,2,,2,3,1,9,3,1.0,1,2,0.2804794615397289,
201801068005,2023-10-29T22:22:50Z,2023-10-29T22:27:45Z,2,1,1,1,1,2,1,4.0,2.0,2.0,1.0,2.0,,,,,,,,1.0,1.0,,,,,,,,1.0,1.0,1.0,3.0,3.0,4.0,4.0,4.0,,4.0,3.0,4.0,4.0,4.0,4.0,4.0,,4.0,5.0,3.0,3.0,2.0,1.0,1.0,1.0,,,,,1.0,,2.0,,,,,,2.0,1.0,1.0,3.0,2.0,3.0,3.0,4.0,,,,,,,,,0,,0,,0,,,,,,,,,,,,,,,,,,,,,,,,,,,,,,,,,,,,,,,,,,,,,,,,,,,,,,,,,,,,,,,,,,,,,,,,,,,,,2.0,2.0,4.0,3,2,1,2,4,2,,1,1,1,1,1,1,1.0,1,2,1,,1,1,1,99,1,2.0,2,99,1.5873642205641043,
201801068056,2023-10-28T08:54:23Z,2023-10-28T08:58:21Z,1,1,1,6,2,2,2,4.0,2.0,2.0,1.0,2.0,,,,,,,,1.0,2.0,,,,,,,,1.0,1.0,1.0,3.0,5.0,3.0,3.0,5.0,5.0,,,5.0,5.0,5.0,5.0,5.0,5.0,,,2.0,2.0,6.0,6.0,6.0,4.0,2.0,5.0,2.0,5.0,5.0,1.0,2.0,,,,,,2.0,1.0,1.0,3.0,1.0,3.0,3.0,3.0,1.0,1.0,3.0,3.0,,1.0,1.0,,0,,0,,0,,,,,,,,,,,,,,,,,,,,,,,,,,,,,,,,,,,,,,,,,,,,,,,,,,,,,,,,,,,,,,,,,,,,,,,,,,,,,1.0,2.0,4.0,1,1,1,3,2,2,,1,1,1,1,6,12,,3,6,2,,2,4,1,1,5,1.0,2,1,3.438321665046729,
201801068101,2023-10-28T12:57:29Z,2023-10-28T13:00:59Z,2,1,1,2,2,2,2,4.0,2.0,2.0,2.0,1.0,,,,,,,,1.0,1.0,,,,,,,,1.0,2.0,2.0,4.0,4.0,3.0,4.0,3.0,,3.0,,4.0,5.0,5.0,4.0,4.0,,5.0,,4.0,3.0,4.0,2.0,5.0,1.0,1.0,5.0,2.0,5.0,2.0,3.0,2.0,,,,,,2.0,1.0,2.0,2.0,2.0,3.0,3.0,4.0,,,,,,,,,0,,0,,0,,,,,,,,,,,,,,,,,,,,,,,,,,,,,,,,,,,,,,,,,,,,,,,,,,,,,,,,,,,,,,,,,,,,,,,,,,,,,1.0,1.0,2.0,1,1,1,1,6,2,,1,1,1,1,2,12,,3,6,4,2.0,2,4,3,9,5,1.0,2,3,2.5366552281030983,
201801068636,2023-10-29T15:16:46Z,2023-10-29T15:20:26Z,2,1,1,1,2,2,1,4.0,1.0,1.0,2.0,,,,,,,,,1.0,,,,,,,,,99.0,2.0,4.0,4.0,4.0,4.0,3.0,3.0,,4.0,,5.0,4.0,4.0,4.0,4.0,,3.0,,4.0,3.0,5.0,3.0,5.0,1.0,,,2.0,4.0,1.0,,2.0,,,,,,1.0,4.0,3.0,4.0,3.0,3.0,3.0,4.0,,,,,,,,,0,,0,,0,,,,,,,,,,,,,,,,,,,,,,,,,,,,,,,,,,,,,,,,,,,,,,,,,,,,,,,,,,,,,,,,,,,,,,,,,,,,,1.0,3.0,7.0,1,1,1,2,3,2,,1,1,1,1,1,10,,3,6,3,2.0,2,4,3,99,5,1.0,2,99,6.0959089097828425,
201801068736,2023-10-29T15:46:27Z,2023-10-29T15:50:16Z,2,1,1,6,2,2,2,4.0,2.0,2.0,2.0,1.0,,,,,,,,1.0,1.0,,,,,,,,1.0,2.0,2.0,2.0,2.0,3.0,2.0,2.0,4.0,,,3.0,4.0,4.0,5.0,4.0,6.0,,,1.0,3.0,1.0,1.0,1.0,1.0,3.0,3.0,3.0,3.0,1.0,,2.0,,,,,,1.0,1.0,1.0,1.0,2.0,3.0,3.0,4.0,,,,,,,,,0,,0,,0,,,,,,,,,,,,,,,,,,,,,,,,,,,,,,,,,,,,,,,,,,,,,,,,,,,,,,,,,,,,,,,,,,,,,,,,,,,,,1.0,3.0,7.0,2,1,2,1,5,2,,1,1,1,1,6,1,2.0,1,6,1,,1,2,1,9,3,2.0,2,3,1.7925129711772794,
201801068838,2023-10-29T20:31:27Z,2023-10-29T20:34:59Z,2,1,1,2,2,2,2,4.0,1.0,1.0,1.0,,,,,,,,,1.0,,,,,,,,,99.0,1.0,3.0,3.0,3.0,5.0,3.0,4.0,,3.0,,4.0,2.0,1.0,5.0,2.0,,5.0,,4.0,3.0,3.0,3.0,4.0,1.0,1.0,4.0,1.0,5.0,1.0,,2.0,,,,,,2.0,2.0,1.0,4.0,2.0,3.0,2.0,4.0,,,,,,,,,0,,0,,0,,,,,,,,,,,,,,,,,,,,,,,,,,,,,,,,,,,,,,,,,,,,,,,,,,,,,,,,,,,,,,,,,,,,,,,,,,,,,1.0,3.0,7.0,2,1,2,1,5,2,,1,1,1,1,2,12,,3,6,2,,2,4,1,4,4,1.0,1,2,0.2895884705829484,
201801069017,2023-10-30T20:51:44Z,2023-10-30T20:56:47Z,2,1,1,2,2,2,2,4.0,2.0,2.0,2.0,1.0,,,,,,,,1.0,1.0,,,,,,,,1.0,1.0,2.0,1.0,2.0,2.0,2.0,4.0,,2.0,,3.0,5.0,4.0,2.0,3.0,,2.0,,2.0,3.0,2.0,2.0,3.0,1.0,1.0,4.0,1.0,3.0,4.0,3.0,1.0,2.0,2.0,2.0,1.0,1.0,2.0,1.0,1.0,3.0,2.0,2.0,2.0,4.0,,,,,,,,,0,,0,,0,,,,,,,,,,,,,,,,,,,,,,,,,,,,,,,,,,,,,,,,,,,,,,,,,,,,,,,,,,,,,,,,,,,,,,,,,,,,,2.0,3.0,7.0,3,1,2,3,2,2,,1,1,1,1,2,1,2.0,1,6,3,1.0,1,2,3,5,3,1.0,2,2,3.708026872364015,
201801069434,2023-10-27T17:40:57Z,2023-10-27T17:45:58Z,2,1,1,2,1,2,2,4.0,2.0,2.0,2.0,1.0,,,,,,,,1.0,1.0,,,,,,,,1.0,1.0,3.0,2.0,3.0,3.0,3.0,4.0,,3.0,2.0,3.0,4.0,4.0,4.0,4.0,,3.0,3.0,4.0,3.0,2.0,2.0,5.0,3.0,3.0,2.0,,,2.0,2.0,1.0,2.0,2.0,2.0,1.0,1.0,2.0,4.0,5.0,3.0,2.0,3.0,3.0,4.0,,,,,,,,,0,,0,,0,,,,,,,,,,,,,,,,,,,,,,,,,,,,,,,,,,,,,,,,,,,,,,,,,,,,,,,,,,,,,,,,,,,,,,,,,,,,,1.0,3.0,7.0,1,1,2,2,3,1,1.0,1,1,3,1,2,2,2.0,2,6,2,,2,4,3,4,5,1.0,2,2,3.6488057066376505,
201801069482,2023-10-28T07:04:08Z,2023-10-28T07:09:04Z,2,1,1,6,2,2,2,4.0,2.0,2.0,1.0,2.0,,,,,,,,1.0,1.0,,,,,,,,1.0,2.0,4.0,4.0,2.0,4.0,2.0,5.0,5.0,,,1.0,4.0,5.0,3.0,2.0,6.0,,,2.0,1.0,,,,1.0,3.0,2.0,3.0,3.0,4.0,3.0,2.0,,,,,,1.0,3.0,2.0,2.0,4.0,1.0,3.0,3.0,4.0,2.0,4.0,4.0,,1.0,1.0,,0,,0,,0,,,,,,,,,,,,,,,,,,,,,,,,,,,,,,,,,,,,,,,,,,,,,,,,,,,,,,,,,,,,,,,,,,,,,,,,,,,,,1.0,3.0,7.0,2,2,2,1,5,1,1.0,1,99,3,1,6,2,99.0,2,5,99,99.0,9,9,3,3,2,1.0,2,1,2.4781592910191863,
201801069706,2023-10-30T15:08:09Z,2023-10-30T15:12:20Z,2,1,1,1,2,2,1,4.0,2.0,2.0,1.0,2.0,,,,,,,,1.0,1.0,,,,,,,,1.0,2.0,3.0,1.0,2.0,2.0,1.0,3.0,,1.0,,4.0,4.0,4.0,5.0,5.0,,2.0,,1.0,3.0,2.0,1.0,5.0,1.0,,,1.0,5.0,2.0,1.0,2.0,,,,,,2.0,1.0,2.0,3.0,2.0,3.0,3.0,4.0,,,,,,,,,0,,0,,0,,,,,,,,,,,,,,,,,,,,,,,,,,,,,,,,,,,,,,,,,,,,,,,,,,,,,,,,,,,,,,,,,,,,,,,,,,,,,1.0,4.0,8.0,2,2,2,1,6,2,,1,1,1,1,1,1,2.0,1,2,1,,1,1,1,7,2,1.0,1,2,0.1845260357888606,
201801069803,2023-10-28T18:53:59Z,2023-10-28T18:57:39Z,2,1,1,3,2,2,1,4.0,2.0,2.0,2.0,1.0,,,,,,,,1.0,1.0,,,,,,,,1.0,2.0,1.0,3.0,3.0,2.0,3.0,3.0,2.0,,,5.0,4.0,4.0,5.0,4.0,4.0,,,2.0,3.0,4.0,3.0,5.0,1.0,,,1.0,5.0,1.0,,2.0,,,,,,2.0,1.0,2.0,4.0,2.0,3.0,3.0,4.0,,,,,,,,,0,,0,,0,,,,,,,,,,,,,,,,,,,,,,,,,,,,,,,,,,,,,,,,,,,,,,,,,,,,,,,,,,,,,,,,,,,,,,,,,,,,,1.0,3.0,5.0,2,1,1,2,4,2,,1,1,1,1,3,3,2.0,4,1,3,1.0,1,1,1,5,2,1.0,2,2,2.625836957232513,
201801069886,2023-11-02T15:23:53Z,2023-11-02T15:27:16Z,2,1,1,1,1,2,1,4.0,2.0,2.0,1.0,2.0,,,,,,,,1.0,1.0,,,,,,,,1.0,2.0,1.0,3.0,2.0,3.0,3.0,2.0,,3.0,2.0,5.0,5.0,5.0,5.0,5.0,,5.0,5.0,1.0,3.0,1.0,1.0,3.0,1.0,,,,,1.0,,2.0,,,,,,2.0,1.0,1.0,2.0,1.0,3.0,3.0,4.0,,,,,,,,,0,,0,,0,,,,,,,,,,,,,,,,,,,,,,,,,,,,,,,,,,,,,,,,,,,,,,,,,,,,,,,,,,,,,,,,,,,,,,,,,,,,,1.0,4.0,8.0,2,1,2,2,3,2,,1,1,1,1,1,9,,3,6,1,,1,1,1,7,2,2.0,2,2,2.23880914937537,
201801070397,2023-10-28T02:53:25Z,2023-10-28T03:00:30Z,1,1,1,2,2,2,2,4.0,2.0,2.0,1.0,2.0,,,,,,,,1.0,1.0,,,,,,,,1.0,2.0,2.0,3.0,5.0,5.0,5.0,5.0,,5.0,,1.0,1.0,1.0,1.0,1.0,,1.0,,5.0,3.0,5.0,2.0,6.0,1.0,1.0,1.0,1.0,1.0,3.0,1.0,1.0,2.0,2.0,1.0,2.0,2.0,2.0,4.0,5.0,2.0,5.0,3.0,1.0,4.0,,,,,,,,,0,,0,,0,,,,,,,,,,,,,,,,,,,,,,,,,,,,,,,,,,,,,,,,,,,,,,,,,,,,,,,,,,,,,,,,,,,,,,,,,,,,,1.0,4.0,9.0,2,1,1,2,4,2,,1,3,5,1,2,12,,3,6,4,2.0,2,3,1,5,3,1.0,2,2,0.3716822256077425,
201801070466,2023-11-01T15:29:20Z,2023-11-01T15:34:29Z,2,1,1,6,2,2,2,4.0,2.0,2.0,2.0,1.0,,,,,,,,1.0,1.0,,,,,,,,1.0,2.0,2.0,5.0,4.0,5.0,4.0,5.0,5.0,,,4.0,5.0,5.0,4.0,3.0,3.0,,,4.0,1.0,,,,1.0,1.0,4.0,3.0,4.0,2.0,1.0,1.0,2.0,2.0,1.0,1.0,2.0,2.0,3.0,2.0,4.0,3.0,3.0,3.0,1.0,3.0,1.0,4.0,3.0,,2.0,1.0,,0,,0,,0,,,,,,,,,,,,,,,,,,,,,,,,,,,,,,,,,,,,,,,,,,,,,,,,,,,,,,,,,,,,,,,,,,,,,,,,,,,,,1.0,4.0,9.0,2,2,2,1,6,2,,3,3,5,4,6,7,,4,5,2,,2,3,1,7,3,1.0,2,2,0.3626244541096454,
201801070504,2023-11-05T10:56:28Z,2023-11-05T10:58:58Z,2,1,1,1,1,2,1,4.0,2.0,2.0,1.0,2.0,,,,,,,,1.0,1.0,,,,,,,,1.0,1.0,1.0,3.0,5.0,5.0,5.0,5.0,,5.0,5.0,3.0,5.0,5.0,5.0,5.0,,5.0,5.0,4.0,3.0,3.0,3.0,6.0,1.0,,,,,1.0,,2.0,,,,,,2.0,5.0,1.0,5.0,4.0,1.0,2.0,4.0,,,,,,,,,0,,0,,0,,,,,,,,,,,,,,,,,,,,,,,,,,,,,,,,,,,,,,,,,,,,,,,,,,,,,,,,,,,,,,,,,,,,,,,,,,,,,1.0,4.0,8.0,3,1,2,3,2,2,,1,1,1,1,1,12,,3,6,4,1.0,1,1,3,4,2,1.0,2,2,2.958252304547153,
201801070547,2023-10-27T19:20:23Z,2023-10-27T19:24:13Z,1,1,1,6,2,2,2,3.0,2.0,2.0,1.0,2.0,,,,,,,,1.0,1.0,,,,,,,,1.0,2.0,2.0,1.0,2.0,3.0,3.0,4.0,4.0,,,1.0,2.0,2.0,1.0,5.0,3.0,,,2.0,1.0,,,,3.0,3.0,2.0,2.0,2.0,5.0,1.0,1.0,1.0,2.0,2.0,2.0,2.0,2.0,3.0,2.0,1.0,3.0,1.0,1.0,1.0,2.0,1.0,2.0,3.0,,2.0,2.0,,0,,0,,0,,,,,,,,,,,,,,,,,,,,,,,,,,,,,,,,,,,,,,,,,,,,,,,,,,,,,,,,,,,,,,,,,,,,,,,,,,,,,1.0,4.0,9.0,2,2,2,1,6,2,,4,3,5,4,6,8,,4,6,2,,2,4,1,8,5,1.0,2,2,0.4675976107308122,
201801071240,2023-10-29T22:55:37Z,2023-10-29T23:00:32Z,2,1,1,2,2,2,2,4.0,1.0,1.0,2.0,,,,,,,,,1.0,,,,,,,,,99.0,2.0,2.0,3.0,3.0,4.0,3.0,3.0,,4.0,,3.0,5.0,4.0,3.0,4.0,,4.0,,3.0,3.0,3.0,2.0,3.0,1.0,1.0,5.0,3.0,4.0,2.0,2.0,1.0,2.0,1.0,2.0,2.0,2.0,2.0,2.0,2.0,3.0,2.0,2.0,2.0,4.0,,,,,,,,,0,,0,,0,,,,,,,,,,,,,,,,,,,,,,,,,,,,,,,,,,,,,,,,,,,,,,,,,,,,,,,,,,,,,,,,,,,,,,,,,,,,,1.0,4.0,9.0,1,1,2,1,5,2,,1,1,1,1,2,9,,3,6,2,,2,4,1,3,5,1.0,2,2,0.9731156105829902,
201801071436,2023-10-28T00:51:50Z,2023-10-28T01:17:28Z,2,1,1,6,2,2,2,4.0,3.0,3.0,2.0,1.0,1.0,,,,,,,1.0,1.0,1.0,,,,,,,1.0,1.0,1.0,1.0,1.0,1.0,1.0,3.0,3.0,,,3.0,3.0,3.0,4.0,3.0,3.0,,,1.0,2.0,5.0,4.0,5.0,1.0,1.0,4.0,2.0,5.0,2.0,1.0,2.0,,,,,,2.0,3.0,2.0,5.0,4.0,2.0,2.0,3.0,4.0,1.0,4.0,4.0,,2.0,1.0,,0,,0,,0,,,,,,,,,,,,,,,,,,,,,,,,,,,,,,,,,,,,,,,,,,,,,,,,,,,,,,,,,,,,,,,,,,,,,,,,,,,,,1.0,4.0,9.0,2,1,2,1,5,2,,1,1,1,1,6,12,,3,5,2,,2,4,1,9,4,2.0,1,2,0.2657926452924247,
201801071618,2023-10-27T16:59:21Z,2023-10-27T17:02:32Z,2,1,1,6,2,2,2,4.0,2.0,2.0,1.0,2.0,,,,,,,,1.0,1.0,,,,,,,,1.0,1.0,2.0,3.0,2.0,3.0,4.0,3.0,4.0,,,3.0,5.0,5.0,5.0,4.0,5.0,,,3.0,3.0,3.0,1.0,3.0,1.0,1.0,4.0,1.0,4.0,1.0,,2.0,,,,,,2.0,1.0,2.0,3.0,2.0,3.0,3.0,4.0,,,,,,,,,0,,0,,0,,,,,,,,,,,,,,,,,,,,,,,,,,,,,,,,,,,,,,,,,,,,,,,,,,,,,,,,,,,,,,,,,,,,,,,,,,,,,1.0,1.0,1.0,2,1,1,1,5,2,,1,1,1,1,6,10,,3,6,3,1.0,1,2,1,8,3,1.0,2,3,1.628655800446445,
201801071852,2023-10-28T08:21:35Z,2023-10-28T08:27:21Z,2,1,1,6,2,2,2,4.0,2.0,2.0,1.0,2.0,,,,,,,,1.0,1.0,,,,,,,,1.0,2.0,3.0,3.0,3.0,2.0,4.0,4.0,4.0,,,3.0,5.0,3.0,2.0,3.0,3.0,,,2.0,1.0,,,,2.0,1.0,3.0,3.0,4.0,4.0,3.0,1.0,2.0,2.0,1.0,1.0,2.0,1.0,3.0,3.0,1.0,2.0,3.0,3.0,1.0,3.0,2.0,4.0,4.0,,2.0,1.0,,0,,0,,0,,,,,,,,,,,,,,,,,,,,,,,,,,,,,,,,,,,,,,,,,,,,,,,,,,,,,,,,,,,,,,,,,,,,,,,,,,,,,1.0,1.0,1.0,1,1,2,1,5,1,8.0,1,1,3,1,6,12,,3,6,4,2.0,2,4,1,2,4,1.0,1,1,0.4039068408977993,
201801072282,2023-10-27T21:04:34Z,2023-10-27T21:15:42Z,2,1,1,1,1,2,1,3.0,2.0,2.0,1.0,2.0,,,,,,,,1.0,1.0,,,,,,,,1.0,1.0,2.0,4.0,3.0,5.0,4.0,5.0,,5.0,4.0,4.0,3.0,3.0,4.0,5.0,,5.0,4.0,3.0,3.0,3.0,2.0,5.0,1.0,,,,,1.0,,2.0,,,,,,2.0,1.0,1.0,5.0,2.0,3.0,3.0,4.0,,,,,,,,,0,,0,,0,,,,,,,,,,,,,,,,,,,,,,,,,,,,,,,,,,,,,,,,,,,,,,,,,,,,,,,,,,,,,,,,,,,,,,,,,,,,,1.0,1.0,1.0,2,2,2,1,6,1,2.0,1,1,3,1,1,5,,4,5,2,,2,4,1,9,5,1.0,2,3,0.2583017637142473,
201801072490,2023-10-27T17:41:31Z,2023-10-27T17:44:33Z,2,1,1,2,2,2,2,4.0,2.0,2.0,1.0,2.0,,,,,,,,1.0,1.0,,,,,,,,1.0,1.0,2.0,3.0,2.0,5.0,4.0,5.0,,5.0,,4.0,4.0,4.0,5.0,5.0,,5.0,,5.0,3.0,2.0,2.0,5.0,1.0,2.0,5.0,2.0,4.0,1.0,,2.0,,,,,,2.0,2.0,2.0,5.0,3.0,3.0,2.0,4.0,,,,,,,,,0,,0,,0,,,,,,,,,,,,,,,,,,,,,,,,,,,,,,,,,,,,,,,,,,,,,,,,,,,,,,,,,,,,,,,,,,,,,,,,,,,,,1.0,1.0,1.0,1,2,1,1,5,2,,1,1,1,1,2,9,,3,6,3,2.0,2,4,3,2,5,2.0,2,1,1.19967919548643,
201801073543,2023-10-27T19:33:06Z,2023-10-27T19:36:12Z,2,1,1,6,2,2,2,4.0,2.0,2.0,2.0,1.0,,,,,,,,1.0,1.0,,,,,,,,1.0,2.0,1.0,2.0,3.0,4.0,3.0,3.0,4.0,,,4.0,4.0,4.0,4.0,4.0,4.0,,,3.0,3.0,5.0,2.0,3.0,1.0,1.0,4.0,1.0,5.0,2.0,1.0,2.0,,,,,,2.0,2.0,1.0,4.0,2.0,3.0,3.0,4.0,,,,,,,,,0,,0,,0,,,,,,,,,,,,,,,,,,,,,,,,,,,,,,,,,,,,,,,,,,,,,,,,,,,,,,,,,,,,,,,,,,,,,,,,,,,,,1.0,1.0,1.0,2,1,2,1,6,2,,1,1,1,1,6,2,2.0,2,5,2,,2,4,1,5,4,2.0,1,2,1.175894746000705,
201801073604,2023-11-03T10:16:01Z,2023-11-03T10:19:55Z,2,1,1,6,2,2,2,4.0,1.0,1.0,2.0,,,,,,,,,1.0,,,,,,,,,99.0,2.0,3.0,5.0,4.0,4.0,3.0,3.0,5.0,,,4.0,3.0,5.0,4.0,4.0,3.0,,,3.0,3.0,3.0,2.0,3.0,1.0,3.0,5.0,1.0,4.0,1.0,,2.0,,,,,,1.0,3.0,2.0,3.0,3.0,3.0,2.0,4.0,,,,,,,,,0,,0,,0,,,,,,,,,,,,,,,,,,,,,,,,,,,,,,,,,,,,,,,,,,,,,,,,,,,,,,,,,,,,,,,,,,,,,,,,,,,,,1.0,1.0,1.0,2,2,2,2,3,2,,1,2,2,1,6,12,,3,5,2,,2,4,1,3,4,1.0,2,1,0.2401388090421684,
201801073719,2023-10-28T19:20:01Z,2023-11-01T11:51:52Z,2,1,1,6,2,2,2,3.0,2.0,2.0,1.0,2.0,,,,,,,,1.0,1.0,,,,,,,,1.0,1.0,3.0,2.0,3.0,3.0,4.0,2.0,3.0,,,3.0,4.0,2.0,2.0,2.0,3.0,,,2.0,3.0,3.0,2.0,5.0,1.0,1.0,4.0,1.0,3.0,2.0,3.0,1.0,1.0,2.0,2.0,2.0,1.0,2.0,3.0,1.0,4.0,3.0,3.0,2.0,4.0,,,,,,,,,0,,0,,0,,,,,,,,,,,,,,,,,,,,,,,,,,,,,,,,,,,,,,,,,,,,,,,,,,,,,,,,,,,,,,,,,,,,,,,,,,,,,1.0,1.0,1.0,1,1,1,1,5,2,,1,1,1,1,6,2,2.0,2,5,3,1.0,1,1,1,1,1,2.0,1,1,1.883644340218159,
201801073742,2023-10-29T11:11:54Z,2023-10-29T11:15:27Z,2,1,1,1,2,2,1,4.0,2.0,2.0,2.0,1.0,,,,,,,,1.0,1.0,,,,,,,,1.0,1.0,1.0,2.0,1.0,1.0,1.0,2.0,,2.0,,4.0,5.0,3.0,5.0,4.0,,5.0,,1.0,3.0,2.0,1.0,3.0,1.0,,,1.0,4.0,1.0,,2.0,,,,,,2.0,1.0,1.0,1.0,1.0,3.0,3.0,4.0,,,,,,,,,0,,0,,0,,,,,,,,,,,,,,,,,,,,,,,,,,,,,,,,,,,,,,,,,,,,,,,,,,,,,,,,,,,,,,,,,,,,,,,,,,,,,1.0,1.0,2.0,2,2,2,1,5,2,,1,1,1,1,1,9,,3,6,3,2.0,2,3,1,8,3,1.0,2,2,0.2783417844105068,
201801074535,2023-10-27T17:34:59Z,2023-10-27T17:40:11Z,2,1,1,6,2,2,2,4.0,2.0,2.0,1.0,2.0,,,,,,,,1.0,1.0,,,,,,,,1.0,1.0,1.0,2.0,1.0,3.0,1.0,3.0,2.0,,,3.0,2.0,1.0,3.0,2.0,4.0,,,1.0,3.0,2.0,1.0,4.0,1.0,1.0,3.0,1.0,3.0,2.0,1.0,1.0,1.0,2.0,2.0,2.0,1.0,2.0,1.0,2.0,2.0,2.0,3.0,3.0,4.0,,,,,,,,,0,,0,,0,,,,,,,,,,,,,,,,,,,,,,,,,,,,,,,,,,,,,,,,,,,,,,,,,,,,,,,,,,,,,,,,,,,,,,,,,,,,,1.0,1.0,1.0,2,1,2,1,6,2,,1,1,1,1,6,4,2.0,4,4,2,,2,4,1,9,5,1.0,1,3,0.3993228134381431,
201801074536,2023-10-28T16:31:48Z,2023-10-28T16:35:38Z,2,1,1,6,2,2,2,3.0,2.0,2.0,1.0,2.0,,,,,,,,1.0,1.0,,,,,,,,1.0,1.0,2.0,2.0,3.0,3.0,3.0,2.0,3.0,,,4.0,5.0,3.0,2.0,3.0,3.0,,,3.0,3.0,2.0,2.0,5.0,2.0,1.0,3.0,1.0,2.0,4.0,2.0,1.0,1.0,2.0,2.0,2.0,2.0,2.0,3.0,2.0,3.0,3.0,2.0,2.0,4.0,,,,,,,,,0,,0,,0,,,,,,,,,,,,,,,,,,,,,,,,,,,,,,,,,,,,,,,,,,,,,,,,,,,,,,,,,,,,,,,,,,,,,,,,,,,,,1.0,1.0,2.0,1,1,2,1,5,2,,1,1,1,1,6,1,2.0,1,5,2,,2,4,1,2,4,1.0,1,1,0.4233012453974502,
201801074778,2023-10-28T15:23:37Z,2023-10-29T10:07:42Z,2,1,1,6,2,2,2,4.0,2.0,2.0,1.0,2.0,,,,,,,,1.0,1.0,,,,,,,,1.0,1.0,2.0,4.0,3.0,5.0,3.0,4.0,4.0,,,3.0,5.0,4.0,4.0,4.0,4.0,,,2.0,1.0,,,,1.0,1.0,3.0,1.0,2.0,1.0,,2.0,,,,,,1.0,2.0,2.0,4.0,3.0,3.0,3.0,1.0,2.0,2.0,3.0,2.0,,1.0,1.0,,0,,0,,0,,,,,,,,,,,,,,,,,,,,,,,,,,,,,,,,,,,,,,,,,,,,,,,,,,,,,,,,,,,,,,,,,,,,,,,,,,,,,1.0,1.0,1.0,2,2,1,1,6,2,,1,1,1,1,6,1,1.0,1,1,1,,1,1,1,8,1,1.0,1,2,0.1469674146658036,
201801075448,2023-10-29T11:09:46Z,2023-10-29T11:15:47Z,2,1,1,1,2,2,1,4.0,2.0,2.0,2.0,1.0,,,,,,,,1.0,1.0,,,,,,,,1.0,1.0,3.0,5.0,5.0,5.0,5.0,5.0,,5.0,,5.0,4.0,3.0,5.0,5.0,,5.0,,4.0,3.0,2.0,2.0,3.0,1.0,,,1.0,4.0,1.0,,2.0,,,,,,2.0,4.0,2.0,4.0,3.0,3.0,3.0,4.0,,,,,,,,,0,,0,,0,,,,,,,,,,,,,,,,,,,,,,,,,,,,,,,,,,,,,,,,,,,,,,,,,,,,,,,,,,,,,,,,,,,,,,,,,,,,,1.0,1.0,1.0,3,2,1,2,3,2,,1,1,1,1,1,9,,3,6,2,,2,4,1,9,4,1.0,2,3,0.9698692293534896,
201801075675,2023-10-29T08:55:21Z,2023-10-29T08:57:58Z,2,1,1,1,2,2,1,4.0,2.0,2.0,2.0,1.0,,,,,,,,1.0,2.0,,,,,,,,1.0,2.0,2.0,3.0,4.0,3.0,3.0,3.0,,4.0,,5.0,5.0,5.0,5.0,4.0,,4.0,,3.0,3.0,5.0,2.0,4.0,1.0,,,2.0,5.0,1.0,,2.0,,,,,,1.0,3.0,1.0,2.0,2.0,3.0,3.0,4.0,,,,,,,,,0,,0,,0,,,,,,,,,,,,,,,,,,,,,,,,,,,,,,,,,,,,,,,,,,,,,,,,,,,,,,,,,,,,,,,,,,,,,,,,,,,,,2.0,1.0,1.0,2,1,2,3,2,2,,1,1,1,1,1,10,,3,6,4,2.0,2,4,3,9,4,1.0,2,3,5.1404113770896425,
201801076454,2023-10-27T08:52:41Z,2023-10-27T08:55:49Z,2,1,1,2,1,2,2,4.0,2.0,2.0,2.0,1.0,,,,,,,,1.0,1.0,,,,,,,,1.0,1.0,3.0,4.0,4.0,3.0,4.0,3.0,,4.0,4.0,4.0,3.0,3.0,4.0,3.0,,3.0,2.0,4.0,3.0,2.0,2.0,3.0,1.0,1.0,4.0,,,1.0,,2.0,,,,,,2.0,2.0,2.0,4.0,2.0,3.0,3.0,4.0,,,,,,,,,0,,0,,0,,,,,,,,,,,,,,,,,,,,,,,,,,,,,,,,,,,,,,,,,,,,,,,,,,,,,,,,,,,,,,,,,,,,,,,,,,,,,1.0,1.0,1.0,1,2,2,1,5,2,,1,1,1,1,2,2,2.0,2,4,3,2.0,2,3,1,4,3,1.0,2,2,0.2157574347599899,
201801077708,2023-10-29T12:07:42Z,2023-10-29T12:11:33Z,2,1,1,6,2,2,2,4.0,2.0,2.0,2.0,1.0,,,,,,,,1.0,2.0,,,,,,,,1.0,2.0,1.0,3.0,3.0,3.0,3.0,4.0,2.0,,,4.0,3.0,3.0,3.0,3.0,3.0,,,2.0,3.0,3.0,2.0,4.0,1.0,1.0,1.0,3.0,1.0,1.0,,2.0,,,,,,2.0,3.0,2.0,1.0,3.0,2.0,2.0,4.0,,,,,,,,,0,,0,,0,,,,,,,,,,,,,,,,,,,,,,,,,,,,,,,,,,,,,,,,,,,,,,,,,,,,,,,,,,,,,,,,,,,,,,,,,,,,,1.0,1.0,2.0,2,2,2,1,5,1,4.0,1,4,3,1,6,11,2.0,4,6,4,2.0,2,4,1,7,4,2.0,2,2,0.2021488056482284,
201801079688,2023-10-27T18:16:14Z,2023-10-27T18:22:13Z,2,1,1,1,1,2,1,4.0,2.0,2.0,2.0,1.0,,,,,,,,1.0,1.0,,,,,,,,1.0,1.0,3.0,5.0,3.0,3.0,4.0,5.0,,3.0,3.0,4.0,3.0,4.0,4.0,5.0,,2.0,3.0,3.0,3.0,3.0,3.0,2.0,4.0,,,,,1.0,,2.0,,,,,,2.0,3.0,2.0,3.0,2.0,3.0,3.0,4.0,,,,,,,,,0,,0,,0,,,,,,,,,,,,,,,,,,,,,,,,,,,,,,,,,,,,,,,,,,,,,,,,,,,,,,,,,,,,,,,,,,,,,,,,,,,,,1.0,1.0,2.0,2,2,2,1,6,99,,1,99,99,1,1,99,,99,4,2,,2,4,1,9,5,1.0,1,3,0.2098604836056666,
201801079787,2023-10-30T12:39:06Z,2023-10-30T12:42:44Z,2,1,1,1,1,2,1,4.0,1.0,1.0,2.0,,,,,,,,,1.0,,,,,,,,,99.0,2.0,3.0,5.0,4.0,4.0,4.0,4.0,,4.0,4.0,4.0,3.0,4.0,4.0,3.0,,3.0,3.0,4.0,3.0,3.0,2.0,5.0,3.0,,,,,1.0,,2.0,,,,,,2.0,3.0,2.0,1.0,1.0,2.0,2.0,4.0,,,,,,,,,0,,0,,0,,,,,,,,,,,,,,,,,,,,,,,,,,,,,,,,,,,,,,,,,,,,,,,,,,,,,,,,,,,,,,,,,,,,,,,,,,,,,1.0,1.0,2.0,2,2,2,1,5,2,,1,1,1,1,1,10,,3,6,3,2.0,2,4,1,5,5,2.0,2,2,0.4252414044639864,
201801080718,2023-10-27T17:35:08Z,2023-10-29T11:34:11Z,1,1,1,2,2,2,2,3.0,2.0,2.0,1.0,2.0,,,,,,,,1.0,1.0,,,,,,,,1.0,1.0,1.0,3.0,4.0,4.0,3.0,5.0,,5.0,,3.0,5.0,3.0,5.0,5.0,,4.0,,3.0,3.0,3.0,3.0,5.0,1.0,1.0,4.0,2.0,4.0,1.0,,2.0,,,,,,1.0,4.0,3.0,3.0,3.0,3.0,3.0,4.0,,,,,,,,,0,,0,,0,,,,,,,,,,,,,,,,,,,,,,,,,,,,,,,,,,,,,,,,,,,,,,,,,,,,,,,,,,,,,,,,,,,,,,,,,,,,,1.0,1.0,2.0,1,2,2,1,5,2,,4,3,5,4,2,10,,3,5,2,,2,4,1,9,5,1.0,1,3,0.2181866355681084,
201801080871,2023-10-28T11:18:28Z,2023-10-28T11:24:28Z,2,1,1,1,2,2,1,4.0,2.0,2.0,2.0,1.0,,,,,,,,1.0,1.0,,,,,,,,1.0,1.0,1.0,3.0,2.0,3.0,2.0,2.0,,3.0,,4.0,3.0,4.0,5.0,5.0,,5.0,,2.0,3.0,2.0,2.0,4.0,1.0,,,1.0,3.0,1.0,,2.0,,,,,,2.0,1.0,1.0,4.0,1.0,3.0,3.0,4.0,,,,,,,,,0,,0,,0,,,,,,,,,,,,,,,,,,,,,,,,,,,,,,,,,,,,,,,,,,,,,,,,,,,,,,,,,,,,,,,,,,,,,,,,,,,,,1.0,1.0,2.0,1,2,1,1,6,2,,1,1,1,1,1,5,,4,5,2,,2,4,1,9,5,1.0,2,3,0.4615874583762522,
201801080959,2023-10-27T18:10:35Z,2023-10-27T18:14:24Z,2,1,1,1,1,2,1,4.0,2.0,2.0,1.0,2.0,,,,,,,,1.0,1.0,,,,,,,,1.0,1.0,2.0,3.0,4.0,3.0,3.0,5.0,,5.0,4.0,4.0,4.0,4.0,4.0,5.0,,4.0,4.0,4.0,3.0,3.0,2.0,2.0,1.0,,,,,2.0,2.0,1.0,2.0,2.0,1.0,2.0,1.0,2.0,2.0,1.0,4.0,2.0,3.0,2.0,4.0,,,,,,,,,0,,0,,0,,,,,,,,,,,,,,,,,,,,,,,,,,,,,,,,,,,,,,,,,,,,,,,,,,,,,,,,,,,,,,,,,,,,,,,,,,,,,1.0,1.0,2.0,1,2,2,1,5,2,,1,1,1,1,1,12,,3,4,2,,2,4,1,99,4,1.0,1,99,0.1462569435773446,
201801081041,2023-10-27T17:18:32Z,2023-10-29T11:13:16Z,2,1,1,2,2,2,2,4.0,2.0,2.0,1.0,2.0,,,,,,,,1.0,1.0,,,,,,,,1.0,2.0,1.0,2.0,2.0,5.0,3.0,3.0,,4.0,,4.0,5.0,5.0,4.0,4.0,,4.0,,4.0,3.0,1.0,1.0,2.0,1.0,1.0,4.0,1.0,3.0,1.0,,2.0,,,,,,2.0,3.0,2.0,4.0,3.0,3.0,3.0,4.0,,,,,,,,,0,,0,,0,,,,,,,,,,,,,,,,,,,,,,,,,,,,,,,,,,,,,,,,,,,,,,,,,,,,,,,,,,,,,,,,,,,,,,,,,,,,,1.0,1.0,2.0,2,1,1,1,6,2,,1,1,1,1,2,1,2.0,1,5,1,,1,1,1,7,2,1.0,1,2,0.6712697940295609,
201801081202,2023-10-28T10:56:27Z,2023-10-28T11:00:15Z,1,1,1,2,2,2,2,4.0,2.0,2.0,1.0,2.0,,,,,,,,1.0,1.0,,,,,,,,1.0,2.0,1.0,2.0,2.0,2.0,2.0,2.0,,3.0,,5.0,4.0,3.0,3.0,3.0,,5.0,,2.0,3.0,2.0,2.0,5.0,1.0,1.0,5.0,3.0,4.0,1.0,,2.0,,,,,,2.0,1.0,1.0,2.0,1.0,3.0,3.0,4.0,,,,,,,,,0,,0,,0,,,,,,,,,,,,,,,,,,,,,,,,,,,,,,,,,,,,,,,,,,,,,,,,,,,,,,,,,,,,,,,,,,,,,,,,,,,,,1.0,3.0,5.0,1,2,2,1,5,2,,1,1,1,1,2,12,,3,6,2,,2,4,1,9,5,2.0,2,3,0.4089439878577927,
201801082597,2023-10-27T21:46:29Z,2023-10-27T21:50:00Z,2,1,1,1,2,2,1,4.0,2.0,2.0,2.0,1.0,,,,,,,,1.0,1.0,,,,,,,,1.0,2.0,2.0,3.0,2.0,3.0,3.0,3.0,,3.0,,4.0,4.0,4.0,4.0,4.0,,5.0,,1.0,3.0,2.0,1.0,5.0,1.0,,,1.0,5.0,5.0,2.0,1.0,2.0,1.0,1.0,2.0,1.0,2.0,1.0,1.0,2.0,2.0,3.0,3.0,4.0,,,,,,,,,0,,0,,0,,,,,,,,,,,,,,,,,,,,,,,,,,,,,,,,,,,,,,,,,,,,,,,,,,,,,,,,,,,,,,,,,,,,,,,,,,,,,1.0,1.0,2.0,1,2,2,1,6,2,,1,1,1,1,1,12,,3,6,2,,2,4,1,5,5,1.0,2,2,0.2783417844105068,
201801083071,2023-10-29T12:26:01Z,2023-10-29T12:42:03Z,2,1,1,6,2,2,2,4.0,2.0,2.0,2.0,1.0,,,,,,,,1.0,1.0,,,,,,,,1.0,2.0,1.0,5.0,4.0,5.0,5.0,5.0,4.0,,,5.0,1.0,3.0,5.0,4.0,4.0,,,5.0,2.0,4.0,2.0,3.0,1.0,1.0,4.0,1.0,4.0,2.0,1.0,1.0,2.0,1.0,1.0,1.0,1.0,2.0,3.0,1.0,1.0,1.0,3.0,3.0,1.0,4.0,1.0,4.0,4.0,,2.0,2.0,,0,,0,,0,,,,,,,,,,,,,,,,,,,,,,,,,,,,,,,,,,,,,,,,,,,,,,,,,,,,,,,,,,,,,,,,,,,,,,,,,,,,,1.0,1.0,2.0,1,1,1,1,5,2,,4,1,1,4,6,10,,3,6,3,2.0,2,4,1,9,4,1.0,2,2,2.236741609747419,
201801084596,2023-11-02T20:34:28Z,2023-11-02T20:58:49Z,2,1,1,1,1,2,1,4.0,2.0,2.0,2.0,1.0,,,,,,,,1.0,2.0,,,,,,,,1.0,2.0,3.0,3.0,4.0,3.0,3.0,3.0,,3.0,2.0,4.0,5.0,3.0,4.0,5.0,,3.0,4.0,2.0,3.0,1.0,2.0,4.0,1.0,,,,,2.0,4.0,1.0,2.0,2.0,2.0,1.0,1.0,2.0,1.0,1.0,2.0,2.0,3.0,2.0,4.0,,,,,,,,,0,,0,,0,,,,,,,,,,,,,,,,,,,,,,,,,,,,,,,,,,,,,,,,,,,,,,,,,,,,,,,,,,,,,,,,,,,,,,,,,,,,,1.0,1.0,2.0,3,2,2,2,3,2,,1,1,1,1,1,12,,3,6,2,,2,3,3,5,3,2.0,2,2,1.6459594008469585,
201801084705,2023-10-28T08:32:18Z,2023-10-28T08:36:23Z,2,1,1,6,1,2,2,4.0,2.0,2.0,2.0,1.0,,,,,,,,1.0,1.0,,,,,,,,1.0,2.0,3.0,3.0,3.0,3.0,3.0,3.0,4.0,,3.0,3.0,3.0,3.0,2.0,3.0,3.0,,3.0,2.0,99.0,,,,1.0,2.0,5.0,,,1.0,,2.0,,,,,,1.0,4.0,2.0,2.0,2.0,2.0,3.0,,,,,,,,,,0,,0,,0,,,,,,,,,,,,,,,,,,,,,,,,,,,,,,,,,,,,,,,,,,,,,,,,,,,,,,,,,,,,,,,,,,,,,,,,,,,,,2.0,1.0,2.0,3,2,2,2,3,2,,1,1,1,1,6,11,,4,6,3,99.0,9,9,1,2,3,2.0,1,1,0.5084884208759136,
201801084844,2023-10-30T18:05:37Z,2023-10-30T18:09:14Z,1,1,1,2,2,2,2,4.0,2.0,2.0,1.0,2.0,,,,,,,,1.0,1.0,,,,,,,,1.0,1.0,1.0,4.0,4.0,5.0,4.0,5.0,,5.0,,4.0,4.0,3.0,5.0,5.0,,4.0,,5.0,3.0,5.0,5.0,5.0,1.0,1.0,5.0,1.0,5.0,1.0,,2.0,,,,,,2.0,3.0,2.0,4.0,3.0,2.0,2.0,4.0,,,,,,,,,0,,0,,0,,,,,,,,,,,,,,,,,,,,,,,,,,,,,,,,,,,,,,,,,,,,,,,,,,,,,,,,,,,,,,,,,,,,,,,,,,,,,1.0,4.0,9.0,2,1,1,1,6,2,,1,1,1,1,2,10,,3,6,2,,2,4,1,5,5,1.0,2,2,1.1006517705872538,
201801085678,2023-10-28T10:28:22Z,2023-11-01T11:30:15Z,2,1,1,6,2,2,2,4.0,2.0,2.0,2.0,1.0,,,,,,,,1.0,1.0,,,,,,,,1.0,2.0,1.0,3.0,4.0,4.0,3.0,4.0,4.0,,,4.0,5.0,5.0,5.0,5.0,5.0,,,2.0,3.0,2.0,1.0,5.0,1.0,1.0,3.0,2.0,3.0,2.0,1.0,1.0,2.0,2.0,2.0,2.0,2.0,2.0,2.0,1.0,2.0,1.0,3.0,3.0,4.0,,,,,,,,,0,,0,,0,,,,,,,,,,,,,,,,,,,,,,,,,,,,,,,,,,,,,,,,,,,,,,,,,,,,,,,,,,,,,,,,,,,,,,,,,,,,,1.0,1.0,2.0,1,2,2,1,5,2,,1,1,1,1,6,12,,3,6,2,,2,4,1,4,5,1.0,1,2,0.0839560592844581,
201801085687,2023-11-01T11:37:45Z,2023-11-01T12:03:19Z,1,1,1,2,2,2,2,4.0,2.0,2.0,1.0,2.0,,,,,,,,1.0,1.0,,,,,,,,1.0,1.0,1.0,3.0,3.0,5.0,3.0,4.0,,3.0,,4.0,4.0,2.0,5.0,5.0,,4.0,,3.0,3.0,3.0,2.0,3.0,2.0,2.0,3.0,2.0,4.0,1.0,,2.0,,,,,,2.0,2.0,1.0,3.0,3.0,3.0,2.0,4.0,,,,,,,,,0,,0,,0,,,,,,,,,,,,,,,,,,,,,,,,,,,,,,,,,,,,,,,,,,,,,,,,,,,,,,,,,,,,,,,,,,,,,,,,,,,,,1.0,1.0,2.0,1,2,1,1,5,2,,1,1,1,1,2,9,,3,6,2,,2,4,1,1,5,1.0,2,1,0.3987050642836669,
201801086138,2023-10-27T17:16:14Z,2023-10-27T17:19:52Z,2,1,1,6,1,2,2,4.0,1.0,1.0,2.0,,,,,,,,,1.0,,,,,,,,,99.0,2.0,1.0,3.0,2.0,3.0,4.0,2.0,2.0,,3.0,4.0,5.0,5.0,4.0,3.0,2.0,,4.0,1.0,3.0,1.0,1.0,2.0,2.0,3.0,5.0,,,1.0,,2.0,,,,,,1.0,1.0,1.0,1.0,1.0,3.0,3.0,4.0,,,,,,,,,0,,0,,0,,,,,,,,,,,,,,,,,,,,,,,,,,,,,,,,,,,,,,,,,,,,,,,,,,,,,,,,,,,,,,,,,,,,,,,,,,,,,1.0,1.0,2.0,1,2,2,2,4,2,,1,2,2,1,6,1,2.0,1,5,2,,2,3,1,2,3,1.0,2,1,0.4499347103006001,
201801087103,2023-10-27T18:52:00Z,2023-10-27T18:55:28Z,2,1,1,6,2,2,2,3.0,2.0,2.0,1.0,2.0,,,,,,,,1.0,1.0,,,,,,,,1.0,1.0,1.0,1.0,2.0,3.0,3.0,2.0,3.0,,,4.0,3.0,3.0,4.0,4.0,3.0,,,3.0,3.0,3.0,2.0,5.0,1.0,1.0,3.0,3.0,3.0,2.0,1.0,2.0,,,,,,1.0,2.0,3.0,4.0,3.0,3.0,3.0,4.0,,,,,,,,,0,,0,,0,,,,,,,,,,,,,,,,,,,,,,,,,,,,,,,,,,,,,,,,,,,,,,,,,,,,,,,,,,,,,,,,,,,,,,,,,,,,,1.0,1.0,2.0,2,1,2,1,6,2,,1,1,1,1,6,2,2.0,2,4,3,1.0,1,1,2,2,2,1.0,1,2,1.631025536613157,
201801088076,2023-10-29T13:21:14Z,2023-10-29T13:25:40Z,1,1,1,6,2,2,2,4.0,2.0,2.0,2.0,1.0,,,,,,,,1.0,1.0,,,,,,,,1.0,1.0,2.0,3.0,3.0,3.0,1.0,3.0,3.0,,,5.0,5.0,5.0,3.0,5.0,5.0,,,2.0,3.0,2.0,5.0,5.0,3.0,3.0,5.0,3.0,5.0,2.0,1.0,1.0,2.0,2.0,2.0,2.0,1.0,2.0,3.0,1.0,2.0,2.0,3.0,3.0,4.0,,,,,,,,,0,,0,,0,,,,,,,,,,,,,,,,,,,,,,,,,,,,,,,,,,,,,,,,,,,,,,,,,,,,,,,,,,,,,,,,,,,,,,,,,,,,,1.0,1.0,2.0,1,2,2,2,3,2,,1,1,1,1,6,1,2.0,1,6,2,,2,4,2,1,4,2.0,2,1,3.0535674812304414,
201801089821,2023-10-30T09:13:28Z,2023-10-30T09:17:28Z,2,1,1,1,1,2,1,4.0,2.0,2.0,1.0,2.0,,,,,,,,1.0,1.0,,,,,,,,1.0,2.0,2.0,4.0,2.0,3.0,3.0,4.0,,4.0,3.0,4.0,3.0,4.0,4.0,4.0,,4.0,3.0,3.0,3.0,3.0,1.0,3.0,1.0,,,,,1.0,,2.0,,,,,,2.0,2.0,2.0,3.0,2.0,3.0,3.0,4.0,,,,,,,,,0,,0,,0,,,,,,,,,,,,,,,,,,,,,,,,,,,,,,,,,,,,,,,,,,,,,,,,,,,,,,,,,,,,,,,,,,,,,,,,,,,,,1.0,1.0,2.0,2,2,1,1,5,2,,1,1,1,1,1,12,,3,5,2,,2,4,1,9,4,1.0,2,3,0.3987050642836669,
201801089896,2023-10-29T10:00:13Z,2023-10-29T10:04:27Z,2,1,1,2,2,2,2,4.0,2.0,2.0,1.0,2.0,,,,,,,,1.0,1.0,,,,,,,,1.0,1.0,1.0,4.0,1.0,2.0,1.0,2.0,,4.0,,3.0,5.0,5.0,5.0,3.0,,4.0,,4.0,3.0,2.0,2.0,2.0,1.0,1.0,3.0,2.0,5.0,2.0,1.0,1.0,2.0,2.0,1.0,1.0,2.0,2.0,1.0,1.0,3.0,1.0,3.0,3.0,4.0,,,,,,,,,0,,0,,0,,,,,,,,,,,,,,,,,,,,,,,,,,,,,,,,,,,,,,,,,,,,,,,,,,,,,,,,,,,,,,,,,,,,,,,,,,,,,1.0,1.0,2.0,1,1,2,3,2,2,,1,1,1,1,2,12,,3,5,4,1.0,1,1,1,7,1,1.0,2,2,1.5652874330414313,
201801089914,2023-10-27T18:03:30Z,2023-10-27T18:06:57Z,1,1,1,6,2,2,2,4.0,2.0,2.0,1.0,2.0,,,,,,,,1.0,1.0,,,,,,,,1.0,1.0,3.0,2.0,4.0,5.0,4.0,4.0,5.0,,,5.0,3.0,5.0,4.0,4.0,6.0,,,5.0,3.0,3.0,3.0,2.0,1.0,3.0,5.0,3.0,5.0,1.0,,1.0,2.0,1.0,2.0,2.0,2.0,2.0,2.0,3.0,3.0,3.0,3.0,3.0,4.0,,,,,,,,,0,,0,,0,,,,,,,,,,,,,,,,,,,,,,,,,,,,,,,,,,,,,,,,,,,,,,,,,,,,,,,,,,,,,,,,,,,,,,,,,,,,,1.0,1.0,2.0,3,1,1,1,5,2,,1,1,1,1,6,1,1.0,1,2,4,1.0,1,1,1,5,1,1.0,2,2,1.3551448326387192,
201801090158,2023-10-27T23:33:05Z,2023-10-27T23:37:48Z,2,1,1,1,2,2,1,4.0,2.0,2.0,1.0,2.0,,,,,,,,1.0,1.0,,,,,,,,1.0,2.0,1.0,1.0,1.0,1.0,1.0,1.0,,1.0,,1.0,1.0,5.0,1.0,1.0,,1.0,,1.0,3.0,2.0,2.0,2.0,2.0,,,1.0,3.0,5.0,1.0,2.0,,,,,,2.0,2.0,1.0,1.0,1.0,3.0,3.0,4.0,,,,,,,,,0,,0,,0,,,,,,,,,,,,,,,,,,,,,,,,,,,,,,,,,,,,,,,,,,,,,,,,,,,,,,,,,,,,,,,,,,,,,,,,,,,,,1.0,1.0,2.0,1,2,1,3,2,2,,1,1,1,1,1,1,1.0,1,1,1,,1,1,1,1,2,1.0,2,1,1.208854685094943,
201801090480,2023-10-27T23:41:45Z,2023-10-27T23:44:33Z,2,1,1,6,1,2,2,4.0,1.0,1.0,1.0,,,,,,,,,1.0,,,,,,,,,99.0,1.0,3.0,2.0,1.0,3.0,1.0,3.0,3.0,,1.0,1.0,4.0,5.0,5.0,4.0,3.0,,99.0,1.0,1.0,,,,2.0,1.0,4.0,,,4.0,1.0,1.0,2.0,2.0,2.0,1.0,2.0,1.0,1.0,2.0,4.0,3.0,3.0,3.0,1.0,1.0,1.0,3.0,4.0,,2.0,1.0,,0,,0,,0,,,,,,,,,,,,,,,,,,,,,,,,,,,,,,,,,,,,,,,,,,,,,,,,,,,,,,,,,,,,,,,,,,,,,,,,,,,,,1.0,1.0,2.0,3,2,2,2,3,2,,1,1,1,1,6,1,1.0,1,3,1,,1,2,1,1,3,1.0,2,1,1.084912475782026,
201801090658,2023-10-27T21:45:22Z,2023-10-27T21:54:44Z,2,1,1,1,2,2,1,4.0,1.0,1.0,2.0,,,,,,,,,1.0,,,,,,,,,99.0,2.0,2.0,4.0,3.0,5.0,5.0,4.0,,4.0,,4.0,3.0,4.0,4.0,4.0,,5.0,,3.0,3.0,3.0,2.0,3.0,3.0,,,3.0,2.0,1.0,,2.0,,,,,,1.0,2.0,1.0,4.0,2.0,2.0,2.0,4.0,,,,,,,,,0,,0,,0,,,,,,,,,,,,,,,,,,,,,,,,,,,,,,,,,,,,,,,,,,,,,,,,,,,,,,,,,,,,,,,,,,,,,,,,,,,,,2.0,1.0,2.0,2,2,2,2,3,2,,1,1,1,1,1,1,1.0,1,5,3,1.0,1,1,1,6,2,1.0,2,2,0.8866204184345896,
201801090699,2023-10-27T17:52:27Z,2023-10-27T19:26:05Z,2,1,1,2,1,2,2,4.0,2.0,2.0,2.0,1.0,,,,,,,,1.0,1.0,,,,,,,,1.0,1.0,1.0,1.0,3.0,5.0,1.0,3.0,,4.0,1.0,3.0,5.0,5.0,5.0,5.0,,4.0,4.0,3.0,3.0,1.0,1.0,2.0,3.0,1.0,5.0,,,2.0,2.0,1.0,2.0,2.0,1.0,1.0,1.0,1.0,2.0,3.0,5.0,2.0,3.0,3.0,4.0,,,,,,,,,0,,0,,0,,,,,,,,,,,,,,,,,,,,,,,,,,,,,,,,,,,,,,,,,,,,,,,,,,,,,,,,,,,,,,,,,,,,,,,,,,,,,1.0,1.0,2.0,1,2,2,1,6,2,,1,2,2,1,2,1,2.0,1,5,2,,2,4,1,7,4,1.0,2,2,0.2612765515105566,
201801091936,2023-11-02T07:18:11Z,2023-11-02T07:22:53Z,1,1,1,6,2,2,2,3.0,2.0,2.0,2.0,1.0,,,,,,,,1.0,1.0,,,,,,,,1.0,1.0,1.0,1.0,1.0,3.0,2.0,4.0,4.0,,,1.0,2.0,2.0,2.0,2.0,3.0,,,1.0,3.0,2.0,2.0,5.0,1.0,1.0,3.0,1.0,3.0,4.0,1.0,1.0,2.0,1.0,2.0,1.0,1.0,2.0,2.0,2.0,5.0,3.0,3.0,2.0,4.0,,,,,,,,,0,,0,,0,,,,,,,,,,,,,,,,,,,,,,,,,,,,,,,,,,,,,,,,,,,,,,,,,,,,,,,,,,,,,,,,,,,,,,,,,,,,,1.0,1.0,2.0,2,1,2,1,5,1,6.0,1,4,3,1,6,2,2.0,2,2,1,,1,1,2,99,2,2.0,2,99,1.6553292320092448,
201801092536,2023-10-27T17:18:00Z,2023-10-27T17:22:04Z,2,1,1,2,2,2,2,2.0,2.0,2.0,1.0,2.0,,,,,,,,1.0,1.0,,,,,,,,1.0,1.0,3.0,4.0,3.0,3.0,3.0,4.0,,4.0,,3.0,2.0,3.0,4.0,4.0,,4.0,,3.0,3.0,3.0,2.0,4.0,3.0,3.0,3.0,2.0,4.0,2.0,2.0,1.0,1.0,2.0,2.0,2.0,1.0,1.0,4.0,3.0,3.0,1.0,3.0,3.0,4.0,,,,,,,,,0,,0,,0,,,,,,,,,,,,,,,,,,,,,,,,,,,,,,,,,,,,,,,,,,,,,,,,,,,,,,,,,,,,,,,,,,,,,,,,,,,,,1.0,1.0,2.0,1,2,1,2,4,1,1.0,1,1,3,1,2,10,,3,5,3,2.0,2,4,1,4,4,1.0,2,2,0.3651652202600413,
201801093293,2023-10-29T16:27:39Z,2023-10-29T16:34:17Z,1,1,1,1,2,2,1,4.0,2.0,2.0,2.0,1.0,,,,,,,,1.0,1.0,,,,,,,,1.0,2.0,2.0,2.0,3.0,4.0,4.0,4.0,,4.0,,4.0,4.0,3.0,3.0,4.0,,5.0,,3.0,3.0,3.0,3.0,5.0,1.0,,,1.0,4.0,2.0,1.0,2.0,,,,,,2.0,3.0,3.0,2.0,3.0,3.0,3.0,4.0,,,,,,,,,0,,0,,0,,,,,,,,,,,,,,,,,,,,,,,,,,,,,,,,,,,,,,,,,,,,,,,,,,,,,,,,,,,,,,,,,,,,,,,,,,,,,1.0,3.0,5.0,1,2,2,1,5,2,,1,1,1,1,1,1,2.0,1,3,4,2.0,2,4,1,9,5,1.0,1,3,0.3146130808019318,
201801093361,2023-10-27T19:41:42Z,2023-10-27T19:47:35Z,2,1,1,2,2,2,2,4.0,2.0,2.0,2.0,1.0,,,,,,,,1.0,2.0,,,,,,,,1.0,2.0,3.0,4.0,4.0,5.0,5.0,5.0,,4.0,,5.0,3.0,4.0,5.0,5.0,,5.0,,4.0,3.0,3.0,3.0,4.0,1.0,2.0,5.0,2.0,5.0,1.0,,2.0,,,,,,2.0,4.0,4.0,4.0,3.0,3.0,3.0,4.0,,,,,,,,,0,,0,,0,,,,,,,,,,,,,,,,,,,,,,,,,,,,,,,,,,,,,,,,,,,,,,,,,,,,,,,,,,,,,,,,,,,,,,,,,,,,,1.0,3.0,5.0,1,2,2,1,6,2,,1,1,1,1,2,9,,3,6,2,,2,4,1,9,5,1.0,1,3,0.0819596945935402,
201801093401,2023-10-29T17:14:52Z,2023-10-29T17:19:00Z,2,1,1,1,1,2,1,4.0,2.0,2.0,1.0,2.0,,,,,,,,1.0,1.0,,,,,,,,1.0,2.0,1.0,3.0,3.0,3.0,3.0,3.0,,3.0,2.0,4.0,4.0,4.0,4.0,4.0,,5.0,4.0,4.0,3.0,2.0,1.0,2.0,1.0,,,,,1.0,,2.0,,,,,,1.0,1.0,1.0,3.0,2.0,3.0,3.0,4.0,,,,,,,,,0,,0,,0,,,,,,,,,,,,,,,,,,,,,,,,,,,,,,,,,,,,,,,,,,,,,,,,,,,,,,,,,,,,,,,,,,,,,,,,,,,,,1.0,3.0,5.0,3,2,1,1,6,2,,1,1,1,1,1,2,2.0,2,2,3,1.0,1,1,1,9,1,1.0,1,3,0.3145963728230053,
201801093641,2023-10-27T19:05:42Z,2023-10-27T19:17:47Z,1,1,1,3,1,2,1,4.0,2.0,2.0,2.0,1.0,,,,,,,,1.0,1.0,,,,,,,,1.0,1.0,2.0,3.0,3.0,4.0,3.0,4.0,4.0,,4.0,3.0,4.0,4.0,4.0,4.0,3.0,,3.0,3.0,3.0,4.0,3.0,5.0,1.0,,,,,3.0,4.0,1.0,2.0,2.0,1.0,1.0,2.0,2.0,4.0,3.0,2.0,3.0,2.0,3.0,4.0,,,,,,,,,0,,0,,0,,,,,,,,,,,,,,,,,,,,,,,,,,,,,,,,,,,,,,,,,,,,,,,,,,,,,,,,,,,,,,,,,,,,,,,,,,,,,1.0,3.0,5.0,2,2,1,1,6,2,,3,3,5,4,3,12,,3,4,4,1.0,1,2,3,8,3,1.0,2,3,0.8094828772975001,
201801093909,2023-11-02T00:23:47Z,2023-11-04T14:07:35Z,2,1,1,6,2,2,2,4.0,2.0,2.0,2.0,1.0,,,,,,,,1.0,1.0,,,,,,,,1.0,1.0,1.0,3.0,2.0,4.0,4.0,3.0,4.0,,,4.0,4.0,5.0,3.0,4.0,3.0,,,2.0,3.0,3.0,2.0,3.0,1.0,1.0,1.0,1.0,1.0,2.0,1.0,1.0,2.0,2.0,2.0,2.0,2.0,2.0,2.0,2.0,5.0,3.0,3.0,2.0,4.0,,,,,,,,,0,,0,,0,,,,,,,,,,,,,,,,,,,,,,,,,,,,,,,,,,,,,,,,,,,,,,,,,,,,,,,,,,,,,,,,,,,,,,,,,,,,,1.0,3.0,5.0,2,2,2,1,6,2,,1,2,2,1,6,1,1.0,1,5,2,,2,4,1,6,4,1.0,2,2,0.1764598698436192,
201801094075,2023-10-29T11:58:19Z,2023-10-29T12:00:59Z,2,1,1,2,2,2,2,4.0,1.0,1.0,2.0,,,,,,,,,1.0,,,,,,,,,99.0,2.0,1.0,3.0,3.0,4.0,4.0,4.0,,5.0,,5.0,5.0,5.0,5.0,5.0,,5.0,,4.0,3.0,4.0,2.0,5.0,1.0,1.0,5.0,3.0,5.0,2.0,1.0,2.0,,,,,,2.0,2.0,2.0,4.0,3.0,3.0,3.0,4.0,,,,,,,,,0,,0,,0,,,,,,,,,,,,,,,,,,,,,,,,,,,,,,,,,,,,,,,,,,,,,,,,,,,,,,,,,,,,,,,,,,,,,,,,,,,,,1.0,3.0,5.0,1,1,2,1,5,2,,1,1,1,1,2,2,2.0,2,4,2,,2,4,1,9,5,1.0,2,3,0.984642379024763,
201801094331,2023-10-28T07:31:53Z,2023-10-28T07:34:59Z,2,1,1,6,2,2,2,4.0,2.0,2.0,1.0,2.0,,,,,,,,1.0,1.0,,,,,,,,1.0,1.0,2.0,2.0,2.0,5.0,4.0,4.0,5.0,,,4.0,4.0,4.0,4.0,4.0,4.0,,,3.0,3.0,3.0,1.0,5.0,1.0,1.0,4.0,1.0,5.0,2.0,1.0,1.0,2.0,2.0,2.0,2.0,1.0,2.0,2.0,2.0,4.0,3.0,3.0,3.0,4.0,,,,,,,,,0,,0,,0,,,,,,,,,,,,,,,,,,,,,,,,,,,,,,,,,,,,,,,,,,,,,,,,,,,,,,,,,,,,,,,,,,,,,,,,,,,,,1.0,1.0,2.0,1,1,2,1,6,2,,2,1,1,4,6,1,2.0,1,3,2,,2,4,1,6,4,2.0,1,2,1.136135462922408,
201801094824,2023-10-27T08:37:36Z,2023-10-27T08:40:33Z,2,1,1,1,2,2,1,4.0,2.0,2.0,1.0,2.0,,,,,,,,1.0,1.0,,,,,,,,1.0,2.0,1.0,1.0,1.0,3.0,3.0,2.0,,3.0,,4.0,5.0,4.0,4.0,4.0,,5.0,,3.0,3.0,2.0,2.0,5.0,1.0,,,1.0,4.0,1.0,,2.0,,,,,,2.0,1.0,1.0,3.0,2.0,3.0,3.0,4.0,,,,,,,,,0,,0,,0,,,,,,,,,,,,,,,,,,,,,,,,,,,,,,,,,,,,,,,,,,,,,,,,,,,,,,,,,,,,,,,,,,,,,,,,,,,,,1.0,3.0,5.0,2,1,2,1,5,2,,1,1,1,1,1,12,,3,6,3,1.0,1,2,1,9,3,1.0,2,2,1.0712992649077469,
201801094918,2023-10-27T17:18:37Z,2023-10-27T17:20:51Z,1,1,1,1,2,2,1,4.0,2.0,2.0,1.0,2.0,,,,,,,,1.0,1.0,,,,,,,,1.0,1.0,1.0,2.0,2.0,4.0,4.0,4.0,,4.0,,3.0,5.0,4.0,4.0,3.0,,3.0,,2.0,3.0,3.0,2.0,2.0,1.0,,,1.0,5.0,1.0,,2.0,,,,,,2.0,1.0,2.0,4.0,2.0,3.0,3.0,4.0,,,,,,,,,0,,0,,0,,,,,,,,,,,,,,,,,,,,,,,,,,,,,,,,,,,,,,,,,,,,,,,,,,,,,,,,,,,,,,,,,,,,,,,,,,,,,1.0,2.0,3.0,2,2,1,1,6,2,,1,1,1,1,1,9,,3,6,2,,2,4,1,9,5,1.0,2,3,0.188536721479814,
201801095786,2023-10-27T18:38:47Z,2023-10-27T18:44:18Z,2,1,1,6,2,2,2,3.0,2.0,2.0,1.0,2.0,,,,,,,,1.0,1.0,,,,,,,,1.0,1.0,1.0,2.0,1.0,4.0,2.0,2.0,3.0,,,4.0,4.0,4.0,3.0,4.0,4.0,,,4.0,1.0,,,,2.0,1.0,3.0,1.0,3.0,5.0,2.0,1.0,1.0,1.0,2.0,1.0,1.0,2.0,1.0,2.0,5.0,2.0,3.0,3.0,1.0,3.0,3.0,3.0,3.0,,2.0,2.0,,0,,0,,0,,,,,,,,,,,,,,,,,,,,,,,,,,,,,,,,,,,,,,,,,,,,,,,,,,,,,,,,,,,,,,,,,,,,,,,,,,,,,1.0,3.0,5.0,2,1,1,2,3,2,,1,1,1,1,6,11,,4,6,4,2.0,2,4,1,9,5,1.0,2,3,4.1374679966468815,
201801096144,2023-10-28T09:52:58Z,2023-10-28T09:55:56Z,2,1,1,1,1,2,1,4.0,2.0,2.0,2.0,1.0,,,,,,,,1.0,2.0,,,,,,,,1.0,2.0,1.0,3.0,3.0,3.0,3.0,2.0,,3.0,2.0,4.0,3.0,3.0,4.0,5.0,,5.0,4.0,3.0,3.0,2.0,2.0,3.0,1.0,,,,,1.0,,2.0,,,,,,2.0,2.0,2.0,3.0,3.0,3.0,3.0,4.0,,,,,,,,,0,,0,,0,,,,,,,,,,,,,,,,,,,,,,,,,,,,,,,,,,,,,,,,,,,,,,,,,,,,,,,,,,,,,,,,,,,,,,,,,,,,,1.0,3.0,5.0,2,2,2,1,6,2,,1,1,1,1,1,10,,3,5,2,,2,4,1,9,4,1.0,2,3,0.2681984895573066,
201801096219,2023-10-29T11:33:55Z,2023-10-29T11:38:37Z,2,1,1,1,2,2,1,4.0,2.0,2.0,2.0,1.0,,,,,,,,1.0,1.0,,,,,,,,1.0,2.0,2.0,3.0,2.0,4.0,4.0,3.0,,3.0,,4.0,4.0,4.0,4.0,4.0,,4.0,,3.0,3.0,3.0,2.0,5.0,1.0,,,2.0,3.0,2.0,1.0,1.0,2.0,2.0,2.0,1.0,1.0,2.0,2.0,2.0,2.0,2.0,3.0,3.0,4.0,,,,,,,,,0,,0,,0,,,,,,,,,,,,,,,,,,,,,,,,,,,,,,,,,,,,,,,,,,,,,,,,,,,,,,,,,,,,,,,,,,,,,,,,,,,,,1.0,3.0,5.0,1,2,2,1,6,2,,4,1,1,4,1,9,,3,6,2,,2,4,1,9,4,1.0,2,3,0.3974657009707351,
201801096656,2023-10-28T08:17:57Z,2023-10-28T08:20:52Z,1,1,1,1,2,2,1,4.0,2.0,2.0,2.0,1.0,,,,,,,,1.0,1.0,,,,,,,,1.0,2.0,1.0,5.0,5.0,4.0,5.0,5.0,,5.0,,5.0,4.0,4.0,5.0,5.0,,5.0,,4.0,3.0,3.0,2.0,5.0,1.0,,,2.0,4.0,1.0,,2.0,,,,,,1.0,3.0,3.0,2.0,3.0,2.0,3.0,4.0,,,,,,,,,0,,0,,0,,,,,,,,,,,,,,,,,,,,,,,,,,,,,,,,,,,,,,,,,,,,,,,,,,,,,,,,,,,,,,,,,,,,,,,,,,,,,1.0,3.0,5.0,3,2,2,1,6,2,,1,1,1,1,1,10,,3,6,2,,2,4,1,7,4,2.0,1,2,0.2106214003670112,
201801098392,2023-10-28T07:52:12Z,2023-10-28T07:55:48Z,2,1,1,6,2,2,2,4.0,2.0,2.0,2.0,1.0,,,,,,,,1.0,1.0,,,,,,,,1.0,1.0,3.0,4.0,5.0,3.0,4.0,4.0,5.0,,,3.0,5.0,5.0,5.0,3.0,2.0,,,3.0,3.0,2.0,1.0,2.0,1.0,1.0,4.0,3.0,5.0,1.0,,2.0,,,,,,2.0,3.0,2.0,5.0,2.0,3.0,3.0,4.0,,,,,,,,,0,,0,,0,,,,,,,,,,,,,,,,,,,,,,,,,,,,,,,,,,,,,,,,,,,,,,,,,,,,,,,,,,,,,,,,,,,,,,,,,,,,,1.0,3.0,5.0,3,1,2,1,5,2,,1,1,1,1,6,10,,3,6,1,,1,1,2,3,2,2.0,2,2,3.30709335432645,
201801099503,2023-10-27T17:04:16Z,2023-10-27T17:06:58Z,2,1,1,1,2,2,1,4.0,2.0,2.0,1.0,2.0,,,,,,,,1.0,1.0,,,,,,,,1.0,1.0,1.0,1.0,1.0,1.0,1.0,1.0,,3.0,,3.0,3.0,2.0,4.0,4.0,,5.0,,3.0,3.0,2.0,1.0,4.0,1.0,,,1.0,1.0,2.0,1.0,1.0,2.0,2.0,2.0,1.0,2.0,2.0,1.0,1.0,4.0,1.0,3.0,3.0,4.0,,,,,,,,,0,,0,,0,,,,,,,,,,,,,,,,,,,,,,,,,,,,,,,,,,,,,,,,,,,,,,,,,,,,,,,,,,,,,,,,,,,,,,,,,,,,,1.0,3.0,7.0,1,2,2,1,5,2,,1,1,1,1,1,1,2.0,1,6,3,2.0,2,3,1,9,3,1.0,2,3,0.3269663009680443,
201801099535,2023-10-29T16:02:26Z,2023-10-29T16:06:27Z,2,1,1,6,2,2,2,4.0,2.0,2.0,2.0,1.0,,,,,,,,1.0,1.0,,,,,,,,1.0,2.0,1.0,5.0,3.0,3.0,3.0,3.0,4.0,,,5.0,5.0,5.0,5.0,5.0,5.0,,,4.0,3.0,1.0,1.0,4.0,1.0,3.0,5.0,1.0,5.0,1.0,,2.0,,,,,,1.0,2.0,2.0,5.0,1.0,3.0,3.0,4.0,,,,,,,,,0,,0,,0,,,,,,,,,,,,,,,,,,,,,,,,,,,,,,,,,,,,,,,,,,,,,,,,,,,,,,,,,,,,,,,,,,,,,,,,,,,,,1.0,3.0,5.0,1,2,2,1,6,2,,1,2,2,1,6,1,1.0,1,1,2,,2,3,1,4,3,1.0,1,2,0.0971478910411717,
201801100013,2023-10-28T18:27:06Z,2023-10-28T18:32:05Z,2,1,1,2,1,2,2,2.0,1.0,1.0,2.0,,,,,,,,,1.0,,,,,,,,,99.0,2.0,4.0,5.0,5.0,5.0,5.0,5.0,,5.0,5.0,3.0,2.0,4.0,3.0,5.0,,1.0,4.0,5.0,3.0,5.0,5.0,5.0,2.0,1.0,5.0,,,1.0,,2.0,,,,,,2.0,5.0,5.0,3.0,3.0,3.0,3.0,4.0,,,,,,,,,0,,0,,0,,,,,,,,,,,,,,,,,,,,,,,,,,,,,,,,,,,,,,,,,,,,,,,,,,,,,,,,,,,,,,,,,,,,,,,,,,,,,1.0,3.0,5.0,1,1,2,2,3,2,,1,2,2,1,2,12,,3,2,3,2.0,2,4,3,7,4,1.0,2,2,1.2194810377213174,
201801100167,2023-10-29T12:06:03Z,2023-10-29T12:09:05Z,1,1,1,1,2,2,1,3.0,2.0,2.0,2.0,1.0,,,,,,,,1.0,1.0,,,,,,,,1.0,1.0,1.0,2.0,2.0,2.0,3.0,3.0,,4.0,,4.0,4.0,3.0,5.0,4.0,,4.0,,2.0,3.0,2.0,2.0,5.0,3.0,,,2.0,5.0,1.0,,2.0,,,,,,2.0,1.0,1.0,4.0,2.0,3.0,2.0,4.0,,,,,,,,,0,,0,,0,,,,,,,,,,,,,,,,,,,,,,,,,,,,,,,,,,,,,,,,,,,,,,,,,,,,,,,,,,,,,,,,,,,,,,,,,,,,,1.0,3.0,5.0,2,1,2,1,5,2,,1,1,1,1,1,9,,3,6,4,2.0,2,4,3,9,5,1.0,1,3,0.9487179355620564,
201801100716,2023-10-28T14:32:49Z,2023-10-28T14:35:38Z,1,1,1,2,2,2,2,4.0,2.0,2.0,2.0,1.0,,,,,,,,1.0,1.0,,,,,,,,1.0,1.0,3.0,4.0,3.0,5.0,3.0,5.0,,5.0,,5.0,4.0,3.0,4.0,5.0,,5.0,,4.0,3.0,3.0,2.0,4.0,1.0,1.0,3.0,3.0,3.0,1.0,,2.0,,,,,,1.0,2.0,2.0,3.0,3.0,3.0,3.0,4.0,,,,,,,,,0,,0,,0,,,,,,,,,,,,,,,,,,,,,,,,,,,,,,,,,,,,,,,,,,,,,,,,,,,,,,,,,,,,,,,,,,,,,,,,,,,,,1.0,1.0,2.0,1,1,1,1,5,2,,1,1,1,1,2,2,2.0,2,4,4,2.0,2,4,1,9,5,1.0,2,3,0.7598738800926732,
201801100867,2023-10-28T10:21:22Z,2023-10-28T10:34:13Z,2,1,1,2,2,2,2,4.0,2.0,2.0,2.0,1.0,,,,,,,,1.0,1.0,,,,,,,,1.0,1.0,3.0,5.0,5.0,5.0,5.0,5.0,,5.0,,4.0,2.0,3.0,3.0,3.0,,3.0,,5.0,3.0,3.0,3.0,5.0,3.0,3.0,4.0,2.0,4.0,2.0,1.0,2.0,,,,,,2.0,4.0,3.0,5.0,4.0,3.0,3.0,4.0,,,,,,,,,0,,0,,0,,,,,,,,,,,,,,,,,,,,,,,,,,,,,,,,,,,,,,,,,,,,,,,,,,,,,,,,,,,,,,,,,,,,,,,,,,,,,1.0,3.0,5.0,2,2,2,1,5,2,,1,1,1,1,2,12,,3,6,2,,2,4,3,99,4,2.0,2,99,0.7912677767533796,
201801101272,2023-10-28T08:37:09Z,2023-10-28T08:45:54Z,2,1,1,1,1,2,1,4.0,2.0,2.0,1.0,2.0,,,,,,,,1.0,1.0,,,,,,,,1.0,1.0,1.0,4.0,3.0,4.0,3.0,2.0,,3.0,2.0,5.0,4.0,3.0,5.0,4.0,,5.0,5.0,2.0,3.0,2.0,1.0,3.0,1.0,,,,,1.0,,2.0,,,,,,2.0,1.0,1.0,3.0,3.0,3.0,3.0,4.0,,,,,,,,,0,,0,,0,,,,,,,,,,,,,,,,,,,,,,,,,,,,,,,,,,,,,,,,,,,,,,,,,,,,,,,,,,,,,,,,,,,,,,,,,,,,,1.0,3.0,5.0,2,2,2,1,6,2,,1,1,1,1,1,2,2.0,2,2,1,,1,1,1,9,2,2.0,1,3,0.3351675666548541,
201801101625,2023-10-30T19:47:32Z,2023-10-30T19:53:56Z,1,1,1,6,2,2,2,3.0,2.0,2.0,2.0,1.0,,,,,,,,1.0,1.0,,,,,,,,1.0,2.0,1.0,3.0,2.0,5.0,5.0,3.0,5.0,,,5.0,5.0,5.0,5.0,3.0,4.0,,,3.0,2.0,4.0,5.0,6.0,3.0,3.0,5.0,1.0,1.0,4.0,1.0,1.0,1.0,2.0,2.0,1.0,2.0,2.0,1.0,1.0,2.0,2.0,3.0,3.0,1.0,3.0,1.0,2.0,3.0,,1.0,1.0,,0,,0,,0,,,,,,,,,,,,,,,,,,,,,,,,,,,,,,,,,,,,,,,,,,,,,,,,,,,,,,,,,,,,,,,,,,,,,,,,,,,,,1.0,3.0,5.0,1,1,1,2,3,2,,1,2,2,1,6,12,,3,6,3,1.0,1,2,1,2,3,1.0,2,1,1.344887772292218,
201801101943,2023-10-27T17:16:04Z,2023-10-27T17:20:40Z,2,1,1,2,1,2,2,4.0,2.0,2.0,2.0,1.0,,,,,,,,1.0,1.0,,,,,,,,1.0,2.0,2.0,5.0,5.0,5.0,5.0,5.0,,5.0,5.0,4.0,5.0,4.0,3.0,5.0,,5.0,5.0,5.0,3.0,4.0,3.0,5.0,1.0,1.0,5.0,,,1.0,,2.0,,,,,,2.0,5.0,4.0,5.0,3.0,3.0,3.0,4.0,,,,,,,,,0,,0,,0,,,,,,,,,,,,,,,,,,,,,,,,,,,,,,,,,,,,,,,,,,,,,,,,,,,,,,,,,,,,,,,,,,,,,,,,,,,,,1.0,2.0,3.0,2,1,2,2,3,2,,1,1,1,1,2,10,,3,5,1,,1,9,3,1,99,2.0,2,1,4.0948813283892775,
201801102090,2023-10-27T17:19:47Z,2023-10-27T17:24:27Z,2,1,1,6,2,2,2,4.0,2.0,2.0,1.0,2.0,,,,,,,,1.0,1.0,,,,,,,,1.0,1.0,2.0,3.0,3.0,4.0,5.0,5.0,5.0,,,3.0,5.0,3.0,3.0,5.0,5.0,,,4.0,3.0,2.0,2.0,5.0,1.0,3.0,5.0,3.0,5.0,2.0,3.0,1.0,2.0,1.0,2.0,2.0,1.0,2.0,4.0,3.0,5.0,4.0,2.0,2.0,4.0,,,,,,,,,0,,0,,0,,,,,,,,,,,,,,,,,,,,,,,,,,,,,,,,,,,,,,,,,,,,,,,,,,,,,,,,,,,,,,,,,,,,,,,,,,,,,1.0,3.0,5.0,1,2,1,1,5,2,,1,1,1,1,6,10,,3,6,3,2.0,2,4,1,7,5,1.0,2,2,0.3835453805580919,
201801102119,2023-10-27T17:21:38Z,2023-10-27T17:29:20Z,2,1,1,6,1,2,2,4.0,2.0,2.0,1.0,2.0,,,,,,,,1.0,1.0,,,,,,,,1.0,1.0,1.0,1.0,1.0,1.0,1.0,1.0,1.0,,1.0,5.0,5.0,5.0,6.0,5.0,4.0,,5.0,1.0,3.0,1.0,1.0,2.0,3.0,1.0,5.0,,,5.0,1.0,1.0,2.0,2.0,2.0,1.0,2.0,1.0,1.0,1.0,1.0,1.0,3.0,2.0,4.0,,,,,,,,,0,,0,,0,,,,,,,,,,,,,,,,,,,,,,,,,,,,,,,,,,,,,,,,,,,,,,,,,,,,,,,,,,,,,,,,,,,,,,,,,,,,,2.0,3.0,5.0,1,2,2,2,3,2,,1,2,2,1,6,12,,3,5,4,2.0,2,3,1,1,2,1.0,1,1,0.2114951376826473,
201801104013,2023-10-28T16:09:09Z,2023-10-28T16:13:30Z,2,1,1,6,2,2,2,4.0,1.0,1.0,2.0,,,,,,,,,1.0,,,,,,,,,99.0,2.0,3.0,2.0,1.0,3.0,2.0,3.0,3.0,,,4.0,4.0,4.0,1.0,2.0,4.0,,,3.0,3.0,2.0,3.0,4.0,3.0,1.0,2.0,1.0,2.0,5.0,1.0,1.0,2.0,1.0,1.0,2.0,1.0,2.0,3.0,4.0,4.0,3.0,2.0,3.0,4.0,,,,,,,,,0,,0,,0,,,,,,,,,,,,,,,,,,,,,,,,,,,,,,,,,,,,,,,,,,,,,,,,,,,,,,,,,,,,,,,,,,,,,,,,,,,,,1.0,3.0,5.0,2,1,1,1,5,2,,1,1,1,1,6,12,,3,5,3,2.0,2,3,3,3,3,2.0,2,2,2.9464909030590207,
201801104457,2023-10-29T11:52:05Z,2023-10-29T11:55:35Z,2,1,1,1,1,2,1,4.0,1.0,1.0,2.0,,,,,,,,,1.0,,,,,,,,,99.0,2.0,1.0,5.0,4.0,2.0,3.0,3.0,,4.0,2.0,4.0,5.0,5.0,6.0,3.0,,4.0,3.0,3.0,3.0,5.0,5.0,3.0,3.0,,,,,1.0,,2.0,,,,,,2.0,3.0,1.0,5.0,3.0,2.0,2.0,4.0,,,,,,,,,0,,0,,0,,,,,,,,,,,,,,,,,,,,,,,,,,,,,,,,,,,,,,,,,,,,,,,,,,,,,,,,,,,,,,,,,,,,,,,,,,,,,1.0,3.0,5.0,3,2,2,2,3,2,,1,1,1,1,1,1,1.0,1,1,1,,1,1,1,6,1,1.0,1,2,0.3524635797146512,
201801106300,2023-10-29T02:27:38Z,2023-10-29T02:32:11Z,2,1,1,6,2,2,2,4.0,2.0,2.0,2.0,1.0,,,,,,,,1.0,2.0,,,,,,,,1.0,2.0,4.0,5.0,5.0,5.0,5.0,5.0,5.0,,,5.0,4.0,4.0,5.0,2.0,6.0,,,5.0,3.0,3.0,3.0,5.0,1.0,1.0,4.0,2.0,5.0,1.0,,2.0,,,,,,2.0,4.0,3.0,5.0,3.0,3.0,3.0,4.0,,,,,,,,,0,,0,,0,,,,,,,,,,,,,,,,,,,,,,,,,,,,,,,,,,,,,,,,,,,,,,,,,,,,,,,,,,,,,,,,,,,,,,,,,,,,,1.0,3.0,5.0,1,1,2,1,5,2,,1,2,2,1,6,10,,3,6,3,2.0,2,3,1,7,3,1.0,2,3,1.4209653203637336,
201801107243,2023-10-27T18:46:09Z,2023-10-27T18:50:13Z,2,1,1,6,2,2,2,4.0,2.0,2.0,2.0,1.0,,,,,,,,1.0,1.0,,,,,,,,1.0,1.0,1.0,3.0,3.0,4.0,5.0,5.0,4.0,,,5.0,5.0,4.0,5.0,5.0,5.0,,,2.0,3.0,2.0,2.0,3.0,1.0,1.0,4.0,1.0,4.0,1.0,,2.0,,,,,,1.0,4.0,3.0,5.0,5.0,2.0,2.0,4.0,,,,,,,,,0,,0,,0,,,,,,,,,,,,,,,,,,,,,,,,,,,,,,,,,,,,,,,,,,,,,,,,,,,,,,,,,,,,,,,,,,,,,,,,,,,,,1.0,4.0,8.0,1,2,1,1,6,2,,1,1,1,1,6,9,,3,6,4,2.0,2,4,1,9,5,1.0,2,3,0.2319832354833037,
201801107256,2023-10-29T11:09:45Z,2023-10-29T11:13:26Z,2,1,1,6,2,2,2,4.0,1.0,1.0,2.0,,,,,,,,,1.0,,,,,,,,,99.0,2.0,1.0,3.0,3.0,2.0,2.0,3.0,3.0,,,4.0,5.0,5.0,4.0,5.0,3.0,,,1.0,3.0,3.0,3.0,5.0,1.0,1.0,4.0,1.0,4.0,1.0,,1.0,2.0,2.0,2.0,1.0,2.0,2.0,1.0,2.0,2.0,2.0,3.0,3.0,4.0,,,,,,,,,0,,0,,0,,,,,,,,,,,,,,,,,,,,,,,,,,,,,,,,,,,,,,,,,,,,,,,,,,,,,,,,,,,,,,,,,,,,,,,,,,,,,1.0,3.0,5.0,1,2,1,1,6,1,8.0,2,1,3,4,6,2,2.0,2,2,3,2.0,2,3,3,1,3,1.0,2,1,1.908459662104164,
201801108131,2023-10-27T20:15:59Z,2023-10-27T20:21:36Z,2,1,1,6,2,2,2,4.0,2.0,2.0,1.0,2.0,,,,,,,,1.0,1.0,,,,,,,,1.0,2.0,2.0,2.0,3.0,5.0,2.0,5.0,5.0,,,5.0,5.0,4.0,4.0,5.0,6.0,,,5.0,2.0,6.0,5.0,5.0,1.0,3.0,5.0,3.0,5.0,4.0,1.0,2.0,,,,,,2.0,3.0,3.0,4.0,3.0,3.0,3.0,3.0,3.0,3.0,3.0,3.0,,1.0,1.0,,0,,0,,0,,,,,,,,,,,,,,,,,,,,,,,,,,,,,,,,,,,,,,,,,,,,,,,,,,,,,,,,,,,,,,,,,,,,,,,,,,,,,2.0,3.0,5.0,2,1,2,3,2,2,,1,1,1,1,6,1,2.0,1,6,3,1.0,1,2,3,2,3,2.0,2,2,6.214944767035908,
201801108425,2023-11-01T14:05:23Z,2023-11-01T14:08:55Z,2,1,1,1,1,2,1,4.0,2.0,2.0,2.0,1.0,,,,,,,,1.0,1.0,,,,,,,,1.0,1.0,3.0,4.0,5.0,4.0,5.0,4.0,,5.0,4.0,3.0,4.0,4.0,5.0,4.0,,5.0,4.0,4.0,3.0,5.0,3.0,5.0,1.0,,,,,1.0,,2.0,,,,,,2.0,4.0,3.0,5.0,4.0,2.0,2.0,4.0,,,,,,,,,0,,0,,0,,,,,,,,,,,,,,,,,,,,,,,,,,,,,,,,,,,,,,,,,,,,,,,,,,,,,,,,,,,,,,,,,,,,,,,,,,,,,1.0,3.0,5.0,2,2,1,1,5,2,,1,1,1,1,1,12,,3,6,4,2.0,2,3,1,9,3,1.0,1,2,0.285831830056606,
201801108547,2023-10-28T13:04:13Z,2023-10-28T13:08:48Z,2,1,1,1,1,2,1,4.0,2.0,2.0,2.0,1.0,,,,,,,,1.0,2.0,,,,,,,,1.0,2.0,4.0,5.0,5.0,5.0,5.0,5.0,,5.0,4.0,4.0,1.0,5.0,2.0,5.0,,4.0,4.0,4.0,3.0,3.0,3.0,5.0,3.0,,,,,3.0,1.0,1.0,1.0,2.0,2.0,2.0,2.0,2.0,4.0,4.0,4.0,5.0,3.0,3.0,4.0,,,,,,,,,0,,0,,0,,,,,,,,,,,,,,,,,,,,,,,,,,,,,,,,,,,,,,,,,,,,,,,,,,,,,,,,,,,,,,,,,,,,,,,,,,,,,1.0,3.0,5.0,2,2,2,1,5,2,,3,2,2,4,1,12,,3,6,3,2.0,2,4,3,1,4,2.0,2,1,1.33195270822373,
201801108660,2023-10-26T20:07:09Z,2023-10-26T20:10:50Z,2,1,1,1,1,2,1,4.0,2.0,2.0,1.0,2.0,,,,,,,,1.0,1.0,,,,,,,,1.0,1.0,2.0,5.0,4.0,5.0,5.0,5.0,,5.0,4.0,5.0,5.0,5.0,5.0,5.0,,4.0,3.0,5.0,3.0,3.0,2.0,5.0,1.0,,,,,1.0,,2.0,,,,,,2.0,2.0,2.0,4.0,3.0,3.0,3.0,4.0,,,,,,,,,0,,0,,0,,,,,,,,,,,,,,,,,,,,,,,,,,,,,,,,,,,,,,,,,,,,,,,,,,,,,,,,,,,,,,,,,,,,,,,,,,,,,1.0,4.0,8.0,3,2,1,1,5,2,,1,1,1,1,1,1,2.0,1,5,1,,1,1,1,9,2,2.0,2,2,0.9163671472156416,
201801109377,2023-10-29T21:40:02Z,2023-10-29T21:43:24Z,2,1,1,6,2,2,2,3.0,2.0,2.0,1.0,2.0,,,,,,,,1.0,1.0,,,,,,,,1.0,1.0,1.0,3.0,3.0,2.0,2.0,4.0,4.0,,,4.0,4.0,3.0,3.0,4.0,5.0,,,2.0,3.0,3.0,2.0,5.0,1.0,1.0,4.0,3.0,4.0,2.0,2.0,2.0,,,,,,2.0,1.0,1.0,4.0,2.0,3.0,3.0,4.0,,,,,,,,,0,,0,,0,,,,,,,,,,,,,,,,,,,,,,,,,,,,,,,,,,,,,,,,,,,,,,,,,,,,,,,,,,,,,,,,,,,,,,,,,,,,,1.0,2.0,4.0,1,1,1,1,6,2,,1,1,1,1,6,12,,3,5,2,,2,4,1,2,5,1.0,1,2,0.6485256481177848,
201801109386,2023-10-29T11:14:26Z,2023-10-29T11:44:35Z,1,1,1,6,2,2,2,3.0,1.0,1.0,2.0,,,,,,,,,1.0,,,,,,,,,99.0,2.0,1.0,5.0,5.0,5.0,5.0,5.0,5.0,,,5.0,1.0,2.0,5.0,5.0,6.0,,,5.0,3.0,6.0,5.0,5.0,1.0,3.0,5.0,3.0,5.0,1.0,,2.0,,,,,,2.0,4.0,5.0,3.0,4.0,3.0,3.0,4.0,,,,,,,,,0,,0,,0,,,,,,,,,,,,,,,,,,,,,,,,,,,,,,,,,,,,,,,,,,,,,,,,,,,,,,,,,,,,,,,,,,,,,,,,,,,,,1.0,1.0,2.0,2,1,1,1,5,1,7.0,2,4,3,4,6,10,,3,6,2,,2,3,1,3,3,1.0,2,2,0.5655574282493357,
201801109983,2023-10-27T20:42:37Z,2023-10-27T20:49:35Z,2,1,1,6,2,2,2,4.0,2.0,2.0,2.0,1.0,,,,,,,,1.0,1.0,,,,,,,,1.0,1.0,2.0,3.0,3.0,5.0,3.0,4.0,5.0,,,4.0,4.0,3.0,5.0,4.0,6.0,,,3.0,3.0,2.0,3.0,5.0,1.0,1.0,4.0,1.0,4.0,2.0,1.0,1.0,2.0,2.0,2.0,2.0,1.0,2.0,3.0,3.0,3.0,3.0,2.0,2.0,4.0,,,,,,,,,0,,0,,0,,,,,,,,,,,,,,,,,,,,,,,,,,,,,,,,,,,,,,,,,,,,,,,,,,,,,,,,,,,,,,,,,,,,,,,,,,,,,1.0,1.0,1.0,2,2,2,1,6,2,,1,2,2,1,6,1,2.0,1,3,2,,2,4,1,9,4,1.0,1,3,0.1357821087745247,
201801110439,2023-10-28T11:07:51Z,2023-10-28T11:16:48Z,2,1,1,1,2,2,1,4.0,2.0,2.0,2.0,1.0,,,,,,,,1.0,1.0,,,,,,,,1.0,1.0,3.0,3.0,4.0,4.0,4.0,4.0,,4.0,,4.0,5.0,5.0,6.0,5.0,,4.0,,4.0,3.0,3.0,2.0,3.0,3.0,,,2.0,5.0,4.0,3.0,1.0,2.0,2.0,2.0,1.0,2.0,2.0,3.0,2.0,4.0,3.0,3.0,2.0,4.0,,,,,,,,,0,,0,,0,,,,,,,,,,,,,,,,,,,,,,,,,,,,,,,,,,,,,,,,,,,,,,,,,,,,,,,,,,,,,,,,,,,,,,,,,,,,,1.0,3.0,5.0,2,1,1,2,3,2,,1,1,1,1,1,9,,3,6,2,,2,4,1,1,5,1.0,2,1,2.3760025963409896,
201801113717,2023-10-26T19:51:30Z,2023-10-26T19:55:47Z,2,1,1,1,2,2,1,4.0,1.0,1.0,1.0,,,,,,,,,1.0,,,,,,,,,99.0,1.0,1.0,3.0,3.0,2.0,2.0,5.0,,4.0,,3.0,99.0,5.0,4.0,5.0,,5.0,,3.0,3.0,2.0,1.0,2.0,1.0,,,3.0,5.0,1.0,,2.0,,,,,,2.0,1.0,1.0,3.0,1.0,3.0,3.0,4.0,,,,,,,,,0,,0,,0,,,,,,,,,,,,,,,,,,,,,,,,,,,,,,,,,,,,,,,,,,,,,,,,,,,,,,,,,,,,,,,,,,,,,,,,,,,,,1.0,3.0,5.0,2,2,1,3,2,2,,1,1,1,1,1,1,2.0,1,6,1,,1,1,3,7,1,1.0,2,2,4.553742726165746,
201801114898,2023-10-29T23:54:37Z,2023-10-30T00:01:24Z,2,1,1,6,2,2,2,4.0,2.0,2.0,1.0,2.0,,,,,,,,1.0,1.0,,,,,,,,1.0,1.0,2.0,99.0,2.0,5.0,3.0,2.0,5.0,,,3.0,4.0,4.0,5.0,3.0,6.0,,,4.0,1.0,,,,3.0,1.0,2.0,1.0,4.0,5.0,3.0,1.0,99.0,99.0,99.0,99.0,99.0,1.0,4.0,3.0,4.0,99.0,2.0,2.0,1.0,99.0,99.0,99.0,99.0,,99.0,99.0,,0,,0,,0,,,,,,,,,,,,,,,,,,,,,,,,,,,,,,,,,,,,,,,,,,,,,,,,,,,,,,,,,,,,,,,,,,,,,,,,,,,,,1.0,3.0,5.0,2,1,2,2,4,1,1.0,1,5,3,1,6,12,,3,6,1,,1,1,1,3,2,1.0,1,1,0.9163124343451352,
201801115315,2023-10-28T11:44:29Z,2023-10-28T11:51:19Z,1,1,1,6,2,2,2,4.0,2.0,2.0,2.0,1.0,,,,,,,,1.0,1.0,,,,,,,,1.0,1.0,1.0,3.0,2.0,4.0,1.0,4.0,4.0,,,5.0,4.0,4.0,5.0,5.0,6.0,,,1.0,3.0,1.0,2.0,5.0,1.0,1.0,5.0,3.0,5.0,1.0,,1.0,2.0,2.0,2.0,1.0,2.0,1.0,3.0,2.0,3.0,2.0,3.0,3.0,4.0,,,,,,,,,0,,0,,0,,,,,,,,,,,,,,,,,,,,,,,,,,,,,,,,,,,,,,,,,,,,,,,,,,,,,,,,,,,,,,,,,,,,,,,,,,,,,1.0,2.0,4.0,2,2,1,1,6,1,1.0,1,1,3,1,6,9,,3,6,2,,2,4,1,9,4,1.0,2,3,0.4134953421313865,
201801116103,2023-10-27T17:05:29Z,2023-10-27T17:09:52Z,2,1,1,3,2,2,1,4.0,2.0,2.0,1.0,2.0,,,,,,,,1.0,1.0,,,,,,,,1.0,1.0,2.0,2.0,4.0,4.0,3.0,4.0,3.0,,,4.0,4.0,2.0,3.0,3.0,3.0,,,3.0,3.0,2.0,2.0,4.0,1.0,,,3.0,3.0,2.0,1.0,1.0,2.0,2.0,2.0,1.0,2.0,2.0,2.0,2.0,4.0,3.0,3.0,3.0,4.0,,,,,,,,,0,,0,,0,,,,,,,,,,,,,,,,,,,,,,,,,,,,,,,,,,,,,,,,,,,,,,,,,,,,,,,,,,,,,,,,,,,,,,,,,,,,,1.0,3.0,6.0,2,2,2,1,5,2,,1,1,1,1,3,10,,3,5,2,,2,4,1,4,5,1.0,1,2,0.1416199491366344,
201801116515,2023-11-04T21:08:37Z,2023-11-04T21:11:40Z,2,1,1,6,2,2,2,4.0,2.0,2.0,2.0,1.0,,,,,,,,1.0,1.0,,,,,,,,1.0,1.0,3.0,4.0,4.0,4.0,3.0,5.0,5.0,,,4.0,4.0,4.0,4.0,4.0,4.0,,,3.0,3.0,1.0,5.0,1.0,1.0,3.0,5.0,3.0,5.0,3.0,2.0,1.0,2.0,1.0,2.0,2.0,2.0,2.0,1.0,1.0,2.0,2.0,3.0,3.0,4.0,,,,,,,,,0,,0,,0,,,,,,,,,,,,,,,,,,,,,,,,,,,,,,,,,,,,,,,,,,,,,,,,,,,,,,,,,,,,,,,,,,,,,,,,,,,,,1.0,3.0,6.0,3,1,2,2,4,2,,1,2,2,1,6,12,,3,4,2,,2,4,1,1,4,1.0,2,1,2.5791136054031454,
201801116774,2023-11-04T11:08:16Z,2023-11-04T11:10:56Z,2,1,1,1,1,2,1,4.0,2.0,2.0,2.0,1.0,,,,,,,,1.0,1.0,,,,,,,,1.0,2.0,2.0,2.0,2.0,3.0,2.0,2.0,,3.0,2.0,3.0,4.0,4.0,4.0,4.0,,5.0,4.0,3.0,3.0,1.0,1.0,2.0,1.0,,,,,2.0,2.0,1.0,2.0,1.0,2.0,1.0,2.0,2.0,1.0,2.0,3.0,1.0,3.0,3.0,4.0,,,,,,,,,0,,0,,0,,,,,,,,,,,,,,,,,,,,,,,,,,,,,,,,,,,,,,,,,,,,,,,,,,,,,,,,,,,,,,,,,,,,,,,,,,,,,2.0,3.0,6.0,3,1,2,1,6,2,,1,1,1,1,1,1,1.0,1,2,1,,1,1,1,7,2,1.0,1,2,0.5158577844345609,
201801118346,2023-11-01T11:09:32Z,2023-11-01T11:36:55Z,1,1,1,1,2,2,1,4.0,2.0,2.0,1.0,2.0,,,,,,,,1.0,1.0,,,,,,,,1.0,2.0,1.0,1.0,2.0,3.0,3.0,3.0,,3.0,,3.0,5.0,3.0,5.0,3.0,,4.0,,2.0,3.0,1.0,1.0,4.0,1.0,,,1.0,3.0,1.0,,2.0,,,,,,2.0,1.0,2.0,3.0,2.0,3.0,3.0,4.0,,,,,,,,,0,,0,,0,,,,,,,,,,,,,,,,,,,,,,,,,,,,,,,,,,,,,,,,,,,,,,,,,,,,,,,,,,,,,,,,,,,,,,,,,,,,,1.0,3.0,7.0,1,2,1,1,6,2,,1,1,1,1,1,1,1.0,1,3,3,1.0,1,2,1,9,3,2.0,2,3,0.7968801112836262,
201801118718,2023-10-31T07:42:41Z,2023-10-31T07:47:46Z,2,1,1,6,2,2,2,4.0,1.0,1.0,2.0,,,,,,,,,1.0,,,,,,,,,99.0,2.0,3.0,4.0,4.0,5.0,3.0,5.0,4.0,,,4.0,5.0,2.0,4.0,3.0,2.0,,,4.0,3.0,2.0,3.0,3.0,1.0,1.0,4.0,3.0,5.0,2.0,1.0,1.0,2.0,2.0,2.0,2.0,1.0,2.0,4.0,4.0,2.0,3.0,2.0,3.0,4.0,,,,,,,,,0,,0,,0,,,,,,,,,,,,,,,,,,,,,,,,,,,,,,,,,,,,,,,,,,,,,,,,,,,,,,,,,,,,,,,,,,,,,,,,,,,,,1.0,3.0,6.0,2,1,2,1,5,2,,1,1,1,1,6,1,2.0,1,6,2,,2,4,2,3,4,1.0,2,2,2.3896336047300166,
201801119499,2023-10-27T17:12:53Z,2023-10-27T17:15:57Z,2,1,1,1,1,2,1,4.0,2.0,2.0,1.0,2.0,,,,,,,,1.0,1.0,,,,,,,,1.0,2.0,1.0,2.0,3.0,4.0,3.0,3.0,,4.0,3.0,5.0,3.0,5.0,4.0,3.0,,5.0,5.0,4.0,3.0,2.0,3.0,2.0,1.0,,,,,2.0,1.0,1.0,1.0,2.0,2.0,2.0,2.0,2.0,2.0,1.0,4.0,2.0,2.0,2.0,4.0,,,,,,,,,0,,0,,0,,,,,,,,,,,,,,,,,,,,,,,,,,,,,,,,,,,,,,,,,,,,,,,,,,,,,,,,,,,,,,,,,,,,,,,,,,,,,1.0,3.0,6.0,2,1,1,1,5,2,,1,1,1,1,1,1,1.0,1,2,1,,1,1,1,9,2,1.0,2,3,0.6615241422315135,
201801120040,2023-10-27T21:31:22Z,2023-10-27T21:34:43Z,2,1,1,1,1,2,1,4.0,2.0,2.0,2.0,1.0,,,,,,,,1.0,1.0,,,,,,,,1.0,1.0,1.0,2.0,3.0,3.0,2.0,2.0,,3.0,3.0,4.0,5.0,5.0,6.0,5.0,,5.0,5.0,2.0,3.0,2.0,1.0,5.0,3.0,,,,,1.0,,2.0,,,,,,2.0,1.0,1.0,4.0,2.0,3.0,2.0,4.0,,,,,,,,,0,,0,,0,,,,,,,,,,,,,,,,,,,,,,,,,,,,,,,,,,,,,,,,,,,,,,,,,,,,,,,,,,,,,,,,,,,,,,,,,,,,,1.0,4.0,8.0,2,2,2,1,5,2,,1,1,1,1,1,1,1.0,1,2,1,,1,1,2,7,1,1.0,1,2,0.3976516369546002,
201801120249,2023-10-28T08:06:41Z,2023-10-28T08:10:10Z,2,1,1,1,2,2,1,4.0,2.0,2.0,1.0,2.0,,,,,,,,1.0,1.0,,,,,,,,1.0,2.0,3.0,3.0,3.0,4.0,4.0,4.0,,5.0,,5.0,4.0,2.0,5.0,3.0,,4.0,,3.0,3.0,5.0,1.0,3.0,1.0,,,3.0,3.0,1.0,,1.0,2.0,2.0,2.0,2.0,2.0,2.0,2.0,3.0,2.0,3.0,1.0,3.0,4.0,,,,,,,,,0,,0,,0,,,,,,,,,,,,,,,,,,,,,,,,,,,,,,,,,,,,,,,,,,,,,,,,,,,,,,,,,,,,,,,,,,,,,,,,,,,,,2.0,3.0,6.0,2,2,2,1,6,2,,1,1,1,1,1,10,,3,5,4,2.0,2,3,1,9,3,1.0,2,3,0.3093179638085286,
201801120820,2023-10-30T22:01:13Z,2023-10-30T22:04:21Z,2,1,1,99,1,2,99,4.0,2.0,2.0,2.0,1.0,,,,,,,,1.0,1.0,,,,,,,,1.0,1.0,2.0,4.0,4.0,4.0,3.0,5.0,,,3.0,3.0,2.0,3.0,4.0,2.0,,,3.0,4.0,3.0,5.0,3.0,5.0,1.0,,,,,2.0,2.0,2.0,,,,,,2.0,5.0,1.0,4.0,2.0,3.0,3.0,4.0,,,,,,,,,0,,0,,0,,,,,,,,,,,,,,,,,,,,,,,,,,,,,,,,,,,,,,,,,,,,,,,,,,,,,,,,,,,,,,,,,,,,,,,,,,,,,1.0,3.0,6.0,2,2,1,99,99,2,,1,1,1,1,99,7,,4,5,3,1.0,1,2,2,7,3,1.0,2,99,2.145791867686248,
201801121079,2023-11-01T11:50:39Z,2023-11-01T11:54:10Z,2,1,1,1,1,2,1,3.0,2.0,2.0,1.0,2.0,,,,,,,,1.0,1.0,,,,,,,,1.0,1.0,3.0,3.0,3.0,4.0,4.0,3.0,,2.0,4.0,4.0,4.0,1.0,2.0,4.0,,4.0,4.0,2.0,3.0,2.0,2.0,5.0,3.0,,,,,1.0,,2.0,,,,,,1.0,4.0,4.0,1.0,3.0,3.0,3.0,4.0,,,,,,,,,0,,0,,0,,,,,,,,,,,,,,,,,,,,,,,,,,,,,,,,,,,,,,,,,,,,,,,,,,,,,,,,,,,,,,,,,,,,,,,,,,,,,,,,3,1,2,1,5,2,,1,1,1,1,1,12,,3,4,3,1.0,1,2,3,4,3,2.0,2,99,2.034028053883618,
201801121454,2023-11-04T11:07:00Z,2023-11-04T11:11:12Z,2,1,1,1,2,2,1,4.0,1.0,1.0,1.0,,,,,,,,,1.0,,,,,,,,,99.0,1.0,1.0,1.0,1.0,1.0,1.0,1.0,,1.0,,3.0,5.0,5.0,5.0,5.0,,5.0,,2.0,3.0,1.0,1.0,1.0,1.0,,,2.0,3.0,1.0,,2.0,,,,,,2.0,1.0,1.0,1.0,1.0,3.0,3.0,4.0,,,,,,,,,0,,0,,0,,,,,,,,,,,,,,,,,,,,,,,,,,,,,,,,,,,,,,,,,,,,,,,,,,,,,,,,,,,,,,,,,,,,,,,,,,,,,1.0,3.0,6.0,2,2,2,1,5,2,,1,1,1,1,1,12,,3,5,2,,2,4,1,9,4,1.0,2,3,0.1458108395250955,
201801122147,2023-10-29T01:13:38Z,2023-10-29T01:18:09Z,2,1,1,1,1,2,1,4.0,2.0,2.0,2.0,1.0,,,,,,,,1.0,1.0,,,,,,,,1.0,2.0,3.0,1.0,2.0,4.0,3.0,3.0,,2.0,3.0,2.0,5.0,3.0,5.0,4.0,,4.0,5.0,1.0,3.0,1.0,1.0,1.0,3.0,,,,,2.0,2.0,1.0,2.0,2.0,2.0,1.0,2.0,2.0,1.0,1.0,2.0,2.0,3.0,2.0,4.0,,,,,,,,,0,,0,,0,,,,,,,,,,,,,,,,,,,,,,,,,,,,,,,,,,,,,,,,,,,,,,,,,,,,,,,,,,,,,,,,,,,,,,,,,,,,,2.0,3.0,6.0,3,1,2,1,5,2,,1,4,4,1,1,9,,3,6,2,,2,4,1,2,4,1.0,2,1,0.8856267815911079,
201801123002,2023-10-30T10:10:33Z,2023-10-30T10:14:09Z,1,1,1,1,2,2,1,4.0,2.0,2.0,2.0,1.0,,,,,,,,1.0,1.0,,,,,,,,1.0,2.0,1.0,1.0,1.0,1.0,1.0,1.0,,3.0,,5.0,4.0,3.0,5.0,5.0,,5.0,,1.0,3.0,1.0,1.0,3.0,1.0,,,1.0,4.0,1.0,,2.0,,,,,,2.0,1.0,1.0,3.0,2.0,3.0,3.0,4.0,,,,,,,,,0,,0,,0,,,,,,,,,,,,,,,,,,,,,,,,,,,,,,,,,,,,,,,,,,,,,,,,,,,,,,,,,,,,,,,,,,,,,,,,,,,,,2.0,3.0,6.0,3,2,2,1,6,2,,1,1,1,1,1,1,99.0,1,2,4,1.0,1,2,1,4,3,1.0,2,2,0.2186084272093777,
201801123819,2023-10-27T20:03:25Z,2023-10-27T20:11:18Z,2,1,1,6,2,2,2,4.0,2.0,2.0,1.0,2.0,,,,,,,,1.0,1.0,,,,,,,,1.0,1.0,1.0,3.0,3.0,3.0,3.0,3.0,3.0,,,4.0,4.0,4.0,4.0,4.0,6.0,,,3.0,3.0,3.0,2.0,5.0,1.0,3.0,3.0,3.0,3.0,2.0,2.0,1.0,2.0,1.0,2.0,2.0,1.0,2.0,3.0,2.0,4.0,4.0,3.0,2.0,4.0,,,,,,,,,0,,0,,0,,,,,,,,,,,,,,,,,,,,,,,,,,,,,,,,,,,,,,,,,,,,,,,,,,,,,,,,,,,,,,,,,,,,,,,,,,,,,1.0,3.0,5.0,2,1,2,1,6,1,1.0,1,1,3,1,6,2,2.0,2,5,2,,2,4,3,6,4,1.0,2,2,2.288705816951422,
201801123822,2023-10-26T20:12:03Z,2023-10-26T20:14:41Z,1,1,1,1,2,2,1,3.0,2.0,2.0,2.0,1.0,,,,,,,,1.0,1.0,,,,,,,,1.0,1.0,1.0,4.0,5.0,4.0,5.0,5.0,,5.0,,4.0,3.0,3.0,4.0,4.0,,5.0,,4.0,3.0,3.0,3.0,5.0,2.0,,,1.0,5.0,1.0,,2.0,,,,,,2.0,3.0,2.0,4.0,3.0,3.0,3.0,4.0,,,,,,,,,0,,0,,0,,,,,,,,,,,,,,,,,,,,,,,,,,,,,,,,,,,,,,,,,,,,,,,,,,,,,,,,,,,,,,,,,,,,,,,,,,,,,1.0,2.0,3.0,1,2,1,1,6,2,,1,1,1,1,1,10,,3,5,2,,2,4,2,8,5,1.0,2,2,0.6813167588798718,
201801123832,2023-10-27T18:30:54Z,2023-10-27T18:34:09Z,2,1,1,6,2,2,2,4.0,2.0,2.0,1.0,2.0,,,,,,,,1.0,1.0,,,,,,,,1.0,2.0,2.0,3.0,3.0,4.0,4.0,5.0,5.0,,,4.0,1.0,3.0,3.0,4.0,6.0,,,3.0,3.0,3.0,3.0,5.0,1.0,1.0,1.0,2.0,1.0,1.0,,2.0,,,,,,2.0,3.0,3.0,3.0,3.0,3.0,3.0,4.0,,,,,,,,,0,,0,,0,,,,,,,,,,,,,,,,,,,,,,,,,,,,,,,,,,,,,,,,,,,,,,,,,,,,,,,,,,,,,,,,,,,,,,,,,,,,,1.0,3.0,5.0,2,1,1,1,6,2,,1,1,1,1,6,12,,3,6,3,2.0,2,3,1,5,3,1.0,2,2,0.4904859624005829,
201801124390,2023-10-27T18:36:50Z,2023-10-27T18:40:18Z,2,1,1,6,2,2,2,4.0,2.0,2.0,1.0,2.0,,,,,,,,1.0,1.0,,,,,,,,1.0,1.0,1.0,2.0,2.0,5.0,5.0,5.0,5.0,,,4.0,5.0,5.0,5.0,5.0,1.0,,,1.0,1.0,,,,3.0,1.0,4.0,1.0,3.0,3.0,1.0,2.0,,,,,,2.0,1.0,1.0,4.0,2.0,3.0,3.0,1.0,2.0,1.0,4.0,3.0,,2.0,2.0,,0,,0,,0,,,,,,,,,,,,,,,,,,,,,,,,,,,,,,,,,,,,,,,,,,,,,,,,,,,,,,,,,,,,,,,,,,,,,,,,,,,,,1.0,2.0,3.0,3,2,1,1,6,2,,1,1,1,1,6,6,,4,2,4,2.0,2,3,1,5,2,1.0,2,2,0.6011492628864568,
201801124516,2023-10-27T17:15:05Z,2023-10-27T17:18:06Z,2,1,1,1,2,2,1,4.0,2.0,2.0,2.0,1.0,,,,,,,,1.0,1.0,,,,,,,,1.0,1.0,1.0,3.0,4.0,4.0,4.0,3.0,,4.0,,5.0,5.0,5.0,5.0,5.0,,5.0,,3.0,3.0,3.0,2.0,3.0,1.0,,,2.0,5.0,1.0,,2.0,,,,,,2.0,2.0,1.0,2.0,2.0,3.0,3.0,4.0,,,,,,,,,0,,0,,0,,,,,,,,,,,,,,,,,,,,,,,,,,,,,,,,,,,,,,,,,,,,,,,,,,,,,,,,,,,,,,,,,,,,,,,,,,,,,1.0,2.0,3.0,2,2,2,1,6,2,,1,1,1,1,1,9,,3,6,2,,2,4,1,9,4,1.0,1,3,0.1311577604220272,
201801125924,2023-10-30T08:09:49Z,2023-10-30T08:13:28Z,1,1,1,1,1,2,1,4.0,2.0,2.0,2.0,1.0,,,,,,,,1.0,1.0,,,,,,,,1.0,2.0,1.0,3.0,2.0,4.0,3.0,4.0,,4.0,3.0,4.0,4.0,3.0,5.0,4.0,,5.0,3.0,2.0,3.0,2.0,1.0,2.0,1.0,,,,,1.0,,2.0,,,,,,2.0,1.0,2.0,3.0,2.0,3.0,3.0,4.0,,,,,,,,,0,,0,,0,,,,,,,,,,,,,,,,,,,,,,,,,,,,,,,,,,,,,,,,,,,,,,,,,,,,,,,,,,,,,,,,,,,,,,,,,,,,,1.0,2.0,3.0,2,2,1,1,5,2,,1,1,1,1,1,1,1.0,1,2,3,2.0,2,4,2,9,4,1.0,1,3,0.42049549607943,
201801126667,2023-10-24T19:16:50Z,2023-10-24T19:22:46Z,2,1,1,1,1,2,1,4.0,1.0,1.0,2.0,,,,,,,,,1.0,,,,,,,,,99.0,2.0,1.0,1.0,1.0,1.0,1.0,1.0,,1.0,1.0,5.0,5.0,5.0,6.0,5.0,,5.0,4.0,1.0,3.0,1.0,1.0,5.0,3.0,,,,,1.0,,2.0,,,,,,2.0,1.0,1.0,1.0,1.0,3.0,3.0,4.0,,,,,,,,,0,,0,,0,,,,,,,,,,,,,,,,,,,,,,,,,,,,,,,,,,,,,,,,,,,,,,,,,,,,,,,,,,,,,,,,,,,,,,,,,,,,,1.0,3.0,6.0,3,2,2,3,2,2,,1,1,1,1,1,1,1.0,1,5,3,1.0,1,1,1,9,2,2.0,2,2,1.136978334667763,
201801127795,2023-10-27T18:24:32Z,2023-10-27T19:51:07Z,2,1,1,2,1,2,2,4.0,2.0,2.0,2.0,1.0,,,,,,,,1.0,1.0,,,,,,,,1.0,2.0,3.0,3.0,2.0,2.0,3.0,3.0,,4.0,3.0,4.0,4.0,1.0,5.0,4.0,,4.0,3.0,3.0,3.0,3.0,1.0,5.0,3.0,1.0,4.0,,,1.0,,1.0,1.0,2.0,2.0,1.0,2.0,1.0,3.0,2.0,3.0,4.0,2.0,1.0,4.0,,,,,,,,,0,,0,,0,,,,,,,,,,,,,,,,,,,,,,,,,,,,,,,,,,,,,,,,,,,,,,,,,,,,,,,,,,,,,,,,,,,,,,,,,,,,,1.0,2.0,3.0,2,2,2,1,6,2,,1,1,1,1,2,2,2.0,2,4,1,,1,2,1,9,3,2.0,1,3,0.1657514809053021,
201801128070,2023-11-01T10:42:21Z,2023-11-01T10:45:54Z,2,1,1,1,1,2,1,4.0,1.0,1.0,2.0,,,,,,,,,1.0,,,,,,,,,99.0,2.0,5.0,5.0,5.0,5.0,5.0,5.0,,5.0,5.0,5.0,5.0,5.0,5.0,5.0,,3.0,5.0,3.0,3.0,2.0,2.0,4.0,1.0,,,,,1.0,,2.0,,,,,,1.0,3.0,1.0,1.0,1.0,2.0,2.0,4.0,,,,,,,,,0,,0,,0,,,,,,,,,,,,,,,,,,,,,,,,,,,,,,,,,,,,,,,,,,,,,,,,,,,,,,,,,,,,,,,,,,,,,,,,,,,,,2.0,2.0,3.0,3,2,2,3,1,2,,1,1,1,1,1,7,,4,5,2,,2,3,2,2,3,2.0,2,1,1.7827728020964,
201801128455,2023-11-05T09:27:51Z,2023-11-05T09:35:44Z,2,1,1,1,2,2,1,3.0,2.0,2.0,2.0,1.0,,,,,,,,1.0,1.0,,,,,,,,1.0,2.0,2.0,4.0,4.0,5.0,5.0,5.0,,5.0,,2.0,3.0,2.0,4.0,3.0,,4.0,,5.0,3.0,3.0,3.0,5.0,1.0,,,2.0,3.0,1.0,,2.0,,,,,,2.0,4.0,4.0,3.0,3.0,1.0,1.0,4.0,,,,,,,,,0,,0,,0,,,,,,,,,,,,,,,,,,,,,,,,,,,,,,,,,,,,,,,,,,,,,,,,,,,,,,,,,,,,,,,,,,,,,,,,,,,,,1.0,2.0,3.0,1,2,2,1,5,2,,1,1,1,1,1,1,1.0,1,2,3,99.0,9,9,2,7,3,1.0,1,2,0.4881191411205224,
201801128698,2023-10-28T09:22:19Z,2023-10-28T09:28:26Z,1,1,1,6,2,2,2,4.0,1.0,1.0,1.0,,,,,,,,,1.0,,,,,,,,,99.0,1.0,2.0,3.0,3.0,5.0,4.0,5.0,3.0,,,3.0,5.0,3.0,3.0,4.0,4.0,,,5.0,3.0,3.0,3.0,5.0,1.0,3.0,3.0,2.0,4.0,1.0,,2.0,,,,,,2.0,2.0,1.0,3.0,3.0,2.0,2.0,4.0,,,,,,,,,0,,0,,0,,,,,,,,,,,,,,,,,,,,,,,,,,,,,,,,,,,,,,,,,,,,,,,,,,,,,,,,,,,,,,,,,,,,,,,,,,,,,1.0,2.0,3.0,2,2,1,1,5,2,,1,1,1,1,6,9,,3,6,1,,1,1,1,9,2,1.0,2,3,0.205499397087238,
201801129203,2023-10-27T17:27:21Z,2023-10-27T17:30:51Z,2,1,1,1,1,2,1,4.0,2.0,2.0,1.0,2.0,,,,,,,,1.0,1.0,,,,,,,,1.0,1.0,1.0,3.0,2.0,3.0,3.0,4.0,,3.0,3.0,3.0,4.0,4.0,3.0,5.0,,4.0,4.0,4.0,3.0,1.0,1.0,2.0,2.0,,,,,1.0,,2.0,,,,,,2.0,4.0,3.0,5.0,4.0,2.0,2.0,4.0,,,,,,,,,0,,0,,0,,,,,,,,,,,,,,,,,,,,,,,,,,,,,,,,,,,,,,,,,,,,,,,,,,,,,,,,,,,,,,,,,,,,,,,,,,,,,1.0,2.0,3.0,3,1,2,1,5,2,,1,1,1,1,1,12,,3,5,3,1.0,1,2,1,8,3,2.0,1,2,0.5142075442403498,
201801129397,2023-10-27T17:31:21Z,2023-10-27T17:34:34Z,2,1,1,1,1,2,1,4.0,2.0,2.0,1.0,2.0,,,,,,,,1.0,1.0,,,,,,,,1.0,1.0,4.0,4.0,4.0,5.0,3.0,5.0,,4.0,3.0,3.0,1.0,1.0,2.0,1.0,,3.0,3.0,4.0,3.0,2.0,2.0,4.0,1.0,,,,,1.0,,2.0,,,,,,1.0,5.0,4.0,3.0,5.0,2.0,2.0,4.0,,,,,,,,,0,,0,,0,,,,,,,,,,,,,,,,,,,,,,,,,,,,,,,,,,,,,,,,,,,,,,,,,,,,,,,,,,,,,,,,,,,,,,,,,,,,,1.0,3.0,7.0,3,1,2,1,5,2,,1,1,1,1,1,1,2.0,1,4,3,2.0,2,4,3,6,4,1.0,2,2,1.600375507304982,
201801129538,2023-10-29T11:11:45Z,2023-11-02T12:08:41Z,2,1,1,6,2,2,2,4.0,2.0,2.0,2.0,1.0,,,,,,,,1.0,1.0,,,,,,,,1.0,1.0,2.0,3.0,4.0,5.0,5.0,5.0,5.0,,,3.0,5.0,4.0,4.0,4.0,6.0,,,4.0,1.0,,,,1.0,1.0,4.0,1.0,3.0,1.0,,2.0,,,,,,1.0,2.0,2.0,2.0,2.0,3.0,3.0,3.0,2.0,3.0,3.0,4.0,,1.0,1.0,,0,,0,,0,,,,,,,,,,,,,,,,,,,,,,,,,,,,,,,,,,,,,,,,,,,,,,,,,,,,,,,,,,,,,,,,,,,,,,,,,,,,,1.0,3.0,5.0,2,1,1,1,6,1,7.0,1,1,3,1,6,10,,3,4,3,1.0,1,1,1,8,2,2.0,1,2,0.0384620186812095,
201801129597,2023-11-01T17:02:51Z,2023-11-01T17:05:38Z,2,1,1,1,1,2,1,4.0,2.0,2.0,1.0,2.0,,,,,,,,1.0,1.0,,,,,,,,1.0,2.0,2.0,5.0,4.0,5.0,5.0,4.0,,3.0,3.0,5.0,3.0,4.0,4.0,5.0,,99.0,4.0,2.0,3.0,2.0,1.0,2.0,1.0,,,,,1.0,,2.0,,,,,,2.0,1.0,1.0,3.0,2.0,3.0,3.0,4.0,,,,,,,,,0,,0,,0,,,,,,,,,,,,,,,,,,,,,,,,,,,,,,,,,,,,,,,,,,,,,,,,,,,,,,,,,,,,,,,,,,,,,,,,,,,,,1.0,2.0,3.0,2,2,2,1,5,2,,1,1,1,1,1,12,,3,6,2,,2,4,1,9,4,1.0,1,3,0.1311577604220272,
201801130149,2023-10-28T03:21:19Z,2023-10-28T03:24:04Z,2,1,1,6,1,2,2,4.0,2.0,2.0,1.0,2.0,,,,,,,,1.0,1.0,,,,,,,,1.0,1.0,2.0,3.0,3.0,4.0,3.0,3.0,4.0,,3.0,4.0,4.0,3.0,3.0,3.0,4.0,,3.0,3.0,3.0,2.0,2.0,2.0,1.0,2.0,5.0,,,1.0,,2.0,,,,,,2.0,3.0,2.0,4.0,2.0,3.0,3.0,4.0,,,,,,,,,0,,0,,0,,,,,,,,,,,,,,,,,,,,,,,,,,,,,,,,,,,,,,,,,,,,,,,,,,,,,,,,,,,,,,,,,,,,,,,,,,,,,1.0,2.0,3.0,2,2,1,2,3,2,,1,1,1,1,6,1,1.0,1,5,1,,1,1,1,3,2,2.0,2,1,0.9187732945644064,
201801132569,2023-10-30T18:53:54Z,2023-10-30T18:57:20Z,2,1,1,1,1,2,1,4.0,2.0,2.0,1.0,2.0,,,,,,,,1.0,1.0,,,,,,,,1.0,1.0,1.0,4.0,3.0,4.0,4.0,3.0,,4.0,4.0,5.0,3.0,3.0,5.0,4.0,,5.0,5.0,4.0,3.0,2.0,2.0,2.0,1.0,,,,,1.0,,2.0,,,,,,2.0,2.0,2.0,3.0,2.0,3.0,3.0,4.0,,,,,,,,,0,,0,,0,,,,,,,,,,,,,,,,,,,,,,,,,,,,,,,,,,,,,,,,,,,,,,,,,,,,,,,,,,,,,,,,,,,,,,,,,,,,,1.0,2.0,3.0,3,1,1,1,5,2,,1,1,1,1,1,10,,3,6,99,2.0,2,4,3,9,4,1.0,1,2,0.8547444541491637,
201801134391,2023-10-29T11:21:06Z,2023-10-29T11:25:43Z,2,1,1,2,2,2,2,4.0,2.0,2.0,1.0,2.0,,,,,,,,1.0,1.0,,,,,,,,1.0,1.0,3.0,4.0,3.0,4.0,3.0,3.0,,5.0,,5.0,3.0,3.0,4.0,5.0,,4.0,,4.0,3.0,5.0,1.0,3.0,1.0,1.0,5.0,3.0,5.0,1.0,,1.0,2.0,1.0,2.0,2.0,2.0,2.0,3.0,3.0,3.0,3.0,3.0,3.0,4.0,,,,,,,,,0,,0,,0,,,,,,,,,,,,,,,,,,,,,,,,,,,,,,,,,,,,,,,,,,,,,,,,,,,,,,,,,,,,,,,,,,,,,,,,,,,,,1.0,2.0,3.0,2,1,2,1,5,2,,1,1,1,1,2,10,,3,6,2,,2,4,1,3,5,2.0,2,2,0.9405913817258116,
201801135095,2023-10-28T15:53:32Z,2023-10-28T15:59:47Z,1,1,1,6,2,2,2,4.0,2.0,2.0,1.0,2.0,,,,,,,,1.0,1.0,,,,,,,,1.0,2.0,2.0,3.0,2.0,3.0,3.0,3.0,3.0,,,4.0,5.0,4.0,3.0,4.0,4.0,,,2.0,3.0,2.0,1.0,5.0,1.0,1.0,4.0,3.0,4.0,2.0,1.0,2.0,,,,,,2.0,3.0,2.0,5.0,3.0,2.0,2.0,4.0,,,,,,,,,0,,0,,0,,,,,,,,,,,,,,,,,,,,,,,,,,,,,,,,,,,,,,,,,,,,,,,,,,,,,,,,,,,,,,,,,,,,,,,,,,,,,1.0,2.0,4.0,2,1,1,1,5,2,,1,1,1,1,6,12,,3,6,3,2.0,2,3,1,6,3,1.0,2,2,0.4517050839048906,
201801135363,2023-10-27T17:31:20Z,2023-10-27T17:34:39Z,2,1,1,1,2,2,1,4.0,2.0,2.0,2.0,1.0,,,,,,,,1.0,1.0,,,,,,,,1.0,2.0,2.0,4.0,2.0,4.0,4.0,4.0,,4.0,,5.0,2.0,2.0,5.0,5.0,,5.0,,4.0,3.0,6.0,3.0,4.0,1.0,,,1.0,3.0,2.0,1.0,1.0,2.0,2.0,2.0,2.0,1.0,2.0,1.0,1.0,4.0,3.0,3.0,3.0,4.0,,,,,,,,,0,,0,,0,,,,,,,,,,,,,,,,,,,,,,,,,,,,,,,,,,,,,,,,,,,,,,,,,,,,,,,,,,,,,,,,,,,,,,,,,,,,,1.0,2.0,4.0,1,2,2,1,6,2,,1,1,1,1,1,1,2.0,1,5,3,2.0,2,3,1,9,3,1.0,2,3,0.3014133878780593,
201801135882,2023-10-27T18:13:54Z,2023-10-27T18:20:07Z,2,1,1,1,2,2,1,3.0,2.0,2.0,1.0,2.0,,,,,,,,1.0,1.0,,,,,,,,1.0,2.0,2.0,3.0,4.0,5.0,3.0,3.0,,5.0,,2.0,5.0,5.0,5.0,2.0,,5.0,,3.0,3.0,3.0,2.0,5.0,1.0,,,1.0,5.0,2.0,1.0,2.0,,,,,,2.0,3.0,2.0,2.0,1.0,3.0,3.0,4.0,,,,,,,,,0,,0,,0,,,,,,,,,,,,,,,,,,,,,,,,,,,,,,,,,,,,,,,,,,,,,,,,,,,,,,,,,,,,,,,,,,,,,,,,,,,,,2.0,2.0,4.0,3,2,2,1,5,2,,1,1,1,1,1,1,2.0,1,5,1,,1,2,1,8,3,2.0,1,2,0.1417800324955463,
201801136048,2023-11-01T11:55:52Z,2023-11-01T11:59:34Z,2,1,1,3,2,2,1,4.0,2.0,2.0,2.0,1.0,,,,,,,,1.0,1.0,,,,,,,,1.0,2.0,1.0,3.0,5.0,3.0,3.0,4.0,2.0,,,4.0,3.0,2.0,5.0,5.0,4.0,,,3.0,3.0,2.0,1.0,5.0,1.0,,,1.0,4.0,1.0,,2.0,,,,,,2.0,1.0,1.0,5.0,2.0,3.0,3.0,4.0,,,,,,,,,0,,0,,0,,,,,,,,,,,,,,,,,,,,,,,,,,,,,,,,,,,,,,,,,,,,,,,,,,,,,,,,,,,,,,,,,,,,,,,,,,,,,1.0,4.0,8.0,2,1,2,1,5,2,,1,1,1,1,3,9,,3,6,2,,2,4,1,8,4,1.0,1,3,0.3800529482980884,
201801136050,2023-10-27T17:15:40Z,2023-10-27T17:22:35Z,1,1,1,6,2,2,2,4.0,2.0,2.0,1.0,2.0,,,,,,,,1.0,1.0,,,,,,,,1.0,2.0,2.0,3.0,3.0,4.0,2.0,3.0,4.0,,,3.0,99.0,5.0,3.0,4.0,5.0,,,2.0,1.0,,,,4.0,1.0,5.0,3.0,5.0,5.0,4.0,2.0,,,,,,1.0,2.0,1.0,3.0,2.0,3.0,3.0,1.0,4.0,2.0,4.0,4.0,,2.0,1.0,,0,,0,,0,,,,,,,,,,,,,,,,,,,,,,,,,,,,,,,,,,,,,,,,,,,,,,,,,,,,,,,,,,,,,,,,,,,,,,,,,,,,,1.0,2.0,4.0,2,2,1,1,5,2,,1,1,1,1,6,2,2.0,2,5,2,,2,4,1,4,5,1.0,2,2,0.7720772211409155,
201801136367,2023-10-27T21:38:59Z,2023-10-27T21:54:04Z,2,1,1,1,2,2,1,4.0,1.0,1.0,2.0,,,,,,,,,1.0,,,,,,,,,99.0,2.0,1.0,3.0,3.0,3.0,4.0,3.0,,2.0,,5.0,1.0,5.0,5.0,5.0,,5.0,,2.0,3.0,3.0,3.0,3.0,1.0,,,1.0,4.0,1.0,,2.0,,,,,,2.0,1.0,2.0,3.0,3.0,3.0,2.0,4.0,,,,,,,,,0,,0,,0,,,,,,,,,,,,,,,,,,,,,,,,,,,,,,,,,,,,,,,,,,,,,,,,,,,,,,,,,,,,,,,,,,,,,,,,,,,,,1.0,2.0,4.0,1,2,1,1,6,2,,1,1,1,1,1,9,,3,6,3,2.0,2,4,1,9,4,1.0,1,3,0.1832673560168239,
201801136872,2023-10-29T14:32:56Z,2023-10-29T14:37:23Z,1,1,1,6,2,2,2,3.0,2.0,2.0,2.0,1.0,,,,,,,,1.0,1.0,,,,,,,,1.0,1.0,3.0,3.0,5.0,4.0,4.0,5.0,5.0,,,3.0,2.0,4.0,3.0,3.0,4.0,,,4.0,1.0,,,,3.0,3.0,4.0,3.0,4.0,3.0,4.0,2.0,,,,,,2.0,3.0,3.0,5.0,2.0,1.0,3.0,1.0,2.0,4.0,5.0,5.0,,2.0,1.0,,0,,0,,0,,,,,,,,,,,,,,,,,,,,,,,,,,,,,,,,,,,,,,,,,,,,,,,,,,,,,,,,,,,,,,,,,,,,,,,,,,,,,1.0,2.0,3.0,2,2,2,2,3,2,,1,1,1,1,6,9,,3,6,3,2.0,2,4,1,9,5,1.0,2,2,0.7057964862857369,
201801137033,2023-10-27T17:18:50Z,2023-10-27T17:22:33Z,2,1,1,2,2,2,2,4.0,2.0,2.0,2.0,1.0,,,,,,,,1.0,1.0,,,,,,,,1.0,1.0,1.0,4.0,3.0,3.0,4.0,5.0,,4.0,,5.0,3.0,4.0,4.0,5.0,,4.0,,1.0,3.0,4.0,4.0,4.0,1.0,1.0,4.0,3.0,4.0,1.0,,1.0,2.0,2.0,2.0,2.0,2.0,2.0,3.0,1.0,4.0,2.0,3.0,2.0,4.0,,,,,,,,,0,,0,,0,,,,,,,,,,,,,,,,,,,,,,,,,,,,,,,,,,,,,,,,,,,,,,,,,,,,,,,,,,,,,,,,,,,,,,,,,,,,,1.0,2.0,3.0,2,2,2,1,6,2,,1,1,1,1,2,9,,3,6,3,2.0,2,4,1,3,5,2.0,1,2,0.108450358069718,
201801137484,2023-10-27T17:43:35Z,2023-10-27T17:52:41Z,1,1,1,1,2,2,1,3.0,2.0,2.0,1.0,2.0,,,,,,,,1.0,1.0,,,,,,,,1.0,1.0,1.0,5.0,5.0,5.0,5.0,5.0,,4.0,,5.0,3.0,3.0,4.0,4.0,,4.0,,4.0,3.0,4.0,3.0,5.0,2.0,,,1.0,2.0,1.0,,2.0,,,,,,2.0,3.0,3.0,4.0,3.0,3.0,2.0,4.0,,,,,,,,,0,,0,,0,,,,,,,,,,,,,,,,,,,,,,,,,,,,,,,,,,,,,,,,,,,,,,,,,,,,,,,,,,,,,,,,,,,,,,,,,,,,,1.0,1.0,1.0,1,1,1,1,5,2,,1,1,1,1,1,1,1.0,1,2,3,2.0,2,3,1,5,2,1.0,1,2,0.907773023560224,
201801137504,2023-10-29T12:13:56Z,2023-10-29T12:22:58Z,2,1,1,6,2,2,2,3.0,2.0,2.0,1.0,2.0,,,,,,,,1.0,1.0,,,,,,,,1.0,1.0,1.0,3.0,1.0,3.0,4.0,3.0,3.0,,,5.0,5.0,5.0,5.0,5.0,5.0,,,1.0,3.0,2.0,2.0,3.0,2.0,1.0,5.0,1.0,5.0,3.0,1.0,1.0,1.0,2.0,1.0,1.0,1.0,2.0,1.0,2.0,1.0,3.0,3.0,3.0,4.0,,,,,,,,,0,,0,,0,,,,,,,,,,,,,,,,,,,,,,,,,,,,,,,,,,,,,,,,,,,,,,,,,,,,,,,,,,,,,,,,,,,,,,,,,,,,,1.0,2.0,3.0,1,1,2,1,5,2,,1,1,1,1,6,12,,3,6,2,,2,4,2,9,4,1.0,1,3,0.8725678133325824,
201801137981,2023-10-27T17:44:49Z,2023-10-27T17:49:23Z,2,1,1,1,1,1,1,4.0,2.0,2.0,1.0,2.0,,,,,,,,1.0,1.0,,,,,,,,1.0,1.0,1.0,3.0,3.0,3.0,3.0,3.0,,4.0,3.0,3.0,3.0,3.0,3.0,3.0,,3.0,3.0,3.0,3.0,3.0,3.0,3.0,1.0,,,,,1.0,,2.0,,,,,,2.0,2.0,2.0,2.0,2.0,3.0,3.0,4.0,,,,,,,,,0,,0,,0,,,,,,,,,,,,,,,,,,,,,,,,,,,,,,,,,,,,,,,,,,,,,,,,,,,,,,,,,,,,,,,,,,,,,,,,,,,,,2.0,2.0,3.0,3,2,1,1,5,2,,1,1,1,1,1,1,2.0,1,4,1,,1,2,3,8,4,2.0,2,2,2.171593520194489,
201801138169,2023-10-29T11:09:43Z,2023-10-29T11:14:58Z,2,1,1,6,2,2,2,4.0,2.0,2.0,1.0,2.0,,,,,,,,1.0,1.0,,,,,,,,1.0,2.0,1.0,4.0,2.0,2.0,2.0,2.0,4.0,,,3.0,4.0,4.0,4.0,3.0,6.0,,,3.0,3.0,4.0,2.0,3.0,1.0,1.0,4.0,2.0,4.0,1.0,,2.0,,,,,,2.0,1.0,2.0,4.0,3.0,3.0,3.0,4.0,,,,,,,,,0,,0,,0,,,,,,,,,,,,,,,,,,,,,,,,,,,,,,,,,,,,,,,,,,,,,,,,,,,,,,,,,,,,,,,,,,,,,,,,,,,,,1.0,2.0,3.0,2,2,2,2,4,2,,1,1,1,1,6,1,1.0,1,4,1,,1,1,2,4,2,2.0,1,2,0.4976877935398495,
201801138520,2023-10-31T15:42:49Z,2023-10-31T15:50:57Z,1,1,1,1,1,2,1,4.0,2.0,2.0,1.0,2.0,,,,,,,,1.0,1.0,,,,,,,,1.0,1.0,2.0,4.0,3.0,4.0,4.0,4.0,,4.0,3.0,4.0,3.0,4.0,4.0,5.0,,5.0,4.0,2.0,3.0,3.0,2.0,3.0,1.0,,,,,1.0,,2.0,,,,,,2.0,1.0,1.0,3.0,2.0,3.0,3.0,4.0,,,,,,,,,0,,0,,0,,,,,,,,,,,,,,,,,,,,,,,,,,,,,,,,,,,,,,,,,,,,,,,,,,,,,,,,,,,,,,,,,,,,,,,,,,,,,1.0,2.0,3.0,3,2,1,1,6,2,,1,1,1,1,1,1,1.0,1,2,1,,1,1,1,4,1,1.0,2,1,0.4743375460237817,
201801139015,2023-10-30T20:16:51Z,2023-10-30T20:28:13Z,2,1,1,2,2,2,2,4.0,2.0,2.0,1.0,2.0,,,,,,,,1.0,1.0,,,,,,,,1.0,1.0,4.0,4.0,4.0,5.0,4.0,5.0,,4.0,,3.0,2.0,3.0,3.0,3.0,,4.0,,4.0,3.0,3.0,6.0,3.0,1.0,1.0,3.0,1.0,3.0,3.0,3.0,2.0,,,,,,2.0,1.0,1.0,4.0,3.0,3.0,3.0,4.0,,,,,,,,,0,,0,,0,,,,,,,,,,,,,,,,,,,,,,,,,,,,,,,,,,,,,,,,,,,,,,,,,,,,,,,,,,,,,,,,,,,,,,,,,,,,,1.0,2.0,4.0,2,2,1,2,3,2,,1,3,5,1,2,1,2.0,1,4,2,,2,3,1,3,3,1.0,2,1,0.4820673661382332,
201801139200,2023-10-27T18:37:14Z,2023-10-27T18:44:36Z,2,1,1,1,2,2,1,4.0,2.0,2.0,2.0,1.0,,,,,,,,1.0,1.0,,,,,,,,1.0,2.0,1.0,3.0,2.0,3.0,3.0,3.0,,4.0,,2.0,5.0,3.0,2.0,2.0,,3.0,,2.0,3.0,1.0,2.0,2.0,1.0,,,1.0,4.0,1.0,,2.0,,,,,,2.0,1.0,1.0,1.0,1.0,3.0,3.0,4.0,,,,,,,,,0,,0,,0,,,,,,,,,,,,,,,,,,,,,,,,,,,,,,,,,,,,,,,,,,,,,,,,,,,,,,,,,,,,,,,,,,,,,,,,,,,,,1.0,2.0,4.0,2,1,2,1,5,2,,1,1,1,1,1,12,,3,6,4,1.0,1,2,3,5,3,2.0,2,2,2.034028053883618,
201801139337,2023-10-31T12:05:49Z,2023-10-31T12:11:10Z,1,1,1,6,2,2,2,3.0,2.0,2.0,1.0,2.0,,,,,,,,1.0,1.0,,,,,,,,1.0,1.0,2.0,2.0,2.0,1.0,4.0,4.0,3.0,,,4.0,5.0,5.0,4.0,5.0,4.0,,,1.0,3.0,2.0,2.0,5.0,2.0,3.0,4.0,3.0,4.0,3.0,2.0,1.0,1.0,2.0,1.0,2.0,2.0,2.0,1.0,2.0,3.0,1.0,3.0,3.0,4.0,,,,,,,,,0,,0,,0,,,,,,,,,,,,,,,,,,,,,,,,,,,,,,,,,,,,,,,,,,,,,,,,,,,,,,,,,,,,,,,,,,,,,,,,,,,,,1.0,2.0,4.0,1,2,1,2,4,2,,1,1,1,1,6,12,,3,6,2,,2,4,1,1,5,1.0,1,1,0.4282632713328955,
201801139621,2023-10-27T18:05:18Z,2023-10-27T18:11:15Z,2,1,1,1,1,2,1,4.0,1.0,1.0,2.0,,,,,,,,,1.0,,,,,,,,,99.0,2.0,2.0,5.0,4.0,5.0,5.0,5.0,,4.0,5.0,5.0,5.0,3.0,4.0,3.0,,5.0,4.0,4.0,3.0,3.0,3.0,3.0,1.0,,,,,1.0,,2.0,,,,,,2.0,3.0,3.0,4.0,3.0,3.0,3.0,4.0,,,,,,,,,0,,0,,0,,,,,,,,,,,,,,,,,,,,,,,,,,,,,,,,,,,,,,,,,,,,,,,,,,,,,,,,,,,,,,,,,,,,,,,,,,,,,1.0,2.0,4.0,2,2,1,1,5,2,,1,1,1,1,1,10,,3,6,2,,2,4,1,9,5,1.0,2,2,0.3534672038199648,
201801139651,2023-10-28T23:53:22Z,2023-10-29T00:03:35Z,1,1,1,6,2,2,2,3.0,2.0,2.0,2.0,1.0,,,,,,,,1.0,1.0,,,,,,,,1.0,2.0,3.0,4.0,5.0,4.0,4.0,5.0,5.0,,,5.0,5.0,3.0,4.0,4.0,3.0,,,5.0,3.0,3.0,3.0,5.0,1.0,1.0,3.0,3.0,4.0,3.0,2.0,2.0,,,,,,2.0,3.0,4.0,5.0,4.0,2.0,2.0,4.0,,,,,,,,,0,,0,,0,,,,,,,,,,,,,,,,,,,,,,,,,,,,,,,,,,,,,,,,,,,,,,,,,,,,,,,,,,,,,,,,,,,,,,,,,,,,,1.0,1.0,2.0,1,1,1,1,5,2,,1,3,5,1,6,10,,3,5,2,,2,4,3,3,5,1.0,1,2,0.6611469991150708,
201801139666,2023-10-27T17:19:43Z,2023-10-27T17:24:09Z,2,1,1,1,2,2,1,4.0,2.0,2.0,1.0,2.0,,,,,,,,1.0,1.0,,,,,,,,1.0,1.0,2.0,4.0,3.0,3.0,3.0,4.0,,3.0,,3.0,2.0,2.0,3.0,3.0,,4.0,,3.0,3.0,3.0,6.0,3.0,1.0,,,1.0,3.0,1.0,,2.0,,,,,,2.0,1.0,2.0,4.0,3.0,3.0,3.0,4.0,,,,,,,,,0,,0,,0,,,,,,,,,,,,,,,,,,,,,,,,,,,,,,,,,,,,,,,,,,,,,,,,,,,,,,,,,,,,,,,,,,,,,,,,,,,,,1.0,2.0,4.0,2,1,1,1,5,2,,1,1,1,1,1,10,,3,6,2,,2,4,1,9,4,1.0,1,3,0.4398404904113002,
201801140044,2023-10-27T17:10:34Z,2023-10-27T17:27:42Z,2,1,1,1,2,2,1,4.0,2.0,2.0,2.0,1.0,,,,,,,,1.0,1.0,,,,,,,,1.0,1.0,1.0,3.0,3.0,4.0,3.0,3.0,,4.0,,4.0,4.0,4.0,4.0,4.0,,4.0,,3.0,3.0,3.0,2.0,4.0,1.0,,,3.0,4.0,1.0,,2.0,,,,,,2.0,2.0,3.0,5.0,3.0,2.0,2.0,4.0,,,,,,,,,0,,0,,0,,,,,,,,,,,,,,,,,,,,,,,,,,,,,,,,,,,,,,,,,,,,,,,,,,,,,,,,,,,,,,,,,,,,,,,,,,,,,1.0,2.0,4.0,2,2,1,1,6,2,,1,1,1,1,1,12,,3,4,3,2.0,2,4,1,9,4,1.0,1,3,0.1832673560168239,
201801140198,2023-10-27T19:43:12Z,2023-10-27T19:48:08Z,2,1,1,2,2,2,1,3.0,2.0,2.0,2.0,1.0,,,,,,,,1.0,1.0,,,,,,,,1.0,2.0,2.0,4.0,4.0,3.0,4.0,4.0,,3.0,,5.0,3.0,2.0,5.0,5.0,,3.0,,3.0,3.0,3.0,2.0,5.0,1.0,,,3.0,4.0,1.0,,2.0,,,,,,1.0,2.0,1.0,3.0,2.0,3.0,3.0,4.0,,,,,,,,,0,,0,,0,,,,,,,,,,,,,,,,,,,,,,,,,,,,,,,,,,,,,,,,,,,,,,,,,,,,,,,,,,,,,,,,,,,,,,,,,,,,,1.0,4.0,9.0,2,1,2,1,5,2,,1,1,1,1,2,12,,3,5,4,2.0,2,3,3,9,3,1.0,2,3,1.4863362170297751,
201801140203,2023-10-27T17:23:40Z,2023-10-27T17:28:38Z,2,1,1,6,2,2,2,4.0,2.0,2.0,1.0,2.0,,,,,,,,1.0,1.0,,,,,,,,1.0,2.0,2.0,3.0,2.0,4.0,4.0,4.0,4.0,,,4.0,4.0,4.0,4.0,4.0,5.0,,,4.0,3.0,4.0,3.0,4.0,1.0,1.0,4.0,1.0,4.0,1.0,,2.0,,,,,,2.0,3.0,3.0,4.0,3.0,3.0,3.0,4.0,,,,,,,,,0,,0,,0,,,,,,,,,,,,,,,,,,,,,,,,,,,,,,,,,,,,,,,,,,,,,,,,,,,,,,,,,,,,,,,,,,,,,,,,,,,,,1.0,2.0,4.0,1,2,1,1,5,2,,1,1,1,1,6,1,2.0,1,4,3,1.0,1,2,1,9,3,1.0,1,3,0.3518942910296457,
201801140953,2023-11-01T21:36:56Z,2023-11-01T21:46:07Z,1,1,1,1,1,2,1,4.0,2.0,2.0,2.0,1.0,,,,,,,,1.0,1.0,,,,,,,,1.0,2.0,2.0,3.0,2.0,5.0,3.0,2.0,,4.0,3.0,4.0,4.0,3.0,5.0,4.0,,3.0,5.0,3.0,3.0,2.0,2.0,2.0,1.0,,,,,1.0,,2.0,,,,,,2.0,2.0,1.0,2.0,1.0,3.0,3.0,4.0,,,,,,,,,0,,0,,0,,,,,,,,,,,,,,,,,,,,,,,,,,,,,,,,,,,,,,,,,,,,,,,,,,,,,,,,,,,,,,,,,,,,,,,,,,,,,2.0,2.0,4.0,3,1,2,2,4,2,,1,1,1,1,1,1,1.0,1,3,4,1.0,1,2,2,7,3,2.0,1,2,3.772811687309237,
201801141010,2023-10-27T21:20:17Z,2023-10-27T21:23:37Z,2,1,1,1,1,2,1,4.0,2.0,2.0,1.0,2.0,,,,,,,,1.0,1.0,,,,,,,,1.0,1.0,1.0,4.0,3.0,3.0,4.0,4.0,,3.0,2.0,5.0,3.0,4.0,5.0,5.0,,5.0,5.0,2.0,3.0,2.0,1.0,4.0,1.0,,,,,1.0,,2.0,,,,,,2.0,2.0,2.0,3.0,2.0,2.0,2.0,4.0,,,,,,,,,0,,0,,0,,,,,,,,,,,,,,,,,,,,,,,,,,,,,,,,,,,,,,,,,,,,,,,,,,,,,,,,,,,,,,,,,,,,,,,,,,,,,2.0,2.0,4.0,3,2,2,1,5,2,,1,1,1,1,1,1,1.0,1,2,1,,1,1,1,4,1,1.0,2,2,0.1784927890953432,
201801141152,2023-10-28T23:13:09Z,2023-10-28T23:16:23Z,2,1,1,1,1,2,1,4.0,1.0,1.0,2.0,,,,,,,,,1.0,,,,,,,,,99.0,2.0,2.0,5.0,5.0,5.0,5.0,5.0,,5.0,5.0,2.0,5.0,5.0,5.0,5.0,,1.0,2.0,5.0,3.0,4.0,3.0,4.0,1.0,,,,,1.0,,2.0,,,,,,2.0,4.0,3.0,3.0,4.0,3.0,2.0,4.0,,,,,,,,,0,,0,,0,,,,,,,,,,,,,,,,,,,,,,,,,,,,,,,,,,,,,,,,,,,,,,,,,,,,,,,,,,,,,,,,,,,,,,,,,,,,,1.0,2.0,4.0,3,2,2,2,3,2,,1,1,1,1,1,12,,3,3,3,2.0,2,3,3,3,3,1.0,2,1,0.9308048373992056,
201801142154,2023-10-27T17:57:28Z,2023-10-27T18:04:14Z,1,1,1,1,1,2,1,4.0,2.0,2.0,1.0,2.0,,,,,,,,1.0,1.0,,,,,,,,1.0,1.0,2.0,3.0,3.0,4.0,4.0,4.0,,4.0,3.0,4.0,3.0,4.0,3.0,5.0,,5.0,4.0,3.0,3.0,2.0,3.0,4.0,2.0,,,,,1.0,,2.0,,,,,,2.0,3.0,3.0,4.0,4.0,2.0,2.0,4.0,,,,,,,,,0,,0,,0,,,,,,,,,,,,,,,,,,,,,,,,,,,,,,,,,,,,,,,,,,,,,,,,,,,,,,,,,,,,,,,,,,,,,,,,,,,,,1.0,4.0,8.0,2,1,2,2,3,2,,1,1,1,1,1,1,1.0,1,2,3,1.0,1,1,1,6,1,2.0,1,2,1.580011031000894,
201801142224,2023-10-30T14:21:22Z,2023-10-30T14:26:03Z,2,1,1,6,2,2,2,4.0,2.0,2.0,2.0,1.0,,,,,,,,1.0,1.0,,,,,,,,1.0,2.0,2.0,2.0,2.0,3.0,3.0,4.0,3.0,,,4.0,3.0,2.0,4.0,3.0,4.0,,,3.0,2.0,4.0,3.0,5.0,1.0,1.0,3.0,1.0,3.0,3.0,3.0,1.0,2.0,2.0,1.0,2.0,1.0,2.0,3.0,1.0,3.0,3.0,3.0,2.0,1.0,2.0,1.0,3.0,2.0,,2.0,1.0,,0,,0,,0,,,,,,,,,,,,,,,,,,,,,,,,,,,,,,,,,,,,,,,,,,,,,,,,,,,,,,,,,,,,,,,,,,,,,,,,,,,,,1.0,4.0,8.0,2,2,1,2,4,2,,1,1,1,1,6,12,,3,4,2,,2,4,1,2,4,2.0,2,2,0.6008177023499206,
201801142403,2023-10-29T23:14:52Z,2023-10-29T23:19:25Z,2,1,1,2,2,2,2,3.0,2.0,2.0,1.0,2.0,,,,,,,,1.0,1.0,,,,,,,,1.0,1.0,1.0,3.0,3.0,3.0,1.0,4.0,,5.0,,5.0,4.0,4.0,5.0,5.0,,5.0,,3.0,3.0,3.0,2.0,3.0,2.0,1.0,5.0,3.0,4.0,2.0,1.0,1.0,2.0,1.0,2.0,2.0,1.0,2.0,2.0,2.0,5.0,3.0,3.0,3.0,4.0,,,,,,,,,0,,0,,0,,,,,,,,,,,,,,,,,,,,,,,,,,,,,,,,,,,,,,,,,,,,,,,,,,,,,,,,,,,,,,,,,,,,,,,,,,,,,1.0,4.0,8.0,1,1,2,2,3,2,,1,1,1,1,2,12,,3,4,3,2.0,2,4,1,1,5,1.0,1,1,1.1087128503756158,
201801142704,2023-10-24T20:29:53Z,2023-10-24T20:32:43Z,2,1,1,6,2,2,2,4.0,2.0,2.0,1.0,2.0,,,,,,,,1.0,1.0,,,,,,,,1.0,1.0,4.0,4.0,5.0,3.0,1.0,4.0,5.0,,,4.0,1.0,1.0,5.0,1.0,6.0,,,5.0,3.0,2.0,2.0,5.0,1.0,1.0,1.0,3.0,1.0,2.0,1.0,2.0,,,,,,2.0,5.0,4.0,5.0,4.0,2.0,2.0,4.0,,,,,,,,,0,,0,,0,,,,,,,,,,,,,,,,,,,,,,,,,,,,,,,,,,,,,,,,,,,,,,,,,,,,,,,,,,,,,,,,,,,,,,,,,,,,,1.0,2.0,3.0,1,1,2,1,5,2,,4,3,5,4,6,12,,3,5,2,,2,4,1,9,5,1.0,1,3,0.4642182810184715,
201801142786,2023-11-01T13:06:58Z,2023-11-01T13:10:52Z,2,1,1,2,2,2,2,4.0,2.0,2.0,1.0,2.0,,,,,,,,1.0,1.0,,,,,,,,1.0,1.0,2.0,2.0,2.0,4.0,3.0,4.0,,4.0,,2.0,3.0,2.0,2.0,2.0,,2.0,,1.0,3.0,3.0,2.0,5.0,1.0,1.0,3.0,1.0,4.0,2.0,1.0,1.0,1.0,2.0,1.0,1.0,2.0,2.0,1.0,2.0,4.0,2.0,3.0,2.0,4.0,,,,,,,,,0,,0,,0,,,,,,,,,,,,,,,,,,,,,,,,,,,,,,,,,,,,,,,,,,,,,,,,,,,,,,,,,,,,,,,,,,,,,,,,,,,,,1.0,2.0,3.0,1,1,1,1,5,2,,1,1,1,1,2,12,,3,6,2,,2,4,1,5,4,1.0,1,2,0.6485256481177848,
201801143311,2023-10-30T10:59:17Z,2023-10-30T11:11:04Z,1,1,1,2,2,2,2,4.0,2.0,2.0,1.0,2.0,,,,,,,,1.0,1.0,,,,,,,,1.0,2.0,1.0,3.0,5.0,5.0,3.0,5.0,,4.0,,4.0,4.0,2.0,4.0,3.0,,5.0,,3.0,3.0,3.0,3.0,3.0,1.0,1.0,5.0,1.0,4.0,1.0,,2.0,,,,,,2.0,2.0,1.0,3.0,2.0,3.0,3.0,4.0,,,,,,,,,0,,0,,0,,,,,,,,,,,,,,,,,,,,,,,,,,,,,,,,,,,,,,,,,,,,,,,,,,,,,,,,,,,,,,,,,,,,,,,,,,,,,1.0,2.0,3.0,2,2,1,2,3,2,,1,1,1,1,2,10,,3,4,3,2.0,2,4,1,9,4,1.0,1,2,0.6310951822644089,
201801143331,2023-10-27T17:44:36Z,2023-10-27T17:48:17Z,2,1,1,6,2,2,2,4.0,2.0,2.0,1.0,2.0,,,,,,,,1.0,1.0,,,,,,,,1.0,2.0,1.0,3.0,3.0,3.0,3.0,3.0,2.0,,,3.0,3.0,4.0,2.0,3.0,3.0,,,3.0,1.0,,,,1.0,1.0,1.0,1.0,1.0,4.0,1.0,1.0,2.0,1.0,1.0,1.0,1.0,1.0,1.0,2.0,3.0,3.0,3.0,3.0,1.0,1.0,1.0,1.0,1.0,,2.0,2.0,,0,,0,,0,,,,,,,,,,,,,,,,,,,,,,,,,,,,,,,,,,,,,,,,,,,,,,,,,,,,,,,,,,,,,,,,,,,,,,,,,,,,,1.0,2.0,3.0,2,1,1,1,5,2,,1,1,1,1,6,1,1.0,1,1,1,,1,1,1,9,2,1.0,1,2,0.8786607773716096,
201801143611,2023-10-30T09:39:25Z,2023-10-30T09:42:37Z,1,1,1,1,1,2,1,4.0,2.0,2.0,2.0,1.0,,,,,,,,1.0,1.0,,,,,,,,1.0,2.0,1.0,3.0,2.0,5.0,4.0,4.0,,4.0,3.0,5.0,4.0,4.0,4.0,5.0,,5.0,3.0,3.0,3.0,3.0,2.0,3.0,1.0,,,,,1.0,,2.0,,,,,,2.0,1.0,1.0,5.0,2.0,3.0,3.0,4.0,,,,,,,,,0,,0,,0,,,,,,,,,,,,,,,,,,,,,,,,,,,,,,,,,,,,,,,,,,,,,,,,,,,,,,,,,,,,,,,,,,,,,,,,,,,,,1.0,2.0,3.0,2,2,1,1,5,2,,1,1,1,1,1,1,1.0,1,1,1,,1,1,1,9,2,1.0,1,3,0.2418508573985217,
201801144213,2023-10-29T23:47:47Z,2023-10-29T23:52:01Z,2,1,1,6,2,2,2,4.0,2.0,2.0,1.0,2.0,,,,,,,,1.0,1.0,,,,,,,,1.0,2.0,3.0,4.0,4.0,4.0,5.0,3.0,4.0,,,2.0,2.0,3.0,2.0,4.0,6.0,,,4.0,1.0,,,,1.0,3.0,5.0,2.0,3.0,3.0,2.0,2.0,,,,,,1.0,2.0,1.0,2.0,2.0,3.0,3.0,1.0,3.0,2.0,3.0,3.0,,1.0,1.0,,0,,0,,0,,,,,,,,,,,,,,,,,,,,,,,,,,,,,,,,,,,,,,,,,,,,,,,,,,,,,,,,,,,,,,,,,,,,,,,,,,,,,1.0,2.0,3.0,2,1,2,3,2,1,1.0,1,5,3,1,6,2,99.0,2,4,2,,2,3,1,99,3,1.0,2,99,2.855690335719131,
201801144500,2023-10-28T00:21:44Z,2023-10-28T00:25:29Z,1,1,1,6,2,2,2,4.0,2.0,2.0,1.0,2.0,,,,,,,,1.0,1.0,,,,,,,,1.0,1.0,2.0,3.0,3.0,5.0,3.0,3.0,5.0,,,3.0,5.0,4.0,3.0,3.0,3.0,,,4.0,3.0,3.0,3.0,5.0,1.0,1.0,3.0,1.0,3.0,1.0,,2.0,,,,,,2.0,2.0,2.0,5.0,2.0,3.0,3.0,4.0,,,,,,,,,0,,0,,0,,,,,,,,,,,,,,,,,,,,,,,,,,,,,,,,,,,,,,,,,,,,,,,,,,,,,,,,,,,,,,,,,,,,,,,,,,,,,1.0,2.0,3.0,2,1,1,1,5,2,,1,1,1,1,6,1,1.0,1,2,1,,1,1,1,7,1,1.0,1,2,0.3073962525480524,
201801144579,2023-10-28T01:02:00Z,2023-10-28T01:06:03Z,2,1,1,2,2,2,2,4.0,2.0,2.0,3.0,1.0,,,,,,,,1.0,1.0,,,,,,,,1.0,3.0,1.0,2.0,3.0,2.0,2.0,4.0,,3.0,,5.0,4.0,5.0,5.0,5.0,,5.0,,3.0,3.0,3.0,2.0,5.0,1.0,1.0,4.0,3.0,5.0,2.0,1.0,2.0,,,,,,2.0,1.0,1.0,4.0,2.0,3.0,3.0,4.0,,,,,,,,,0,,0,,0,,,,,,,,,,,,,,,,,,,,,,,,,,,,,,,,,,,,,,,,,,,,,,,,,,,,,,,,,,,,,,,,,,,,,,,,,,,,,1.0,4.0,9.0,1,1,1,1,5,2,,1,1,1,1,2,5,,4,5,2,,2,4,1,9,5,1.0,1,3,0.9414074326698268,
201801144618,2023-10-27T23:09:11Z,2023-10-27T23:14:53Z,1,1,1,3,2,2,1,4.0,2.0,2.0,2.0,1.0,,,,,,,,1.0,1.0,,,,,,,,1.0,2.0,1.0,3.0,3.0,2.0,4.0,5.0,4.0,,,3.0,5.0,5.0,4.0,3.0,4.0,,,4.0,1.0,,,,1.0,,,1.0,3.0,3.0,2.0,2.0,,,,,,2.0,2.0,2.0,3.0,3.0,2.0,1.0,1.0,1.0,1.0,2.0,2.0,,1.0,1.0,,0,,0,,0,,,,,,,,,,,,,,,,,,,,,,,,,,,,,,,,,,,,,,,,,,,,,,,,,,,,,,,,,,,,,,,,,,,,,,,,,,,,,1.0,2.0,3.0,1,2,1,2,4,2,,3,3,5,4,3,7,,4,6,2,,2,3,1,4,3,1.0,2,1,0.7589582232222942,
201801144844,2023-10-30T16:39:08Z,2023-10-30T16:45:49Z,2,1,1,2,2,2,1,4.0,2.0,2.0,1.0,2.0,,,,,,,,1.0,1.0,,,,,,,,1.0,2.0,1.0,3.0,3.0,3.0,3.0,4.0,,3.0,,3.0,4.0,4.0,4.0,4.0,,4.0,,3.0,3.0,4.0,1.0,5.0,1.0,,,2.0,4.0,1.0,,2.0,,,,,,1.0,3.0,2.0,2.0,2.0,3.0,3.0,4.0,,,,,,,,,0,,0,,0,,,,,,,,,,,,,,,,,,,,,,,,,,,,,,,,,,,,,,,,,,,,,,,,,,,,,,,,,,,,,,,,,,,,,,,,,,,,,1.0,3.0,5.0,2,2,2,1,6,2,,3,3,5,4,2,12,,3,6,2,,2,4,3,9,4,1.0,2,2,0.2176696842150049,
201801145066,2023-10-29T16:42:30Z,2023-10-29T16:49:03Z,2,1,1,1,1,2,1,4.0,2.0,2.0,2.0,1.0,,,,,,,,1.0,1.0,,,,,,,,1.0,2.0,1.0,2.0,2.0,4.0,3.0,5.0,,4.0,3.0,4.0,3.0,4.0,3.0,5.0,,5.0,3.0,3.0,3.0,2.0,1.0,2.0,3.0,,,,,2.0,1.0,1.0,2.0,2.0,1.0,2.0,2.0,2.0,2.0,2.0,4.0,3.0,1.0,3.0,4.0,,,,,,,,,0,,0,,0,,,,,,,,,,,,,,,,,,,,,,,,,,,,,,,,,,,,,,,,,,,,,,,,,,,,,,,,,,,,,,,,,,,,,,,,,,,,,1.0,2.0,3.0,1,2,2,1,6,2,,1,1,1,1,1,12,,3,5,2,,2,4,3,7,5,2.0,2,2,1.4153240742359865,
201801145171,2023-10-28T13:15:00Z,2023-10-28T13:25:36Z,2,1,1,6,2,2,2,4.0,1.0,1.0,2.0,,,,,,,,,1.0,,,,,,,,,99.0,2.0,4.0,4.0,5.0,5.0,5.0,5.0,5.0,,,3.0,4.0,2.0,3.0,3.0,2.0,,,5.0,2.0,5.0,3.0,1.0,1.0,1.0,4.0,1.0,4.0,3.0,1.0,1.0,2.0,2.0,1.0,1.0,2.0,1.0,4.0,3.0,2.0,2.0,1.0,1.0,2.0,4.0,4.0,4.0,4.0,,1.0,1.0,,0,,0,,0,,,,,,,,,,,,,,,,,,,,,,,,,,,,,,,,,,,,,,,,,,,,,,,,,,,,,,,,,,,,,,,,,,,,,,,,,,,,,1.0,2.0,3.0,1,2,1,2,3,2,,1,2,2,1,6,1,1.0,1,5,3,1.0,1,1,1,2,2,1.0,2,1,0.5612879779231499,
201801145466,2023-11-01T15:20:32Z,2023-11-01T15:25:11Z,2,1,1,2,1,2,2,4.0,2.0,2.0,2.0,1.0,,,,,,,,1.0,1.0,,,,,,,,1.0,1.0,3.0,3.0,3.0,4.0,3.0,4.0,,5.0,4.0,3.0,5.0,5.0,6.0,3.0,,3.0,2.0,4.0,3.0,3.0,3.0,5.0,3.0,1.0,5.0,,,3.0,3.0,1.0,2.0,2.0,2.0,1.0,2.0,2.0,2.0,2.0,3.0,3.0,3.0,3.0,4.0,,,,,,,,,0,,0,,0,,,,,,,,,,,,,,,,,,,,,,,,,,,,,,,,,,,,,,,,,,,,,,,,,,,,,,,,,,,,,,,,,,,,,,,,,,,,,1.0,2.0,3.0,3,2,2,3,2,2,,1,2,2,1,2,1,1.0,1,5,3,2.0,2,3,1,1,3,1.0,2,1,0.3273278967180644,
201801146258,2023-10-26T19:23:08Z,2023-10-26T19:30:05Z,2,1,1,2,2,2,2,4.0,2.0,2.0,1.0,2.0,,,,,,,,1.0,1.0,,,,,,,,1.0,2.0,1.0,2.0,4.0,3.0,2.0,4.0,,3.0,,4.0,2.0,2.0,4.0,4.0,,4.0,,2.0,3.0,2.0,1.0,5.0,1.0,1.0,3.0,3.0,2.0,1.0,,2.0,,,,,,2.0,1.0,1.0,3.0,2.0,3.0,3.0,4.0,,,,,,,,,0,,0,,0,,,,,,,,,,,,,,,,,,,,,,,,,,,,,,,,,,,,,,,,,,,,,,,,,,,,,,,,,,,,,,,,,,,,,,,,,,,,,1.0,2.0,3.0,1,1,1,1,6,2,,1,1,1,1,2,10,,3,6,2,,2,4,1,9,5,1.0,1,3,0.2311553327048158,
201801146272,2023-10-27T17:28:02Z,2023-10-27T17:32:00Z,2,1,1,1,2,2,1,4.0,2.0,2.0,2.0,1.0,,,,,,,,1.0,1.0,,,,,,,,1.0,2.0,2.0,2.0,3.0,4.0,5.0,4.0,,3.0,,4.0,5.0,5.0,4.0,4.0,,4.0,,4.0,3.0,3.0,4.0,5.0,3.0,,,3.0,4.0,2.0,1.0,1.0,1.0,2.0,2.0,2.0,1.0,2.0,3.0,3.0,2.0,3.0,2.0,2.0,4.0,,,,,,,,,0,,0,,0,,,,,,,,,,,,,,,,,,,,,,,,,,,,,,,,,,,,,,,,,,,,,,,,,,,,,,,,,,,,,,,,,,,,,,,,,,,,,1.0,4.0,9.0,2,1,2,1,6,2,,1,4,4,1,1,10,,3,5,2,,2,4,1,6,4,1.0,2,2,0.8642916609565784,
201801147527,2023-10-27T17:24:28Z,2023-10-27T17:28:59Z,2,1,1,6,2,2,2,3.0,2.0,2.0,2.0,1.0,,,,,,,,1.0,1.0,,,,,,,,1.0,2.0,2.0,2.0,3.0,4.0,3.0,3.0,3.0,,,3.0,5.0,4.0,3.0,5.0,2.0,,,3.0,3.0,1.0,1.0,5.0,3.0,1.0,4.0,1.0,4.0,5.0,1.0,1.0,1.0,1.0,1.0,1.0,1.0,2.0,2.0,2.0,1.0,2.0,3.0,3.0,4.0,,,,,,,,,0,,0,,0,,,,,,,,,,,,,,,,,,,,,,,,,,,,,,,,,,,,,,,,,,,,,,,,,,,,,,,,,,,,,,,,,,,,,,,,,,,,,1.0,3.0,7.0,3,1,2,1,5,2,,3,1,1,4,6,10,,3,5,3,2.0,2,4,1,9,4,2.0,1,3,0.8718193305407851,
201801148185,2023-10-29T09:22:49Z,2023-10-29T09:26:20Z,2,1,1,1,1,2,1,4.0,2.0,2.0,1.0,2.0,,,,,,,,1.0,1.0,,,,,,,,1.0,2.0,3.0,4.0,5.0,5.0,4.0,4.0,,4.0,5.0,5.0,5.0,5.0,5.0,4.0,,3.0,3.0,3.0,3.0,3.0,2.0,3.0,1.0,,,,,1.0,,2.0,,,,,,2.0,5.0,5.0,5.0,5.0,3.0,3.0,4.0,,,,,,,,,0,,0,,0,,,,,,,,,,,,,,,,,,,,,,,,,,,,,,,,,,,,,,,,,,,,,,,,,,,,,,,,,,,,,,,,,,,,,,,,,,,,,2.0,2.0,4.0,3,2,2,2,4,2,,1,1,1,1,1,1,1.0,1,5,1,,1,1,1,3,2,1.0,2,1,0.653412640469629,
201801148386,2023-10-27T20:48:34Z,2023-10-27T20:51:28Z,2,1,1,1,1,2,1,4.0,2.0,2.0,2.0,1.0,,,,,,,,1.0,1.0,,,,,,,,1.0,1.0,1.0,3.0,4.0,3.0,3.0,4.0,,4.0,3.0,4.0,3.0,2.0,4.0,4.0,,5.0,3.0,3.0,3.0,3.0,2.0,3.0,2.0,,,,,1.0,,2.0,,,,,,2.0,2.0,2.0,4.0,3.0,3.0,3.0,4.0,,,,,,,,,0,,0,,0,,,,,,,,,,,,,,,,,,,,,,,,,,,,,,,,,,,,,,,,,,,,,,,,,,,,,,,,,,,,,,,,,,,,,,,,,,,,,1.0,2.0,4.0,2,2,2,1,5,2,,1,1,1,1,1,1,1.0,1,2,4,1.0,1,2,1,9,3,1.0,1,2,0.1709088477544877,
201801148662,2023-10-29T19:26:59Z,2023-10-29T19:30:49Z,1,1,1,6,2,2,2,4.0,2.0,2.0,1.0,2.0,,,,,,,,1.0,1.0,,,,,,,,1.0,1.0,2.0,3.0,2.0,4.0,2.0,3.0,5.0,,,3.0,2.0,2.0,4.0,3.0,2.0,,,3.0,3.0,1.0,1.0,3.0,1.0,3.0,2.0,3.0,2.0,1.0,,2.0,,,,,,1.0,2.0,2.0,4.0,1.0,3.0,3.0,4.0,,,,,,,,,0,,0,,0,,,,,,,,,,,,,,,,,,,,,,,,,,,,,,,,,,,,,,,,,,,,,,,,,,,,,,,,,,,,,,,,,,,,,,,,,,,,,1.0,3.0,7.0,1,1,1,1,5,2,,1,1,1,1,6,5,,4,4,4,2.0,2,4,2,9,5,1.0,1,3,1.0802587036267863,
201801148665,2023-10-30T10:13:40Z,2023-10-30T10:16:37Z,2,1,1,6,2,2,2,4.0,2.0,2.0,2.0,1.0,,,,,,,,1.0,1.0,,,,,,,,1.0,1.0,2.0,3.0,3.0,4.0,3.0,3.0,3.0,,,3.0,3.0,3.0,3.0,4.0,3.0,,,2.0,1.0,,,,2.0,1.0,2.0,1.0,2.0,4.0,1.0,2.0,,,,,,2.0,3.0,3.0,5.0,3.0,3.0,3.0,1.0,2.0,4.0,4.0,2.0,,2.0,1.0,,0,,0,,0,,,,,,,,,,,,,,,,,,,,,,,,,,,,,,,,,,,,,,,,,,,,,,,,,,,,,,,,,,,,,,,,,,,,,,,,,,,,,1.0,2.0,4.0,2,1,2,1,5,2,,1,1,1,1,6,1,2.0,1,4,1,,1,2,3,6,3,1.0,2,2,0.8183879220544147,
201801149048,2023-10-29T20:41:34Z,2023-10-29T20:48:45Z,2,1,1,1,2,2,1,4.0,2.0,2.0,1.0,2.0,,,,,,,,1.0,1.0,,,,,,,,1.0,1.0,2.0,5.0,4.0,5.0,3.0,3.0,,3.0,,5.0,3.0,3.0,5.0,5.0,,5.0,,4.0,3.0,2.0,2.0,4.0,1.0,,,2.0,4.0,1.0,,2.0,,,,,,2.0,5.0,5.0,5.0,5.0,3.0,1.0,4.0,,,,,,,,,0,,0,,0,,,,,,,,,,,,,,,,,,,,,,,,,,,,,,,,,,,,,,,,,,,,,,,,,,,,,,,,,,,,,,,,,,,,,,,,,,,,,1.0,3.0,6.0,3,2,2,1,6,2,,1,1,1,1,1,1,1.0,1,5,2,,2,4,1,7,4,1.0,2,2,0.3269663009680443,
201801149167,2023-10-29T21:13:31Z,2023-10-29T21:17:29Z,2,1,1,1,2,2,1,4.0,2.0,2.0,1.0,2.0,,,,,,,,2.0,1.0,,,,,,,,1.0,2.0,2.0,4.0,5.0,4.0,4.0,5.0,,5.0,,3.0,5.0,5.0,3.0,5.0,,2.0,,5.0,3.0,5.0,5.0,5.0,2.0,,,1.0,5.0,1.0,,2.0,,,,,,2.0,4.0,2.0,5.0,2.0,2.0,2.0,4.0,,,,,,,,,0,,0,,0,,,,,,,,,,,,,,,,,,,,,,,,,,,,,,,,,,,,,,,,,,,,,,,,,,,,,,,,,,,,,,,,,,,,,,,,,,,,,2.0,2.0,4.0,3,1,1,3,2,2,,1,1,1,1,1,1,1.0,1,1,99,99.0,9,9,3,2,99,1.0,1,2,5.598773989265216,
201801149546,2023-10-29T15:31:20Z,2023-10-29T15:40:29Z,2,1,1,1,1,2,1,4.0,4.0,4.0,1.0,2.0,2.0,1.0,,,,,,1.0,1.0,1.0,1.0,,,,,,1.0,2.0,3.0,4.0,4.0,3.0,4.0,4.0,,4.0,4.0,4.0,4.0,4.0,4.0,4.0,,3.0,4.0,3.0,3.0,4.0,2.0,3.0,2.0,,,,,2.0,1.0,1.0,2.0,2.0,2.0,1.0,2.0,2.0,2.0,1.0,3.0,3.0,2.0,2.0,4.0,,,,,,,,,0,,0,,0,,,,,,,,,,,,,,,,,,,,,,,,,,,,,,,,,,,,,,,,,,,,,,,,,,,,,,,,,,,,,,,,,,,,,,,,,,,,,2.0,2.0,4.0,3,1,2,2,4,2,,1,1,1,1,1,1,2.0,1,1,1,,1,1,2,3,2,1.0,1,1,1.612756554388705,
201801149691,2023-10-27T17:20:53Z,2023-10-27T17:23:27Z,2,1,1,1,2,1,1,4.0,2.0,2.0,2.0,1.0,,,,,,,,1.0,1.0,,,,,,,,1.0,1.0,1.0,5.0,2.0,2.0,2.0,5.0,,2.0,2.0,5.0,3.0,2.0,5.0,5.0,,5.0,5.0,1.0,3.0,2.0,1.0,4.0,1.0,,,,,1.0,,2.0,,,,,,2.0,1.0,1.0,3.0,1.0,3.0,3.0,4.0,,,,,,,,,0,,0,,0,,,,,,,,,,,,,,,,,,,,,,,,,,,,,,,,,,,,,,,,,,,,,,,,,,,,,,,,,,,,,,,,,,,,,,,,,,,,,2.0,2.0,4.0,3,2,2,2,3,2,,1,1,1,1,1,12,,3,6,2,,2,4,1,8,4,1.0,1,2,0.4875227188122328,
201801150534,2023-10-27T17:13:44Z,2023-10-27T17:18:52Z,2,1,1,2,2,2,1,4.0,2.0,2.0,2.0,1.0,,,,,,,,1.0,1.0,,,,,,,,1.0,1.0,2.0,5.0,3.0,3.0,4.0,3.0,,4.0,,5.0,4.0,4.0,5.0,5.0,,3.0,,4.0,3.0,3.0,3.0,4.0,1.0,,,2.0,5.0,1.0,,2.0,,,,,,2.0,5.0,4.0,5.0,5.0,1.0,1.0,4.0,,,,,,,,,0,,0,,0,,,,,,,,,,,,,,,,,,,,,,,,,,,,,,,,,,,,,,,,,,,,,,,,,,,,,,,,,,,,,,,,,,,,,,,,,,,,,1.0,2.0,4.0,1,2,2,2,3,2,,1,1,1,1,2,1,1.0,1,5,3,99.0,9,9,1,2,3,2.0,2,1,1.5525474966564334,
201801151084,2023-10-26T23:34:45Z,2023-10-26T23:39:52Z,2,1,1,1,2,2,1,3.0,2.0,2.0,2.0,1.0,,,,,,,,1.0,1.0,,,,,,,,1.0,2.0,1.0,2.0,3.0,4.0,3.0,1.0,,3.0,,4.0,5.0,5.0,5.0,3.0,,5.0,,2.0,3.0,2.0,3.0,5.0,2.0,,,1.0,4.0,2.0,1.0,1.0,1.0,2.0,2.0,2.0,1.0,2.0,1.0,1.0,3.0,3.0,2.0,2.0,4.0,,,,,,,,,0,,0,,0,,,,,,,,,,,,,,,,,,,,,,,,,,,,,,,,,,,,,,,,,,,,,,,,,,,,,,,,,,,,,,,,,,,,,,,,,,,,,1.0,2.0,4.0,2,1,1,1,5,2,,1,1,1,1,1,2,2.0,2,2,1,,1,1,1,9,1,1.0,1,3,0.3697438544635413,
201801151205,2023-10-27T19:05:12Z,2023-10-27T19:15:38Z,2,1,1,1,1,2,1,4.0,2.0,2.0,2.0,1.0,,,,,,,,1.0,1.0,,,,,,,,1.0,2.0,2.0,4.0,1.0,3.0,4.0,3.0,,5.0,3.0,5.0,4.0,4.0,5.0,5.0,,5.0,4.0,3.0,3.0,3.0,2.0,5.0,1.0,,,,,1.0,,2.0,,,,,,2.0,1.0,2.0,3.0,3.0,3.0,3.0,4.0,,,,,,,,,0,,0,,0,,,,,,,,,,,,,,,,,,,,,,,,,,,,,,,,,,,,,,,,,,,,,,,,,,,,,,,,,,,,,,,,,,,,,,,,,,,,,1.0,4.0,8.0,2,1,2,1,5,2,,1,1,1,1,1,1,1.0,1,2,3,1.0,1,1,1,9,2,1.0,1,2,0.7558451653712913,
201801151900,2023-10-24T19:13:03Z,2023-10-24T19:17:31Z,1,1,1,6,2,2,2,4.0,2.0,2.0,1.0,2.0,,,,,,,,1.0,1.0,,,,,,,,1.0,1.0,3.0,5.0,4.0,5.0,5.0,5.0,5.0,,,2.0,3.0,4.0,1.0,3.0,3.0,,,5.0,1.0,,,,1.0,3.0,1.0,3.0,1.0,4.0,3.0,1.0,1.0,2.0,2.0,1.0,1.0,1.0,3.0,5.0,3.0,3.0,3.0,2.0,1.0,4.0,5.0,5.0,5.0,,1.0,1.0,,0,,0,,0,,,,,,,,,,,,,,,,,,,,,,,,,,,,,,,,,,,,,,,,,,,,,,,,,,,,,,,,,,,,,,,,,,,,,,,,,,,,,1.0,3.0,7.0,2,2,1,1,6,2,,4,3,5,4,6,6,,4,4,2,,2,4,1,3,4,1.0,1,1,0.3695154817899161,
201801152012,2023-10-30T12:22:17Z,2023-10-30T12:25:20Z,1,1,1,1,2,2,1,4.0,2.0,2.0,1.0,2.0,,,,,,,,1.0,1.0,,,,,,,,1.0,1.0,2.0,4.0,3.0,3.0,1.0,3.0,,2.0,,5.0,5.0,4.0,5.0,5.0,,5.0,,2.0,3.0,4.0,3.0,5.0,1.0,,,2.0,3.0,1.0,,1.0,2.0,2.0,2.0,2.0,1.0,1.0,1.0,1.0,2.0,1.0,2.0,2.0,4.0,,,,,,,,,0,,0,,0,,,,,,,,,,,,,,,,,,,,,,,,,,,,,,,,,,,,,,,,,,,,,,,,,,,,,,,,,,,,,,,,,,,,,,,,,,,,,1.0,2.0,3.0,1,1,2,2,3,2,,1,1,1,1,1,10,,3,6,3,2.0,2,4,1,8,5,1.0,1,2,0.5978399728408426,
201801152016,2023-11-01T11:16:07Z,2023-11-01T11:18:43Z,2,1,1,2,2,2,2,4.0,2.0,2.0,2.0,1.0,,,,,,,,1.0,2.0,,,,,,,,1.0,2.0,3.0,4.0,5.0,5.0,5.0,5.0,,5.0,,5.0,5.0,5.0,5.0,5.0,,5.0,,5.0,3.0,6.0,5.0,6.0,1.0,1.0,5.0,2.0,5.0,1.0,,2.0,,,,,,2.0,5.0,5.0,5.0,3.0,3.0,1.0,4.0,,,,,,,,,0,,0,,0,,,,,,,,,,,,,,,,,,,,,,,,,,,,,,,,,,,,,,,,,,,,,,,,,,,,,,,,,,,,,,,,,,,,,,,,,,,,,1.0,4.0,9.0,3,1,2,1,6,2,,1,1,1,1,2,12,,3,5,3,2.0,2,3,3,2,3,1.0,2,1,2.217787370441218,
201801154307,2023-10-27T17:26:54Z,2023-10-27T18:31:50Z,2,1,1,6,2,2,2,3.0,2.0,2.0,2.0,1.0,,,,,,,,1.0,1.0,,,,,,,,1.0,1.0,1.0,3.0,3.0,3.0,3.0,3.0,3.0,,,5.0,5.0,5.0,5.0,5.0,5.0,,,4.0,3.0,3.0,2.0,5.0,2.0,1.0,4.0,1.0,4.0,2.0,1.0,2.0,,,,,,2.0,1.0,1.0,3.0,2.0,3.0,3.0,4.0,,,,,,,,,0,,0,,0,,,,,,,,,,,,,,,,,,,,,,,,,,,,,,,,,,,,,,,,,,,,,,,,,,,,,,,,,,,,,,,,,,,,,,,,,,,,,1.0,3.0,7.0,1,1,1,1,5,2,,1,1,1,1,6,10,,3,6,3,1.0,1,2,3,5,3,2.0,1,2,2.371824433974409,
201801154411,2023-10-29T14:21:42Z,2023-10-29T14:25:28Z,2,1,1,1,1,1,1,4.0,2.0,2.0,1.0,2.0,,,,,,,,1.0,1.0,,,,,,,,1.0,2.0,1.0,4.0,2.0,5.0,5.0,4.0,,5.0,3.0,5.0,5.0,4.0,5.0,5.0,,5.0,5.0,4.0,3.0,2.0,2.0,2.0,1.0,,,,,1.0,,2.0,,,,,,2.0,2.0,1.0,4.0,2.0,3.0,3.0,4.0,,,,,,,,,0,,0,,0,,,,,,,,,,,,,,,,,,,,,,,,,,,,,,,,,,,,,,,,,,,,,,,,,,,,,,,,,,,,,,,,,,,,,,,,,,,,,1.0,3.0,7.0,2,2,1,1,6,2,,1,1,1,1,1,1,2.0,1,6,1,,1,1,1,9,2,1.0,2,3,0.5151520634933352,
201801154997,2023-10-29T14:19:29Z,2023-10-29T14:22:23Z,1,1,1,6,2,2,2,4.0,2.0,2.0,1.0,2.0,,,,,,,,1.0,1.0,,,,,,,,1.0,2.0,1.0,1.0,2.0,3.0,3.0,3.0,4.0,,,5.0,5.0,5.0,5.0,5.0,5.0,,,2.0,3.0,2.0,1.0,1.0,1.0,1.0,4.0,1.0,3.0,1.0,,2.0,,,,,,2.0,1.0,1.0,4.0,1.0,2.0,3.0,4.0,,,,,,,,,0,,0,,0,,,,,,,,,,,,,,,,,,,,,,,,,,,,,,,,,,,,,,,,,,,,,,,,,,,,,,,,,,,,,,,,,,,,,,,,,,,,,1.0,3.0,7.0,2,1,2,1,5,2,,1,1,1,1,6,1,1.0,1,5,1,,1,2,1,6,3,1.0,1,2,0.2335560373241354,
201801156349,2023-10-28T03:16:05Z,2023-10-28T03:20:11Z,1,1,1,6,2,2,2,2.0,2.0,2.0,1.0,2.0,,,,,,,,1.0,1.0,,,,,,,,1.0,2.0,3.0,2.0,2.0,5.0,4.0,5.0,5.0,,,4.0,5.0,3.0,3.0,3.0,6.0,,,4.0,1.0,,,,2.0,1.0,3.0,2.0,4.0,4.0,2.0,2.0,,,,,,2.0,4.0,3.0,4.0,4.0,1.0,1.0,1.0,4.0,1.0,4.0,4.0,,2.0,2.0,,0,,0,,0,,,,,,,,,,,,,,,,,,,,,,,,,,,,,,,,,,,,,,,,,,,,,,,,,,,,,,,,,,,,,,,,,,,,,,,,,,,,,1.0,3.0,7.0,2,1,1,1,5,2,,1,4,4,1,6,10,,3,6,2,,2,4,1,8,4,1.0,2,2,1.0926255154042357,
201801157488,2023-10-27T17:23:05Z,2023-10-27T17:27:20Z,2,1,1,6,1,2,2,3.0,2.0,2.0,2.0,1.0,,,,,,,,1.0,1.0,,,,,,,,1.0,1.0,3.0,3.0,4.0,4.0,3.0,4.0,5.0,,3.0,2.0,3.0,5.0,4.0,4.0,3.0,,3.0,4.0,1.0,,,,1.0,3.0,5.0,,,3.0,3.0,2.0,,,,,,1.0,4.0,3.0,5.0,4.0,3.0,3.0,1.0,1.0,1.0,3.0,1.0,,1.0,1.0,,0,,0,,0,,,,,,,,,,,,,,,,,,,,,,,,,,,,,,,,,,,,,,,,,,,,,,,,,,,,,,,,,,,,,,,,,,,,,,,,,,,,,2.0,3.0,7.0,3,2,2,2,3,1,1.0,4,2,3,2,6,12,,3,5,2,,2,4,1,5,5,1.0,2,2,0.0356703236247095,
201801158493,2023-10-29T13:35:57Z,2023-10-29T13:39:30Z,2,1,1,1,1,2,1,3.0,2.0,2.0,1.0,2.0,,,,,,,,1.0,1.0,,,,,,,,1.0,2.0,3.0,3.0,4.0,5.0,5.0,5.0,,4.0,5.0,4.0,5.0,5.0,5.0,5.0,,5.0,5.0,5.0,3.0,3.0,3.0,5.0,1.0,,,,,1.0,,1.0,2.0,1.0,2.0,2.0,2.0,1.0,2.0,3.0,3.0,2.0,3.0,3.0,4.0,,,,,,,,,0,,0,,0,,,,,,,,,,,,,,,,,,,,,,,,,,,,,,,,,,,,,,,,,,,,,,,,,,,,,,,,,,,,,,,,,,,,,,,,,,,,,2.0,4.0,9.0,3,2,1,2,4,2,,1,1,1,1,1,1,1.0,1,1,1,,1,1,1,7,2,1.0,1,2,0.9621327756237305,
201801158874,2023-10-27T18:30:20Z,2023-10-29T11:34:27Z,2,1,1,1,1,2,1,4.0,2.0,2.0,1.0,2.0,,,,,,,,1.0,1.0,,,,,,,,1.0,2.0,1.0,2.0,3.0,2.0,3.0,3.0,,3.0,2.0,4.0,4.0,4.0,4.0,3.0,,3.0,4.0,2.0,3.0,1.0,1.0,2.0,1.0,,,,,1.0,,2.0,,,,,,2.0,2.0,2.0,3.0,2.0,3.0,3.0,4.0,,,,,,,,,0,,0,,0,,,,,,,,,,,,,,,,,,,,,,,,,,,,,,,,,,,,,,,,,,,,,,,,,,,,,,,,,,,,,,,,,,,,,,,,,,,,,1.0,3.0,7.0,2,2,2,1,5,2,,1,1,1,1,1,1,1.0,1,2,1,,1,1,1,8,2,2.0,1,2,0.2790217238993211,
201801158915,2023-10-28T13:42:34Z,2023-10-28T13:48:12Z,1,1,1,6,2,2,2,4.0,2.0,2.0,1.0,2.0,,,,,,,,1.0,1.0,,,,,,,,1.0,2.0,3.0,4.0,3.0,5.0,4.0,4.0,4.0,,,5.0,2.0,2.0,3.0,3.0,4.0,,,3.0,2.0,6.0,2.0,2.0,1.0,3.0,4.0,2.0,4.0,2.0,2.0,1.0,2.0,2.0,2.0,1.0,1.0,1.0,3.0,2.0,3.0,2.0,3.0,2.0,1.0,3.0,2.0,5.0,3.0,,1.0,1.0,,0,,0,,0,,,,,,,,,,,,,,,,,,,,,,,,,,,,,,,,,,,,,,,,,,,,,,,,,,,,,,,,,,,,,,,,,,,,,,,,,,,,,1.0,3.0,7.0,2,1,2,1,5,2,,1,1,1,1,6,99,,99,6,2,,2,4,2,2,4,2.0,2,1,3.74337662692894,
201801159236,2023-10-29T11:26:41Z,2023-10-29T11:33:31Z,2,1,1,1,2,2,1,4.0,2.0,2.0,1.0,2.0,,,,,,,,1.0,1.0,,,,,,,,1.0,2.0,3.0,4.0,4.0,5.0,5.0,5.0,,5.0,,3.0,1.0,2.0,5.0,5.0,,5.0,,5.0,3.0,3.0,2.0,5.0,1.0,,,1.0,5.0,1.0,,2.0,,,,,,2.0,5.0,3.0,5.0,3.0,3.0,3.0,4.0,,,,,,,,,0,,0,,0,,,,,,,,,,,,,,,,,,,,,,,,,,,,,,,,,,,,,,,,,,,,,,,,,,,,,,,,,,,,,,,,,,,,,,,,,,,,,1.0,3.0,7.0,2,2,1,2,4,2,,1,1,1,1,1,9,,3,6,2,,2,4,1,7,4,1.0,2,2,0.4775604677243926,
201801159269,2023-10-28T22:03:14Z,2023-10-28T22:07:11Z,2,1,1,1,1,2,1,4.0,2.0,2.0,2.0,1.0,,,,,,,,1.0,1.0,,,,,,,,1.0,2.0,2.0,5.0,5.0,3.0,3.0,3.0,,5.0,4.0,5.0,5.0,4.0,5.0,5.0,,5.0,5.0,2.0,3.0,3.0,3.0,4.0,1.0,,,,,1.0,,2.0,,,,,,2.0,2.0,1.0,2.0,2.0,3.0,3.0,4.0,,,,,,,,,0,,0,,0,,,,,,,,,,,,,,,,,,,,,,,,,,,,,,,,,,,,,,,,,,,,,,,,,,,,,,,,,,,,,,,,,,,,,,,,,,,,,2.0,3.0,7.0,3,2,1,1,5,2,,1,1,1,1,1,1,1.0,1,6,3,1.0,1,1,1,9,2,2.0,2,2,0.9244728795773938,
201801159716,2023-10-29T11:28:17Z,2023-10-29T11:33:54Z,2,1,1,1,2,2,1,4.0,2.0,2.0,2.0,1.0,,,,,,,,1.0,1.0,,,,,,,,1.0,1.0,1.0,3.0,3.0,3.0,4.0,4.0,,3.0,,4.0,3.0,5.0,4.0,4.0,,4.0,,2.0,3.0,2.0,1.0,5.0,1.0,,,1.0,4.0,1.0,,2.0,,,,,,2.0,1.0,2.0,4.0,2.0,3.0,2.0,4.0,,,,,,,,,0,,0,,0,,,,,,,,,,,,,,,,,,,,,,,,,,,,,,,,,,,,,,,,,,,,,,,,,,,,,,,,,,,,,,,,,,,,,,,,,,,,,1.0,3.0,7.0,1,2,2,1,6,2,,1,1,1,1,1,2,2.0,2,4,1,,1,1,1,9,2,1.0,1,3,0.2209390439800168,
201801160638,2023-10-27T17:01:56Z,2023-10-27T17:44:33Z,2,1,1,2,2,2,2,4.0,4.0,4.0,1.0,2.0,1.0,2.0,,,,,,1.0,1.0,1.0,1.0,,,,,,1.0,2.0,3.0,2.0,2.0,2.0,2.0,2.0,,2.0,,3.0,2.0,3.0,4.0,4.0,,4.0,,1.0,3.0,2.0,2.0,2.0,1.0,1.0,4.0,1.0,4.0,2.0,1.0,1.0,2.0,2.0,2.0,2.0,1.0,1.0,2.0,1.0,5.0,2.0,3.0,3.0,4.0,,,,,,,,,0,,0,,0,,,,,,,,,,,,,,,,,,,,,,,,,,,,,,,,,,,,,,,,,,,,,,,,,,,,,,,,,,,,,,,,,,,,,,,,,,,,,1.0,3.0,7.0,2,1,2,1,5,2,,1,1,1,1,2,10,,3,6,4,1.0,1,2,1,3,3,1.0,2,1,1.0712992649077469,
201801160849,2023-10-27T21:25:23Z,2023-10-27T21:29:02Z,2,1,1,1,1,2,1,4.0,2.0,2.0,1.0,2.0,,,,,,,,2.0,1.0,,,,,,,,1.0,2.0,4.0,3.0,3.0,5.0,4.0,4.0,,4.0,3.0,4.0,5.0,5.0,5.0,5.0,,3.0,5.0,4.0,3.0,3.0,3.0,3.0,1.0,,,,,1.0,,2.0,,,,,,2.0,1.0,1.0,4.0,2.0,3.0,3.0,4.0,,,,,,,,,0,,0,,0,,,,,,,,,,,,,,,,,,,,,,,,,,,,,,,,,,,,,,,,,,,,,,,,,,,,,,,,,,,,,,,,,,,,,,,,,,,,,1.0,3.0,7.0,2,2,1,2,4,2,,1,1,1,1,1,1,1.0,1,5,3,1.0,1,1,1,2,2,1.0,2,1,1.883704952148055,
201801161740,2023-10-27T18:52:42Z,2023-10-27T18:56:08Z,2,1,1,1,2,2,1,4.0,1.0,1.0,2.0,,,,,,,,,1.0,,,,,,,,,99.0,2.0,2.0,3.0,5.0,4.0,4.0,4.0,,5.0,,3.0,5.0,5.0,5.0,5.0,,4.0,,4.0,3.0,4.0,3.0,5.0,1.0,,,1.0,4.0,1.0,,2.0,,,,,,1.0,2.0,2.0,4.0,3.0,3.0,2.0,4.0,,,,,,,,,0,,0,,0,,,,,,,,,,,,,,,,,,,,,,,,,,,,,,,,,,,,,,,,,,,,,,,,,,,,,,,,,,,,,,,,,,,,,,,,,,,,,1.0,3.0,7.0,1,2,1,2,3,1,5.0,1,1,3,1,1,1,1.0,1,5,4,2.0,2,4,1,5,5,1.0,2,2,1.243778388009346,
201801161982,2023-10-28T15:56:16Z,2023-10-28T16:01:00Z,2,1,1,1,2,2,1,4.0,2.0,2.0,2.0,1.0,,,,,,,,1.0,1.0,,,,,,,,1.0,1.0,1.0,5.0,4.0,5.0,4.0,5.0,,5.0,,5.0,5.0,5.0,5.0,5.0,,5.0,,4.0,3.0,2.0,1.0,3.0,1.0,,,1.0,5.0,1.0,,2.0,,,,,,2.0,2.0,2.0,5.0,3.0,3.0,3.0,4.0,,,,,,,,,0,,0,,0,,,,,,,,,,,,,,,,,,,,,,,,,,,,,,,,,,,,,,,,,,,,,,,,,,,,,,,,,,,,,,,,,,,,,,,,,,,,,1.0,3.0,7.0,2,2,2,1,6,1,1.0,1,1,3,1,1,2,2.0,2,5,1,,1,1,3,4,2,2.0,2,2,1.2283858540037376,
201801163253,2023-10-27T17:49:53Z,2023-10-27T17:55:15Z,1,1,1,2,2,2,2,4.0,2.0,2.0,2.0,1.0,,,,,,,,1.0,1.0,,,,,,,,1.0,2.0,2.0,3.0,4.0,4.0,4.0,4.0,,4.0,,5.0,2.0,2.0,5.0,5.0,,5.0,,4.0,3.0,3.0,4.0,5.0,1.0,1.0,4.0,1.0,3.0,1.0,,2.0,,,,,,2.0,2.0,1.0,2.0,2.0,2.0,3.0,4.0,,,,,,,,,0,,0,,0,,,,,,,,,,,,,,,,,,,,,,,,,,,,,,,,,,,,,,,,,,,,,,,,,,,,,,,,,,,,,,,,,,,,,,,,,,,,,1.0,3.0,7.0,2,2,1,1,6,2,,1,1,1,1,2,9,,3,5,4,2.0,2,4,1,9,5,2.0,2,3,0.307529728796486,
201801165439,2023-10-30T14:33:53Z,2023-10-30T14:37:58Z,2,1,1,1,2,2,1,4.0,2.0,2.0,1.0,2.0,,,,,,,,1.0,1.0,,,,,,,,1.0,1.0,2.0,5.0,3.0,5.0,4.0,5.0,,5.0,,3.0,4.0,5.0,4.0,3.0,,3.0,,5.0,3.0,5.0,3.0,5.0,1.0,,,2.0,5.0,1.0,,2.0,,,,,,2.0,4.0,3.0,4.0,4.0,3.0,1.0,4.0,,,,,,,,,0,,0,,0,,,,,,,,,,,,,,,,,,,,,,,,,,,,,,,,,,,,,,,,,,,,,,,,,,,,,,,,,,,,,,,,,,,,,,,,,,,,,1.0,4.0,8.0,2,2,1,3,2,1,1.0,1,4,3,1,1,1,2.0,1,1,4,99.0,9,9,3,9,3,2.0,1,3,6.010135651630288,
201801165566,2023-10-27T17:18:52Z,2023-10-27T17:26:34Z,2,1,1,6,2,2,2,4.0,2.0,2.0,1.0,2.0,,,,,,,,1.0,1.0,,,,,,,,1.0,1.0,2.0,1.0,3.0,3.0,1.0,3.0,4.0,,,4.0,5.0,4.0,4.0,5.0,4.0,,,1.0,3.0,1.0,1.0,3.0,2.0,1.0,4.0,1.0,5.0,4.0,1.0,1.0,2.0,1.0,1.0,2.0,2.0,2.0,2.0,1.0,4.0,2.0,3.0,2.0,4.0,,,,,,,,,0,,0,,0,,,,,,,,,,,,,,,,,,,,,,,,,,,,,,,,,,,,,,,,,,,,,,,,,,,,,,,,,,,,,,,,,,,,,,,,,,,,,1.0,4.0,8.0,1,1,1,1,5,1,1.0,1,1,3,1,6,10,,3,6,2,,2,4,1,1,4,2.0,1,1,0.9981779119524912,
201801165632,2023-10-28T19:21:37Z,2023-10-28T19:25:45Z,1,1,1,1,2,2,1,4.0,2.0,2.0,2.0,1.0,,,,,,,,1.0,1.0,,,,,,,,1.0,1.0,1.0,3.0,1.0,3.0,3.0,3.0,,3.0,,4.0,3.0,3.0,4.0,3.0,,4.0,,3.0,3.0,2.0,3.0,3.0,1.0,,,2.0,2.0,1.0,,2.0,,,,,,2.0,3.0,2.0,3.0,3.0,3.0,2.0,4.0,,,,,,,,,0,,0,,0,,,,,,,,,,,,,,,,,,,,,,,,,,,,,,,,,,,,,,,,,,,,,,,,,,,,,,,,,,,,,,,,,,,,,,,,,,,,,1.0,4.0,8.0,3,2,2,1,5,2,,1,1,1,1,1,12,,3,5,2,,2,4,1,9,4,1.0,2,3,0.3062323368405503,
201801166064,2023-10-27T19:07:39Z,2023-10-27T19:12:26Z,2,1,1,2,1,2,2,4.0,2.0,2.0,2.0,1.0,,,,,,,,1.0,1.0,,,,,,,,1.0,1.0,3.0,2.0,4.0,3.0,3.0,3.0,,2.0,3.0,5.0,3.0,2.0,5.0,5.0,,3.0,5.0,2.0,3.0,5.0,3.0,5.0,2.0,1.0,4.0,,,1.0,,2.0,,,,,,1.0,5.0,2.0,4.0,5.0,2.0,2.0,4.0,,,,,,,,,0,,0,,0,,,,,,,,,,,,,,,,,,,,,,,,,,,,,,,,,,,,,,,,,,,,,,,,,,,,,,,,,,,,,,,,,,,,,,,,,,,,,1.0,4.0,8.0,3,2,2,2,3,2,,1,1,1,1,2,12,,3,6,3,1.0,1,2,1,4,3,1.0,2,2,0.653269024225671,
201801167072,2023-10-27T00:13:55Z,2023-10-27T00:22:33Z,2,1,1,2,1,2,2,4.0,1.0,1.0,2.0,,,,,,,,,1.0,,,,,,,,,99.0,2.0,4.0,4.0,3.0,3.0,3.0,3.0,,2.0,2.0,4.0,3.0,4.0,2.0,3.0,,4.0,4.0,2.0,3.0,3.0,3.0,1.0,1.0,3.0,2.0,,,2.0,1.0,2.0,,,,,,2.0,1.0,3.0,2.0,3.0,1.0,2.0,4.0,,,,,,,,,0,,0,,0,,,,,,,,,,,,,,,,,,,,,,,,,,,,,,,,,,,,,,,,,,,,,,,,,,,,,,,,,,,,,,,,,,,,,,,,,,,,,1.0,4.0,8.0,1,1,2,3,1,1,1.0,1,1,3,1,2,12,,3,6,4,2.0,2,3,1,1,3,3.0,2,1,2.8327999492227107,
201801167446,2023-10-27T18:29:57Z,2023-10-27T18:34:11Z,2,1,1,2,1,2,2,4.0,2.0,2.0,2.0,1.0,,,,,,,,1.0,1.0,,,,,,,,1.0,2.0,4.0,5.0,5.0,5.0,4.0,5.0,,5.0,5.0,5.0,5.0,5.0,5.0,5.0,,5.0,5.0,5.0,3.0,5.0,5.0,5.0,3.0,2.0,5.0,,,1.0,,2.0,,,,,,2.0,4.0,2.0,4.0,2.0,3.0,3.0,4.0,,,,,,,,,0,,0,,0,,,,,,,,,,,,,,,,,,,,,,,,,,,,,,,,,,,,,,,,,,,,,,,,,,,,,,,,,,,,,,,,,,,,,,,,,,,,,1.0,4.0,8.0,1,2,2,2,3,1,6.0,1,4,3,1,2,12,,3,6,3,1.0,1,1,1,3,2,2.0,2,1,0.8792160519473924,
201801167574,2023-10-28T10:33:03Z,2023-10-28T10:38:38Z,2,1,1,2,2,2,2,4.0,2.0,2.0,1.0,2.0,,,,,,,,1.0,1.0,,,,,,,,1.0,2.0,1.0,3.0,3.0,3.0,4.0,4.0,,4.0,,5.0,3.0,4.0,5.0,4.0,,4.0,,4.0,3.0,2.0,2.0,5.0,1.0,1.0,5.0,2.0,5.0,2.0,1.0,1.0,2.0,2.0,2.0,2.0,1.0,2.0,1.0,2.0,2.0,2.0,3.0,3.0,4.0,,,,,,,,,0,,0,,0,,,,,,,,,,,,,,,,,,,,,,,,,,,,,,,,,,,,,,,,,,,,,,,,,,,,,,,,,,,,,,,,,,,,,,,,,,,,,1.0,2.0,3.0,2,2,1,1,6,2,,1,1,1,1,2,12,,3,6,2,,2,4,1,4,4,2.0,2,2,0.283668606846124,
201801167653,2023-10-31T23:31:14Z,2023-10-31T23:37:23Z,1,1,1,6,2,2,2,4.0,2.0,2.0,1.0,2.0,,,,,,,,1.0,1.0,,,,,,,,1.0,1.0,2.0,4.0,2.0,3.0,3.0,2.0,2.0,,,4.0,1.0,1.0,2.0,3.0,2.0,,,3.0,3.0,5.0,2.0,2.0,1.0,1.0,2.0,1.0,3.0,1.0,,2.0,,,,,,2.0,2.0,1.0,3.0,2.0,3.0,3.0,4.0,,,,,,,,,0,,0,,0,,,,,,,,,,,,,,,,,,,,,,,,,,,,,,,,,,,,,,,,,,,,,,,,,,,,,,,,,,,,,,,,,,,,,,,,,,,,,1.0,4.0,8.0,2,2,1,1,5,2,,1,1,1,1,6,3,2.0,4,2,1,,1,1,1,2,1,1.0,1,1,0.4131719824433298,
201801168147,2023-10-30T12:29:41Z,2023-10-30T12:34:02Z,2,1,1,6,2,2,2,4.0,2.0,2.0,2.0,1.0,,,,,,,,1.0,2.0,,,,,,,,1.0,2.0,3.0,3.0,5.0,3.0,4.0,4.0,3.0,,,3.0,5.0,5.0,3.0,4.0,6.0,,,2.0,3.0,1.0,1.0,2.0,1.0,2.0,5.0,2.0,5.0,1.0,,1.0,2.0,1.0,1.0,2.0,2.0,2.0,1.0,1.0,4.0,2.0,2.0,3.0,4.0,,,,,,,,,0,,0,,0,,,,,,,,,,,,,,,,,,,,,,,,,,,,,,,,,,,,,,,,,,,,,,,,,,,,,,,,,,,,,,,,,,,,,,,,,,,,,1.0,4.0,8.0,2,1,1,2,4,2,,1,1,1,1,6,12,,3,6,2,,2,3,1,7,3,2.0,1,3,1.064164624504103,
201801168251,2023-10-28T14:55:01Z,2023-10-28T15:00:24Z,2,1,1,1,1,2,1,4.0,2.0,2.0,1.0,2.0,,,,,,,,1.0,1.0,,,,,,,,1.0,2.0,1.0,4.0,3.0,2.0,2.0,4.0,,2.0,2.0,4.0,3.0,4.0,4.0,4.0,,4.0,4.0,2.0,3.0,2.0,3.0,5.0,3.0,,,,,1.0,,2.0,,,,,,2.0,2.0,2.0,4.0,3.0,3.0,3.0,4.0,,,,,,,,,0,,0,,0,,,,,,,,,,,,,,,,,,,,,,,,,,,,,,,,,,,,,,,,,,,,,,,,,,,,,,,,,,,,,,,,,,,,,,,,,,,,,2.0,4.0,8.0,2,2,2,1,5,2,,1,1,1,1,1,3,2.0,4,2,1,,1,1,2,9,2,1.0,1,2,0.4979047771335504,
201801168285,2023-10-27T19:05:16Z,2023-10-29T13:47:56Z,2,1,1,1,2,2,1,4.0,2.0,2.0,2.0,1.0,,,,,,,,1.0,1.0,,,,,,,,1.0,1.0,1.0,4.0,1.0,1.0,5.0,3.0,,1.0,,5.0,3.0,3.0,4.0,4.0,,2.0,,2.0,3.0,1.0,2.0,5.0,1.0,,,1.0,1.0,1.0,,2.0,,,,,,2.0,1.0,1.0,5.0,2.0,3.0,2.0,4.0,,,,,,,,,0,,0,,0,,,,,,,,,,,,,,,,,,,,,,,,,,,,,,,,,,,,,,,,,,,,,,,,,,,,,,,,,,,,,,,,,,,,,,,,,,,,,1.0,4.0,8.0,3,2,2,1,6,2,,1,1,1,1,1,3,2.0,4,6,4,1.0,1,1,1,9,2,2.0,1,3,0.3020011553220668,
201801168390,2023-10-28T14:06:25Z,2023-10-28T14:09:45Z,2,1,1,6,2,2,2,3.0,2.0,2.0,1.0,2.0,,,,,,,,1.0,1.0,,,,,,,,1.0,1.0,2.0,1.0,2.0,4.0,3.0,3.0,4.0,,,5.0,3.0,3.0,5.0,3.0,6.0,,,2.0,1.0,,,,3.0,3.0,3.0,3.0,3.0,3.0,1.0,1.0,2.0,1.0,1.0,1.0,1.0,2.0,2.0,3.0,3.0,2.0,3.0,3.0,1.0,2.0,1.0,3.0,4.0,,2.0,2.0,,0,,0,,0,,,,,,,,,,,,,,,,,,,,,,,,,,,,,,,,,,,,,,,,,,,,,,,,,,,,,,,,,,,,,,,,,,,,,,,,,,,,,1.0,4.0,8.0,2,1,1,1,5,2,,1,1,1,1,6,10,,3,4,3,1.0,1,2,1,9,3,1.0,1,3,0.8886578189815573,
201801168522,2023-10-29T13:55:48Z,2023-10-29T13:58:38Z,1,1,1,6,2,2,2,4.0,2.0,2.0,2.0,1.0,,,,,,,,1.0,1.0,,,,,,,,1.0,1.0,1.0,3.0,3.0,2.0,2.0,2.0,4.0,,,5.0,3.0,5.0,5.0,5.0,5.0,,,4.0,3.0,3.0,2.0,5.0,1.0,1.0,4.0,1.0,4.0,1.0,,2.0,,,,,,2.0,2.0,3.0,4.0,2.0,3.0,3.0,4.0,,,,,,,,,0,,0,,0,,,,,,,,,,,,,,,,,,,,,,,,,,,,,,,,,,,,,,,,,,,,,,,,,,,,,,,,,,,,,,,,,,,,,,,,,,,,,1.0,1.0,2.0,1,1,2,1,5,2,,1,1,1,1,6,10,,3,5,2,,2,4,1,4,5,1.0,1,2,0.3450755180986874,
201801170128,2023-10-28T15:51:25Z,2023-10-28T16:02:14Z,2,1,1,2,1,2,2,4.0,2.0,2.0,2.0,1.0,,,,,,,,1.0,1.0,,,,,,,,1.0,1.0,4.0,3.0,2.0,4.0,5.0,5.0,,4.0,4.0,4.0,4.0,5.0,5.0,5.0,,3.0,3.0,4.0,3.0,2.0,1.0,2.0,1.0,1.0,4.0,,,2.0,1.0,2.0,,,,,,2.0,2.0,2.0,4.0,2.0,3.0,2.0,4.0,,,,,,,,,0,,0,,0,,,,,,,,,,,,,,,,,,,,,,,,,,,,,,,,,,,,,,,,,,,,,,,,,,,,,,,,,,,,,,,,,,,,,,,,,,,,,1.0,4.0,8.0,2,2,2,1,5,1,6.0,1,1,3,1,2,3,2.0,4,5,3,2.0,2,3,3,4,2,1.0,2,2,0.5418056196835161,
201801170396,2023-10-27T23:45:42Z,2023-10-27T23:50:28Z,2,1,1,2,2,2,2,4.0,2.0,2.0,2.0,1.0,,,,,,,,1.0,1.0,,,,,,,,1.0,2.0,4.0,5.0,5.0,5.0,5.0,5.0,,5.0,,3.0,2.0,2.0,3.0,3.0,,1.0,,5.0,3.0,3.0,4.0,5.0,1.0,3.0,5.0,3.0,5.0,1.0,,2.0,,,,,,2.0,4.0,3.0,5.0,4.0,3.0,3.0,4.0,,,,,,,,,0,,0,,0,,,,,,,,,,,,,,,,,,,,,,,,,,,,,,,,,,,,,,,,,,,,,,,,,,,,,,,,,,,,,,,,,,,,,,,,,,,,,1.0,3.0,7.0,1,2,3,1,5,2,,1,1,1,1,2,12,,3,6,2,,2,4,3,4,5,1.0,1,2,0.2600801954010081,
201801174788,2023-10-27T03:33:05Z,2023-10-27T03:41:24Z,1,1,1,6,2,2,2,4.0,2.0,2.0,2.0,1.0,,,,,,,,1.0,1.0,,,,,,,,1.0,2.0,2.0,4.0,3.0,3.0,5.0,4.0,4.0,,,5.0,99.0,3.0,99.0,5.0,5.0,,,4.0,1.0,,,,2.0,1.0,5.0,2.0,5.0,5.0,4.0,1.0,99.0,2.0,1.0,1.0,1.0,2.0,2.0,2.0,5.0,3.0,3.0,3.0,1.0,3.0,1.0,99.0,3.0,,2.0,2.0,,0,,0,,0,,,,,,,,,,,,,,,,,,,,,,,,,,,,,,,,,,,,,,,,,,,,,,,,,,,,,,,,,,,,,,,,,,,,,,,,,,,,,1.0,4.0,9.0,2,1,2,2,3,2,,1,1,1,1,6,9,,3,6,4,2.0,2,4,1,99,5,1.0,2,99,2.251748882246593,
201801175265,2023-10-27T19:51:35Z,2023-10-27T19:56:39Z,1,1,1,6,2,2,2,4.0,2.0,2.0,1.0,2.0,,,,,,,,1.0,1.0,,,,,,,,1.0,1.0,2.0,2.0,2.0,2.0,1.0,3.0,3.0,,,5.0,5.0,5.0,5.0,5.0,5.0,,,1.0,1.0,,,,1.0,3.0,3.0,3.0,3.0,2.0,1.0,1.0,2.0,2.0,1.0,1.0,1.0,1.0,1.0,1.0,3.0,1.0,3.0,3.0,1.0,3.0,3.0,3.0,3.0,,1.0,1.0,,0,,0,,0,,,,,,,,,,,,,,,,,,,,,,,,,,,,,,,,,,,,,,,,,,,,,,,,,,,,,,,,,,,,,,,,,,,,,,,,,,,,,1.0,4.0,9.0,1,2,1,1,5,2,,1,99,99,1,6,12,,3,5,4,2.0,2,3,1,99,3,1.0,2,99,0.6464970992921648,
201801175895,2023-10-28T04:13:45Z,2023-10-28T04:19:40Z,2,1,1,2,2,2,2,4.0,1.0,1.0,1.0,,,,,,,,,1.0,,,,,,,,,99.0,1.0,3.0,2.0,2.0,2.0,4.0,2.0,,5.0,,5.0,5.0,4.0,3.0,5.0,,4.0,,5.0,2.0,2.0,1.0,1.0,4.0,1.0,5.0,1.0,5.0,4.0,3.0,1.0,1.0,2.0,1.0,1.0,1.0,2.0,1.0,99.0,1.0,1.0,2.0,2.0,1.0,1.0,3.0,5.0,3.0,3.0,2.0,2.0,,0,,0,,0,,,,,,,,,,,,,,,,,,,,,,,,,,,,,,,,,,,,,,,,,,,,,,,,,,,,,,,,,,,,,,,,,,,,,,,,,,,,,1.0,4.0,9.0,1,2,2,1,5,2,,1,1,1,1,2,10,,3,6,3,1.0,1,2,1,1,3,1.0,2,1,0.4900707294344448,
201801177068,2023-11-01T11:20:37Z,2023-11-01T11:35:29Z,2,2,1,2,1,1,2,4.0,2.0,2.0,2.0,1.0,,,,,,,,1.0,1.0,,,,,,,,1.0,1.0,2.0,3.0,2.0,2.0,2.0,4.0,,2.0,2.0,5.0,5.0,5.0,5.0,5.0,,4.0,4.0,4.0,3.0,2.0,2.0,6.0,3.0,1.0,5.0,,,1.0,,2.0,,,,,,1.0,1.0,1.0,5.0,2.0,3.0,3.0,4.0,,,,,,,,,0,,0,,0,,,,,,,,,,,,,,,,,,,,,,,,,,,,,,,,,,,,,,,,,,,,,,,,,,,,,,,,,,,,,,,,,,,,,,,,,,,,,1.0,4.0,9.0,2,2,2,3,2,1,5.0,2,5,3,4,2,2,1.0,2,5,99,2.0,2,9,3,2,99,4.0,99,1,4.829904668967578,
201801177107,2023-11-04T16:15:43Z,2023-11-04T16:19:21Z,2,1,1,1,1,2,1,4.0,2.0,2.0,2.0,1.0,,,,,,,,1.0,1.0,,,,,,,,1.0,2.0,1.0,3.0,5.0,5.0,3.0,4.0,,4.0,2.0,5.0,5.0,4.0,4.0,5.0,,5.0,3.0,3.0,3.0,1.0,1.0,3.0,3.0,,,,,2.0,1.0,1.0,2.0,2.0,2.0,2.0,1.0,2.0,2.0,2.0,3.0,4.0,2.0,3.0,4.0,,,,,,,,,0,,0,,0,,,,,,,,,,,,,,,,,,,,,,,,,,,,,,,,,,,,,,,,,,,,,,,,,,,,,,,,,,,,,,,,,,,,,,,,,,,,,1.0,4.0,9.0,1,1,2,1,5,1,1.0,1,1,3,1,1,2,2.0,2,5,2,,2,3,3,1,3,1.0,2,1,2.6387015886937197,
201801177449,2023-10-30T18:15:15Z,2023-10-30T18:17:55Z,2,1,1,6,2,2,2,4.0,1.0,1.0,2.0,,,,,,,,,1.0,,,,,,,,,99.0,2.0,2.0,2.0,3.0,3.0,3.0,3.0,3.0,,,4.0,2.0,3.0,4.0,4.0,4.0,,,3.0,3.0,1.0,1.0,4.0,1.0,1.0,3.0,1.0,3.0,1.0,,2.0,,,,,,2.0,2.0,1.0,3.0,3.0,3.0,3.0,4.0,,,,,,,,,0,,0,,0,,,,,,,,,,,,,,,,,,,,,,,,,,,,,,,,,,,,,,,,,,,,,,,,,,,,,,,,,,,,,,,,,,,,,,,,,,,,,1.0,4.0,9.0,2,1,1,1,5,2,,1,3,5,1,6,10,,3,6,1,,1,2,1,9,3,1.0,2,3,0.9550296112142692,
201801177632,2023-10-29T15:46:51Z,2023-10-29T15:50:46Z,1,1,1,6,2,2,2,4.0,1.0,1.0,1.0,,,,,,,,,1.0,,,,,,,,,99.0,1.0,3.0,5.0,4.0,5.0,3.0,3.0,5.0,,,4.0,5.0,3.0,4.0,4.0,4.0,,,4.0,1.0,,,,1.0,3.0,4.0,3.0,5.0,2.0,1.0,2.0,,,,,,2.0,3.0,3.0,4.0,3.0,3.0,2.0,1.0,2.0,1.0,2.0,2.0,,1.0,1.0,,0,,0,,0,,,,,,,,,,,,,,,,,,,,,,,,,,,,,,,,,,,,,,,,,,,,,,,,,,,,,,,,,,,,,,,,,,,,,,,,,,,,,1.0,4.0,9.0,2,1,2,1,6,1,1.0,1,4,3,1,6,12,,3,5,4,2.0,2,4,1,99,5,1.0,99,99,0.3386539602817202,
201801177699,2023-10-30T09:21:38Z,2023-10-30T09:27:12Z,1,1,1,6,2,2,2,4.0,2.0,2.0,2.0,1.0,,,,,,,,1.0,2.0,,,,,,,,1.0,2.0,2.0,5.0,5.0,5.0,5.0,5.0,5.0,,,5.0,3.0,2.0,5.0,5.0,6.0,,,5.0,3.0,5.0,4.0,6.0,1.0,2.0,5.0,2.0,4.0,1.0,,1.0,2.0,2.0,1.0,2.0,2.0,2.0,5.0,2.0,4.0,5.0,3.0,3.0,4.0,,,,,,,,,0,,0,,0,,,,,,,,,,,,,,,,,,,,,,,,,,,,,,,,,,,,,,,,,,,,,,,,,,,,,,,,,,,,,,,,,,,,,,,,,,,,,1.0,4.0,9.0,2,1,3,1,5,2,,1,1,1,1,6,1,1.0,1,6,4,2.0,2,4,3,5,5,1.0,1,2,1.3534437073889574,
201801178205,2023-10-28T17:23:56Z,2023-10-28T17:27:25Z,2,1,1,6,2,2,2,3.0,2.0,2.0,1.0,2.0,,,,,,,,1.0,1.0,,,,,,,,1.0,2.0,2.0,2.0,3.0,2.0,2.0,3.0,3.0,,,3.0,5.0,4.0,4.0,3.0,3.0,,,2.0,1.0,,,,1.0,3.0,4.0,3.0,5.0,3.0,2.0,1.0,2.0,2.0,1.0,2.0,2.0,1.0,1.0,1.0,3.0,3.0,3.0,3.0,1.0,1.0,2.0,2.0,2.0,,2.0,1.0,,0,,0,,0,,,,,,,,,,,,,,,,,,,,,,,,,,,,,,,,,,,,,,,,,,,,,,,,,,,,,,,,,,,,,,,,,,,,,,,,,,,,,1.0,4.0,9.0,2,2,2,1,6,2,,4,3,5,4,6,1,1.0,1,2,2,,2,3,3,2,3,1.0,2,1,1.1076800252892955,
201801178564,2023-10-26T20:19:49Z,2023-10-26T20:22:08Z,2,1,1,2,2,2,2,4.0,2.0,2.0,1.0,2.0,,,,,,,,1.0,1.0,,,,,,,,1.0,2.0,3.0,5.0,5.0,5.0,5.0,5.0,,5.0,,1.0,3.0,1.0,2.0,1.0,,1.0,,5.0,3.0,6.0,4.0,6.0,1.0,1.0,2.0,1.0,1.0,1.0,,2.0,,,,,,2.0,5.0,4.0,4.0,5.0,3.0,3.0,4.0,,,,,,,,,0,,0,,0,,,,,,,,,,,,,,,,,,,,,,,,,,,,,,,,,,,,,,,,,,,,,,,,,,,,,,,,,,,,,,,,,,,,,,,,,,,,,1.0,4.0,9.0,2,2,2,1,6,2,,1,3,5,1,2,10,,3,6,2,,2,4,2,9,4,1.0,2,3,0.1466998200230166,
201801179388,2023-11-01T11:26:22Z,2023-11-01T11:30:23Z,2,1,1,6,2,2,2,4.0,2.0,2.0,2.0,1.0,,,,,,,,1.0,1.0,,,,,,,,1.0,1.0,3.0,3.0,3.0,2.0,3.0,2.0,4.0,,,4.0,3.0,2.0,4.0,4.0,4.0,,,3.0,2.0,5.0,4.0,5.0,1.0,3.0,4.0,3.0,3.0,3.0,3.0,2.0,,,,,,1.0,4.0,2.0,5.0,3.0,2.0,2.0,4.0,,,,,,,,,0,,0,,0,,,,,,,,,,,,,,,,,,,,,,,,,,,,,,,,,,,,,,,,,,,,,,,,,,,,,,,,,,,,,,,,,,,,,,,,,,,,,1.0,4.0,9.0,2,1,2,1,5,2,,1,1,1,1,6,12,,3,6,2,,2,4,1,2,5,2.0,1,1,0.86607969261553,
201801179434,2023-10-28T13:15:54Z,2023-10-28T13:19:20Z,2,1,1,1,1,2,1,4.0,2.0,2.0,1.0,2.0,,,,,,,,1.0,1.0,,,,,,,,1.0,2.0,2.0,4.0,4.0,3.0,2.0,4.0,,5.0,3.0,3.0,2.0,5.0,2.0,2.0,,4.0,2.0,4.0,3.0,5.0,5.0,5.0,2.0,,,,,1.0,,2.0,,,,,,2.0,4.0,3.0,4.0,4.0,3.0,3.0,4.0,,,,,,,,,0,,0,,0,,,,,,,,,,,,,,,,,,,,,,,,,,,,,,,,,,,,,,,,,,,,,,,,,,,,,,,,,,,,,,,,,,,,,,,,,,,,,1.0,4.0,9.0,2,2,2,2,3,2,,4,3,5,4,1,12,,3,6,1,,1,2,1,7,3,1.0,2,2,0.5103630592520912,
201801179484,2023-10-30T10:35:51Z,2023-10-30T10:39:37Z,1,1,1,6,2,2,2,3.0,2.0,2.0,1.0,2.0,,,,,,,,1.0,1.0,,,,,,,,1.0,2.0,2.0,4.0,4.0,4.0,3.0,4.0,4.0,,,4.0,3.0,3.0,3.0,4.0,4.0,,,4.0,3.0,4.0,2.0,5.0,1.0,3.0,3.0,2.0,2.0,1.0,,2.0,,,,,,2.0,3.0,3.0,4.0,3.0,3.0,3.0,4.0,,,,,,,,,0,,0,,0,,,,,,,,,,,,,,,,,,,,,,,,,,,,,,,,,,,,,,,,,,,,,,,,,,,,,,,,,,,,,,,,,,,,,,,,,,,,,1.0,1.0,1.0,2,1,3,1,5,2,,1,1,1,1,6,9,,3,6,2,,2,4,3,6,5,1.0,2,2,2.9355352188276123,
201801179559,2023-10-27T21:07:28Z,2023-10-27T21:11:09Z,2,1,1,1,1,2,1,4.0,2.0,2.0,2.0,1.0,,,,,,,,1.0,1.0,,,,,,,,1.0,1.0,3.0,4.0,4.0,5.0,5.0,5.0,,5.0,5.0,5.0,3.0,5.0,5.0,5.0,,5.0,5.0,5.0,3.0,3.0,3.0,5.0,1.0,,,,,1.0,,2.0,,,,,,1.0,3.0,1.0,5.0,3.0,2.0,2.0,4.0,,,,,,,,,0,,0,,0,,,,,,,,,,,,,,,,,,,,,,,,,,,,,,,,,,,,,,,,,,,,,,,,,,,,,,,,,,,,,,,,,,,,,,,,,,,,,1.0,2.0,3.0,2,2,1,1,6,2,,1,1,1,1,1,10,,3,5,3,2.0,2,3,3,9,3,1.0,1,3,0.342978711749994,
201801180666,2023-10-29T01:13:22Z,2023-10-29T01:22:38Z,1,1,1,1,1,2,1,4.0,2.0,2.0,1.0,2.0,,,,,,,,1.0,1.0,,,,,,,,1.0,1.0,2.0,4.0,4.0,4.0,4.0,4.0,,4.0,2.0,3.0,3.0,3.0,3.0,3.0,,3.0,3.0,3.0,1.0,,,,1.0,,,,,2.0,2.0,2.0,,,,,,2.0,2.0,2.0,2.0,2.0,3.0,2.0,1.0,2.0,2.0,4.0,3.0,3.0,2.0,1.0,,0,,0,,0,,,,,,,,,,,,,,,,,,,,,,,,,,,,,,,,,,,,,,,,,,,,,,,,,,,,,,,,,,,,,,,,,,,,,,,,,,,,,1.0,4.0,9.0,1,2,1,1,5,2,,2,3,5,4,1,8,,4,4,3,2.0,2,3,3,6,3,1.0,2,2,1.2728036432525711,
201801181034,2023-10-27T19:15:34Z,2023-10-27T19:24:58Z,2,1,1,6,2,2,2,3.0,2.0,2.0,1.0,2.0,,,,,,,,1.0,1.0,,,,,,,,1.0,1.0,3.0,2.0,1.0,3.0,4.0,3.0,5.0,,,4.0,4.0,4.0,4.0,3.0,6.0,,,1.0,3.0,3.0,2.0,5.0,3.0,1.0,4.0,3.0,4.0,5.0,1.0,1.0,1.0,1.0,1.0,1.0,1.0,2.0,1.0,2.0,2.0,1.0,3.0,2.0,4.0,,,,,,,,,0,,0,,0,,,,,,,,,,,,,,,,,,,,,,,,,,,,,,,,,,,,,,,,,,,,,,,,,,,,,,,,,,,,,,,,,,,,,,,,,,,,,1.0,4.0,9.0,2,1,2,1,5,2,,1,4,4,1,6,1,2.0,1,4,2,,2,4,1,9,5,1.0,1,3,0.5317946199310297,
201801181393,2023-11-04T13:43:36Z,2023-11-04T13:53:10Z,1,1,1,6,2,2,2,4.0,2.0,2.0,2.0,1.0,,,,,,,,1.0,1.0,,,,,,,,1.0,2.0,2.0,2.0,3.0,4.0,4.0,5.0,5.0,,,2.0,3.0,3.0,4.0,3.0,4.0,,,3.0,3.0,3.0,3.0,5.0,1.0,1.0,2.0,1.0,1.0,2.0,1.0,1.0,1.0,2.0,1.0,2.0,1.0,1.0,1.0,3.0,2.0,3.0,3.0,3.0,4.0,,,,,,,,,0,,0,,0,,,,,,,,,,,,,,,,,,,,,,,,,,,,,,,,,,,,,,,,,,,,,,,,,,,,,,,,,,,,,,,,,,,,,,,,,,,,,1.0,4.0,9.0,2,1,1,1,6,2,,3,3,5,4,6,12,,3,5,2,,2,4,3,8,4,1.0,1,2,1.2280134326525265,
201801182616,2023-10-27T20:48:51Z,2023-10-27T20:51:57Z,2,1,1,2,2,2,2,4.0,2.0,2.0,1.0,2.0,,,,,,,,1.0,1.0,,,,,,,,1.0,2.0,1.0,2.0,3.0,3.0,1.0,3.0,,1.0,,5.0,5.0,4.0,4.0,5.0,,5.0,,3.0,3.0,3.0,2.0,3.0,1.0,1.0,4.0,1.0,4.0,1.0,,2.0,,,,,,2.0,1.0,2.0,3.0,1.0,3.0,3.0,4.0,,,,,,,,,0,,0,,0,,,,,,,,,,,,,,,,,,,,,,,,,,,,,,,,,,,,,,,,,,,,,,,,,,,,,,,,,,,,,,,,,,,,,,,,,,,,,1.0,4.0,9.0,2,1,1,1,5,1,8.0,1,1,3,1,2,2,2.0,2,5,3,2.0,2,4,1,9,4,1.0,2,3,1.9481209417211625,
201801182790,2023-10-29T13:53:45Z,2023-10-29T13:57:11Z,2,1,1,4,2,2,1,4.0,2.0,2.0,2.0,1.0,,,,,,,,1.0,2.0,,,,,,,,1.0,2.0,3.0,4.0,4.0,4.0,4.0,4.0,4.0,,,4.0,3.0,3.0,4.0,4.0,3.0,,,4.0,3.0,4.0,4.0,5.0,1.0,,,2.0,3.0,1.0,,2.0,,,,,,2.0,4.0,3.0,3.0,3.0,3.0,3.0,4.0,,,,,,,,,0,,0,,0,,,,,,,,,,,,,,,,,,,,,,,,,,,,,,,,,,,,,,,,,,,,,,,,,,,,,,,,,,,,,,,,,,,,,,,,,,,,,2.0,4.0,9.0,3,2,2,3,2,2,,1,1,1,1,4,9,,3,6,2,,2,4,1,3,4,2.0,2,2,1.2884505665421655,
201801182952,2023-10-27T17:02:00Z,2023-10-27T17:05:09Z,1,1,1,6,2,2,2,4.0,2.0,2.0,1.0,2.0,,,,,,,,1.0,1.0,,,,,,,,1.0,2.0,3.0,3.0,3.0,3.0,4.0,4.0,4.0,,,4.0,4.0,3.0,4.0,4.0,4.0,,,3.0,3.0,4.0,3.0,4.0,1.0,1.0,4.0,3.0,4.0,2.0,1.0,2.0,,,,,,2.0,2.0,2.0,3.0,3.0,3.0,2.0,4.0,,,,,,,,,0,,0,,0,,,,,,,,,,,,,,,,,,,,,,,,,,,,,,,,,,,,,,,,,,,,,,,,,,,,,,,,,,,,,,,,,,,,,,,,,,,,,1.0,4.0,9.0,1,1,1,1,5,2,,3,3,5,4,6,10,,3,6,4,2.0,2,4,1,7,5,1.0,2,2,0.8516310881166025,
201801183624,2023-11-01T12:40:53Z,2023-11-01T12:46:05Z,2,1,1,6,2,2,2,4.0,1.0,1.0,2.0,,,,,,,,,1.0,,,,,,,,,99.0,2.0,1.0,1.0,1.0,4.0,2.0,3.0,4.0,,,5.0,3.0,5.0,5.0,4.0,4.0,,,3.0,3.0,2.0,2.0,2.0,1.0,1.0,4.0,1.0,3.0,4.0,3.0,1.0,1.0,1.0,1.0,1.0,1.0,2.0,1.0,2.0,3.0,2.0,3.0,3.0,4.0,,,,,,,,,0,,0,,0,,,,,,,,,,,,,,,,,,,,,,,,,,,,,,,,,,,,,,,,,,,,,,,,,,,,,,,,,,,,,,,,,,,,,,,,,,,,,1.0,4.0,9.0,2,1,1,1,5,2,,1,1,1,1,6,10,,3,6,2,,2,4,1,1,4,2.0,2,1,2.561738810999901,
201801184464,2023-10-27T22:27:23Z,2023-10-28T20:05:46Z,2,1,1,6,2,2,2,2.0,2.0,2.0,1.0,2.0,,,,,,,,1.0,1.0,,,,,,,,1.0,1.0,5.0,5.0,5.0,5.0,5.0,5.0,5.0,,,3.0,5.0,5.0,4.0,1.0,1.0,,,5.0,1.0,,,,2.0,1.0,5.0,3.0,5.0,5.0,3.0,1.0,1.0,2.0,1.0,1.0,1.0,2.0,5.0,4.0,4.0,5.0,2.0,2.0,1.0,5.0,1.0,5.0,5.0,,2.0,1.0,,0,,0,,0,,,,,,,,,,,,,,,,,,,,,,,,,,,,,,,,,,,,,,,,,,,,,,,,,,,,,,,,,,,,,,,,,,,,,,,,,,,,,1.0,4.0,9.0,1,1,2,2,4,2,,1,3,5,1,6,1,2.0,1,5,2,,2,4,1,3,4,1.0,1,1,0.4214134078965384,
201801185258,2023-10-28T21:14:32Z,2023-10-28T21:20:37Z,2,1,1,1,2,2,1,4.0,1.0,1.0,2.0,,,,,,,,,1.0,,,,,,,,,99.0,2.0,3.0,5.0,5.0,5.0,5.0,5.0,,4.0,,5.0,2.0,3.0,5.0,5.0,,4.0,,5.0,3.0,5.0,3.0,5.0,1.0,,,1.0,3.0,1.0,,2.0,,,,,,2.0,2.0,2.0,5.0,2.0,2.0,2.0,4.0,,,,,,,,,0,,0,,0,,,,,,,,,,,,,,,,,,,,,,,,,,,,,,,,,,,,,,,,,,,,,,,,,,,,,,,,,,,,,,,,,,,,,,,,,,,,,1.0,4.0,9.0,1,2,1,1,5,2,,1,1,1,1,1,9,,3,6,3,2.0,2,3,1,9,3,1.0,2,3,0.6464970992921648,
201801185508,2023-10-27T19:15:14Z,2023-10-27T19:19:09Z,2,1,1,1,2,2,1,4.0,2.0,2.0,1.0,2.0,,,,,,,,1.0,1.0,,,,,,,,1.0,1.0,3.0,3.0,3.0,4.0,5.0,5.0,,5.0,,3.0,5.0,5.0,3.0,3.0,,2.0,,4.0,3.0,3.0,2.0,3.0,1.0,,,3.0,4.0,2.0,1.0,1.0,2.0,2.0,1.0,2.0,2.0,2.0,3.0,2.0,3.0,3.0,3.0,3.0,4.0,,,,,,,,,0,,0,,0,,,,,,,,,,,,,,,,,,,,,,,,,,,,,,,,,,,,,,,,,,,,,,,,,,,,,,,,,,,,,,,,,,,,,,,,,,,,,1.0,4.0,9.0,2,1,2,3,1,2,,1,1,1,1,1,10,,3,6,4,2.0,2,4,2,3,4,1.0,2,1,4.664484921082641,
201801185591,2023-10-30T05:47:30Z,2023-10-30T05:51:47Z,2,1,1,6,2,2,2,2.0,2.0,2.0,2.0,1.0,,,,,,,,1.0,1.0,,,,,,,,1.0,2.0,2.0,3.0,3.0,3.0,3.0,3.0,4.0,,,4.0,4.0,3.0,3.0,3.0,4.0,,,3.0,1.0,,,,3.0,3.0,4.0,1.0,4.0,4.0,2.0,1.0,2.0,2.0,1.0,1.0,1.0,1.0,2.0,2.0,3.0,3.0,3.0,3.0,1.0,2.0,2.0,3.0,3.0,,2.0,1.0,,0,,0,,0,,,,,,,,,,,,,,,,,,,,,,,,,,,,,,,,,,,,,,,,,,,,,,,,,,,,,,,,,,,,,,,,,,,,,,,,,,,,,1.0,4.0,9.0,2,1,1,2,3,2,,1,1,1,1,6,1,2.0,1,3,3,1.0,1,2,2,99,3,3.0,1,99,6.314159461681934,
201801185623,2023-11-05T13:33:06Z,2023-11-05T13:36:16Z,2,1,1,6,2,2,2,4.0,2.0,2.0,2.0,1.0,,,,,,,,1.0,1.0,,,,,,,,1.0,1.0,1.0,5.0,2.0,3.0,2.0,3.0,3.0,,,3.0,5.0,4.0,4.0,3.0,4.0,,,3.0,1.0,,,,1.0,1.0,4.0,1.0,2.0,1.0,,2.0,,,,,,2.0,1.0,1.0,3.0,1.0,1.0,3.0,1.0,2.0,1.0,3.0,4.0,,2.0,1.0,,0,,0,,0,,,,,,,,,,,,,,,,,,,,,,,,,,,,,,,,,,,,,,,,,,,,,,,,,,,,,,,,,,,,,,,,,,,,,,,,,,,,,1.0,4.0,9.0,1,1,2,1,5,2,,1,1,1,1,6,1,2.0,1,4,3,2.0,2,3,1,2,3,2.0,2,1,1.4586804660579218,
201801185765,2023-10-27T20:56:08Z,2023-10-27T20:59:52Z,2,1,1,1,2,2,1,4.0,2.0,2.0,1.0,2.0,,,,,,,,1.0,1.0,,,,,,,,1.0,1.0,1.0,3.0,3.0,3.0,3.0,3.0,,2.0,,4.0,4.0,5.0,5.0,4.0,,4.0,,1.0,3.0,2.0,1.0,5.0,1.0,,,1.0,3.0,1.0,,1.0,2.0,2.0,2.0,2.0,2.0,2.0,2.0,1.0,2.0,3.0,3.0,3.0,4.0,,,,,,,,,0,,0,,0,,,,,,,,,,,,,,,,,,,,,,,,,,,,,,,,,,,,,,,,,,,,,,,,,,,,,,,,,,,,,,,,,,,,,,,,,,,,,1.0,2.0,3.0,2,2,2,1,6,2,,1,1,1,1,1,10,,3,5,2,,2,4,1,9,5,1.0,2,3,0.2474726924261158,
201801186527,2023-10-31T11:36:53Z,2023-10-31T11:40:16Z,2,1,1,6,2,2,2,4.0,2.0,2.0,1.0,2.0,,,,,,,,1.0,1.0,,,,,,,,1.0,2.0,1.0,3.0,3.0,4.0,5.0,3.0,4.0,,,4.0,5.0,3.0,4.0,3.0,3.0,,,4.0,3.0,3.0,2.0,4.0,1.0,1.0,1.0,1.0,1.0,1.0,,2.0,,,,,,2.0,3.0,4.0,3.0,4.0,2.0,2.0,4.0,,,,,,,,,0,,0,,0,,,,,,,,,,,,,,,,,,,,,,,,,,,,,,,,,,,,,,,,,,,,,,,,,,,,,,,,,,,,,,,,,,,,,,,,,,,,,1.0,4.0,9.0,2,2,1,1,5,2,,1,4,4,1,6,12,,3,6,3,2.0,2,4,1,3,4,1.0,1,2,0.448752598270746,
201801186951,2023-10-27T17:16:03Z,2023-10-27T17:22:20Z,2,1,1,2,2,2,2,4.0,2.0,2.0,2.0,1.0,,,,,,,,1.0,1.0,,,,,,,,1.0,1.0,2.0,1.0,2.0,2.0,3.0,3.0,,3.0,,4.0,3.0,2.0,4.0,3.0,,4.0,,2.0,3.0,3.0,2.0,5.0,1.0,1.0,4.0,2.0,4.0,1.0,,2.0,,,,,,1.0,1.0,1.0,4.0,2.0,3.0,2.0,4.0,,,,,,,,,0,,0,,0,,,,,,,,,,,,,,,,,,,,,,,,,,,,,,,,,,,,,,,,,,,,,,,,,,,,,,,,,,,,,,,,,,,,,,,,,,,,,1.0,4.0,8.0,2,2,1,1,6,2,,1,1,1,1,2,9,,3,6,4,2.0,2,4,2,7,5,2.0,1,2,0.6574876091729831,
201801186968,2023-10-27T17:31:55Z,2023-10-27T17:35:22Z,2,1,1,1,1,2,1,4.0,2.0,2.0,2.0,1.0,,,,,,,,1.0,1.0,,,,,,,,1.0,2.0,1.0,4.0,3.0,3.0,3.0,3.0,,4.0,2.0,5.0,99.0,4.0,5.0,4.0,,5.0,4.0,2.0,1.0,,,,3.0,,,,,1.0,,2.0,,,,,,2.0,1.0,1.0,4.0,2.0,3.0,3.0,1.0,2.0,2.0,4.0,2.0,3.0,2.0,1.0,,0,,0,,0,,,,,,,,,,,,,,,,,,,,,,,,,,,,,,,,,,,,,,,,,,,,,,,,,,,,,,,,,,,,,,,,,,,,,,,,,,,,,1.0,4.0,9.0,1,2,2,1,6,2,,1,1,1,1,1,5,,4,6,2,,2,4,1,9,5,1.0,2,3,0.3537832482427829,
201901000177,2023-10-27T17:59:19Z,2023-10-27T18:03:37Z,2,1,1,1,1,2,1,4.0,2.0,2.0,2.0,1.0,,,,,,,,1.0,1.0,,,,,,,,1.0,1.0,3.0,3.0,1.0,1.0,3.0,4.0,,3.0,3.0,3.0,5.0,5.0,5.0,5.0,,3.0,4.0,2.0,3.0,1.0,1.0,2.0,1.0,,,,,1.0,,2.0,,,,,,1.0,3.0,2.0,4.0,3.0,3.0,2.0,4.0,,,,,,,,,0,,0,,0,,,,,,,,,,,,,,,,,,,,,,,,,,,,,,,,,,,,,,,,,,,,,,,,,,,,,,,,,,,,,,,,,,,,,,,,,,,,,1.0,1.0,1.0,2,2,2,1,6,2,,1,1,1,1,1,12,,3,6,2,,2,3,2,9,3,1.0,1,2,0.2446581001157816,
201901000446,2023-10-31T03:20:18Z,2023-10-31T03:25:32Z,2,1,1,6,2,2,2,4.0,2.0,2.0,2.0,1.0,,,,,,,,1.0,1.0,,,,,,,,1.0,1.0,1.0,3.0,3.0,3.0,4.0,4.0,4.0,,,2.0,4.0,3.0,2.0,1.0,3.0,,,2.0,3.0,3.0,2.0,5.0,1.0,1.0,2.0,1.0,2.0,2.0,1.0,1.0,2.0,2.0,1.0,1.0,1.0,2.0,5.0,5.0,5.0,5.0,3.0,3.0,4.0,,,,,,,,,0,,0,,0,,,,,,,,,,,,,,,,,,,,,,,,,,,,,,,,,,,,,,,,,,,,,,,,,,,,,,,,,,,,,,,,,,,,,,,,,,,,,1.0,2.0,3.0,1,1,2,2,3,2,,1,2,2,1,6,1,2.0,1,5,4,2.0,2,4,1,2,4,1.0,2,1,1.1447556019441203,
201901000721,2023-10-28T08:56:02Z,2023-10-28T09:19:26Z,2,1,1,1,2,2,1,4.0,2.0,2.0,1.0,2.0,,,,,,,,1.0,1.0,,,,,,,,1.0,1.0,1.0,3.0,3.0,4.0,4.0,3.0,,99.0,,4.0,4.0,3.0,5.0,5.0,,5.0,,2.0,3.0,2.0,1.0,3.0,1.0,,,1.0,3.0,1.0,,2.0,,,,,,2.0,1.0,1.0,3.0,1.0,3.0,3.0,4.0,,,,,,,,,0,,0,,0,,,,,,,,,,,,,,,,,,,,,,,,,,,,,,,,,,,,,,,,,,,,,,,,,,,,,,,,,,,,,,,,,,,,,,,,,,,,,1.0,2.0,3.0,2,1,1,1,6,2,,1,1,1,1,1,4,2.0,4,4,3,1.0,1,2,1,9,3,1.0,2,3,0.5175396328042452,
201901000865,2023-10-29T11:30:19Z,2023-10-29T11:33:47Z,2,1,1,2,2,2,2,4.0,2.0,2.0,2.0,1.0,,,,,,,,1.0,1.0,,,,,,,,1.0,1.0,2.0,4.0,3.0,4.0,4.0,3.0,,4.0,,4.0,4.0,3.0,4.0,4.0,,4.0,,3.0,3.0,2.0,2.0,4.0,1.0,1.0,3.0,3.0,3.0,1.0,,2.0,,,,,,2.0,4.0,4.0,5.0,5.0,3.0,3.0,4.0,,,,,,,,,0,,0,,0,,,,,,,,,,,,,,,,,,,,,,,,,,,,,,,,,,,,,,,,,,,,,,,,,,,,,,,,,,,,,,,,,,,,,,,,,,,,,1.0,2.0,3.0,1,2,2,1,6,2,,1,1,1,1,2,10,,3,6,2,,2,4,1,6,4,1.0,2,2,0.224564020279723,
201901000874,2023-10-30T01:04:47Z,2023-10-30T01:12:46Z,1,1,1,1,1,2,1,4.0,2.0,2.0,1.0,2.0,,,,,,,,1.0,1.0,,,,,,,,1.0,2.0,2.0,4.0,3.0,3.0,3.0,4.0,,3.0,2.0,4.0,3.0,2.0,4.0,4.0,,4.0,3.0,4.0,3.0,2.0,2.0,4.0,1.0,,,,,1.0,,2.0,,,,,,1.0,2.0,2.0,3.0,3.0,2.0,2.0,4.0,,,,,,,,,0,,0,,0,,,,,,,,,,,,,,,,,,,,,,,,,,,,,,,,,,,,,,,,,,,,,,,,,,,,,,,,,,,,,,,,,,,,,,,,,,,,,1.0,2.0,4.0,2,2,1,1,6,2,,1,1,1,1,1,1,2.0,1,3,3,1.0,1,2,1,9,3,1.0,1,2,0.2194280485530017,
201901000887,2023-11-01T21:36:17Z,2023-11-01T21:41:08Z,1,1,1,1,1,2,1,4.0,2.0,2.0,2.0,1.0,,,,,,,,1.0,1.0,,,,,,,,1.0,2.0,1.0,1.0,1.0,1.0,1.0,1.0,,1.0,1.0,5.0,4.0,5.0,5.0,5.0,,5.0,3.0,1.0,3.0,2.0,1.0,1.0,1.0,,,,,1.0,,2.0,,,,,,2.0,1.0,1.0,2.0,1.0,3.0,3.0,4.0,,,,,,,,,0,,0,,0,,,,,,,,,,,,,,,,,,,,,,,,,,,,,,,,,,,,,,,,,,,,,,,,,,,,,,,,,,,,,,,,,,,,,,,,,,,,,1.0,3.0,7.0,2,2,1,1,6,2,,1,1,1,1,1,2,2.0,2,4,4,1.0,1,1,1,9,2,1.0,1,2,0.2849354542188794,
201901001145,2023-10-29T14:23:02Z,2023-10-29T14:30:46Z,2,1,1,1,1,2,1,4.0,2.0,2.0,2.0,1.0,,,,,,,,2.0,1.0,,,,,,,,1.0,1.0,2.0,3.0,3.0,5.0,5.0,5.0,,3.0,3.0,5.0,5.0,5.0,5.0,5.0,,5.0,5.0,4.0,3.0,3.0,5.0,5.0,1.0,,,,,1.0,,2.0,,,,,,2.0,2.0,1.0,99.0,1.0,3.0,2.0,4.0,,,,,,,,,0,,0,,0,,,,,,,,,,,,,,,,,,,,,,,,,,,,,,,,,,,,,,,,,,,,,,,,,,,,,,,,,,,,,,,,,,,,,,,,,,,,,1.0,4.0,9.0,2,2,1,1,6,2,,1,1,1,1,1,6,,4,6,2,,2,4,1,6,4,1.0,2,2,0.540515446377815,
201901001175,2023-10-29T19:13:22Z,2023-10-29T19:19:06Z,2,1,1,6,2,2,2,4.0,2.0,2.0,2.0,1.0,,,,,,,,1.0,1.0,,,,,,,,1.0,2.0,2.0,2.0,4.0,4.0,3.0,3.0,3.0,,,3.0,4.0,4.0,4.0,4.0,4.0,,,3.0,1.0,,,,1.0,1.0,2.0,1.0,2.0,2.0,2.0,2.0,,,,,,2.0,1.0,1.0,3.0,2.0,3.0,3.0,1.0,1.0,1.0,1.0,1.0,,1.0,1.0,,0,,0,,0,,,,,,,,,,,,,,,,,,,,,,,,,,,,,,,,,,,,,,,,,,,,,,,,,,,,,,,,,,,,,,,,,,,,,,,,,,,,,1.0,3.0,5.0,2,1,2,1,6,2,,1,1,1,1,6,5,,4,6,3,2.0,2,3,1,9,3,1.0,2,3,1.338158205368749,
201901001205,2023-10-28T09:54:12Z,2023-10-28T10:14:08Z,2,1,1,1,1,2,1,4.0,2.0,2.0,1.0,2.0,,,,,,,,1.0,1.0,,,,,,,,1.0,1.0,1.0,3.0,2.0,1.0,2.0,4.0,,2.0,1.0,4.0,5.0,4.0,4.0,4.0,,5.0,4.0,1.0,3.0,1.0,3.0,3.0,1.0,,,,,1.0,,2.0,,,,,,2.0,2.0,2.0,4.0,2.0,2.0,2.0,4.0,,,,,,,,,0,,0,,0,,,,,,,,,,,,,,,,,,,,,,,,,,,,,,,,,,,,,,,,,,,,,,,,,,,,,,,,,,,,,,,,,,,,,,,,,,,,,1.0,4.0,8.0,2,2,2,1,6,2,,1,1,1,1,1,2,2.0,2,1,3,1.0,1,1,1,9,2,2.0,1,2,0.3468777671482121,
201901001471,2023-10-30T21:09:44Z,2023-10-30T21:13:23Z,2,1,1,1,1,2,1,4.0,2.0,2.0,1.0,2.0,,,,,,,,1.0,1.0,,,,,,,,1.0,1.0,1.0,3.0,4.0,4.0,5.0,5.0,,5.0,3.0,5.0,5.0,5.0,5.0,5.0,,5.0,5.0,4.0,3.0,4.0,3.0,3.0,1.0,,,,,1.0,,2.0,,,,,,2.0,3.0,2.0,4.0,2.0,3.0,3.0,4.0,,,,,,,,,0,,0,,0,,,,,,,,,,,,,,,,,,,,,,,,,,,,,,,,,,,,,,,,,,,,,,,,,,,,,,,,,,,,,,,,,,,,,,,,,,,,,1.0,2.0,3.0,3,1,1,3,2,2,,1,1,1,1,1,12,,3,6,3,1.0,1,1,1,9,2,2.0,1,2,1.519510530074019,
201901001554,2023-10-29T22:42:54Z,2023-10-29T22:46:56Z,2,1,1,3,2,2,1,4.0,2.0,2.0,1.0,2.0,,,,,,,,1.0,1.0,,,,,,,,1.0,2.0,2.0,4.0,2.0,3.0,4.0,3.0,2.0,,,5.0,1.0,3.0,5.0,5.0,5.0,,,4.0,3.0,2.0,3.0,5.0,1.0,,,3.0,5.0,1.0,,2.0,,,,,,2.0,2.0,2.0,2.0,2.0,2.0,3.0,4.0,,,,,,,,,0,,0,,0,,,,,,,,,,,,,,,,,,,,,,,,,,,,,,,,,,,,,,,,,,,,,,,,,,,,,,,,,,,,,,,,,,,,,,,,,,,,,1.0,3.0,5.0,2,2,2,1,6,2,,1,2,2,1,3,10,,3,5,4,1.0,1,2,1,9,3,1.0,1,3,0.1966338377960101,
201901001744,2023-10-29T22:07:55Z,2023-10-29T22:16:02Z,1,1,1,1,1,2,1,4.0,2.0,2.0,2.0,1.0,,,,,,,,1.0,2.0,,,,,,,,1.0,2.0,4.0,5.0,5.0,5.0,5.0,5.0,,5.0,5.0,4.0,2.0,1.0,2.0,2.0,,4.0,3.0,5.0,3.0,4.0,5.0,5.0,1.0,,,,,1.0,,2.0,,,,,,2.0,4.0,1.0,2.0,3.0,3.0,3.0,4.0,,,,,,,,,0,,0,,0,,,,,,,,,,,,,,,,,,,,,,,,,,,,,,,,,,,,,,,,,,,,,,,,,,,,,,,,,,,,,,,,,,,,,,,,,,,,,1.0,1.0,2.0,1,2,1,1,6,2,,2,3,5,4,1,12,,3,6,3,1.0,1,2,3,9,3,2.0,2,2,1.1020617555942245,
201901001877,2023-10-27T17:56:52Z,2023-10-27T18:05:12Z,2,1,1,1,2,2,1,4.0,2.0,2.0,2.0,1.0,,,,,,,,1.0,1.0,,,,,,,,1.0,1.0,1.0,1.0,2.0,4.0,2.0,3.0,,5.0,,5.0,3.0,5.0,3.0,4.0,,5.0,,2.0,3.0,3.0,2.0,3.0,1.0,,,1.0,3.0,2.0,1.0,2.0,,,,,,2.0,1.0,2.0,4.0,2.0,3.0,3.0,4.0,,,,,,,,,0,,0,,0,,,,,,,,,,,,,,,,,,,,,,,,,,,,,,,,,,,,,,,,,,,,,,,,,,,,,,,,,,,,,,,,,,,,,,,,,,,,,1.0,3.0,6.0,2,1,2,1,6,2,,1,3,5,1,1,6,,4,4,2,,2,4,1,9,5,2.0,1,3,0.2540212447693574,
201901002570,2023-10-24T20:34:05Z,2023-10-24T20:37:26Z,2,1,1,1,1,2,1,4.0,2.0,2.0,2.0,1.0,,,,,,,,1.0,1.0,,,,,,,,1.0,2.0,2.0,4.0,3.0,3.0,4.0,4.0,,4.0,3.0,3.0,3.0,3.0,3.0,4.0,,3.0,3.0,3.0,3.0,1.0,2.0,5.0,1.0,,,,,1.0,,2.0,,,,,,2.0,1.0,1.0,3.0,3.0,3.0,3.0,4.0,,,,,,,,,0,,0,,0,,,,,,,,,,,,,,,,,,,,,,,,,,,,,,,,,,,,,,,,,,,,,,,,,,,,,,,,,,,,,,,,,,,,,,,,,,,,,1.0,3.0,5.0,2,2,1,1,6,2,,3,3,5,4,1,1,1.0,1,2,1,,1,1,3,9,2,1.0,1,3,0.4509151453556285,
201901002620,2023-10-29T17:14:40Z,2023-10-29T17:22:13Z,2,2,1,1,2,2,1,4.0,2.0,2.0,2.0,1.0,,,,,,,,1.0,1.0,,,,,,,,1.0,2.0,2.0,3.0,3.0,4.0,2.0,4.0,,4.0,,3.0,2.0,3.0,99.0,3.0,,3.0,,3.0,1.0,,,,3.0,,,3.0,5.0,2.0,2.0,2.0,,,,,,2.0,1.0,2.0,3.0,2.0,3.0,3.0,99.0,,,,,,,,,0,,0,,0,,,,,,,,,,,,,,,,,,,,,,,,,,,,,,,,,,,,,,,,,,,,,,,,,,,,,,,,,,,,,,,,,,,,,,,,,,,,,1.0,4.0,9.0,3,1,2,3,2,1,1.0,1,1,3,1,1,2,1.0,2,3,2,,2,3,1,1,3,2.0,2,99,3.3741915126606488,
201901002715,2023-10-28T10:09:44Z,2023-10-28T10:17:03Z,2,1,1,1,1,2,1,4.0,2.0,2.0,1.0,2.0,,,,,,,,1.0,1.0,,,,,,,,1.0,2.0,3.0,1.0,1.0,3.0,2.0,3.0,,2.0,1.0,3.0,3.0,4.0,4.0,3.0,,3.0,3.0,2.0,3.0,2.0,1.0,2.0,1.0,,,,,3.0,3.0,1.0,2.0,2.0,1.0,2.0,1.0,2.0,2.0,1.0,3.0,2.0,3.0,3.0,4.0,,,,,,,,,0,,0,,0,,,,,,,,,,,,,,,,,,,,,,,,,,,,,,,,,,,,,,,,,,,,,,,,,,,,,,,,,,,,,,,,,,,,,,,,,,,,,2.0,2.0,3.0,3,2,2,1,5,2,,1,1,1,1,1,1,2.0,1,1,3,1.0,1,2,1,2,3,1.0,1,1,0.1580467263079527,
201901002747,2023-10-29T11:12:26Z,2023-10-29T11:16:48Z,2,1,1,2,2,2,2,4.0,2.0,2.0,2.0,1.0,,,,,,,,1.0,1.0,,,,,,,,1.0,2.0,2.0,3.0,3.0,4.0,3.0,4.0,,3.0,,4.0,4.0,3.0,5.0,5.0,,5.0,,4.0,3.0,4.0,2.0,3.0,1.0,3.0,5.0,2.0,5.0,1.0,,2.0,,,,,,2.0,2.0,2.0,5.0,2.0,2.0,2.0,4.0,,,,,,,,,0,,0,,0,,,,,,,,,,,,,,,,,,,,,,,,,,,,,,,,,,,,,,,,,,,,,,,,,,,,,,,,,,,,,,,,,,,,,,,,,,,,,1.0,4.0,8.0,1,2,2,1,5,2,,1,1,1,1,2,12,,3,5,2,,2,3,1,8,3,1.0,2,2,0.2774445649520666,
201901002809,2023-11-01T19:31:54Z,2023-11-01T19:36:48Z,2,1,1,6,2,2,2,4.0,2.0,2.0,1.0,2.0,,,,,,,,1.0,1.0,,,,,,,,1.0,1.0,1.0,3.0,3.0,3.0,3.0,3.0,4.0,,,4.0,5.0,5.0,4.0,4.0,5.0,,,1.0,1.0,,,,2.0,1.0,3.0,3.0,3.0,2.0,1.0,2.0,,,,,,2.0,1.0,1.0,3.0,1.0,3.0,3.0,1.0,1.0,3.0,2.0,3.0,,1.0,1.0,,0,,0,,0,,,,,,,,,,,,,,,,,,,,,,,,,,,,,,,,,,,,,,,,,,,,,,,,,,,,,,,,,,,,,,,,,,,,,,,,,,,,,1.0,4.0,9.0,1,1,1,2,3,1,1.0,1,99,3,1,6,2,2.0,2,2,3,1.0,1,2,1,5,4,1.0,2,2,5.637480534983634,
201901002954,2023-10-28T12:39:49Z,2023-10-28T14:31:44Z,2,1,1,2,1,2,2,4.0,1.0,1.0,2.0,,,,,,,,,1.0,,,,,,,,,99.0,2.0,2.0,5.0,3.0,4.0,3.0,3.0,,4.0,4.0,2.0,5.0,4.0,5.0,4.0,,3.0,3.0,3.0,3.0,3.0,3.0,6.0,1.0,1.0,4.0,,,1.0,,2.0,,,,,,1.0,2.0,2.0,2.0,2.0,2.0,2.0,4.0,,,,,,,,,0,,0,,0,,,,,,,,,,,,,,,,,,,,,,,,,,,,,,,,,,,,,,,,,,,,,,,,,,,,,,,,,,,,,,,,,,,,,,,,,,,,,1.0,3.0,7.0,1,2,2,2,4,1,1.0,1,1,3,1,2,12,,3,6,2,,2,3,2,3,3,1.0,2,1,0.7075225945398873,
201901002965,2023-10-31T23:18:56Z,2023-10-31T23:29:09Z,2,1,1,2,1,2,2,4.0,2.0,2.0,2.0,1.0,,,,,,,,1.0,1.0,,,,,,,,1.0,1.0,4.0,4.0,5.0,4.0,3.0,5.0,,4.0,4.0,4.0,5.0,4.0,6.0,5.0,,5.0,5.0,4.0,3.0,5.0,2.0,3.0,3.0,3.0,4.0,,,1.0,,2.0,,,,,,2.0,3.0,2.0,4.0,3.0,3.0,3.0,4.0,,,,,,,,,0,,0,,0,,,,,,,,,,,,,,,,,,,,,,,,,,,,,,,,,,,,,,,,,,,,,,,,,,,,,,,,,,,,,,,,,,,,,,,,,,,,,1.0,2.0,4.0,2,2,2,2,3,2,,1,4,4,1,2,12,,3,6,4,1.0,1,2,1,5,3,2.0,2,2,0.8246879040847969,
201901003096,2023-10-29T09:06:38Z,2023-10-29T09:10:25Z,2,1,1,6,2,2,2,3.0,2.0,2.0,2.0,1.0,,,,,,,,1.0,1.0,,,,,,,,1.0,2.0,1.0,1.0,1.0,3.0,3.0,3.0,4.0,,,4.0,4.0,4.0,4.0,4.0,5.0,,,2.0,3.0,3.0,2.0,5.0,3.0,1.0,3.0,3.0,4.0,5.0,1.0,1.0,1.0,1.0,2.0,1.0,1.0,2.0,1.0,1.0,3.0,2.0,3.0,3.0,4.0,,,,,,,,,0,,0,,0,,,,,,,,,,,,,,,,,,,,,,,,,,,,,,,,,,,,,,,,,,,,,,,,,,,,,,,,,,,,,,,,,,,,,,,,,,,,,1.0,3.0,6.0,2,1,1,1,5,2,,1,1,1,1,6,12,,3,6,2,,2,4,2,9,4,1.0,1,3,1.8629438365051323,
201901003197,2023-10-27T17:16:42Z,2023-10-27T17:21:12Z,2,1,1,3,2,2,1,4.0,2.0,2.0,1.0,2.0,,,,,,,,1.0,1.0,,,,,,,,1.0,2.0,2.0,5.0,5.0,5.0,5.0,5.0,5.0,,,5.0,3.0,3.0,5.0,3.0,5.0,,,4.0,3.0,2.0,2.0,2.0,1.0,,,3.0,3.0,1.0,,2.0,,,,,,1.0,3.0,4.0,3.0,3.0,3.0,3.0,4.0,,,,,,,,,0,,0,,0,,,,,,,,,,,,,,,,,,,,,,,,,,,,,,,,,,,,,,,,,,,,,,,,,,,,,,,,,,,,,,,,,,,,,,,,,,,,,2.0,2.0,3.0,3,2,2,1,5,2,,1,1,1,1,3,1,2.0,1,6,1,,1,2,3,7,3,1.0,1,3,0.1574694388631823,
201901003249,2023-10-29T05:42:38Z,2023-10-29T05:48:44Z,1,1,1,1,2,2,1,3.0,2.0,2.0,2.0,1.0,,,,,,,,1.0,1.0,,,,,,,,1.0,2.0,1.0,3.0,1.0,2.0,2.0,2.0,,3.0,,4.0,5.0,4.0,5.0,4.0,,5.0,,2.0,3.0,2.0,2.0,5.0,5.0,,,1.0,3.0,1.0,,2.0,,,,,,2.0,1.0,1.0,3.0,1.0,3.0,3.0,4.0,,,,,,,,,0,,0,,0,,,,,,,,,,,,,,,,,,,,,,,,,,,,,,,,,,,,,,,,,,,,,,,,,,,,,,,,,,,,,,,,,,,,,,,,,,,,,1.0,2.0,3.0,2,1,2,1,5,2,,1,1,1,1,1,1,2.0,1,5,2,,2,4,1,9,4,1.0,1,3,0.1794890634170046,
201901003296,2023-10-29T19:22:06Z,2023-10-29T19:24:31Z,2,1,1,2,2,2,2,4.0,2.0,2.0,2.0,1.0,,,,,,,,1.0,1.0,,,,,,,,1.0,1.0,4.0,5.0,5.0,5.0,3.0,5.0,,5.0,,2.0,2.0,1.0,2.0,1.0,,1.0,,5.0,3.0,2.0,3.0,3.0,1.0,1.0,5.0,3.0,5.0,1.0,,2.0,,,,,,2.0,4.0,5.0,5.0,3.0,2.0,2.0,4.0,,,,,,,,,0,,0,,0,,,,,,,,,,,,,,,,,,,,,,,,,,,,,,,,,,,,,,,,,,,,,,,,,,,,,,,,,,,,,,,,,,,,,,,,,,,,,1.0,3.0,7.0,2,1,2,3,2,1,1.0,3,1,3,4,2,12,,3,6,2,,2,3,3,1,3,1.0,2,1,5.335250466563975,
201901003368,2023-11-04T11:32:16Z,2023-11-04T12:38:56Z,2,1,1,2,2,2,2,4.0,2.0,2.0,1.0,2.0,,,,,,,,1.0,1.0,,,,,,,,1.0,2.0,3.0,3.0,4.0,5.0,3.0,5.0,,5.0,,4.0,3.0,4.0,5.0,2.0,,5.0,,3.0,3.0,3.0,1.0,3.0,1.0,1.0,2.0,3.0,4.0,2.0,1.0,1.0,2.0,1.0,2.0,1.0,2.0,1.0,3.0,3.0,3.0,4.0,1.0,3.0,4.0,,,,,,,,,0,,0,,0,,,,,,,,,,,,,,,,,,,,,,,,,,,,,,,,,,,,,,,,,,,,,,,,,,,,,,,,,,,,,,,,,,,,,,,,,,,,,1.0,1.0,2.0,2,1,2,1,6,2,,1,1,1,1,2,10,,3,6,3,2.0,2,4,1,2,5,2.0,2,1,2.140265888607485,
201901003466,2023-10-28T07:45:34Z,2023-10-28T07:49:47Z,2,1,1,6,1,2,2,2.0,2.0,2.0,2.0,1.0,,,,,,,,1.0,1.0,,,,,,,,1.0,1.0,3.0,1.0,1.0,3.0,3.0,3.0,3.0,,2.0,3.0,5.0,5.0,5.0,3.0,4.0,,4.0,2.0,3.0,1.0,1.0,2.0,1.0,1.0,5.0,,,3.0,2.0,1.0,2.0,2.0,2.0,2.0,1.0,2.0,3.0,2.0,5.0,3.0,3.0,3.0,4.0,,,,,,,,,0,,0,,0,,,,,,,,,,,,,,,,,,,,,,,,,,,,,,,,,,,,,,,,,,,,,,,,,,,,,,,,,,,,,,,,,,,,,,,,,,,,,1.0,3.0,5.0,2,2,2,2,3,2,,1,1,1,1,6,1,1.0,1,2,1,,1,2,3,1,3,1.0,2,1,1.2380198903154225,
201901003533,2023-10-26T19:50:00Z,2023-10-26T19:53:29Z,2,1,1,1,2,2,1,4.0,1.0,1.0,2.0,,,,,,,,,1.0,,,,,,,,,99.0,2.0,2.0,4.0,2.0,4.0,5.0,3.0,,3.0,,3.0,5.0,5.0,4.0,5.0,,5.0,,4.0,3.0,3.0,1.0,5.0,1.0,,,3.0,3.0,1.0,,2.0,,,,,,2.0,3.0,2.0,2.0,2.0,3.0,3.0,4.0,,,,,,,,,0,,0,,0,,,,,,,,,,,,,,,,,,,,,,,,,,,,,,,,,,,,,,,,,,,,,,,,,,,,,,,,,,,,,,,,,,,,,,,,,,,,,1.0,2.0,3.0,1,1,2,1,6,2,,4,1,1,4,1,9,,3,6,2,,2,4,1,9,5,1.0,2,3,0.8193033471830345,
201901003551,2023-10-27T22:04:34Z,2023-10-27T22:10:19Z,2,1,1,1,2,2,1,4.0,1.0,1.0,2.0,,,,,,,,,1.0,,,,,,,,,99.0,2.0,1.0,3.0,1.0,2.0,3.0,3.0,,2.0,,4.0,4.0,5.0,5.0,4.0,,4.0,,3.0,3.0,1.0,1.0,3.0,1.0,,,1.0,5.0,1.0,,1.0,2.0,2.0,2.0,2.0,2.0,1.0,2.0,2.0,2.0,2.0,3.0,3.0,4.0,,,,,,,,,0,,0,,0,,,,,,,,,,,,,,,,,,,,,,,,,,,,,,,,,,,,,,,,,,,,,,,,,,,,,,,,,,,,,,,,,,,,,,,,,,,,,1.0,2.0,4.0,3,2,1,3,2,2,,1,2,2,1,1,1,2.0,1,6,3,2.0,2,3,2,2,3,2.0,2,1,6.314159461681934,
201901004585,2023-10-31T11:21:21Z,2023-10-31T11:27:04Z,2,1,1,6,2,2,2,2.0,2.0,2.0,2.0,1.0,,,,,,,,1.0,2.0,,,,,,,,1.0,2.0,1.0,5.0,3.0,5.0,5.0,5.0,5.0,,,1.0,1.0,1.0,3.0,1.0,5.0,,,3.0,2.0,6.0,1.0,1.0,1.0,3.0,5.0,2.0,5.0,3.0,1.0,1.0,2.0,2.0,1.0,1.0,1.0,1.0,2.0,3.0,2.0,3.0,2.0,3.0,2.0,4.0,3.0,5.0,4.0,,1.0,1.0,,0,,0,,0,,,,,,,,,,,,,,,,,,,,,,,,,,,,,,,,,,,,,,,,,,,,,,,,,,,,,,,,,,,,,,,,,,,,,,,,,,,,,1.0,4.0,9.0,3,1,1,2,4,1,5.0,1,1,3,1,6,9,,3,6,2,,2,4,1,1,5,1.0,2,1,0.031334508909769,
201901004944,2023-10-28T13:18:20Z,2023-10-29T01:14:26Z,2,2,1,1,2,2,1,4.0,2.0,2.0,1.0,2.0,,,,,,,,1.0,1.0,,,,,,,,1.0,2.0,1.0,4.0,4.0,5.0,5.0,5.0,,5.0,,5.0,3.0,3.0,3.0,3.0,,5.0,,5.0,3.0,5.0,3.0,5.0,1.0,,,1.0,3.0,1.0,,2.0,,,,,,2.0,4.0,4.0,2.0,4.0,2.0,2.0,4.0,,,,,,,,,0,,0,,0,,,,,,,,,,,,,,,,,,,,,,,,,,,,,,,,,,,,,,,,,,,,,,,,,,,,,,,,,,,,,,,,,,,,,,,,,,,,,1.0,4.0,9.0,1,2,1,1,6,1,8.0,3,1,3,4,1,10,,3,5,3,2.0,2,4,3,9,5,1.0,1,3,0.0440936566756319,
201901005058,2023-10-29T11:50:11Z,2023-10-29T11:54:27Z,1,1,1,6,2,2,2,4.0,2.0,2.0,1.0,2.0,,,,,,,,1.0,1.0,,,,,,,,1.0,1.0,3.0,4.0,1.0,3.0,3.0,2.0,5.0,,,4.0,3.0,4.0,4.0,4.0,3.0,,,3.0,1.0,,,,1.0,1.0,4.0,1.0,4.0,2.0,1.0,2.0,,,,,,1.0,3.0,3.0,2.0,1.0,3.0,3.0,1.0,2.0,1.0,2.0,1.0,,2.0,2.0,,0,,0,,0,,,,,,,,,,,,,,,,,,,,,,,,,,,,,,,,,,,,,,,,,,,,,,,,,,,,,,,,,,,,,,,,,,,,,,,,,,,,,1.0,4.0,9.0,1,1,1,1,5,1,1.0,1,5,3,1,6,2,2.0,2,5,2,,2,4,1,9,4,1.0,2,2,0.0793805756584763,
201901007166,2023-10-31T15:16:49Z,2023-10-31T15:32:33Z,2,1,1,6,2,2,2,4.0,2.0,2.0,2.0,1.0,,,,,,,,1.0,1.0,,,,,,,,1.0,2.0,1.0,3.0,1.0,3.0,2.0,1.0,3.0,,,3.0,4.0,5.0,4.0,3.0,4.0,,,2.0,2.0,1.0,1.0,1.0,1.0,1.0,3.0,1.0,2.0,5.0,1.0,1.0,2.0,2.0,1.0,1.0,1.0,1.0,2.0,1.0,1.0,2.0,3.0,3.0,1.0,1.0,4.0,1.0,1.0,,2.0,1.0,,0,,0,,0,,,,,,,,,,,,,,,,,,,,,,,,,,,,,,,,,,,,,,,,,,,,,,,,,,,,,,,,,,,,,,,,,,,,,,,,,,,,,1.0,3.0,5.0,2,1,2,1,5,1,2.0,1,1,3,1,6,2,2.0,2,5,1,,1,2,1,5,3,1.0,2,2,0.027029023890136,
201901007349,2023-11-02T08:57:51Z,2023-11-02T09:18:01Z,2,1,1,6,2,2,2,4.0,2.0,2.0,2.0,1.0,,,,,,,,1.0,1.0,,,,,,,,1.0,1.0,2.0,3.0,4.0,5.0,3.0,4.0,4.0,,,3.0,5.0,5.0,5.0,3.0,5.0,,,3.0,1.0,,,,1.0,1.0,5.0,1.0,3.0,3.0,2.0,1.0,2.0,1.0,1.0,2.0,2.0,1.0,4.0,4.0,3.0,3.0,3.0,1.0,1.0,4.0,5.0,3.0,3.0,,1.0,1.0,,0,,0,,0,,,,,,,,,,,,,,,,,,,,,,,,,,,,,,,,,,,,,,,,,,,,,,,,,,,,,,,,,,,,,,,,,,,,,,,,,,,,,1.0,3.0,7.0,1,1,1,2,3,1,1.0,1,1,3,1,6,2,2.0,2,6,3,1.0,1,2,1,1,3,1.0,2,1,0.1696104138494519,
201901007704,2023-10-24T23:18:41Z,2023-10-24T23:21:57Z,1,1,1,6,2,2,2,4.0,1.0,1.0,2.0,,,,,,,,,1.0,,,,,,,,,99.0,2.0,2.0,4.0,4.0,4.0,4.0,4.0,4.0,,,3.0,3.0,4.0,3.0,3.0,3.0,,,4.0,3.0,2.0,2.0,2.0,1.0,3.0,3.0,3.0,4.0,1.0,,2.0,,,,,,1.0,3.0,2.0,4.0,3.0,3.0,3.0,4.0,,,,,,,,,0,,0,,0,,,,,,,,,,,,,,,,,,,,,,,,,,,,,,,,,,,,,,,,,,,,,,,,,,,,,,,,,,,,,,,,,,,,,,,,,,,,,1.0,1.0,2.0,1,1,1,1,5,1,4.0,1,4,3,1,6,9,,3,6,3,2.0,2,3,1,4,3,2.0,2,2,0.018203731119452,
201901009747,2023-10-28T16:13:49Z,2023-10-28T16:24:26Z,2,2,1,1,1,2,1,4.0,2.0,2.0,1.0,2.0,,,,,,,,1.0,1.0,,,,,,,,1.0,2.0,2.0,4.0,3.0,4.0,4.0,4.0,,5.0,4.0,4.0,2.0,3.0,3.0,4.0,,3.0,3.0,4.0,3.0,5.0,2.0,5.0,1.0,,,,,1.0,,2.0,,,,,,2.0,3.0,3.0,3.0,3.0,3.0,3.0,4.0,,,,,,,,,0,,0,,0,,,,,,,,,,,,,,,,,,,,,,,,,,,,,,,,,,,,,,,,,,,,,,,,,,,,,,,,,,,,,,,,,,,,,,,,,,,,,1.0,3.0,5.0,1,2,1,1,5,1,8.0,2,5,3,4,1,12,,3,6,2,,2,4,3,8,4,1.0,2,2,0.018203731119452,
201901012658,2023-10-28T00:10:23Z,2023-10-28T00:16:07Z,2,1,1,6,2,2,2,4.0,2.0,2.0,1.0,2.0,,,,,,,,1.0,1.0,,,,,,,,1.0,2.0,3.0,1.0,2.0,2.0,2.0,3.0,4.0,,,3.0,5.0,5.0,3.0,4.0,5.0,,,1.0,1.0,,,,3.0,1.0,5.0,1.0,5.0,5.0,3.0,1.0,2.0,2.0,2.0,2.0,1.0,2.0,1.0,1.0,3.0,3.0,3.0,3.0,1.0,2.0,3.0,4.0,3.0,,2.0,2.0,,0,,0,,0,,,,,,,,,,,,,,,,,,,,,,,,,,,,,,,,,,,,,,,,,,,,,,,,,,,,,,,,,,,,,,,,,,,,,,,,,,,,,1.0,4.0,9.0,2,1,2,3,2,1,1.0,1,1,3,1,6,2,2.0,2,6,2,,2,4,1,2,4,1.0,2,1,0.1250025168889001,
201901012789,2023-10-27T18:29:36Z,2023-10-27T18:32:49Z,1,1,1,6,2,2,2,3.0,2.0,2.0,1.0,2.0,,,,,,,,1.0,1.0,,,,,,,,1.0,2.0,2.0,5.0,5.0,5.0,5.0,5.0,5.0,,,4.0,5.0,3.0,5.0,5.0,6.0,,,3.0,3.0,3.0,6.0,4.0,2.0,1.0,5.0,1.0,5.0,1.0,,2.0,,,,,,1.0,2.0,2.0,3.0,1.0,3.0,3.0,4.0,,,,,,,,,0,,0,,0,,,,,,,,,,,,,,,,,,,,,,,,,,,,,,,,,,,,,,,,,,,,,,,,,,,,,,,,,,,,,,,,,,,,,,,,,,,,,1.0,4.0,9.0,1,1,1,1,6,1,1.0,1,1,3,1,6,2,2.0,2,5,4,2.0,2,4,3,8,5,1.0,2,2,0.1336941838788348,
201901013031,2023-10-31T19:55:48Z,2023-10-31T20:00:36Z,2,2,1,3,1,1,1,4.0,2.0,2.0,2.0,1.0,,,,,,,,1.0,1.0,,,,,,,,1.0,2.0,4.0,4.0,3.0,5.0,2.0,3.0,4.0,,2.0,4.0,4.0,4.0,4.0,4.0,4.0,,4.0,3.0,3.0,3.0,3.0,5.0,3.0,,,,,1.0,,2.0,,,,,,1.0,2.0,2.0,3.0,3.0,3.0,2.0,4.0,,,,,,,,,0,,0,,0,,,,,,,,,,,,,,,,,,,,,,,,,,,,,,,,,,,,,,,,,,,,,,,,,,,,,,,,,,,,,,,,,,,,,,,,,,,,,1.0,4.0,9.0,3,1,2,3,1,1,1.0,1,1,3,1,3,1,1.0,1,2,1,,1,2,1,99,3,3.0,99,99,0.0431689230906912,
201901013530,2023-10-27T21:00:18Z,2023-10-27T21:07:22Z,2,1,1,6,2,2,2,4.0,2.0,2.0,1.0,2.0,,,,,,,,1.0,1.0,,,,,,,,1.0,2.0,1.0,5.0,5.0,5.0,5.0,5.0,5.0,,,4.0,4.0,5.0,4.0,4.0,4.0,,,5.0,3.0,3.0,3.0,5.0,1.0,1.0,4.0,1.0,4.0,1.0,,2.0,,,,,,1.0,3.0,1.0,5.0,5.0,3.0,3.0,4.0,,,,,,,,,0,,0,,0,,,,,,,,,,,,,,,,,,,,,,,,,,,,,,,,,,,,,,,,,,,,,,,,,,,,,,,,,,,,,,,,,,,,,,,,,,,,,1.0,3.0,5.0,2,2,2,1,5,1,7.0,1,1,3,1,6,2,2.0,2,6,2,,2,3,1,6,3,1.0,1,2,0.018203731119452,
201901013585,2023-10-27T17:22:14Z,2023-10-27T17:26:43Z,2,2,1,1,2,2,1,4.0,2.0,2.0,2.0,1.0,,,,,,,,1.0,1.0,,,,,,,,1.0,1.0,1.0,2.0,1.0,3.0,1.0,2.0,,4.0,,3.0,4.0,4.0,6.0,3.0,,3.0,,2.0,3.0,3.0,1.0,5.0,1.0,,,3.0,5.0,2.0,1.0,1.0,1.0,2.0,2.0,2.0,2.0,1.0,2.0,1.0,2.0,2.0,3.0,3.0,4.0,,,,,,,,,0,,0,,0,,,,,,,,,,,,,,,,,,,,,,,,,,,,,,,,,,,,,,,,,,,,,,,,,,,,,,,,,,,,,,,,,,,,,,,,,,,,,1.0,3.0,5.0,1,1,2,2,4,1,8.0,2,1,3,4,1,12,,3,6,4,99.0,9,9,3,4,99,1.0,2,2,0.0588196532512236,
201901015279,2023-10-28T21:12:37Z,2023-10-28T21:17:37Z,2,1,1,6,2,2,2,4.0,2.0,2.0,2.0,1.0,,,,,,,,1.0,1.0,,,,,,,,1.0,2.0,1.0,3.0,2.0,4.0,3.0,4.0,2.0,,,3.0,3.0,4.0,2.0,3.0,6.0,,,1.0,1.0,,,,1.0,1.0,2.0,1.0,2.0,3.0,2.0,2.0,,,,,,1.0,1.0,2.0,3.0,3.0,3.0,3.0,1.0,2.0,2.0,4.0,4.0,,1.0,1.0,,0,,0,,0,,,,,,,,,,,,,,,,,,,,,,,,,,,,,,,,,,,,,,,,,,,,,,,,,,,,,,,,,,,,,,,,,,,,,,,,,,,,,1.0,4.0,9.0,2,2,1,2,3,1,1.0,1,1,3,1,6,1,2.0,1,3,1,,1,1,1,1,2,1.0,2,1,0.0772155625878338,
201901016693,2023-10-28T19:49:36Z,2023-10-28T19:53:37Z,2,1,1,1,1,2,1,4.0,2.0,2.0,2.0,1.0,,,,,,,,1.0,1.0,,,,,,,,1.0,1.0,1.0,1.0,2.0,2.0,2.0,3.0,,3.0,2.0,4.0,5.0,5.0,4.0,5.0,,5.0,3.0,3.0,3.0,3.0,1.0,3.0,1.0,,,,,1.0,,2.0,,,,,,2.0,1.0,1.0,4.0,2.0,3.0,3.0,4.0,,,,,,,,,0,,0,,0,,,,,,,,,,,,,,,,,,,,,,,,,,,,,,,,,,,,,,,,,,,,,,,,,,,,,,,,,,,,,,,,,,,,,,,,,,,,,1.0,3.0,5.0,2,2,1,1,5,2,,1,1,1,1,1,1,2.0,1,4,1,,1,1,1,9,2,1.0,2,2,0.4650787801699212,
201901016805,2023-10-30T10:04:54Z,2023-10-30T10:09:51Z,2,1,1,6,2,2,2,4.0,1.0,1.0,2.0,,,,,,,,,1.0,,,,,,,,,99.0,2.0,4.0,4.0,4.0,4.0,4.0,4.0,4.0,,,4.0,2.0,2.0,4.0,4.0,3.0,,,4.0,3.0,2.0,1.0,3.0,1.0,1.0,3.0,3.0,2.0,1.0,,2.0,,,,,,2.0,2.0,3.0,1.0,2.0,3.0,3.0,4.0,,,,,,,,,0,,0,,0,,,,,,,,,,,,,,,,,,,,,,,,,,,,,,,,,,,,,,,,,,,,,,,,,,,,,,,,,,,,,,,,,,,,,,,,,,,,,1.0,3.0,6.0,3,2,2,2,4,2,,1,1,1,1,6,7,,4,6,2,,2,4,1,5,4,1.0,2,2,0.5432872896301101,
201901017916,2023-10-27T17:28:01Z,2023-11-01T11:15:08Z,2,1,1,1,1,2,1,4.0,1.0,1.0,2.0,,,,,,,,,1.0,,,,,,,,,99.0,2.0,2.0,2.0,2.0,4.0,4.0,3.0,,3.0,3.0,4.0,3.0,3.0,3.0,3.0,,4.0,3.0,3.0,3.0,3.0,2.0,3.0,1.0,,,,,1.0,,2.0,,,,,,2.0,2.0,1.0,3.0,3.0,3.0,3.0,4.0,,,,,,,,,0,,0,,0,,,,,,,,,,,,,,,,,,,,,,,,,,,,,,,,,,,,,,,,,,,,,,,,,,,,,,,,,,,,,,,,,,,,,,,,,,,,,1.0,4.0,8.0,2,2,1,1,5,2,,1,1,1,1,1,10,,3,6,2,,2,4,1,9,4,1.0,2,3,0.3970088191586327,
201901017993,2023-10-27T17:02:14Z,2023-10-27T17:20:32Z,2,1,1,1,1,2,1,4.0,2.0,2.0,1.0,2.0,,,,,,,,1.0,1.0,,,,,,,,1.0,2.0,4.0,3.0,3.0,4.0,3.0,2.0,,3.0,3.0,5.0,4.0,5.0,4.0,4.0,,4.0,5.0,2.0,3.0,1.0,1.0,1.0,1.0,,,,,1.0,,2.0,,,,,,2.0,1.0,1.0,1.0,1.0,3.0,3.0,4.0,,,,,,,,,0,,0,,0,,,,,,,,,,,,,,,,,,,,,,,,,,,,,,,,,,,,,,,,,,,,,,,,,,,,,,,,,,,,,,,,,,,,,,,,,,,,,1.0,3.0,7.0,1,1,2,2,3,1,1.0,4,5,3,4,1,12,,3,4,4,2.0,2,3,3,2,3,1.0,2,1,5.075069942331987,
201901018342,2023-10-27T17:12:10Z,2023-10-27T17:16:23Z,2,1,1,1,2,2,1,4.0,2.0,2.0,2.0,2.0,,,,,,,,1.0,1.0,,,,,,,,1.0,2.0,2.0,3.0,2.0,5.0,4.0,3.0,,3.0,,3.0,4.0,5.0,2.0,3.0,,5.0,,4.0,3.0,1.0,1.0,2.0,1.0,,,1.0,1.0,3.0,1.0,1.0,2.0,2.0,2.0,1.0,2.0,2.0,1.0,2.0,4.0,2.0,3.0,3.0,4.0,,,,,,,,,0,,0,,0,,,,,,,,,,,,,,,,,,,,,,,,,,,,,,,,,,,,,,,,,,,,,,,,,,,,,,,,,,,,,,,,,,,,,,,,,,,,,1.0,3.0,5.0,1,2,1,2,3,2,,1,1,1,1,1,1,1.0,1,1,1,,1,1,1,6,2,1.0,1,2,0.8369303755823121,
201901018365,2023-10-27T20:06:22Z,2023-10-27T20:11:06Z,2,1,1,1,1,2,1,4.0,2.0,2.0,2.0,1.0,,,,,,,,1.0,1.0,,,,,,,,1.0,1.0,3.0,3.0,4.0,3.0,3.0,2.0,,4.0,2.0,3.0,4.0,3.0,3.0,3.0,,3.0,3.0,2.0,2.0,2.0,1.0,1.0,2.0,,,,,2.0,1.0,2.0,,,,,,1.0,3.0,2.0,5.0,3.0,2.0,3.0,4.0,,,,,,,,,0,,0,,0,,,,,,,,,,,,,,,,,,,,,,,,,,,,,,,,,,,,,,,,,,,,,,,,,,,,,,,,,,,,,,,,,,,,,,,,,,,,,1.0,1.0,2.0,2,2,2,1,6,2,,2,3,5,4,1,10,,3,5,3,2.0,2,3,3,9,3,1.0,2,3,0.3866927398549448,
201901018506,2023-10-28T05:32:36Z,2023-10-28T05:39:27Z,2,1,1,2,1,2,1,4.0,2.0,2.0,2.0,1.0,,,,,,,,1.0,1.0,,,,,,,,1.0,2.0,2.0,4.0,3.0,3.0,4.0,3.0,,2.0,2.0,5.0,5.0,4.0,4.0,5.0,,4.0,99.0,1.0,2.0,6.0,5.0,6.0,4.0,,,,,2.0,1.0,2.0,,,,,,1.0,2.0,1.0,5.0,2.0,3.0,3.0,1.0,2.0,1.0,2.0,3.0,3.0,1.0,1.0,,0,,0,,0,,,,,,,,,,,,,,,,,,,,,,,,,,,,,,,,,,,,,,,,,,,,,,,,,,,,,,,,,,,,,,,,,,,,,,,,,,,,,1.0,4.0,9.0,2,2,3,2,3,1,1.0,1,5,3,1,2,9,,3,6,4,2.0,2,4,1,2,5,1.0,1,1,0.4594585523142953,
201901018761,2023-10-28T14:37:08Z,2023-10-28T14:44:08Z,1,1,1,2,1,2,2,4.0,2.0,2.0,2.0,1.0,,,,,,,,1.0,1.0,,,,,,,,1.0,1.0,2.0,5.0,4.0,5.0,5.0,5.0,,5.0,3.0,4.0,3.0,3.0,3.0,5.0,,5.0,3.0,4.0,3.0,2.0,3.0,2.0,1.0,3.0,5.0,,,1.0,,2.0,,,,,,1.0,2.0,2.0,3.0,2.0,3.0,3.0,4.0,,,,,,,,,0,,0,,0,,,,,,,,,,,,,,,,,,,,,,,,,,,,,,,,,,,,,,,,,,,,,,,,,,,,,,,,,,,,,,,,,,,,,,,,,,,,,2.0,3.0,6.0,2,2,1,1,6,2,,1,2,2,1,2,1,2.0,1,5,2,,2,4,3,5,4,2.0,2,2,0.9461423363951916,
201901018886,2023-10-27T19:20:32Z,2023-10-27T19:24:46Z,2,1,1,2,2,2,2,3.0,2.0,2.0,2.0,1.0,,,,,,,,1.0,1.0,,,,,,,,1.0,1.0,1.0,1.0,2.0,2.0,1.0,2.0,,2.0,,4.0,5.0,4.0,3.0,4.0,,5.0,,1.0,3.0,2.0,1.0,3.0,2.0,1.0,4.0,1.0,3.0,4.0,2.0,1.0,1.0,1.0,2.0,2.0,1.0,2.0,4.0,2.0,3.0,3.0,99.0,2.0,4.0,,,,,,,,,0,,0,,0,,,,,,,,,,,,,,,,,,,,,,,,,,,,,,,,,,,,,,,,,,,,,,,,,,,,,,,,,,,,,,,,,,,,,,,,,,,,,1.0,1.0,2.0,2,1,1,1,5,2,,1,1,1,1,2,10,,3,6,3,2.0,2,4,2,1,4,1.0,2,1,2.638851374849331,
201901018942,2023-10-28T04:48:47Z,2023-10-28T05:08:09Z,2,1,1,6,2,2,2,4.0,2.0,2.0,1.0,2.0,,,,,,,,1.0,1.0,,,,,,,,1.0,2.0,1.0,1.0,1.0,1.0,1.0,1.0,1.0,,,4.0,5.0,5.0,5.0,4.0,4.0,,,1.0,1.0,,,,2.0,1.0,5.0,1.0,5.0,4.0,1.0,1.0,1.0,1.0,1.0,1.0,1.0,1.0,1.0,1.0,1.0,1.0,3.0,3.0,1.0,1.0,1.0,1.0,1.0,,1.0,2.0,,0,,0,,0,,,,,,,,,,,,,,,,,,,,,,,,,,,,,,,,,,,,,,,,,,,,,,,,,,,,,,,,,,,,,,,,,,,,,,,,,,,,,1.0,2.0,3.0,2,1,1,3,2,2,,2,3,5,4,6,6,,4,1,1,,1,2,1,1,5,1.0,1,1,5.027045799214659,
201901019013,2023-11-01T23:36:03Z,2023-11-01T23:42:40Z,2,1,1,6,1,2,2,2.0,2.0,2.0,1.0,2.0,,,,,,,,2.0,1.0,,,,,,,,1.0,2.0,4.0,4.0,3.0,5.0,5.0,5.0,5.0,,5.0,5.0,5.0,5.0,5.0,5.0,3.0,,3.0,5.0,3.0,5.0,4.0,5.0,1.0,1.0,5.0,,,1.0,,2.0,,,,,,2.0,4.0,3.0,5.0,3.0,2.0,2.0,4.0,,,,,,,,,0,,0,,0,,,,,,,,,,,,,,,,,,,,,,,,,,,,,,,,,,,,,,,,,,,,,,,,,,,,,,,,,,,,,,,,,,,,,,,,,,,,,1.0,2.0,3.0,2,1,2,2,3,2,,1,2,2,1,6,12,,3,6,4,1.0,1,2,3,1,3,1.0,2,1,1.041551865075861,
201901019149,2023-10-26T20:22:04Z,2023-10-26T20:26:58Z,2,1,1,2,2,2,2,4.0,2.0,2.0,1.0,2.0,,,,,,,,1.0,1.0,,,,,,,,1.0,1.0,2.0,3.0,3.0,5.0,4.0,5.0,,5.0,,3.0,5.0,4.0,4.0,4.0,,5.0,,4.0,3.0,6.0,2.0,5.0,1.0,1.0,2.0,1.0,2.0,2.0,4.0,2.0,,,,,,2.0,2.0,2.0,3.0,2.0,3.0,3.0,4.0,,,,,,,,,0,,0,,0,,,,,,,,,,,,,,,,,,,,,,,,,,,,,,,,,,,,,,,,,,,,,,,,,,,,,,,,,,,,,,,,,,,,,,,,,,,,,1.0,4.0,9.0,1,1,2,1,5,2,,1,1,1,1,2,10,,3,6,2,,2,4,3,5,4,1.0,1,2,0.6627759269124993,
201901019203,2023-10-29T13:43:04Z,2023-10-29T13:46:53Z,2,1,1,1,1,2,1,4.0,2.0,2.0,1.0,2.0,,,,,,,,1.0,1.0,,,,,,,,1.0,1.0,1.0,1.0,1.0,1.0,1.0,1.0,,2.0,1.0,2.0,3.0,1.0,1.0,2.0,,1.0,1.0,1.0,3.0,3.0,1.0,3.0,1.0,,,,,1.0,,2.0,,,,,,2.0,1.0,1.0,3.0,1.0,3.0,3.0,4.0,,,,,,,,,0,,0,,0,,,,,,,,,,,,,,,,,,,,,,,,,,,,,,,,,,,,,,,,,,,,,,,,,,,,,,,,,,,,,,,,,,,,,,,,,,,,,1.0,2.0,4.0,2,2,1,1,5,2,,1,1,1,1,1,1,1.0,1,2,1,,1,1,1,9,1,1.0,2,3,0.4283391690013969,
201901020105,2023-10-28T22:17:58Z,2023-10-28T22:20:53Z,1,1,1,1,2,2,1,4.0,2.0,2.0,2.0,1.0,,,,,,,,1.0,1.0,,,,,,,,1.0,2.0,1.0,2.0,1.0,1.0,3.0,2.0,,3.0,,5.0,3.0,5.0,5.0,5.0,,5.0,,2.0,3.0,2.0,1.0,5.0,1.0,,,1.0,5.0,1.0,,2.0,,,,,,2.0,1.0,1.0,3.0,1.0,3.0,3.0,4.0,,,,,,,,,0,,0,,0,,,,,,,,,,,,,,,,,,,,,,,,,,,,,,,,,,,,,,,,,,,,,,,,,,,,,,,,,,,,,,,,,,,,,,,,,,,,,1.0,2.0,4.0,2,1,2,1,6,2,,1,1,1,1,1,2,2.0,2,4,2,,2,4,3,9,4,1.0,2,3,1.604506924881934,
201901020110,2023-10-28T10:52:40Z,2023-10-28T10:57:02Z,2,1,1,6,2,2,2,3.0,2.0,2.0,1.0,2.0,,,,,,,,1.0,1.0,,,,,,,,1.0,1.0,3.0,1.0,2.0,2.0,2.0,2.0,3.0,,,5.0,4.0,3.0,5.0,3.0,4.0,,,2.0,3.0,3.0,3.0,3.0,2.0,3.0,4.0,3.0,3.0,4.0,3.0,1.0,2.0,2.0,1.0,2.0,2.0,2.0,3.0,3.0,3.0,2.0,3.0,1.0,4.0,,,,,,,,,0,,0,,0,,,,,,,,,,,,,,,,,,,,,,,,,,,,,,,,,,,,,,,,,,,,,,,,,,,,,,,,,,,,,,,,,,,,,,,,,,,,,1.0,2.0,4.0,1,1,1,2,3,2,,1,1,1,1,6,10,,3,5,2,,2,4,1,8,5,2.0,1,3,2.262959050739394,
201901020479,2023-10-27T18:06:31Z,2023-10-27T18:10:07Z,2,1,1,1,1,2,1,4.0,1.0,1.0,1.0,,,,,,,,,1.0,,,,,,,,,99.0,1.0,4.0,5.0,5.0,5.0,5.0,5.0,,5.0,5.0,5.0,2.0,2.0,5.0,3.0,,3.0,2.0,5.0,3.0,5.0,5.0,5.0,1.0,,,,,1.0,,1.0,2.0,2.0,2.0,2.0,2.0,2.0,5.0,5.0,5.0,4.0,2.0,2.0,4.0,,,,,,,,,0,,0,,0,,,,,,,,,,,,,,,,,,,,,,,,,,,,,,,,,,,,,,,,,,,,,,,,,,,,,,,,,,,,,,,,,,,,,,,,,,,,,1.0,4.0,9.0,2,1,2,2,3,2,,1,4,4,1,1,10,,3,4,2,,2,4,2,3,5,1.0,1,1,1.1319536327445774,
201901020630,2023-10-30T10:52:49Z,2023-10-30T10:57:05Z,2,1,1,6,2,2,2,4.0,2.0,2.0,1.0,2.0,,,,,,,,1.0,1.0,,,,,,,,1.0,2.0,2.0,2.0,2.0,2.0,2.0,3.0,4.0,,,4.0,4.0,4.0,5.0,5.0,5.0,,,1.0,3.0,2.0,1.0,3.0,1.0,3.0,4.0,2.0,5.0,1.0,,2.0,,,,,,2.0,1.0,1.0,2.0,2.0,3.0,3.0,4.0,,,,,,,,,0,,0,,0,,,,,,,,,,,,,,,,,,,,,,,,,,,,,,,,,,,,,,,,,,,,,,,,,,,,,,,,,,,,,,,,,,,,,,,,,,,,,1.0,2.0,3.0,1,1,3,1,5,2,,1,1,1,1,6,10,,3,5,2,,2,4,3,7,5,1.0,2,2,3.4906162497282933,
201901020682,2023-11-01T16:35:40Z,2023-11-01T16:40:36Z,2,1,1,2,2,2,2,4.0,2.0,2.0,2.0,1.0,,,,,,,,1.0,1.0,,,,,,,,1.0,1.0,1.0,3.0,3.0,4.0,4.0,3.0,,4.0,,4.0,2.0,1.0,3.0,5.0,,5.0,,3.0,1.0,,,,1.0,1.0,5.0,2.0,2.0,2.0,1.0,2.0,,,,,,2.0,3.0,3.0,4.0,2.0,3.0,2.0,1.0,4.0,1.0,4.0,3.0,3.0,2.0,2.0,,0,,0,,0,,,,,,,,,,,,,,,,,,,,,,,,,,,,,,,,,,,,,,,,,,,,,,,,,,,,,,,,,,,,,,,,,,,,,,,,,,,,,1.0,2.0,3.0,2,1,2,1,5,2,,1,1,1,1,2,12,,3,6,3,2.0,2,4,2,9,4,1.0,1,3,0.5310087738149861,
201901021760,2023-10-29T13:35:46Z,2023-10-29T13:40:01Z,2,1,1,1,1,2,1,4.0,2.0,2.0,1.0,2.0,,,,,,,,1.0,1.0,,,,,,,,1.0,2.0,1.0,4.0,3.0,3.0,3.0,3.0,,4.0,3.0,5.0,5.0,5.0,5.0,5.0,,5.0,5.0,4.0,3.0,3.0,3.0,3.0,1.0,,,,,1.0,,2.0,,,,,,2.0,3.0,1.0,4.0,3.0,2.0,2.0,4.0,,,,,,,,,0,,0,,0,,,,,,,,,,,,,,,,,,,,,,,,,,,,,,,,,,,,,,,,,,,,,,,,,,,,,,,,,,,,,,,,,,,,,,,,,,,,,1.0,3.0,5.0,2,2,1,1,6,2,,1,1,1,1,1,1,1.0,1,3,4,1.0,1,1,1,9,2,2.0,1,2,0.3614862114514257,
201901021794,2023-10-27T17:14:39Z,2023-10-27T17:25:10Z,2,1,1,2,2,2,2,4.0,2.0,2.0,2.0,1.0,,,,,,,,1.0,1.0,,,,,,,,1.0,2.0,2.0,1.0,2.0,3.0,3.0,2.0,,1.0,,3.0,5.0,4.0,4.0,3.0,,5.0,,1.0,3.0,2.0,2.0,5.0,1.0,1.0,5.0,3.0,4.0,2.0,3.0,1.0,1.0,2.0,2.0,1.0,1.0,2.0,1.0,1.0,1.0,1.0,3.0,3.0,4.0,,,,,,,,,0,,0,,0,,,,,,,,,,,,,,,,,,,,,,,,,,,,,,,,,,,,,,,,,,,,,,,,,,,,,,,,,,,,,,,,,,,,,,,,,,,,,1.0,3.0,5.0,2,2,1,2,3,2,,1,1,1,1,2,12,,3,5,4,2.0,2,4,1,8,5,1.0,2,2,1.095992985990964,
201901021861,2023-10-27T16:57:54Z,2023-10-27T17:02:27Z,2,1,1,2,2,2,2,4.0,1.0,1.0,2.0,,,,,,,,,1.0,,,,,,,,,99.0,2.0,3.0,3.0,2.0,5.0,2.0,3.0,,3.0,,5.0,5.0,5.0,6.0,5.0,,5.0,,3.0,3.0,4.0,2.0,1.0,1.0,3.0,4.0,3.0,3.0,2.0,1.0,1.0,2.0,2.0,2.0,1.0,2.0,2.0,2.0,2.0,3.0,3.0,3.0,1.0,4.0,,,,,,,,,0,,0,,0,,,,,,,,,,,,,,,,,,,,,,,,,,,,,,,,,,,,,,,,,,,,,,,,,,,,,,,,,,,,,,,,,,,,,,,,,,,,,1.0,4.0,8.0,2,2,2,2,4,2,,1,1,1,1,2,12,,3,6,3,2.0,2,3,2,2,3,1.0,2,1,0.9252692019409516,
201901021916,2023-11-01T11:06:26Z,2023-11-01T11:14:19Z,2,1,1,6,2,2,2,4.0,1.0,1.0,2.0,,,,,,,,,1.0,,,,,,,,,99.0,2.0,3.0,4.0,3.0,3.0,3.0,4.0,4.0,,,4.0,2.0,4.0,3.0,4.0,4.0,,,3.0,2.0,1.0,1.0,1.0,1.0,1.0,2.0,1.0,1.0,4.0,1.0,2.0,,,,,,1.0,3.0,3.0,2.0,3.0,3.0,3.0,1.0,3.0,3.0,3.0,3.0,,1.0,1.0,,0,,0,,0,,,,,,,,,,,,,,,,,,,,,,,,,,,,,,,,,,,,,,,,,,,,,,,,,,,,,,,,,,,,,,,,,,,,,,,,,,,,,1.0,1.0,1.0,2,1,2,1,5,2,,3,2,2,4,6,1,1.0,1,1,3,99.0,9,9,1,5,2,1.0,1,2,1.8654802708020517,
201901021963,2023-10-29T22:54:18Z,2023-10-29T22:57:38Z,2,1,1,6,1,2,2,4.0,2.0,2.0,2.0,1.0,,,,,,,,1.0,1.0,,,,,,,,1.0,2.0,1.0,1.0,1.0,1.0,1.0,1.0,1.0,,1.0,3.0,5.0,4.0,5.0,3.0,3.0,,3.0,3.0,3.0,2.0,1.0,2.0,2.0,2.0,5.0,,,1.0,,2.0,,,,,,2.0,1.0,1.0,2.0,1.0,3.0,3.0,4.0,,,,,,,,,0,,0,,0,,,,,,,,,,,,,,,,,,,,,,,,,,,,,,,,,,,,,,,,,,,,,,,,,,,,,,,,,,,,,,,,,,,,,,,,,,,,,1.0,2.0,3.0,2,1,2,2,3,1,2.0,1,1,3,1,6,12,,3,6,4,1.0,1,2,2,1,3,1.0,2,1,1.0282926861897,
201901022086,2023-10-27T17:20:32Z,2023-10-27T17:28:03Z,1,1,1,1,2,2,1,4.0,2.0,2.0,1.0,2.0,,,,,,,,1.0,1.0,,,,,,,,1.0,2.0,1.0,1.0,3.0,3.0,2.0,4.0,,2.0,,3.0,4.0,5.0,5.0,3.0,,5.0,,2.0,3.0,3.0,2.0,5.0,1.0,,,1.0,3.0,2.0,1.0,1.0,2.0,2.0,2.0,2.0,1.0,2.0,1.0,1.0,2.0,1.0,3.0,3.0,4.0,,,,,,,,,0,,0,,0,,,,,,,,,,,,,,,,,,,,,,,,,,,,,,,,,,,,,,,,,,,,,,,,,,,,,,,,,,,,,,,,,,,,,,,,,,,,,1.0,4.0,9.0,1,2,1,1,6,2,,4,1,1,4,1,10,,3,6,2,,2,4,3,9,4,1.0,2,3,0.5901837453709586,
201901022224,2023-10-27T19:19:37Z,2023-10-27T19:23:49Z,2,1,1,2,2,2,2,4.0,2.0,2.0,1.0,2.0,,,,,,,,1.0,1.0,,,,,,,,1.0,1.0,3.0,3.0,3.0,3.0,3.0,5.0,,4.0,,4.0,5.0,5.0,4.0,5.0,,5.0,,2.0,3.0,5.0,3.0,5.0,3.0,1.0,5.0,3.0,3.0,1.0,,2.0,,,,,,2.0,2.0,1.0,4.0,2.0,3.0,3.0,4.0,,,,,,,,,0,,0,,0,,,,,,,,,,,,,,,,,,,,,,,,,,,,,,,,,,,,,,,,,,,,,,,,,,,,,,,,,,,,,,,,,,,,,,,,,,,,,1.0,3.0,5.0,1,2,2,1,6,2,,1,1,1,1,2,2,2.0,2,5,1,,1,1,2,9,2,2.0,2,2,0.5972764842397161,
201901022372,2023-10-29T11:17:53Z,2023-10-29T11:24:35Z,2,1,1,1,1,2,1,4.0,2.0,2.0,1.0,2.0,,,,,,,,2.0,1.0,,,,,,,,1.0,2.0,1.0,5.0,5.0,4.0,4.0,4.0,,3.0,3.0,4.0,3.0,4.0,5.0,3.0,,2.0,3.0,4.0,3.0,3.0,3.0,3.0,1.0,,,,,1.0,,2.0,,,,,,1.0,4.0,4.0,3.0,4.0,2.0,2.0,4.0,,,,,,,,,0,,0,,0,,,,,,,,,,,,,,,,,,,,,,,,,,,,,,,,,,,,,,,,,,,,,,,,,,,,,,,,,,,,,,,,,,,,,,,,,,,,,1.0,4.0,9.0,2,2,1,1,5,1,7.0,4,4,3,4,1,1,1.0,1,3,3,2.0,2,3,1,6,3,1.0,2,2,0.4671042601810915,
201901022554,2023-10-27T17:31:25Z,2023-10-27T17:39:47Z,2,1,1,6,2,2,2,4.0,1.0,1.0,1.0,,,,,,,,,1.0,,,,,,,,,99.0,1.0,1.0,3.0,3.0,3.0,3.0,2.0,4.0,,,5.0,5.0,3.0,5.0,5.0,5.0,,,3.0,1.0,,,,2.0,1.0,5.0,1.0,5.0,3.0,3.0,2.0,,,,,,1.0,1.0,1.0,3.0,1.0,3.0,3.0,1.0,1.0,2.0,1.0,1.0,,1.0,1.0,,0,,0,,0,,,,,,,,,,,,,,,,,,,,,,,,,,,,,,,,,,,,,,,,,,,,,,,,,,,,,,,,,,,,,,,,,,,,,,,,,,,,,1.0,2.0,3.0,2,1,1,1,5,2,,1,1,1,1,6,10,,3,6,2,,2,4,1,2,5,1.0,2,1,1.182472811082561,
201901022628,2023-10-27T21:47:58Z,2023-10-27T21:52:17Z,2,1,1,1,1,2,1,4.0,2.0,2.0,2.0,1.0,,,,,,,,1.0,1.0,,,,,,,,1.0,1.0,1.0,3.0,3.0,4.0,4.0,3.0,,4.0,3.0,4.0,3.0,5.0,4.0,5.0,,4.0,3.0,4.0,3.0,1.0,2.0,5.0,1.0,,,,,1.0,,1.0,2.0,1.0,2.0,1.0,2.0,2.0,2.0,3.0,3.0,3.0,2.0,1.0,4.0,,,,,,,,,0,,0,,0,,,,,,,,,,,,,,,,,,,,,,,,,,,,,,,,,,,,,,,,,,,,,,,,,,,,,,,,,,,,,,,,,,,,,,,,,,,,,1.0,3.0,6.0,2,2,1,1,6,2,,4,2,2,4,1,1,1.0,1,4,3,2.0,2,3,1,9,3,1.0,1,2,0.4614374726991061,
201901022806,2023-11-04T11:30:04Z,2023-11-04T11:34:13Z,1,1,1,1,1,2,1,4.0,2.0,2.0,1.0,2.0,,,,,,,,1.0,1.0,,,,,,,,1.0,1.0,2.0,3.0,3.0,3.0,5.0,5.0,,4.0,5.0,3.0,4.0,3.0,3.0,5.0,,5.0,5.0,4.0,3.0,3.0,2.0,1.0,1.0,,,,,2.0,2.0,1.0,2.0,1.0,2.0,1.0,2.0,2.0,2.0,3.0,3.0,4.0,3.0,3.0,4.0,,,,,,,,,0,,0,,0,,,,,,,,,,,,,,,,,,,,,,,,,,,,,,,,,,,,,,,,,,,,,,,,,,,,,,,,,,,,,,,,,,,,,,,,,,,,,1.0,3.0,5.0,3,2,2,1,5,2,,1,1,1,1,1,10,,3,6,4,1.0,1,2,3,1,3,2.0,2,1,0.6735050776772631,
201901023143,2023-10-29T13:19:48Z,2023-10-29T13:23:46Z,1,1,1,6,2,2,2,4.0,2.0,2.0,1.0,2.0,,,,,,,,1.0,1.0,,,,,,,,1.0,1.0,2.0,3.0,4.0,5.0,4.0,5.0,5.0,,,4.0,5.0,2.0,5.0,4.0,5.0,,,3.0,3.0,5.0,5.0,4.0,1.0,1.0,5.0,3.0,4.0,1.0,,2.0,,,,,,2.0,3.0,3.0,5.0,4.0,3.0,3.0,4.0,,,,,,,,,0,,0,,0,,,,,,,,,,,,,,,,,,,,,,,,,,,,,,,,,,,,,,,,,,,,,,,,,,,,,,,,,,,,,,,,,,,,,,,,,,,,,1.0,2.0,3.0,2,1,1,1,5,2,,1,1,1,1,6,9,,3,6,2,,2,4,1,6,5,1.0,2,2,0.6030395251111123,
201901023246,2023-10-29T13:23:08Z,2023-10-29T13:34:06Z,2,2,1,1,1,2,1,4.0,2.0,2.0,1.0,2.0,,,,,,,,1.0,1.0,,,,,,,,1.0,1.0,3.0,4.0,4.0,3.0,3.0,4.0,,4.0,3.0,4.0,4.0,5.0,4.0,3.0,,5.0,4.0,4.0,3.0,2.0,2.0,3.0,1.0,,,,,1.0,,2.0,,,,,,1.0,2.0,2.0,4.0,2.0,3.0,3.0,4.0,,,,,,,,,0,,0,,0,,,,,,,,,,,,,,,,,,,,,,,,,,,,,,,,,,,,,,,,,,,,,,,,,,,,,,,,,,,,,,,,,,,,,,,,,,,,,1.0,3.0,7.0,1,2,1,2,3,1,1.0,2,1,3,4,1,3,2.0,4,2,4,2.0,2,3,3,3,3,1.0,2,1,1.7908808149649331,
201901023488,2023-10-27T21:22:54Z,2023-10-27T21:25:59Z,2,1,1,1,2,2,1,4.0,2.0,2.0,2.0,1.0,,,,,,,,1.0,1.0,,,,,,,,1.0,1.0,1.0,3.0,2.0,4.0,3.0,4.0,,4.0,,5.0,4.0,3.0,3.0,4.0,,4.0,,4.0,3.0,3.0,2.0,4.0,1.0,,,1.0,4.0,1.0,,2.0,,,,,,2.0,2.0,2.0,5.0,3.0,3.0,3.0,4.0,,,,,,,,,0,,0,,0,,,,,,,,,,,,,,,,,,,,,,,,,,,,,,,,,,,,,,,,,,,,,,,,,,,,,,,,,,,,,,,,,,,,,,,,,,,,,1.0,2.0,3.0,1,2,2,1,5,2,,1,1,1,1,1,2,2.0,2,2,3,2.0,2,3,1,9,3,1.0,2,3,0.291072659398014,
201901023853,2023-10-27T18:05:29Z,2023-10-27T18:10:24Z,2,1,1,1,1,2,1,4.0,2.0,2.0,1.0,2.0,,,,,,,,1.0,1.0,,,,,,,,1.0,2.0,1.0,2.0,3.0,3.0,2.0,3.0,,3.0,3.0,4.0,4.0,4.0,5.0,5.0,,5.0,4.0,2.0,3.0,2.0,1.0,2.0,3.0,,,,,2.0,2.0,1.0,2.0,2.0,2.0,1.0,1.0,2.0,2.0,2.0,2.0,3.0,3.0,3.0,4.0,,,,,,,,,0,,0,,0,,,,,,,,,,,,,,,,,,,,,,,,,,,,,,,,,,,,,,,,,,,,,,,,,,,,,,,,,,,,,,,,,,,,,,,,,,,,,1.0,3.0,6.0,2,2,2,1,5,2,,1,1,1,1,1,1,1.0,1,1,1,,1,1,1,4,1,2.0,1,1,0.2528752444451906,
201901024003,2023-10-29T11:17:54Z,2023-10-29T11:21:32Z,2,1,1,2,2,2,2,4.0,2.0,2.0,2.0,1.0,,,,,,,,1.0,1.0,,,,,,,,1.0,1.0,3.0,5.0,5.0,5.0,4.0,5.0,,5.0,,5.0,5.0,4.0,5.0,5.0,,5.0,,5.0,3.0,4.0,2.0,5.0,1.0,1.0,5.0,1.0,5.0,1.0,,2.0,,,,,,2.0,3.0,3.0,5.0,3.0,3.0,3.0,4.0,,,,,,,,,0,,0,,0,,,,,,,,,,,,,,,,,,,,,,,,,,,,,,,,,,,,,,,,,,,,,,,,,,,,,,,,,,,,,,,,,,,,,,,,,,,,,1.0,3.0,5.0,1,2,1,1,5,2,,1,1,1,1,2,12,,3,6,3,2.0,2,3,1,9,3,2.0,2,3,0.2787857479510943,
201901024076,2023-11-05T22:02:30Z,2023-11-05T22:06:14Z,1,1,1,6,2,2,2,4.0,2.0,2.0,1.0,2.0,,,,,,,,1.0,1.0,,,,,,,,1.0,1.0,3.0,3.0,3.0,3.0,4.0,4.0,4.0,,,4.0,4.0,4.0,3.0,4.0,4.0,,,4.0,3.0,3.0,3.0,5.0,1.0,1.0,4.0,3.0,4.0,1.0,,2.0,,,,,,2.0,4.0,3.0,5.0,4.0,2.0,2.0,4.0,,,,,,,,,0,,0,,0,,,,,,,,,,,,,,,,,,,,,,,,,,,,,,,,,,,,,,,,,,,,,,,,,,,,,,,,,,,,,,,,,,,,,,,,,,,,,1.0,4.0,8.0,1,2,1,2,4,2,,1,1,1,1,6,9,,3,6,2,,2,4,1,2,5,1.0,1,2,0.4814866848543017,
201901024088,2023-10-27T22:03:06Z,2023-10-27T22:08:32Z,2,2,1,1,2,2,1,2.0,2.0,2.0,2.0,1.0,,,,,,,,1.0,1.0,,,,,,,,1.0,1.0,3.0,3.0,1.0,4.0,3.0,3.0,,1.0,,3.0,1.0,1.0,1.0,1.0,,3.0,,3.0,3.0,1.0,2.0,2.0,1.0,,,2.0,4.0,2.0,1.0,2.0,,,,,,2.0,1.0,2.0,4.0,3.0,3.0,2.0,4.0,,,,,,,,,0,,0,,0,,,,,,,,,,,,,,,,,,,,,,,,,,,,,,,,,,,,,,,,,,,,,,,,,,,,,,,,,,,,,,,,,,,,,,,,,,,,,1.0,4.0,9.0,1,2,2,2,4,1,1.0,3,5,3,4,1,2,1.0,2,4,2,,2,3,3,9,3,2.0,2,3,2.2748667212746647,
201901024207,2023-10-29T12:00:55Z,2023-10-29T12:08:32Z,2,1,1,1,2,2,1,4.0,2.0,2.0,2.0,1.0,,,,,,,,1.0,1.0,,,,,,,,1.0,2.0,4.0,5.0,4.0,3.0,5.0,5.0,,3.0,,5.0,3.0,5.0,5.0,5.0,,5.0,,2.0,3.0,2.0,2.0,3.0,1.0,,,1.0,4.0,1.0,,2.0,,,,,,2.0,2.0,2.0,3.0,3.0,3.0,2.0,4.0,,,,,,,,,0,,0,,0,,,,,,,,,,,,,,,,,,,,,,,,,,,,,,,,,,,,,,,,,,,,,,,,,,,,,,,,,,,,,,,,,,,,,,,,,,,,,1.0,3.0,7.0,2,2,1,2,4,2,,1,1,1,1,1,1,1.0,1,4,1,,1,1,1,9,1,1.0,2,3,1.702059189685439,
201901024240,2023-10-27T17:02:56Z,2023-10-27T17:06:39Z,2,1,1,1,2,2,1,4.0,2.0,2.0,1.0,2.0,,,,,,,,1.0,1.0,,,,,,,,1.0,1.0,2.0,3.0,2.0,4.0,3.0,3.0,,4.0,,4.0,3.0,4.0,3.0,5.0,,5.0,,3.0,3.0,3.0,3.0,5.0,1.0,,,1.0,3.0,1.0,,2.0,,,,,,2.0,1.0,1.0,4.0,3.0,3.0,3.0,4.0,,,,,,,,,0,,0,,0,,,,,,,,,,,,,,,,,,,,,,,,,,,,,,,,,,,,,,,,,,,,,,,,,,,,,,,,,,,,,,,,,,,,,,,,,,,,,1.0,1.0,2.0,2,1,1,1,5,2,,1,1,1,1,1,10,,3,6,3,2.0,2,3,1,9,3,2.0,2,3,2.094732452287241,
201901024323,2023-10-29T12:23:57Z,2023-10-29T12:28:24Z,2,1,1,2,2,2,2,4.0,1.0,1.0,2.0,,,,,,,,,1.0,,,,,,,,,99.0,2.0,4.0,5.0,5.0,4.0,5.0,4.0,,5.0,,4.0,4.0,4.0,3.0,3.0,,3.0,,4.0,3.0,5.0,4.0,5.0,4.0,2.0,5.0,2.0,5.0,1.0,,2.0,,,,,,2.0,4.0,2.0,2.0,3.0,2.0,2.0,4.0,,,,,,,,,0,,0,,0,,,,,,,,,,,,,,,,,,,,,,,,,,,,,,,,,,,,,,,,,,,,,,,,,,,,,,,,,,,,,,,,,,,,,,,,,,,,,1.0,1.0,1.0,3,2,2,2,4,2,,1,1,1,1,2,11,,4,6,2,,2,4,3,1,4,1.0,1,1,0.2856730180387014,
201901024446,2023-10-28T01:32:26Z,2023-10-28T01:35:53Z,2,1,1,6,2,2,2,4.0,2.0,2.0,2.0,1.0,,,,,,,,1.0,1.0,,,,,,,,1.0,1.0,3.0,3.0,3.0,3.0,3.0,3.0,3.0,,,3.0,3.0,3.0,3.0,3.0,3.0,,,4.0,3.0,2.0,2.0,2.0,1.0,1.0,5.0,3.0,3.0,1.0,,2.0,,,,,,2.0,5.0,5.0,5.0,1.0,3.0,3.0,4.0,,,,,,,,,0,,0,,0,,,,,,,,,,,,,,,,,,,,,,,,,,,,,,,,,,,,,,,,,,,,,,,,,,,,,,,,,,,,,,,,,,,,,,,,,,,,,1.0,2.0,4.0,2,1,1,1,5,2,,1,1,1,1,6,10,,3,5,2,,2,4,1,2,4,1.0,1,2,0.2098941486171073,
201901024540,2023-10-27T17:12:39Z,2023-10-27T17:16:12Z,2,1,1,6,2,2,2,4.0,2.0,2.0,1.0,2.0,,,,,,,,1.0,1.0,,,,,,,,1.0,2.0,1.0,4.0,3.0,3.0,4.0,4.0,4.0,,,4.0,3.0,2.0,4.0,4.0,4.0,,,3.0,3.0,3.0,3.0,3.0,3.0,1.0,3.0,1.0,3.0,2.0,1.0,2.0,,,,,,1.0,5.0,4.0,2.0,4.0,3.0,3.0,4.0,,,,,,,,,0,,0,,0,,,,,,,,,,,,,,,,,,,,,,,,,,,,,,,,,,,,,,,,,,,,,,,,,,,,,,,,,,,,,,,,,,,,,,,,,,,,,1.0,1.0,2.0,2,1,1,1,5,2,,1,1,1,1,6,12,,3,4,3,1.0,1,2,2,8,4,1.0,1,3,1.4239037407785016,
201901024678,2023-10-29T20:51:21Z,2023-11-04T17:57:59Z,2,1,1,6,2,2,2,2.0,1.0,1.0,1.0,,,,,,,,,1.0,,,,,,,,,99.0,1.0,4.0,5.0,4.0,4.0,4.0,4.0,5.0,,,3.0,5.0,5.0,4.0,5.0,5.0,,,4.0,2.0,3.0,3.0,1.0,1.0,1.0,4.0,1.0,5.0,1.0,,2.0,,,,,,1.0,4.0,2.0,4.0,4.0,2.0,2.0,3.0,2.0,2.0,3.0,3.0,,1.0,1.0,,0,,0,,0,,,,,,,,,,,,,,,,,,,,,,,,,,,,,,,,,,,,,,,,,,,,,,,,,,,,,,,,,,,,,,,,,,,,,,,,,,,,,1.0,4.0,9.0,1,1,2,1,5,1,1.0,1,1,3,1,6,2,1.0,2,5,3,1.0,1,2,1,4,4,1.0,2,2,1.128249857863641,
201901024788,2023-10-28T12:58:48Z,2023-10-28T13:07:10Z,1,1,1,2,1,2,1,4.0,2.0,2.0,2.0,1.0,,,,,,,,1.0,1.0,,,,,,,,1.0,1.0,2.0,3.0,2.0,5.0,2.0,5.0,,3.0,5.0,3.0,1.0,2.0,2.0,2.0,,4.0,3.0,3.0,3.0,2.0,3.0,2.0,2.0,,,,,2.0,1.0,1.0,2.0,2.0,2.0,1.0,2.0,2.0,4.0,4.0,5.0,3.0,3.0,1.0,4.0,,,,,,,,,0,,0,,0,,,,,,,,,,,,,,,,,,,,,,,,,,,,,,,,,,,,,,,,,,,,,,,,,,,,,,,,,,,,,,,,,,,,,,,,,,,,,1.0,3.0,7.0,2,1,2,3,2,1,1.0,1,1,3,1,2,10,,3,6,3,2.0,2,4,2,9,4,1.0,2,2,1.2402125187048998,
201901024913,2023-10-27T18:21:29Z,2023-10-27T18:25:26Z,2,1,1,6,1,2,2,4.0,2.0,2.0,2.0,1.0,,,,,,,,1.0,1.0,,,,,,,,1.0,1.0,3.0,3.0,5.0,5.0,5.0,5.0,5.0,,5.0,5.0,3.0,4.0,5.0,5.0,5.0,,5.0,4.0,3.0,5.0,5.0,5.0,1.0,1.0,5.0,,,2.0,2.0,1.0,2.0,2.0,2.0,1.0,2.0,2.0,5.0,5.0,5.0,5.0,2.0,2.0,4.0,,,,,,,,,0,,0,,0,,,,,,,,,,,,,,,,,,,,,,,,,,,,,,,,,,,,,,,,,,,,,,,,,,,,,,,,,,,,,,,,,,,,,,,,,,,,,1.0,1.0,1.0,1,2,2,2,4,2,,1,2,2,1,6,12,,3,6,4,2.0,2,4,1,3,5,1.0,2,2,0.2953915985337634,
201901024968,2023-10-29T12:38:15Z,2023-10-29T12:40:50Z,2,1,1,2,2,2,2,4.0,2.0,2.0,2.0,1.0,,,,,,,,1.0,2.0,,,,,,,,1.0,2.0,1.0,3.0,2.0,4.0,4.0,5.0,,5.0,,3.0,3.0,3.0,3.0,3.0,,3.0,,4.0,3.0,2.0,2.0,2.0,1.0,1.0,3.0,1.0,3.0,2.0,2.0,2.0,,,,,,1.0,1.0,1.0,3.0,1.0,3.0,3.0,4.0,,,,,,,,,0,,0,,0,,,,,,,,,,,,,,,,,,,,,,,,,,,,,,,,,,,,,,,,,,,,,,,,,,,,,,,,,,,,,,,,,,,,,,,,,,,,,1.0,4.0,9.0,2,1,1,2,3,1,1.0,1,1,3,1,2,2,2.0,2,6,3,1.0,1,1,1,4,2,1.0,2,1,5.637480534983634,
201901025076,2023-10-28T09:50:46Z,2023-10-28T09:54:38Z,2,1,1,1,1,2,1,4.0,2.0,2.0,2.0,1.0,,,,,,,,1.0,1.0,,,,,,,,1.0,1.0,1.0,2.0,2.0,2.0,3.0,3.0,,1.0,1.0,5.0,5.0,3.0,4.0,4.0,,4.0,5.0,2.0,3.0,1.0,1.0,4.0,1.0,,,,,1.0,,2.0,,,,,,2.0,1.0,1.0,3.0,2.0,3.0,3.0,4.0,,,,,,,,,0,,0,,0,,,,,,,,,,,,,,,,,,,,,,,,,,,,,,,,,,,,,,,,,,,,,,,,,,,,,,,,,,,,,,,,,,,,,,,,,,,,,1.0,2.0,3.0,2,1,2,1,5,2,,1,1,1,1,1,12,,3,6,1,,1,1,1,9,2,1.0,2,3,0.5298983232710419,
201901025094,2023-10-30T17:11:30Z,2023-10-30T17:14:48Z,1,1,1,1,1,2,1,4.0,2.0,2.0,2.0,1.0,,,,,,,,1.0,1.0,,,,,,,,1.0,1.0,1.0,2.0,2.0,3.0,3.0,3.0,,3.0,3.0,4.0,3.0,3.0,4.0,4.0,,4.0,4.0,2.0,3.0,1.0,1.0,2.0,1.0,,,,,3.0,1.0,1.0,2.0,2.0,1.0,2.0,2.0,2.0,1.0,1.0,3.0,1.0,3.0,3.0,4.0,,,,,,,,,0,,0,,0,,,,,,,,,,,,,,,,,,,,,,,,,,,,,,,,,,,,,,,,,,,,,,,,,,,,,,,,,,,,,,,,,,,,,,,,,,,,,1.0,4.0,8.0,2,2,1,1,5,2,,1,1,1,1,1,10,,3,6,4,1.0,1,1,1,7,2,1.0,1,2,0.2235859110422454,
201901025164,2023-10-28T16:10:34Z,2023-10-28T16:15:11Z,1,1,1,1,2,2,1,4.0,2.0,2.0,1.0,2.0,,,,,,,,1.0,1.0,,,,,,,,1.0,1.0,1.0,3.0,2.0,4.0,4.0,1.0,,1.0,,4.0,5.0,3.0,5.0,4.0,,5.0,,3.0,3.0,2.0,2.0,5.0,1.0,,,1.0,5.0,1.0,,2.0,,,,,,2.0,1.0,1.0,4.0,2.0,3.0,2.0,4.0,,,,,,,,,0,,0,,0,,,,,,,,,,,,,,,,,,,,,,,,,,,,,,,,,,,,,,,,,,,,,,,,,,,,,,,,,,,,,,,,,,,,,,,,,,,,,1.0,3.0,5.0,1,1,1,1,5,2,,1,3,5,1,1,10,,3,5,2,,2,3,1,9,3,1.0,2,3,0.3091737993430876,
201901025326,2023-10-29T09:15:02Z,2023-10-29T09:25:30Z,2,1,1,6,2,2,2,4.0,1.0,1.0,2.0,,,,,,,,,1.0,,,,,,,,,99.0,2.0,3.0,5.0,4.0,5.0,5.0,4.0,4.0,,,3.0,4.0,4.0,3.0,4.0,4.0,,,2.0,2.0,4.0,2.0,1.0,1.0,3.0,5.0,2.0,5.0,1.0,,1.0,2.0,2.0,1.0,2.0,2.0,1.0,2.0,2.0,1.0,3.0,3.0,3.0,2.0,3.0,2.0,4.0,4.0,,1.0,1.0,,0,,0,,0,,,,,,,,,,,,,,,,,,,,,,,,,,,,,,,,,,,,,,,,,,,,,,,,,,,,,,,,,,,,,,,,,,,,,,,,,,,,,1.0,3.0,5.0,2,1,2,2,4,2,,1,1,1,1,6,11,,4,6,2,,2,4,1,1,5,1.0,2,1,1.3714997269337514,
201901025327,2023-11-01T15:44:47Z,2023-11-01T15:49:06Z,2,1,1,6,1,2,2,2.0,1.0,1.0,1.0,,,,,,,,,1.0,,,,,,,,,99.0,1.0,3.0,2.0,1.0,3.0,1.0,4.0,3.0,,2.0,1.0,4.0,4.0,4.0,4.0,4.0,,3.0,3.0,3.0,1.0,2.0,2.0,2.0,3.0,5.0,,,4.0,1.0,1.0,2.0,2.0,2.0,1.0,2.0,1.0,2.0,2.0,3.0,3.0,2.0,2.0,4.0,,,,,,,,,0,,0,,0,,,,,,,,,,,,,,,,,,,,,,,,,,,,,,,,,,,,,,,,,,,,,,,,,,,,,,,,,,,,,,,,,,,,,,,,,,,,,1.0,3.0,5.0,1,1,2,2,3,2,,1,1,1,1,6,1,1.0,1,6,3,1.0,1,1,1,1,1,2.0,2,1,1.8964863314255105,
201901025385,2023-10-27T17:34:24Z,2023-10-27T17:39:38Z,2,1,1,6,1,2,2,3.0,2.0,2.0,2.0,1.0,,,,,,,,1.0,1.0,,,,,,,,1.0,1.0,1.0,3.0,2.0,3.0,3.0,1.0,1.0,,1.0,4.0,5.0,4.0,2.0,4.0,3.0,,4.0,1.0,2.0,6.0,5.0,6.0,2.0,2.0,2.0,,,3.0,1.0,2.0,,,,,,1.0,5.0,5.0,5.0,5.0,2.0,2.0,4.0,,,,,,,,,0,,0,,0,,,,,,,,,,,,,,,,,,,,,,,,,,,,,,,,,,,,,,,,,,,,,,,,,,,,,,,,,,,,,,,,,,,,,,,,,,,,,1.0,2.0,3.0,1,1,1,2,4,1,1.0,1,1,3,1,6,2,2.0,2,4,4,1.0,1,2,1,1,3,2.0,2,1,6.314159461681934,
201901025466,2023-11-02T01:42:26Z,2023-11-02T01:54:47Z,2,1,1,1,2,2,1,3.0,2.0,2.0,2.0,1.0,,,,,,,,1.0,1.0,,,,,,,,1.0,1.0,2.0,3.0,4.0,3.0,4.0,5.0,,4.0,,4.0,4.0,3.0,5.0,5.0,,4.0,,3.0,3.0,5.0,2.0,2.0,1.0,,,3.0,4.0,1.0,,1.0,1.0,2.0,2.0,1.0,1.0,2.0,1.0,2.0,4.0,2.0,3.0,3.0,4.0,,,,,,,,,0,,0,,0,,,,,,,,,,,,,,,,,,,,,,,,,,,,,,,,,,,,,,,,,,,,,,,,,,,,,,,,,,,,,,,,,,,,,,,,,,,,,1.0,4.0,9.0,1,1,2,2,3,1,1.0,1,1,3,1,1,1,2.0,1,6,3,2.0,2,4,1,4,4,2.0,2,2,2.860603967751132,
201901025502,2023-10-28T19:40:21Z,2023-10-28T19:57:52Z,2,2,1,4,1,1,1,2.0,2.0,2.0,2.0,2.0,,,,,,,,1.0,1.0,,,,,,,,1.0,2.0,3.0,2.0,2.0,2.0,3.0,4.0,2.0,,2.0,3.0,3.0,3.0,2.0,3.0,2.0,,2.0,3.0,2.0,4.0,5.0,3.0,1.0,,,,,2.0,3.0,1.0,2.0,2.0,1.0,1.0,1.0,1.0,2.0,2.0,2.0,2.0,3.0,3.0,4.0,,,,,,,,,0,,0,,0,,,,,,,,,,,,,,,,,,,,,,,,,,,,,,,,,,,,,,,,,,,,,,,,,,,,,,,,,,,,,,,,,,,,,,,,,,,,,1.0,2.0,4.0,1,1,2,2,4,1,1.0,2,1,3,4,4,2,2.0,2,5,2,,2,3,3,2,3,1.0,1,1,2.2092127435517184,
201901025790,2023-10-28T08:19:03Z,2023-10-28T08:21:57Z,2,1,1,2,1,2,2,3.0,2.0,2.0,1.0,2.0,,,,,,,,1.0,1.0,,,,,,,,1.0,1.0,4.0,5.0,4.0,5.0,4.0,5.0,,5.0,5.0,4.0,5.0,5.0,4.0,5.0,,5.0,3.0,4.0,3.0,4.0,4.0,5.0,1.0,1.0,4.0,,,1.0,,2.0,,,,,,2.0,2.0,1.0,4.0,2.0,3.0,2.0,4.0,,,,,,,,,0,,0,,0,,,,,,,,,,,,,,,,,,,,,,,,,,,,,,,,,,,,,,,,,,,,,,,,,,,,,,,,,,,,,,,,,,,,,,,,,,,,,1.0,3.0,5.0,2,1,2,2,3,2,,1,4,4,1,2,12,,3,6,1,,1,1,3,2,2,2.0,2,1,1.353021895481674,
201901026011,2023-10-27T17:08:25Z,2023-10-27T17:10:32Z,2,1,1,5,2,2,1,3.0,2.0,2.0,2.0,1.0,,,,,,,,1.0,1.0,,,,,,,,1.0,2.0,1.0,1.0,1.0,1.0,1.0,1.0,1.0,,,1.0,1.0,1.0,1.0,1.0,1.0,,,1.0,2.0,1.0,1.0,1.0,1.0,,,2.0,1.0,2.0,3.0,1.0,1.0,1.0,2.0,1.0,2.0,2.0,2.0,3.0,1.0,3.0,1.0,3.0,2.0,3.0,3.0,2.0,2.0,,1.0,2.0,,0,,0,,0,,,,,,,,,,,,,,,,,,,,,,,,,,,,,,,,,,,,,,,,,,,,,,,,,,,,,,,,,,,,,,,,,,,,,,,,,,,,,1.0,3.0,5.0,2,2,2,2,3,2,,1,1,1,1,5,6,,4,4,4,2.0,2,3,1,2,3,1.0,1,2,0.1495694720209495,
201901026123,2023-10-27T20:20:32Z,2023-10-27T20:26:00Z,2,1,1,1,1,2,1,4.0,2.0,2.0,2.0,1.0,,,,,,,,1.0,1.0,,,,,,,,1.0,2.0,2.0,4.0,4.0,5.0,3.0,5.0,,5.0,4.0,5.0,5.0,5.0,5.0,5.0,,5.0,5.0,5.0,3.0,5.0,5.0,5.0,1.0,,,,,1.0,,2.0,,,,,,2.0,2.0,2.0,5.0,2.0,3.0,3.0,4.0,,,,,,,,,0,,0,,0,,,,,,,,,,,,,,,,,,,,,,,,,,,,,,,,,,,,,,,,,,,,,,,,,,,,,,,,,,,,,,,,,,,,,,,,,,,,,1.0,3.0,6.0,3,2,1,1,5,2,,1,1,1,1,1,1,2.0,1,4,2,,2,4,1,7,4,1.0,2,2,0.4247341409126332,
201901026437,2023-11-02T23:11:29Z,2023-11-02T23:15:43Z,2,1,1,1,2,2,1,4.0,2.0,2.0,1.0,2.0,,,,,,,,1.0,1.0,,,,,,,,1.0,1.0,1.0,3.0,2.0,3.0,3.0,3.0,,2.0,,3.0,4.0,2.0,3.0,4.0,,3.0,,2.0,3.0,1.0,1.0,5.0,1.0,,,1.0,4.0,1.0,,2.0,,,,,,2.0,3.0,2.0,4.0,3.0,3.0,3.0,4.0,,,,,,,,,0,,0,,0,,,,,,,,,,,,,,,,,,,,,,,,,,,,,,,,,,,,,,,,,,,,,,,,,,,,,,,,,,,,,,,,,,,,,,,,,,,,,1.0,3.0,5.0,2,2,1,1,6,2,,1,1,1,1,1,1,1.0,1,3,3,2.0,2,3,1,9,3,1.0,2,3,0.4247341409126332,
201901026500,2023-10-26T19:42:02Z,2023-10-26T20:06:48Z,2,1,1,6,2,2,2,4.0,2.0,2.0,2.0,1.0,,,,,,,,1.0,1.0,,,,,,,,1.0,2.0,3.0,3.0,4.0,4.0,4.0,4.0,4.0,,,4.0,5.0,3.0,4.0,4.0,4.0,,,3.0,3.0,2.0,1.0,3.0,2.0,1.0,5.0,2.0,5.0,2.0,2.0,2.0,,,,,,2.0,2.0,2.0,3.0,2.0,1.0,3.0,4.0,,,,,,,,,0,,0,,0,,,,,,,,,,,,,,,,,,,,,,,,,,,,,,,,,,,,,,,,,,,,,,,,,,,,,,,,,,,,,,,,,,,,,,,,,,,,,1.0,1.0,2.0,1,2,2,1,5,99,,1,1,1,1,6,10,,3,6,3,2.0,2,3,2,1,3,2.0,2,1,0.7428841204191186,
201901026603,2023-10-29T15:10:21Z,2023-10-29T15:14:21Z,2,1,1,2,2,2,2,4.0,2.0,2.0,1.0,2.0,,,,,,,,1.0,1.0,,,,,,,,1.0,1.0,1.0,3.0,3.0,5.0,3.0,3.0,,4.0,,4.0,5.0,5.0,5.0,3.0,,5.0,,3.0,3.0,3.0,2.0,3.0,1.0,1.0,5.0,1.0,3.0,1.0,,2.0,,,,,,2.0,1.0,1.0,4.0,1.0,3.0,3.0,4.0,,,,,,,,,0,,0,,0,,,,,,,,,,,,,,,,,,,,,,,,,,,,,,,,,,,,,,,,,,,,,,,,,,,,,,,,,,,,,,,,,,,,,,,,,,,,,1.0,2.0,3.0,2,2,1,1,5,2,,1,1,1,1,2,12,,3,6,1,,1,1,1,9,1,1.0,2,3,0.1870350387216395,
201901026860,2023-10-27T18:29:36Z,2023-10-27T18:52:16Z,2,1,1,6,2,2,2,4.0,1.0,1.0,2.0,,,,,,,,,1.0,,,,,,,,,99.0,2.0,2.0,4.0,4.0,3.0,4.0,4.0,5.0,,,5.0,4.0,5.0,4.0,3.0,6.0,,,3.0,3.0,3.0,5.0,5.0,1.0,1.0,4.0,3.0,3.0,1.0,,2.0,,,,,,2.0,1.0,1.0,2.0,1.0,3.0,3.0,4.0,,,,,,,,,0,,0,,0,,,,,,,,,,,,,,,,,,,,,,,,,,,,,,,,,,,,,,,,,,,,,,,,,,,,,,,,,,,,,,,,,,,,,,,,,,,,,1.0,2.0,3.0,2,1,1,1,5,1,8.0,1,1,3,1,6,12,,3,5,3,2.0,2,3,1,7,3,1.0,2,3,0.9321666393714364,
201901027219,2023-10-28T05:23:36Z,2023-10-28T05:27:24Z,2,1,1,1,1,2,1,4.0,2.0,2.0,2.0,1.0,,,,,,,,1.0,1.0,,,,,,,,1.0,2.0,3.0,4.0,3.0,5.0,5.0,4.0,,4.0,4.0,4.0,3.0,4.0,4.0,4.0,,5.0,4.0,4.0,3.0,4.0,3.0,3.0,1.0,,,,,1.0,,2.0,,,,,,2.0,3.0,3.0,3.0,4.0,99.0,99.0,4.0,,,,,,,,,0,,0,,0,,,,,,,,,,,,,,,,,,,,,,,,,,,,,,,,,,,,,,,,,,,,,,,,,,,,,,,,,,,,,,,,,,,,,,,,,,,,,1.0,1.0,2.0,2,1,1,2,4,2,,1,1,1,1,1,12,,3,5,4,99.0,9,9,1,9,3,1.0,1,3,2.8037844046662816,
201901027573,2023-10-27T22:21:21Z,2023-10-27T22:24:51Z,2,1,1,1,2,2,1,3.0,2.0,2.0,2.0,1.0,,,,,,,,1.0,1.0,,,,,,,,1.0,1.0,1.0,2.0,1.0,3.0,3.0,2.0,,3.0,,4.0,5.0,3.0,5.0,5.0,,4.0,,2.0,3.0,4.0,2.0,3.0,2.0,,,3.0,5.0,2.0,2.0,1.0,1.0,2.0,2.0,2.0,2.0,2.0,1.0,2.0,5.0,2.0,3.0,2.0,4.0,,,,,,,,,0,,0,,0,,,,,,,,,,,,,,,,,,,,,,,,,,,,,,,,,,,,,,,,,,,,,,,,,,,,,,,,,,,,,,,,,,,,,,,,,,,,,1.0,2.0,3.0,3,1,2,1,5,2,,1,1,1,1,1,12,,3,6,2,,2,4,1,8,5,1.0,1,2,0.2463115465577001,
201901027613,2023-10-26T19:52:16Z,2023-10-26T19:56:04Z,1,1,1,6,2,2,2,4.0,2.0,2.0,1.0,2.0,,,,,,,,1.0,1.0,,,,,,,,1.0,2.0,1.0,4.0,3.0,5.0,4.0,5.0,5.0,,,4.0,4.0,2.0,1.0,2.0,1.0,,,4.0,3.0,3.0,3.0,3.0,1.0,1.0,1.0,1.0,1.0,1.0,,2.0,,,,,,2.0,3.0,2.0,3.0,2.0,3.0,3.0,4.0,,,,,,,,,0,,0,,0,,,,,,,,,,,,,,,,,,,,,,,,,,,,,,,,,,,,,,,,,,,,,,,,,,,,,,,,,,,,,,,,,,,,,,,,,,,,,1.0,1.0,2.0,2,2,1,1,6,2,,1,1,1,1,6,99,2.0,99,6,4,2.0,2,4,3,99,5,2.0,1,99,0.7950190425185052,
201901027632,2023-10-27T18:48:13Z,2023-10-27T18:51:08Z,1,1,1,2,2,2,2,4.0,2.0,2.0,2.0,1.0,,,,,,,,1.0,1.0,,,,,,,,1.0,2.0,2.0,3.0,3.0,5.0,5.0,5.0,,5.0,,5.0,3.0,3.0,5.0,4.0,,4.0,,5.0,3.0,5.0,5.0,5.0,1.0,3.0,5.0,2.0,5.0,1.0,,2.0,,,,,,2.0,5.0,2.0,5.0,2.0,3.0,3.0,4.0,,,,,,,,,0,,0,,0,,,,,,,,,,,,,,,,,,,,,,,,,,,,,,,,,,,,,,,,,,,,,,,,,,,,,,,,,,,,,,,,,,,,,,,,,,,,,1.0,4.0,9.0,1,2,1,1,5,2,,1,1,1,1,2,9,,3,6,2,,2,4,1,9,4,1.0,2,3,0.3970088191586327,
201901027694,2023-10-27T17:23:46Z,2023-10-27T17:29:53Z,2,1,1,1,1,2,1,4.0,1.0,1.0,2.0,,,,,,,,,1.0,,,,,,,,,99.0,2.0,1.0,3.0,3.0,3.0,3.0,3.0,,4.0,3.0,3.0,5.0,5.0,4.0,4.0,,4.0,5.0,1.0,3.0,2.0,1.0,2.0,3.0,,,,,1.0,,2.0,,,,,,2.0,2.0,1.0,2.0,1.0,3.0,3.0,4.0,,,,,,,,,0,,0,,0,,,,,,,,,,,,,,,,,,,,,,,,,,,,,,,,,,,,,,,,,,,,,,,,,,,,,,,,,,,,,,,,,,,,,,,,,,,,,2.0,2.0,3.0,3,1,2,3,2,2,,1,1,1,1,1,11,,4,6,3,99.0,9,9,1,99,2,2.0,2,99,5.33952291721629,
201901027894,2023-10-29T22:27:21Z,2023-10-29T22:32:56Z,1,1,1,2,2,2,2,4.0,2.0,2.0,2.0,1.0,,,,,,,,1.0,1.0,,,,,,,,1.0,2.0,2.0,3.0,3.0,4.0,4.0,4.0,,4.0,,5.0,5.0,4.0,5.0,5.0,,5.0,,5.0,3.0,3.0,3.0,3.0,1.0,1.0,5.0,2.0,5.0,1.0,,2.0,,,,,,2.0,2.0,1.0,4.0,3.0,3.0,3.0,4.0,,,,,,,,,0,,0,,0,,,,,,,,,,,,,,,,,,,,,,,,,,,,,,,,,,,,,,,,,,,,,,,,,,,,,,,,,,,,,,,,,,,,,,,,,,,,,1.0,4.0,9.0,2,2,1,3,2,1,2.0,1,1,3,1,2,12,,3,6,2,,2,4,1,2,4,1.0,2,1,2.633852593901304,
201901027980,2023-10-27T17:49:56Z,2023-10-27T17:53:39Z,2,1,1,1,1,2,1,2.0,2.0,2.0,2.0,1.0,,,,,,,,1.0,2.0,,,,,,,,1.0,2.0,2.0,1.0,1.0,1.0,1.0,1.0,,1.0,1.0,5.0,5.0,5.0,5.0,5.0,,5.0,5.0,3.0,3.0,1.0,1.0,3.0,2.0,,,,,1.0,,2.0,,,,,,2.0,1.0,1.0,2.0,1.0,3.0,3.0,4.0,,,,,,,,,0,,0,,0,,,,,,,,,,,,,,,,,,,,,,,,,,,,,,,,,,,,,,,,,,,,,,,,,,,,,,,,,,,,,,,,,,,,,,,,,,,,,1.0,2.0,3.0,3,2,2,3,2,2,,1,1,1,1,1,12,,3,6,3,2.0,2,4,1,2,4,2.0,2,1,0.6946161153745352,
201901028242,2023-10-29T12:43:51Z,2023-10-29T12:48:10Z,2,1,1,1,2,2,1,4.0,2.0,2.0,2.0,1.0,,,,,,,,1.0,1.0,,,,,,,,1.0,2.0,1.0,2.0,4.0,5.0,5.0,4.0,,3.0,,4.0,3.0,3.0,5.0,4.0,,5.0,,4.0,3.0,2.0,2.0,5.0,1.0,,,3.0,4.0,1.0,,1.0,2.0,2.0,1.0,2.0,2.0,2.0,1.0,2.0,3.0,2.0,2.0,2.0,4.0,,,,,,,,,0,,0,,0,,,,,,,,,,,,,,,,,,,,,,,,,,,,,,,,,,,,,,,,,,,,,,,,,,,,,,,,,,,,,,,,,,,,,,,,,,,,,1.0,3.0,5.0,2,1,1,1,6,2,,1,1,1,1,1,1,2.0,1,5,3,2.0,2,3,1,9,3,1.0,2,3,0.5443680832355634,
201901028560,2023-10-29T12:53:30Z,2023-11-02T18:27:15Z,2,1,1,2,2,2,2,4.0,2.0,2.0,1.0,2.0,,,,,,,,1.0,1.0,,,,,,,,1.0,2.0,1.0,3.0,2.0,3.0,3.0,3.0,,3.0,,4.0,4.0,4.0,3.0,4.0,,4.0,,2.0,3.0,3.0,2.0,3.0,1.0,1.0,2.0,1.0,2.0,2.0,2.0,2.0,,,,,,1.0,1.0,1.0,3.0,2.0,3.0,3.0,4.0,,,,,,,,,0,,0,,0,,,,,,,,,,,,,,,,,,,,,,,,,,,,,,,,,,,,,,,,,,,,,,,,,,,,,,,,,,,,,,,,,,,,,,,,,,,,,1.0,1.0,2.0,2,2,1,1,5,2,,1,3,5,1,2,1,2.0,1,2,4,2.0,2,3,2,9,3,1.0,2,3,0.5663743934514501,
201901028617,2023-10-27T17:16:47Z,2023-10-27T17:28:30Z,2,1,1,1,1,2,1,4.0,2.0,2.0,2.0,2.0,,,,,,,,1.0,1.0,,,,,,,,1.0,2.0,2.0,3.0,3.0,4.0,3.0,4.0,,4.0,4.0,3.0,2.0,3.0,3.0,4.0,,4.0,3.0,4.0,3.0,4.0,3.0,5.0,1.0,,,,,1.0,,2.0,,,,,,2.0,2.0,3.0,4.0,3.0,3.0,3.0,4.0,,,,,,,,,0,,0,,0,,,,,,,,,,,,,,,,,,,,,,,,,,,,,,,,,,,,,,,,,,,,,,,,,,,,,,,,,,,,,,,,,,,,,,,,,,,,,1.0,4.0,8.0,2,2,1,1,5,2,,1,1,1,1,1,10,,3,6,2,,2,4,1,8,4,1.0,2,2,0.3970088191586327,
201901029422,2023-10-31T22:45:28Z,2023-10-31T23:03:33Z,1,1,1,1,2,2,1,4.0,2.0,2.0,2.0,1.0,,,,,,,,1.0,1.0,,,,,,,,1.0,1.0,2.0,2.0,3.0,4.0,3.0,4.0,,3.0,,4.0,4.0,4.0,4.0,4.0,,4.0,,3.0,3.0,3.0,2.0,4.0,1.0,,,1.0,5.0,2.0,1.0,1.0,2.0,1.0,2.0,2.0,2.0,2.0,1.0,2.0,3.0,3.0,2.0,2.0,4.0,,,,,,,,,0,,0,,0,,,,,,,,,,,,,,,,,,,,,,,,,,,,,,,,,,,,,,,,,,,,,,,,,,,,,,,,,,,,,,,,,,,,,,,,,,,,,1.0,3.0,5.0,2,2,1,2,3,1,6.0,1,1,3,1,1,12,,3,5,3,2.0,2,3,1,1,3,2.0,1,1,0.4739057178490099,
201901029675,2023-11-02T05:59:57Z,2023-11-02T06:05:08Z,1,1,1,6,2,2,2,4.0,1.0,1.0,1.0,,,,,,,,,1.0,,,,,,,,,99.0,1.0,3.0,3.0,3.0,4.0,4.0,4.0,5.0,,,2.0,4.0,4.0,3.0,3.0,5.0,,,4.0,1.0,,,,3.0,3.0,4.0,3.0,5.0,4.0,3.0,1.0,2.0,1.0,2.0,1.0,1.0,2.0,3.0,4.0,4.0,3.0,3.0,2.0,1.0,3.0,3.0,4.0,4.0,,2.0,2.0,,0,,0,,0,,,,,,,,,,,,,,,,,,,,,,,,,,,,,,,,,,,,,,,,,,,,,,,,,,,,,,,,,,,,,,,,,,,,,,,,,,,,,1.0,4.0,9.0,2,2,1,1,5,2,,1,1,1,1,6,9,,3,6,4,2.0,2,4,1,5,5,1.0,2,2,0.5831500769485126,
201901029789,2023-10-27T19:15:23Z,2023-10-27T19:17:44Z,2,1,1,6,2,2,2,3.0,2.0,2.0,1.0,2.0,,,,,,,,1.0,1.0,,,,,,,,1.0,2.0,1.0,5.0,4.0,3.0,5.0,5.0,4.0,,,4.0,2.0,3.0,4.0,3.0,5.0,,,4.0,3.0,3.0,3.0,3.0,1.0,1.0,1.0,3.0,1.0,99.0,,2.0,,,,,,2.0,3.0,3.0,2.0,3.0,2.0,2.0,4.0,,,,,,,,,0,,0,,0,,,,,,,,,,,,,,,,,,,,,,,,,,,,,,,,,,,,,,,,,,,,,,,,,,,,,,,,,,,,,,,,,,,,,,,,,,,,,1.0,1.0,2.0,1,2,1,1,5,2,,1,1,1,1,6,10,,3,4,3,2.0,2,3,1,9,3,1.0,2,3,0.5288883516714459,
201901030008,2023-10-29T17:47:43Z,2023-10-29T17:53:01Z,2,1,1,6,2,2,2,4.0,2.0,2.0,1.0,2.0,,,,,,,,1.0,1.0,,,,,,,,1.0,1.0,1.0,1.0,2.0,2.0,2.0,2.0,2.0,,,5.0,5.0,5.0,5.0,5.0,6.0,,,2.0,1.0,,,,1.0,1.0,2.0,1.0,2.0,1.0,,1.0,1.0,2.0,2.0,2.0,1.0,1.0,1.0,1.0,3.0,3.0,3.0,3.0,1.0,2.0,1.0,3.0,3.0,,1.0,1.0,,0,,0,,0,,,,,,,,,,,,,,,,,,,,,,,,,,,,,,,,,,,,,,,,,,,,,,,,,,,,,,,,,,,,,,,,,,,,,,,,,,,,,1.0,2.0,4.0,3,1,2,1,5,2,,1,1,1,1,6,1,1.0,1,2,1,,1,1,1,1,1,2.0,1,1,0.8498698332784272,
201901030376,2023-10-26T19:41:53Z,2023-10-26T19:44:56Z,2,1,1,2,2,2,2,4.0,2.0,2.0,2.0,1.0,,,,,,,,1.0,1.0,,,,,,,,1.0,1.0,2.0,3.0,3.0,3.0,4.0,4.0,,5.0,,4.0,4.0,4.0,4.0,4.0,,2.0,,3.0,3.0,5.0,2.0,5.0,1.0,1.0,3.0,1.0,4.0,1.0,,2.0,,,,,,2.0,3.0,3.0,4.0,3.0,2.0,2.0,4.0,,,,,,,,,0,,0,,0,,,,,,,,,,,,,,,,,,,,,,,,,,,,,,,,,,,,,,,,,,,,,,,,,,,,,,,,,,,,,,,,,,,,,,,,,,,,,1.0,2.0,4.0,2,1,1,1,5,2,,1,1,1,1,2,1,2.0,1,3,1,,1,1,1,4,2,1.0,2,2,0.5491006024099164,
201901030435,2023-10-27T20:43:20Z,2023-10-27T20:47:25Z,2,1,1,6,2,2,2,3.0,2.0,2.0,2.0,1.0,,,,,,,,1.0,1.0,,,,,,,,1.0,1.0,2.0,2.0,2.0,3.0,3.0,3.0,4.0,,,2.0,5.0,5.0,2.0,3.0,4.0,,,2.0,1.0,,,,3.0,1.0,4.0,3.0,4.0,5.0,2.0,1.0,2.0,1.0,1.0,1.0,1.0,2.0,5.0,4.0,5.0,4.0,3.0,3.0,1.0,3.0,1.0,3.0,3.0,,2.0,2.0,,0,,0,,0,,,,,,,,,,,,,,,,,,,,,,,,,,,,,,,,,,,,,,,,,,,,,,,,,,,,,,,,,,,,,,,,,,,,,,,,,,,,,1.0,3.0,5.0,2,1,2,1,5,1,3.0,1,1,3,1,6,9,,3,6,3,2.0,2,4,1,7,4,1.0,2,2,0.7436791448122463,
201901030882,2023-10-27T17:03:47Z,2023-10-27T17:07:13Z,1,1,1,1,1,2,1,4.0,2.0,2.0,1.0,2.0,,,,,,,,1.0,1.0,,,,,,,,1.0,1.0,1.0,4.0,2.0,3.0,2.0,3.0,,2.0,2.0,3.0,5.0,3.0,5.0,3.0,,4.0,3.0,3.0,3.0,3.0,2.0,2.0,1.0,,,,,1.0,,2.0,,,,,,2.0,2.0,1.0,3.0,3.0,3.0,2.0,4.0,,,,,,,,,0,,0,,0,,,,,,,,,,,,,,,,,,,,,,,,,,,,,,,,,,,,,,,,,,,,,,,,,,,,,,,,,,,,,,,,,,,,,,,,,,,,,2.0,2.0,3.0,3,2,1,1,5,2,,1,1,1,1,1,12,,3,4,2,,2,3,1,6,3,1.0,1,2,0.1695169821295775,
201901031350,2023-10-31T11:23:42Z,2023-10-31T11:27:35Z,1,1,1,1,1,2,1,4.0,2.0,2.0,1.0,2.0,,,,,,,,1.0,1.0,,,,,,,,1.0,1.0,1.0,3.0,3.0,3.0,4.0,4.0,,3.0,3.0,4.0,4.0,3.0,3.0,4.0,,4.0,3.0,2.0,3.0,1.0,1.0,4.0,1.0,,,,,1.0,,2.0,,,,,,2.0,2.0,2.0,2.0,3.0,3.0,3.0,4.0,,,,,,,,,0,,0,,0,,,,,,,,,,,,,,,,,,,,,,,,,,,,,,,,,,,,,,,,,,,,,,,,,,,,,,,,,,,,,,,,,,,,,,,,,,,,,1.0,2.0,4.0,2,2,1,1,5,2,,1,1,1,1,1,2,2.0,2,5,1,,1,1,1,9,1,1.0,2,2,0.5165389570742375,
201901031373,2023-10-27T16:57:58Z,2023-10-27T17:02:10Z,1,1,1,6,2,2,2,4.0,2.0,2.0,2.0,1.0,,,,,,,,1.0,1.0,,,,,,,,1.0,1.0,3.0,5.0,5.0,5.0,5.0,5.0,5.0,,,3.0,3.0,2.0,3.0,4.0,5.0,,,4.0,3.0,4.0,2.0,3.0,3.0,3.0,5.0,3.0,3.0,2.0,1.0,2.0,,,,,,2.0,5.0,1.0,5.0,5.0,3.0,3.0,4.0,,,,,,,,,0,,0,,0,,,,,,,,,,,,,,,,,,,,,,,,,,,,,,,,,,,,,,,,,,,,,,,,,,,,,,,,,,,,,,,,,,,,,,,,,,,,,1.0,1.0,1.0,2,1,1,1,5,2,,1,4,4,1,6,9,,3,5,4,2.0,2,4,3,1,5,2.0,1,1,1.5782813177200712,
201901031970,2023-10-30T00:01:35Z,2023-11-02T16:18:37Z,2,2,1,1,1,2,1,4.0,1.0,1.0,2.0,,,,,,,,,1.0,,,,,,,,,99.0,2.0,2.0,4.0,4.0,4.0,4.0,4.0,,4.0,4.0,4.0,4.0,4.0,4.0,4.0,,4.0,4.0,5.0,3.0,2.0,2.0,6.0,1.0,,,,,1.0,,2.0,,,,,,2.0,2.0,2.0,3.0,2.0,3.0,3.0,4.0,,,,,,,,,0,,0,,0,,,,,,,,,,,,,,,,,,,,,,,,,,,,,,,,,,,,,,,,,,,,,,,,,,,,,,,,,,,,,,,,,,,,,,,,,,,,,1.0,3.0,5.0,1,1,2,2,3,1,8.0,2,1,3,4,1,2,1.0,2,4,4,99.0,9,9,3,1,99,1.0,2,1,0.2131951569995263,
201901032821,2023-10-30T18:15:11Z,2023-10-30T18:19:06Z,2,1,1,6,2,2,2,3.0,2.0,2.0,1.0,2.0,,,,,,,,1.0,1.0,,,,,,,,1.0,2.0,3.0,4.0,4.0,5.0,4.0,5.0,4.0,,,1.0,3.0,2.0,1.0,1.0,3.0,,,2.0,1.0,,,,1.0,1.0,1.0,3.0,1.0,5.0,3.0,1.0,2.0,2.0,1.0,1.0,2.0,1.0,2.0,2.0,1.0,4.0,3.0,3.0,1.0,4.0,2.0,5.0,3.0,,1.0,1.0,,0,,0,,0,,,,,,,,,,,,,,,,,,,,,,,,,,,,,,,,,,,,,,,,,,,,,,,,,,,,,,,,,,,,,,,,,,,,,,,,,,,,,1.0,4.0,9.0,1,1,2,1,5,1,1.0,1,5,3,1,6,2,2.0,2,5,2,,2,4,1,1,4,2.0,2,1,0.0831260552344588,
201901034533,2023-10-28T08:27:50Z,2023-10-28T08:35:03Z,2,2,1,6,1,2,2,3.0,2.0,2.0,2.0,1.0,,,,,,,,1.0,1.0,,,,,,,,1.0,2.0,2.0,5.0,4.0,5.0,3.0,5.0,5.0,,3.0,3.0,5.0,5.0,4.0,3.0,3.0,,2.0,3.0,2.0,4.0,5.0,5.0,1.0,1.0,5.0,,,1.0,,2.0,,,,,,2.0,3.0,1.0,2.0,2.0,1.0,3.0,1.0,4.0,2.0,4.0,4.0,,1.0,2.0,,0,,0,,0,,,,,,,,,,,,,,,,,,,,,,,,,,,,,,,,,,,,,,,,,,,,,,,,,,,,,,,,,,,,,,,,,,,,,,,,,,,,,1.0,3.0,5.0,2,1,2,2,3,1,8.0,2,5,3,4,6,2,2.0,2,5,3,2.0,2,4,3,1,5,1.0,2,1,0.0338684618007901,
201901034597,2023-10-29T11:19:26Z,2023-10-29T11:23:06Z,1,1,1,6,1,2,2,4.0,2.0,2.0,1.0,2.0,,,,,,,,1.0,1.0,,,,,,,,1.0,2.0,1.0,3.0,3.0,3.0,2.0,1.0,2.0,,1.0,5.0,5.0,5.0,5.0,5.0,5.0,,5.0,2.0,1.0,,,,1.0,1.0,4.0,,,2.0,1.0,2.0,,,,,,1.0,1.0,1.0,4.0,1.0,3.0,3.0,1.0,1.0,1.0,3.0,3.0,,1.0,1.0,,0,,0,,0,,,,,,,,,,,,,,,,,,,,,,,,,,,,,,,,,,,,,,,,,,,,,,,,,,,,,,,,,,,,,,,,,,,,,,,,,,,,,1.0,3.0,5.0,1,2,1,1,5,1,7.0,1,1,3,1,6,2,2.0,2,2,2,,2,3,1,4,3,1.0,2,2,0.0425703062198466,
201901035815,2023-10-27T16:57:37Z,2023-10-27T17:02:48Z,2,1,1,6,2,2,2,3.0,2.0,2.0,2.0,1.0,,,,,,,,1.0,1.0,,,,,,,,1.0,1.0,3.0,5.0,4.0,3.0,5.0,5.0,5.0,,,5.0,5.0,5.0,5.0,5.0,5.0,,,3.0,1.0,,,,3.0,1.0,5.0,3.0,5.0,3.0,1.0,2.0,,,,,,1.0,3.0,1.0,4.0,1.0,2.0,2.0,1.0,1.0,1.0,1.0,1.0,,2.0,1.0,,0,,0,,0,,,,,,,,,,,,,,,,,,,,,,,,,,,,,,,,,,,,,,,,,,,,,,,,,,,,,,,,,,,,,,,,,,,,,,,,,,,,,1.0,4.0,9.0,3,1,2,1,5,1,1.0,1,99,3,1,6,12,,3,6,2,,2,3,1,2,3,1.0,2,1,0.018203731119452,
201901038029,2023-10-27T19:07:51Z,2023-10-27T19:12:39Z,2,2,1,1,2,2,1,4.0,1.0,1.0,2.0,,,,,,,,,1.0,,,,,,,,,99.0,2.0,2.0,3.0,4.0,4.0,4.0,4.0,,3.0,,2.0,4.0,5.0,3.0,4.0,,4.0,,3.0,3.0,2.0,2.0,5.0,1.0,,,1.0,3.0,2.0,1.0,1.0,2.0,2.0,2.0,2.0,1.0,2.0,4.0,3.0,4.0,4.0,3.0,3.0,4.0,,,,,,,,,0,,0,,0,,,,,,,,,,,,,,,,,,,,,,,,,,,,,,,,,,,,,,,,,,,,,,,,,,,,,,,,,,,,,,,,,,,,,,,,,,,,,1.0,3.0,5.0,1,1,1,1,6,1,8.0,2,1,3,4,1,2,2.0,2,5,3,2.0,2,3,3,7,3,1.0,2,2,0.1612587432004278,
201901038370,2023-10-30T01:39:31Z,2023-10-30T01:42:37Z,2,1,1,1,1,2,1,4.0,1.0,1.0,2.0,,,,,,,,,1.0,,,,,,,,,99.0,2.0,2.0,3.0,2.0,4.0,3.0,5.0,,5.0,4.0,2.0,5.0,5.0,4.0,5.0,,4.0,5.0,5.0,2.0,1.0,2.0,1.0,2.0,,,,,3.0,1.0,2.0,,,,,,1.0,2.0,3.0,5.0,4.0,3.0,3.0,1.0,3.0,4.0,4.0,4.0,4.0,1.0,1.0,,0,,0,,0,,,,,,,,,,,,,,,,,,,,,,,,,,,,,,,,,,,,,,,,,,,,,,,,,,,,,,,,,,,,,,,,,,,,,,,,,,,,,1.0,3.0,7.0,1,1,2,2,3,1,1.0,1,5,3,1,1,2,2.0,2,4,2,,2,3,1,3,3,1.0,2,1,0.0300241152210603,
201901039731,2023-10-27T17:04:17Z,2023-10-27T17:11:01Z,2,1,1,6,2,2,2,4.0,2.0,2.0,2.0,1.0,,,,,,,,1.0,1.0,,,,,,,,1.0,2.0,2.0,4.0,3.0,5.0,4.0,3.0,4.0,,,4.0,4.0,4.0,5.0,5.0,5.0,,,1.0,1.0,,,,3.0,2.0,4.0,3.0,4.0,5.0,2.0,1.0,1.0,1.0,2.0,1.0,1.0,1.0,1.0,2.0,1.0,1.0,3.0,3.0,1.0,1.0,1.0,2.0,3.0,,2.0,2.0,,0,,0,,0,,,,,,,,,,,,,,,,,,,,,,,,,,,,,,,,,,,,,,,,,,,,,,,,,,,,,,,,,,,,,,,,,,,,,,,,,,,,,1.0,3.0,5.0,2,1,1,1,5,1,3.0,3,1,3,4,6,9,,3,6,2,,2,4,1,8,4,1.0,2,2,0.3895570640247381,
201901039995,2023-10-28T17:08:35Z,2023-10-28T17:15:37Z,2,2,1,1,2,2,1,4.0,2.0,2.0,2.0,1.0,,,,,,,,1.0,1.0,,,,,,,,1.0,1.0,2.0,4.0,4.0,5.0,4.0,5.0,,5.0,,5.0,5.0,5.0,5.0,5.0,,5.0,,5.0,3.0,3.0,2.0,3.0,1.0,,,3.0,5.0,1.0,,2.0,,,,,,2.0,3.0,3.0,5.0,2.0,3.0,2.0,4.0,,,,,,,,,0,,0,,0,,,,,,,,,,,,,,,,,,,,,,,,,,,,,,,,,,,,,,,,,,,,,,,,,,,,,,,,,,,,,,,,,,,,,,,,,,,,,1.0,4.0,8.0,3,2,2,3,2,1,1.0,1,1,3,1,1,12,,3,6,3,1.0,1,2,1,3,4,1.0,2,2,0.018203731119452,
201901040204,2023-10-27T22:45:04Z,2023-10-27T22:49:29Z,2,1,1,2,2,2,2,4.0,2.0,2.0,2.0,1.0,,,,,,,,1.0,1.0,,,,,,,,1.0,1.0,1.0,2.0,3.0,2.0,2.0,2.0,,1.0,,5.0,4.0,5.0,5.0,5.0,,5.0,,2.0,3.0,1.0,1.0,2.0,1.0,1.0,3.0,1.0,2.0,1.0,,2.0,,,,,,1.0,2.0,1.0,3.0,3.0,2.0,2.0,4.0,,,,,,,,,0,,0,,0,,,,,,,,,,,,,,,,,,,,,,,,,,,,,,,,,,,,,,,,,,,,,,,,,,,,,,,,,,,,,,,,,,,,,,,,,,,,,1.0,1.0,2.0,1,1,2,1,5,1,1.0,1,99,3,1,2,2,2.0,2,4,2,,2,4,2,9,4,1.0,1,3,0.0249231473181678,
201901041704,2023-10-31T14:43:15Z,2023-10-31T15:00:47Z,2,1,1,6,2,2,2,4.0,2.0,2.0,1.0,2.0,,,,,,,,1.0,1.0,,,,,,,,1.0,2.0,1.0,1.0,1.0,4.0,3.0,2.0,4.0,,,4.0,2.0,2.0,5.0,3.0,5.0,,,4.0,2.0,2.0,2.0,3.0,1.0,1.0,5.0,2.0,5.0,3.0,2.0,1.0,2.0,2.0,2.0,1.0,1.0,1.0,1.0,1.0,4.0,3.0,3.0,3.0,1.0,1.0,1.0,1.0,1.0,,1.0,1.0,,0,,0,,0,,,,,,,,,,,,,,,,,,,,,,,,,,,,,,,,,,,,,,,,,,,,,,,,,,,,,,,,,,,,,,,,,,,,,,,,,,,,,1.0,3.0,5.0,2,1,1,2,4,1,7.0,1,4,3,1,6,10,,3,6,4,2.0,2,4,1,7,5,1.0,2,2,0.0329160055727915,
201901043047,2023-10-28T00:12:02Z,2023-10-29T13:18:52Z,2,1,1,1,2,2,1,4.0,2.0,2.0,1.0,2.0,,,,,,,,1.0,1.0,,,,,,,,1.0,2.0,4.0,4.0,2.0,4.0,3.0,4.0,,3.0,,5.0,5.0,5.0,5.0,5.0,,5.0,,2.0,3.0,1.0,1.0,1.0,3.0,,,3.0,5.0,1.0,,2.0,,,,,,1.0,1.0,1.0,2.0,1.0,3.0,3.0,4.0,,,,,,,,,0,,0,,0,,,,,,,,,,,,,,,,,,,,,,,,,,,,,,,,,,,,,,,,,,,,,,,,,,,,,,,,,,,,,,,,,,,,,,,,,,,,,1.0,4.0,9.0,1,1,2,1,5,1,1.0,1,4,3,1,1,12,,3,6,4,1.0,1,2,1,6,3,1.0,2,2,0.0462861832383596,
201901043570,2023-10-28T17:52:48Z,2023-10-28T17:58:05Z,2,1,1,6,2,2,2,4.0,2.0,2.0,2.0,1.0,,,,,,,,1.0,2.0,,,,,,,,1.0,2.0,2.0,4.0,5.0,3.0,3.0,3.0,3.0,,,4.0,3.0,4.0,4.0,4.0,4.0,,,4.0,2.0,6.0,6.0,5.0,1.0,1.0,3.0,1.0,4.0,1.0,,2.0,,,,,,2.0,2.0,1.0,3.0,2.0,3.0,3.0,3.0,2.0,1.0,3.0,2.0,,1.0,1.0,,0,,0,,0,,,,,,,,,,,,,,,,,,,,,,,,,,,,,,,,,,,,,,,,,,,,,,,,,,,,,,,,,,,,,,,,,,,,,,,,,,,,,1.0,4.0,9.0,1,1,1,1,5,1,1.0,1,1,3,1,6,9,,3,6,3,2.0,2,3,1,9,3,1.0,1,2,0.041438952573175,
201901044206,2023-10-27T17:14:13Z,2023-10-27T19:39:59Z,2,1,1,6,2,2,2,4.0,2.0,2.0,2.0,1.0,,,,,,,,1.0,1.0,,,,,,,,1.0,2.0,2.0,1.0,3.0,4.0,3.0,3.0,3.0,,,3.0,4.0,5.0,5.0,4.0,3.0,,,3.0,1.0,,,,1.0,1.0,4.0,1.0,5.0,3.0,1.0,1.0,2.0,2.0,2.0,2.0,1.0,2.0,1.0,3.0,4.0,3.0,3.0,2.0,3.0,1.0,1.0,3.0,4.0,,2.0,1.0,,0,,0,,0,,,,,,,,,,,,,,,,,,,,,,,,,,,,,,,,,,,,,,,,,,,,,,,,,,,,,,,,,,,,,,,,,,,,,,,,,,,,,1.0,3.0,5.0,3,1,2,1,6,1,3.0,1,1,3,1,6,2,1.0,2,2,1,,1,1,1,3,2,1.0,2,2,0.533563077758339,
201901045646,2023-10-29T13:21:03Z,2023-10-29T13:27:50Z,2,2,1,6,2,2,2,4.0,2.0,2.0,2.0,1.0,,,,,,,,1.0,1.0,,,,,,,,1.0,1.0,4.0,3.0,3.0,3.0,4.0,4.0,3.0,,,3.0,5.0,5.0,3.0,4.0,3.0,,,4.0,2.0,6.0,2.0,2.0,1.0,1.0,4.0,3.0,3.0,3.0,3.0,2.0,,,,,,1.0,4.0,4.0,5.0,4.0,2.0,2.0,4.0,,,,,,,,,0,,0,,0,,,,,,,,,,,,,,,,,,,,,,,,,,,,,,,,,,,,,,,,,,,,,,,,,,,,,,,,,,,,,,,,,,,,,,,,,,,,,1.0,4.0,8.0,3,2,1,1,5,1,1.0,4,1,3,4,6,10,,3,5,2,,2,3,1,7,3,1.0,2,2,0.018203731119452,
201901046507,2023-10-27T16:58:07Z,2023-10-27T17:28:47Z,2,1,1,6,2,2,2,4.0,2.0,2.0,1.0,2.0,,,,,,,,1.0,1.0,,,,,,,,1.0,2.0,2.0,2.0,1.0,4.0,2.0,3.0,4.0,,,1.0,1.0,1.0,1.0,2.0,2.0,,,3.0,1.0,,,,1.0,1.0,3.0,3.0,2.0,4.0,3.0,1.0,1.0,2.0,2.0,1.0,1.0,2.0,3.0,3.0,3.0,3.0,3.0,1.0,1.0,3.0,2.0,3.0,3.0,,2.0,2.0,,0,,0,,0,,,,,,,,,,,,,,,,,,,,,,,,,,,,,,,,,,,,,,,,,,,,,,,,,,,,,,,,,,,,,,,,,,,,,,,,,,,,,1.0,3.0,5.0,2,2,2,2,3,1,3.0,1,1,3,1,6,2,2.0,2,2,1,,1,2,1,1,3,2.0,2,1,0.0568482381038728,
201901046972,2023-10-30T15:16:22Z,2023-10-30T15:53:56Z,1,2,1,2,2,2,2,3.0,2.0,2.0,2.0,1.0,,,,,,,,1.0,1.0,,,,,,,,1.0,1.0,3.0,4.0,5.0,4.0,5.0,4.0,,4.0,,4.0,4.0,4.0,4.0,4.0,,4.0,,4.0,3.0,2.0,1.0,2.0,1.0,1.0,4.0,1.0,4.0,1.0,,2.0,,,,,,2.0,1.0,3.0,4.0,2.0,2.0,2.0,4.0,,,,,,,,,0,,0,,0,,,,,,,,,,,,,,,,,,,,,,,,,,,,,,,,,,,,,,,,,,,,,,,,,,,,,,,,,,,,,,,,,,,,,,,,,,,,,1.0,1.0,2.0,2,1,1,2,4,1,8.0,3,5,3,4,2,12,,3,5,2,,2,4,1,4,4,2.0,2,2,0.0387178543182606,
201901047410,2023-10-27T17:13:44Z,2023-10-27T17:16:11Z,1,1,1,1,2,2,1,4.0,2.0,2.0,1.0,2.0,,,,,,,,1.0,1.0,,,,,,,,1.0,2.0,1.0,4.0,2.0,3.0,4.0,2.0,,3.0,,5.0,5.0,5.0,5.0,5.0,,4.0,,2.0,3.0,3.0,2.0,2.0,1.0,,,1.0,5.0,1.0,,2.0,,,,,,1.0,1.0,1.0,3.0,2.0,3.0,3.0,4.0,,,,,,,,,0,,0,,0,,,,,,,,,,,,,,,,,,,,,,,,,,,,,,,,,,,,,,,,,,,,,,,,,,,,,,,,,,,,,,,,,,,,,,,,,,,,,1.0,3.0,7.0,1,2,1,2,3,1,1.0,4,5,3,4,1,12,,3,5,2,,2,4,3,9,4,1.0,2,2,0.0989462537030734,
201901047989,2023-10-27T17:03:00Z,2023-10-27T17:06:24Z,1,1,1,2,2,2,2,4.0,2.0,2.0,1.0,2.0,,,,,,,,1.0,1.0,,,,,,,,1.0,2.0,1.0,1.0,1.0,1.0,1.0,1.0,,1.0,,5.0,5.0,1.0,5.0,5.0,,5.0,,1.0,3.0,1.0,1.0,2.0,1.0,1.0,1.0,3.0,1.0,1.0,,2.0,,,,,,2.0,1.0,1.0,3.0,1.0,3.0,3.0,4.0,,,,,,,,,0,,0,,0,,,,,,,,,,,,,,,,,,,,,,,,,,,,,,,,,,,,,,,,,,,,,,,,,,,,,,,,,,,,,,,,,,,,,,,,,,,,,1.0,3.0,5.0,1,2,1,1,6,1,3.0,1,1,3,1,2,10,,3,6,2,,2,4,1,9,5,1.0,1,2,0.047011615402811,
201901048166,2023-10-28T07:29:08Z,2023-10-28T07:34:34Z,2,1,1,1,2,2,1,4.0,2.0,2.0,1.0,2.0,,,,,,,,1.0,1.0,,,,,,,,1.0,2.0,2.0,3.0,4.0,5.0,3.0,4.0,,5.0,,5.0,3.0,3.0,5.0,5.0,,5.0,,2.0,3.0,2.0,2.0,5.0,1.0,,,3.0,3.0,1.0,,2.0,,,,,,1.0,2.0,2.0,2.0,2.0,3.0,3.0,4.0,,,,,,,,,0,,0,,0,,,,,,,,,,,,,,,,,,,,,,,,,,,,,,,,,,,,,,,,,,,,,,,,,,,,,,,,,,,,,,,,,,,,,,,,,,,,,1.0,1.0,1.0,2,1,2,1,5,1,8.0,2,1,3,4,1,10,,3,6,2,,2,3,3,9,3,1.0,1,3,0.0409171368870459,
201901049311,2023-10-28T15:16:51Z,2023-10-28T15:26:09Z,2,2,1,1,1,2,1,4.0,2.0,2.0,2.0,1.0,,,,,,,,1.0,1.0,,,,,,,,1.0,2.0,3.0,3.0,5.0,3.0,4.0,5.0,,4.0,5.0,5.0,5.0,5.0,5.0,5.0,,5.0,5.0,4.0,3.0,4.0,3.0,3.0,1.0,,,,,2.0,1.0,2.0,,,,,,2.0,3.0,3.0,3.0,3.0,2.0,2.0,4.0,,,,,,,,,0,,0,,0,,,,,,,,,,,,,,,,,,,,,,,,,,,,,,,,,,,,,,,,,,,,,,,,,,,,,,,,,,,,,,,,,,,,,,,,,,,,,1.0,4.0,8.0,3,2,1,3,1,1,1.0,2,1,3,4,1,2,1.0,2,6,2,,2,4,3,1,5,2.0,2,1,0.086746186426031,
201901049400,2023-10-24T20:41:45Z,2023-10-24T20:48:13Z,1,1,1,1,2,2,1,4.0,2.0,2.0,2.0,1.0,,,,,,,,1.0,1.0,,,,,,,,1.0,2.0,2.0,2.0,3.0,4.0,2.0,4.0,,3.0,,3.0,5.0,4.0,4.0,5.0,,4.0,,3.0,1.0,,,,3.0,,,2.0,5.0,3.0,3.0,1.0,1.0,2.0,1.0,1.0,1.0,1.0,2.0,2.0,3.0,3.0,1.0,3.0,1.0,1.0,5.0,3.0,3.0,2.0,1.0,1.0,,0,,0,,0,,,,,,,,,,,,,,,,,,,,,,,,,,,,,,,,,,,,,,,,,,,,,,,,,,,,,,,,,,,,,,,,,,,,,,,,,,,,,1.0,3.0,5.0,2,1,1,2,4,1,8.0,2,99,3,4,1,12,,3,6,4,2.0,2,4,3,4,5,1.0,1,1,0.0325866766475284,
201901049460,2023-11-01T17:45:32Z,2023-11-01T17:48:55Z,2,2,1,6,2,2,2,4.0,2.0,2.0,2.0,1.0,,,,,,,,1.0,1.0,,,,,,,,1.0,1.0,3.0,3.0,3.0,2.0,2.0,2.0,3.0,,,4.0,4.0,4.0,4.0,4.0,4.0,,,2.0,2.0,2.0,1.0,2.0,1.0,1.0,5.0,1.0,5.0,1.0,,2.0,,,,,,1.0,1.0,1.0,2.0,4.0,3.0,3.0,4.0,,,,,,,,,0,,0,,0,,,,,,,,,,,,,,,,,,,,,,,,,,,,,,,,,,,,,,,,,,,,,,,,,,,,,,,,,,,,,,,,,,,,,,,,,,,,,1.0,3.0,5.0,1,1,2,2,4,1,8.0,3,1,3,4,6,1,1.0,1,2,1,,1,2,1,3,3,1.0,2,1,0.1185165646375321,
201901050020,2023-10-27T18:00:43Z,2023-10-27T18:10:12Z,2,2,1,1,1,2,1,2.0,2.0,2.0,2.0,1.0,,,,,,,,1.0,1.0,,,,,,,,1.0,1.0,2.0,3.0,3.0,4.0,3.0,3.0,,3.0,3.0,3.0,3.0,4.0,3.0,3.0,,3.0,3.0,3.0,3.0,1.0,1.0,6.0,2.0,,,,,1.0,,2.0,,,,,,1.0,2.0,2.0,4.0,3.0,3.0,3.0,4.0,,,,,,,,,0,,0,,0,,,,,,,,,,,,,,,,,,,,,,,,,,,,,,,,,,,,,,,,,,,,,,,,,,,,,,,,,,,,,,,,,,,,,,,,,,,,,1.0,3.0,5.0,1,2,2,3,2,1,8.0,99,1,3,4,1,2,2.0,2,5,3,2.0,2,3,1,3,3,1.0,2,1,0.0541910350434066,
201901050162,2023-10-27T16:57:42Z,2023-10-27T17:01:59Z,2,1,1,6,2,2,2,4.0,2.0,2.0,1.0,2.0,,,,,,,,1.0,1.0,,,,,,,,1.0,2.0,2.0,3.0,4.0,5.0,4.0,2.0,2.0,,,5.0,5.0,5.0,4.0,4.0,3.0,,,4.0,1.0,,,,1.0,1.0,5.0,2.0,2.0,2.0,1.0,2.0,,,,,,1.0,2.0,1.0,2.0,2.0,2.0,2.0,1.0,1.0,3.0,3.0,3.0,,1.0,1.0,,0,,0,,0,,,,,,,,,,,,,,,,,,,,,,,,,,,,,,,,,,,,,,,,,,,,,,,,,,,,,,,,,,,,,,,,,,,,,,,,,,,,,1.0,3.0,7.0,1,1,1,2,3,1,1.0,1,5,3,1,6,1,2.0,1,1,4,2.0,2,3,3,2,3,1.0,1,1,0.109908348505728,
201901050412,2023-10-29T19:17:51Z,2023-10-29T19:28:20Z,1,1,1,6,2,2,2,3.0,2.0,2.0,1.0,2.0,,,,,,,,1.0,1.0,,,,,,,,1.0,2.0,3.0,3.0,2.0,4.0,2.0,3.0,4.0,,,3.0,5.0,5.0,4.0,2.0,5.0,,,3.0,1.0,,,,2.0,1.0,4.0,1.0,4.0,4.0,2.0,1.0,2.0,2.0,1.0,1.0,1.0,1.0,2.0,2.0,3.0,2.0,1.0,3.0,1.0,4.0,1.0,5.0,4.0,,2.0,1.0,,0,,0,,0,,,,,,,,,,,,,,,,,,,,,,,,,,,,,,,,,,,,,,,,,,,,,,,,,,,,,,,,,,,,,,,,,,,,,,,,,,,,,1.0,3.0,5.0,1,1,1,2,4,1,7.0,4,4,3,4,6,2,2.0,2,2,3,2.0,2,3,2,8,3,1.0,1,2,0.2288415613914534,
201901050943,2023-11-05T01:07:21Z,2023-11-05T01:17:07Z,2,1,1,6,2,2,2,4.0,2.0,2.0,2.0,1.0,,,,,,,,1.0,1.0,,,,,,,,1.0,2.0,1.0,1.0,3.0,3.0,1.0,3.0,4.0,,,5.0,4.0,5.0,4.0,3.0,4.0,,,3.0,1.0,,,,1.0,1.0,4.0,1.0,4.0,2.0,1.0,2.0,,,,,,1.0,1.0,2.0,1.0,3.0,3.0,3.0,1.0,3.0,1.0,2.0,3.0,,2.0,1.0,,0,,0,,0,,,,,,,,,,,,,,,,,,,,,,,,,,,,,,,,,,,,,,,,,,,,,,,,,,,,,,,,,,,,,,,,,,,,,,,,,,,,,1.0,3.0,5.0,2,1,2,1,5,1,8.0,4,1,3,4,6,1,99.0,1,4,2,,2,4,3,3,4,1.0,1,1,0.073305891932645,
201901051054,2023-10-29T12:16:01Z,2023-10-29T12:19:32Z,2,2,1,3,1,2,1,4.0,1.0,1.0,2.0,,,,,,,,,1.0,,,,,,,,,99.0,2.0,3.0,2.0,3.0,4.0,3.0,3.0,1.0,,1.0,3.0,4.0,3.0,3.0,3.0,4.0,,2.0,3.0,3.0,1.0,1.0,1.0,2.0,,,,,4.0,1.0,1.0,1.0,1.0,1.0,1.0,1.0,1.0,4.0,3.0,3.0,3.0,2.0,2.0,4.0,,,,,,,,,0,,0,,0,,,,,,,,,,,,,,,,,,,,,,,,,,,,,,,,,,,,,,,,,,,,,,,,,,,,,,,,,,,,,,,,,,,,,,,,,,,,,1.0,1.0,2.0,1,2,2,3,2,2,,1,1,1,1,3,1,1.0,1,1,2,,2,3,1,1,1,1.0,2,1,0.018203731119452,
201901052378,2023-11-01T13:26:50Z,2023-11-01T13:29:31Z,2,2,1,6,1,2,2,4.0,2.0,2.0,2.0,1.0,,,,,,,,1.0,1.0,,,,,,,,1.0,2.0,3.0,4.0,4.0,1.0,4.0,4.0,4.0,,3.0,4.0,4.0,4.0,4.0,4.0,4.0,,4.0,2.0,1.0,,,,1.0,1.0,3.0,,,3.0,2.0,2.0,,,,,,2.0,3.0,2.0,4.0,4.0,1.0,3.0,2.0,2.0,5.0,4.0,3.0,,1.0,1.0,,0,,0,,0,,,,,,,,,,,,,,,,,,,,,,,,,,,,,,,,,,,,,,,,,,,,,,,,,,,,,,,,,,,,,,,,,,,,,,,,,,,,,1.0,3.0,5.0,1,1,1,3,2,1,8.0,2,5,3,4,6,2,1.0,2,3,2,,2,4,1,3,4,2.0,2,1,0.0949029808493274,
201901053317,2023-10-27T06:05:26Z,2023-10-27T16:24:44Z,2,1,1,1,1,2,1,4.0,2.0,2.0,1.0,2.0,,,,,,,,1.0,1.0,,,,,,,,1.0,2.0,2.0,3.0,2.0,4.0,4.0,4.0,,5.0,1.0,5.0,4.0,4.0,3.0,4.0,,4.0,3.0,3.0,3.0,3.0,3.0,3.0,1.0,,,,,1.0,,2.0,,,,,,1.0,2.0,2.0,3.0,3.0,1.0,3.0,4.0,,,,,,,,,0,,0,,0,,,,,,,,,,,,,,,,,,,,,,,,,,,,,,,,,,,,,,,,,,,,,,,,,,,,,,,,,,,,,,,,,,,,,,,,,,,,,1.0,4.0,8.0,3,1,1,2,4,1,1.0,1,1,3,1,1,1,1.0,1,2,1,,1,2,1,2,4,1.0,2,1,0.0395340663276349,
201901054806,2023-10-27T17:20:14Z,2023-10-27T17:25:01Z,2,2,1,3,2,2,1,2.0,2.0,2.0,2.0,1.0,,,,,,,,1.0,1.0,,,,,,,,1.0,1.0,3.0,2.0,1.0,4.0,3.0,1.0,2.0,,,1.0,2.0,1.0,4.0,3.0,2.0,,,2.0,1.0,,,,2.0,,,1.0,2.0,3.0,1.0,2.0,,,,,,1.0,2.0,5.0,2.0,4.0,2.0,1.0,1.0,4.0,5.0,4.0,3.0,,2.0,1.0,,0,,0,,0,,,,,,,,,,,,,,,,,,,,,,,,,,,,,,,,,,,,,,,,,,,,,,,,,,,,,,,,,,,,,,,,,,,,,,,,,,,,,1.0,3.0,5.0,2,1,1,2,3,2,,2,1,1,4,3,2,1.0,2,3,3,1.0,1,2,2,6,3,3.0,1,2,0.3678548499561717,
201901055806,2023-10-27T17:20:01Z,2023-10-27T17:36:20Z,2,2,1,2,1,2,2,4.0,2.0,2.0,1.0,2.0,,,,,,,,1.0,1.0,,,,,,,,1.0,2.0,1.0,3.0,3.0,3.0,3.0,3.0,,3.0,3.0,3.0,3.0,3.0,3.0,3.0,,3.0,3.0,3.0,3.0,1.0,1.0,2.0,2.0,1.0,5.0,,,3.0,3.0,1.0,2.0,2.0,2.0,2.0,2.0,1.0,1.0,1.0,3.0,1.0,3.0,2.0,4.0,,,,,,,,,0,,0,,0,,,,,,,,,,,,,,,,,,,,,,,,,,,,,,,,,,,,,,,,,,,,,,,,,,,,,,,,,,,,,,,,,,,,,,,,,,,,,1.0,4.0,8.0,2,1,2,2,3,1,1.0,2,1,3,4,2,1,2.0,1,5,3,1.0,1,2,1,1,3,1.0,2,1,0.0250522874867372,
201901057728,2023-10-29T00:52:36Z,2023-10-29T00:57:50Z,1,1,1,6,2,2,2,3.0,2.0,2.0,1.0,2.0,,,,,,,,1.0,1.0,,,,,,,,1.0,2.0,3.0,3.0,3.0,4.0,3.0,3.0,4.0,,,2.0,5.0,5.0,4.0,3.0,1.0,,,3.0,1.0,,,,3.0,1.0,5.0,1.0,5.0,4.0,1.0,1.0,2.0,2.0,2.0,1.0,2.0,1.0,3.0,2.0,3.0,3.0,1.0,3.0,1.0,3.0,3.0,4.0,4.0,,2.0,1.0,,0,,0,,0,,,,,,,,,,,,,,,,,,,,,,,,,,,,,,,,,,,,,,,,,,,,,,,,,,,,,,,,,,,,,,,,,,,,,,,,,,,,,1.0,4.0,9.0,1,1,2,1,5,1,1.0,1,1,3,1,6,2,2.0,2,4,2,,2,4,1,4,5,1.0,2,1,0.0484094729496526,
201901058348,2023-10-27T17:25:12Z,2023-11-01T11:35:42Z,2,1,1,2,2,2,2,4.0,2.0,2.0,2.0,1.0,,,,,,,,1.0,1.0,,,,,,,,1.0,1.0,2.0,4.0,3.0,3.0,3.0,3.0,,4.0,,2.0,3.0,3.0,4.0,4.0,,4.0,,3.0,3.0,2.0,3.0,2.0,1.0,1.0,4.0,2.0,3.0,1.0,,2.0,,,,,,1.0,3.0,3.0,4.0,3.0,3.0,3.0,4.0,,,,,,,,,0,,0,,0,,,,,,,,,,,,,,,,,,,,,,,,,,,,,,,,,,,,,,,,,,,,,,,,,,,,,,,,,,,,,,,,,,,,,,,,,,,,,1.0,4.0,9.0,2,1,2,1,5,1,1.0,1,99,3,1,2,2,2.0,2,6,3,2.0,2,4,1,3,4,1.0,2,1,0.060874496473647,
201901058827,2023-10-27T17:12:55Z,2023-10-27T18:16:26Z,2,1,1,2,2,2,2,3.0,2.0,2.0,1.0,2.0,,,,,,,,1.0,1.0,,,,,,,,1.0,1.0,2.0,2.0,2.0,3.0,2.0,2.0,,2.0,,3.0,3.0,3.0,2.0,1.0,,1.0,,2.0,3.0,2.0,2.0,2.0,2.0,1.0,5.0,3.0,4.0,3.0,1.0,1.0,1.0,2.0,2.0,2.0,1.0,1.0,1.0,2.0,3.0,1.0,3.0,3.0,4.0,,,,,,,,,0,,0,,0,,,,,,,,,,,,,,,,,,,,,,,,,,,,,,,,,,,,,,,,,,,,,,,,,,,,,,,,,,,,,,,,,,,,,,,,,,,,,1.0,3.0,5.0,1,1,2,2,4,1,7.0,2,5,3,4,2,12,,3,6,3,2.0,2,4,3,8,4,1.0,2,2,0.1378467030876514,
201901059731,2023-10-27T17:27:31Z,2023-10-27T17:32:59Z,2,2,1,2,1,2,2,4.0,2.0,2.0,2.0,1.0,,,,,,,,1.0,1.0,,,,,,,,1.0,2.0,1.0,1.0,1.0,2.0,3.0,2.0,,4.0,1.0,5.0,4.0,5.0,3.0,5.0,,4.0,3.0,2.0,3.0,2.0,1.0,6.0,1.0,1.0,5.0,,,1.0,,2.0,,,,,,1.0,1.0,1.0,3.0,1.0,2.0,3.0,4.0,,,,,,,,,0,,0,,0,,,,,,,,,,,,,,,,,,,,,,,,,,,,,,,,,,,,,,,,,,,,,,,,,,,,,,,,,,,,,,,,,,,,,,,,,,,,,1.0,3.0,5.0,2,2,2,1,6,1,99.0,2,4,3,4,2,2,99.0,2,3,4,2.0,2,3,3,2,3,2.0,1,1,0.018203731119452,
201901060067,2023-10-27T17:16:30Z,2023-10-27T17:19:31Z,2,1,1,2,2,2,2,4.0,1.0,1.0,2.0,,,,,,,,,1.0,,,,,,,,,99.0,2.0,2.0,3.0,4.0,3.0,2.0,3.0,,3.0,,4.0,2.0,3.0,5.0,4.0,,5.0,,3.0,3.0,2.0,1.0,3.0,1.0,1.0,5.0,2.0,3.0,1.0,,2.0,,,,,,1.0,1.0,2.0,3.0,1.0,3.0,3.0,4.0,,,,,,,,,0,,0,,0,,,,,,,,,,,,,,,,,,,,,,,,,,,,,,,,,,,,,,,,,,,,,,,,,,,,,,,,,,,,,,,,,,,,,,,,,,,,,1.0,1.0,2.0,1,1,2,1,6,1,5.0,1,1,3,1,2,2,2.0,2,5,3,2.0,2,4,2,9,5,1.0,1,3,0.0249231473181678,
201901061849,2023-10-29T11:10:11Z,2023-10-29T11:15:05Z,2,1,1,6,2,2,2,4.0,1.0,1.0,2.0,,,,,,,,,1.0,,,,,,,,,99.0,2.0,3.0,3.0,4.0,5.0,4.0,4.0,4.0,,,3.0,2.0,4.0,6.0,4.0,5.0,,,5.0,2.0,1.0,4.0,1.0,1.0,1.0,5.0,3.0,5.0,2.0,3.0,2.0,,,,,,1.0,4.0,4.0,4.0,4.0,3.0,2.0,1.0,4.0,4.0,4.0,3.0,,1.0,1.0,,0,,0,,0,,,,,,,,,,,,,,,,,,,,,,,,,,,,,,,,,,,,,,,,,,,,,,,,,,,,,,,,,,,,,,,,,,,,,,,,,,,,,1.0,3.0,5.0,2,1,1,1,5,1,4.0,1,1,3,1,6,12,,3,6,3,2.0,2,3,1,2,3,1.0,2,1,0.0456648304165078,
201901062127,2023-10-29T14:29:29Z,2023-10-29T14:35:41Z,2,1,1,1,1,1,1,4.0,2.0,2.0,2.0,1.0,,,,,,,,1.0,2.0,,,,,,,,1.0,2.0,4.0,3.0,4.0,4.0,3.0,4.0,,3.0,2.0,2.0,2.0,4.0,3.0,4.0,,4.0,2.0,1.0,3.0,1.0,1.0,2.0,3.0,,,,,1.0,,2.0,,,,,,2.0,1.0,1.0,2.0,1.0,1.0,3.0,4.0,,,,,,,,,0,,0,,0,,,,,,,,,,,,,,,,,,,,,,,,,,,,,,,,,,,,,,,,,,,,,,,,,,,,,,,,,,,,,,,,,,,,,,,,,,,,,1.0,4.0,9.0,1,2,2,3,2,1,1.0,1,99,3,1,1,1,1.0,1,1,2,,2,3,2,1,1,1.0,1,1,0.018203731119452,
201901062163,2023-10-31T07:06:41Z,2023-10-31T07:11:41Z,2,2,1,6,2,2,2,4.0,2.0,2.0,2.0,1.0,,,,,,,,1.0,1.0,,,,,,,,1.0,2.0,1.0,4.0,1.0,5.0,1.0,3.0,5.0,,,4.0,2.0,2.0,5.0,5.0,3.0,,,2.0,3.0,2.0,2.0,2.0,1.0,1.0,1.0,1.0,1.0,1.0,,2.0,,,,,,2.0,2.0,2.0,3.0,2.0,3.0,3.0,4.0,,,,,,,,,0,,0,,0,,,,,,,,,,,,,,,,,,,,,,,,,,,,,,,,,,,,,,,,,,,,,,,,,,,,,,,,,,,,,,,,,,,,,,,,,,,,,1.0,3.0,5.0,2,2,2,1,5,1,7.0,1,5,3,1,6,12,,3,5,3,2.0,2,4,1,4,4,1.0,1,2,0.018203731119452,
201901062237,2023-10-29T10:33:56Z,2023-10-29T15:18:26Z,2,2,1,1,2,2,1,4.0,1.0,1.0,2.0,,,,,,,,,1.0,,,,,,,,,99.0,2.0,2.0,1.0,3.0,1.0,1.0,2.0,,2.0,,1.0,1.0,3.0,1.0,2.0,,1.0,,3.0,3.0,2.0,2.0,6.0,1.0,,,1.0,4.0,1.0,,2.0,,,,,,2.0,1.0,1.0,3.0,2.0,3.0,3.0,4.0,,,,,,,,,0,,0,,0,,,,,,,,,,,,,,,,,,,,,,,,,,,,,,,,,,,,,,,,,,,,,,,,,,,,,,,,,,,,,,,,,,,,,,,,,,,,,1.0,3.0,5.0,1,1,2,1,5,1,8.0,2,1,3,4,1,2,1.0,2,3,3,2.0,2,3,3,9,3,1.0,2,99,0.0312626882346675,
201901062359,2023-10-28T00:03:15Z,2023-10-28T00:07:11Z,2,1,1,6,2,2,2,4.0,2.0,2.0,2.0,1.0,,,,,,,,1.0,1.0,,,,,,,,1.0,1.0,2.0,3.0,4.0,3.0,3.0,5.0,5.0,,,4.0,5.0,5.0,6.0,5.0,6.0,,,3.0,1.0,,,,3.0,3.0,4.0,3.0,5.0,5.0,1.0,1.0,2.0,1.0,1.0,1.0,1.0,2.0,4.0,2.0,5.0,4.0,3.0,3.0,1.0,2.0,3.0,3.0,3.0,,2.0,2.0,,0,,0,,0,,,,,,,,,,,,,,,,,,,,,,,,,,,,,,,,,,,,,,,,,,,,,,,,,,,,,,,,,,,,,,,,,,,,,,,,,,,,,1.0,3.0,5.0,1,2,2,1,5,1,7.0,1,1,3,1,6,2,2.0,2,6,4,1.0,1,1,3,5,1,1.0,2,1,0.0272695568878189,
201901064788,2023-10-28T12:30:20Z,2023-10-29T17:44:15Z,1,2,1,1,2,2,1,4.0,2.0,2.0,2.0,1.0,,,,,,,,1.0,2.0,,,,,,,,1.0,2.0,3.0,4.0,3.0,1.0,3.0,2.0,,5.0,,1.0,3.0,2.0,2.0,5.0,,4.0,,2.0,1.0,,,,1.0,,,2.0,5.0,1.0,,2.0,,,,,,2.0,1.0,1.0,4.0,5.0,1.0,3.0,2.0,3.0,4.0,4.0,5.0,3.0,1.0,1.0,,0,,0,,0,,,,,,,,,,,,,,,,,,,,,,,,,,,,,,,,,,,,,,,,,,,,,,,,,,,,,,,,,,,,,,,,,,,,,,,,,,,,,1.0,3.0,5.0,1,1,1,3,2,1,8.0,2,99,3,4,1,10,,3,6,4,2.0,2,4,3,1,5,1.0,2,1,0.0826250404066936,
201901067135,2023-10-27T22:46:01Z,2023-10-27T22:53:37Z,2,2,1,6,2,2,2,4.0,2.0,2.0,2.0,1.0,,,,,,,,1.0,1.0,,,,,,,,1.0,1.0,1.0,4.0,1.0,3.0,2.0,4.0,5.0,,,4.0,4.0,5.0,1.0,3.0,5.0,,,3.0,3.0,3.0,1.0,4.0,3.0,1.0,5.0,1.0,5.0,2.0,1.0,1.0,2.0,2.0,2.0,2.0,1.0,1.0,4.0,3.0,5.0,5.0,2.0,2.0,4.0,,,,,,,,,0,,0,,0,,,,,,,,,,,,,,,,,,,,,,,,,,,,,,,,,,,,,,,,,,,,,,,,,,,,,,,,,,,,,,,,,,,,,,,,,,,,,1.0,3.0,5.0,1,1,1,2,3,1,7.0,3,5,3,4,6,12,,3,6,3,1.0,1,2,3,4,3,2.0,2,1,0.0754856433645559,
201901067493,2023-10-28T14:23:49Z,2023-10-28T23:24:12Z,2,2,1,2,1,2,2,4.0,1.0,1.0,2.0,,,,,,,,,1.0,,,,,,,,,99.0,2.0,1.0,3.0,3.0,1.0,1.0,1.0,,1.0,2.0,3.0,3.0,4.0,3.0,2.0,,3.0,3.0,1.0,3.0,1.0,5.0,5.0,3.0,1.0,5.0,,,1.0,,2.0,,,,,,1.0,1.0,1.0,2.0,2.0,3.0,1.0,4.0,,,,,,,,,0,,0,,0,,,,,,,,,,,,,,,,,,,,,,,,,,,,,,,,,,,,,,,,,,,,,,,,,,,,,,,,,,,,,,,,,,,,,,,,,,,,,1.0,3.0,7.0,1,2,2,1,5,1,1.0,2,1,3,4,2,2,1.0,2,3,2,,2,3,3,1,3,2.0,2,1,0.0598800372446568,
201901067718,2023-10-28T16:24:43Z,2023-10-28T16:28:50Z,2,2,1,1,1,2,1,4.0,2.0,2.0,2.0,1.0,,,,,,,,1.0,1.0,,,,,,,,1.0,1.0,1.0,4.0,2.0,4.0,3.0,3.0,,4.0,3.0,3.0,3.0,5.0,5.0,4.0,,2.0,4.0,4.0,3.0,2.0,2.0,3.0,1.0,,,,,1.0,,1.0,2.0,2.0,1.0,2.0,2.0,2.0,2.0,3.0,3.0,3.0,1.0,3.0,4.0,,,,,,,,,0,,0,,0,,,,,,,,,,,,,,,,,,,,,,,,,,,,,,,,,,,,,,,,,,,,,,,,,,,,,,,,,,,,,,,,,,,,,,,,,,,,,1.0,3.0,5.0,1,2,2,1,6,1,8.0,2,1,3,4,1,12,,3,5,4,2.0,2,4,1,4,4,1.0,2,2,0.018203731119452,
201901068274,2023-10-29T13:11:37Z,2023-10-29T13:17:34Z,2,2,1,1,1,2,1,4.0,2.0,2.0,2.0,1.0,,,,,,,,1.0,1.0,,,,,,,,1.0,2.0,2.0,3.0,2.0,2.0,1.0,3.0,,3.0,3.0,4.0,5.0,4.0,4.0,4.0,,4.0,4.0,2.0,2.0,1.0,2.0,1.0,1.0,,,,,1.0,,2.0,,,,,,1.0,3.0,1.0,2.0,1.0,3.0,3.0,2.0,3.0,2.0,3.0,3.0,2.0,2.0,1.0,,0,,0,,0,,,,,,,,,,,,,,,,,,,,,,,,,,,,,,,,,,,,,,,,,,,,,,,,,,,,,,,,,,,,,,,,,,,,,,,,,,,,,1.0,1.0,2.0,1,1,2,2,3,1,4.0,2,1,3,4,1,12,,3,5,4,99.0,9,9,3,2,99,1.0,2,1,0.2857935977482783,
201901068501,2023-10-30T14:49:42Z,2023-10-30T14:54:08Z,2,2,1,1,1,2,1,4.0,2.0,2.0,2.0,1.0,,,,,,,,1.0,1.0,,,,,,,,1.0,1.0,1.0,5.0,5.0,5.0,3.0,5.0,,99.0,5.0,5.0,5.0,5.0,5.0,5.0,,5.0,4.0,5.0,3.0,3.0,2.0,1.0,3.0,,,,,5.0,5.0,2.0,,,,,,2.0,1.0,3.0,5.0,3.0,1.0,2.0,4.0,,,,,,,,,0,,0,,0,,,,,,,,,,,,,,,,,,,,,,,,,,,,,,,,,,,,,,,,,,,,,,,,,,,,,,,,,,,,,,,,,,,,,,,,,,,,,1.0,4.0,8.0,2,1,2,2,3,1,1.0,1,1,3,1,1,1,1.0,1,2,2,,2,3,1,2,3,3.0,2,1,0.0393119476623869,
201901068764,2023-11-02T21:07:46Z,2023-11-02T21:15:53Z,1,2,1,2,99,99,2,4.0,2.0,2.0,1.0,2.0,,,,,,,,1.0,1.0,,,,,,,,1.0,1.0,3.0,3.0,3.0,3.0,2.0,2.0,,4.0,,5.0,4.0,5.0,5.0,5.0,,5.0,,3.0,2.0,5.0,4.0,5.0,1.0,1.0,5.0,,,1.0,,2.0,,,,,,2.0,1.0,2.0,4.0,3.0,2.0,2.0,3.0,1.0,1.0,1.0,1.0,2.0,1.0,1.0,,0,,0,,0,,,,,,,,,,,,,,,,,,,,,,,,,,,,,,,,,,,,,,,,,,,,,,,,,,,,,,,,,,,,,,,,,,,,,,,,,,,,,1.0,3.0,5.0,1,1,2,2,3,1,8.0,1,1,3,1,2,2,2.0,2,5,3,2.0,2,3,3,2,3,1.0,2,99,0.0364095927624158,
201901069368,2023-10-29T11:14:54Z,2023-10-29T11:37:41Z,2,1,1,6,2,2,2,4.0,2.0,2.0,2.0,1.0,,,,,,,,1.0,1.0,,,,,,,,1.0,2.0,3.0,5.0,4.0,5.0,5.0,5.0,5.0,,,5.0,5.0,5.0,5.0,5.0,5.0,,,4.0,2.0,6.0,6.0,6.0,2.0,1.0,5.0,3.0,5.0,3.0,3.0,2.0,,,,,,2.0,4.0,4.0,5.0,4.0,2.0,2.0,3.0,3.0,3.0,3.0,3.0,,1.0,1.0,,0,,0,,0,,,,,,,,,,,,,,,,,,,,,,,,,,,,,,,,,,,,,,,,,,,,,,,,,,,,,,,,,,,,,,,,,,,,,,,,,,,,,1.0,3.0,7.0,2,1,1,2,4,1,1.0,1,5,3,1,6,12,,3,6,2,,2,3,1,2,3,1.0,2,1,0.0732306218335823,
201901070648,2023-10-24T21:54:32Z,2023-10-25T19:08:06Z,2,1,1,6,2,2,2,4.0,2.0,2.0,2.0,1.0,,,,,,,,1.0,1.0,,,,,,,,1.0,1.0,2.0,4.0,2.0,4.0,3.0,3.0,3.0,,,4.0,5.0,5.0,3.0,3.0,4.0,,,4.0,1.0,,,,1.0,1.0,4.0,1.0,2.0,4.0,3.0,2.0,,,,,,2.0,4.0,4.0,5.0,3.0,3.0,2.0,1.0,3.0,1.0,1.0,1.0,,2.0,2.0,,0,,0,,0,,,,,,,,,,,,,,,,,,,,,,,,,,,,,,,,,,,,,,,,,,,,,,,,,,,,,,,,,,,,,,,,,,,,,,,,,,,,,1.0,4.0,9.0,1,1,2,1,5,1,7.0,1,1,3,1,6,2,2.0,2,2,99,1.0,1,2,1,3,4,1.0,2,1,0.0569544451136345,
201901070770,2023-10-27T17:14:57Z,2023-10-27T17:22:05Z,1,1,1,6,2,2,2,4.0,2.0,2.0,1.0,2.0,,,,,,,,1.0,1.0,,,,,,,,1.0,2.0,3.0,5.0,5.0,3.0,3.0,5.0,5.0,,,5.0,3.0,5.0,6.0,5.0,6.0,,,3.0,1.0,,,,3.0,1.0,5.0,2.0,5.0,3.0,1.0,2.0,,,,,,1.0,1.0,1.0,5.0,5.0,1.0,3.0,1.0,1.0,1.0,3.0,3.0,,1.0,2.0,,0,,0,,0,,,,,,,,,,,,,,,,,,,,,,,,,,,,,,,,,,,,,,,,,,,,,,,,,,,,,,,,,,,,,,,,,,,,,,,,,,,,,1.0,3.0,5.0,1,1,1,3,2,1,8.0,1,1,3,1,6,1,1.0,1,6,1,,1,1,1,1,2,2.0,2,1,0.0779944585036276,
201901070798,2023-10-28T22:42:52Z,2023-10-28T22:47:42Z,2,1,1,1,1,2,1,4.0,2.0,2.0,2.0,1.0,,,,,,,,1.0,1.0,,,,,,,,1.0,1.0,1.0,1.0,1.0,1.0,1.0,1.0,,1.0,1.0,5.0,5.0,4.0,5.0,5.0,,5.0,5.0,1.0,3.0,1.0,1.0,2.0,1.0,,,,,1.0,,1.0,2.0,1.0,2.0,2.0,2.0,1.0,1.0,99.0,1.0,1.0,3.0,3.0,4.0,,,,,,,,,0,,0,,0,,,,,,,,,,,,,,,,,,,,,,,,,,,,,,,,,,,,,,,,,,,,,,,,,,,,,,,,,,,,,,,,,,,,,,,,,,,,,1.0,3.0,5.0,3,1,2,3,2,1,1.0,4,1,3,4,1,2,1.0,2,4,2,,2,3,1,2,3,1.0,2,1,0.1379617123174075,
201901071319,2023-10-30T13:26:23Z,2023-11-02T22:29:57Z,2,1,1,6,2,2,2,3.0,2.0,2.0,1.0,2.0,,,,,,,,1.0,1.0,,,,,,,,1.0,1.0,5.0,5.0,4.0,5.0,4.0,5.0,5.0,,,5.0,3.0,3.0,5.0,5.0,6.0,,,4.0,2.0,6.0,6.0,6.0,2.0,2.0,5.0,2.0,5.0,2.0,1.0,1.0,2.0,2.0,2.0,2.0,1.0,1.0,5.0,4.0,5.0,5.0,3.0,3.0,4.0,,,,,,,,,0,,0,,0,,,,,,,,,,,,,,,,,,,,,,,,,,,,,,,,,,,,,,,,,,,,,,,,,,,,,,,,,,,,,,,,,,,,,,,,,,,,,1.0,3.0,5.0,2,1,2,1,5,1,97.0,3,4,3,4,6,12,,3,2,4,99.0,9,9,3,9,3,1.0,2,2,0.0375893430319722,
201901071841,2023-10-27T18:24:09Z,2023-10-27T18:30:59Z,2,1,1,6,2,2,2,3.0,2.0,2.0,1.0,2.0,,,,,,,,1.0,1.0,,,,,,,,1.0,2.0,1.0,4.0,3.0,5.0,5.0,5.0,5.0,,,3.0,2.0,2.0,5.0,4.0,5.0,,,5.0,3.0,2.0,2.0,5.0,2.0,1.0,4.0,2.0,3.0,2.0,2.0,1.0,2.0,2.0,1.0,2.0,1.0,2.0,2.0,2.0,2.0,3.0,3.0,3.0,4.0,,,,,,,,,0,,0,,0,,,,,,,,,,,,,,,,,,,,,,,,,,,,,,,,,,,,,,,,,,,,,,,,,,,,,,,,,,,,,,,,,,,,,,,,,,,,,1.0,3.0,5.0,1,1,2,2,4,1,7.0,1,1,3,1,6,1,1.0,1,5,2,,2,3,1,5,3,1.0,2,2,0.0718679399810978,
201901072006,2023-10-29T11:15:44Z,2023-10-29T11:20:35Z,2,2,1,1,2,2,1,4.0,2.0,2.0,1.0,2.0,,,,,,,,1.0,1.0,,,,,,,,1.0,1.0,2.0,4.0,3.0,4.0,3.0,5.0,,5.0,,4.0,5.0,5.0,4.0,4.0,,4.0,,4.0,3.0,3.0,2.0,5.0,1.0,,,1.0,3.0,1.0,,2.0,,,,,,1.0,2.0,1.0,4.0,3.0,3.0,3.0,4.0,,,,,,,,,0,,0,,0,,,,,,,,,,,,,,,,,,,,,,,,,,,,,,,,,,,,,,,,,,,,,,,,,,,,,,,,,,,,,,,,,,,,,,,,,,,,,1.0,3.0,6.0,2,2,1,2,4,1,8.0,2,1,3,4,1,2,2.0,2,6,4,2.0,2,4,3,6,4,1.0,2,2,0.146005372774848,
201901073016,2023-10-29T12:16:12Z,2023-10-29T12:21:27Z,2,1,1,6,2,2,2,4.0,2.0,2.0,2.0,1.0,,,,,,,,1.0,1.0,,,,,,,,1.0,1.0,5.0,4.0,4.0,5.0,4.0,4.0,5.0,,,1.0,1.0,3.0,5.0,2.0,6.0,,,4.0,1.0,,,,1.0,1.0,4.0,2.0,3.0,4.0,2.0,1.0,1.0,2.0,2.0,1.0,1.0,1.0,5.0,5.0,5.0,5.0,3.0,3.0,1.0,5.0,3.0,4.0,3.0,,2.0,1.0,,0,,0,,0,,,,,,,,,,,,,,,,,,,,,,,,,,,,,,,,,,,,,,,,,,,,,,,,,,,,,,,,,,,,,,,,,,,,,,,,,,,,,1.0,1.0,2.0,1,1,2,1,5,1,1.0,1,1,3,1,6,9,,3,6,2,,2,4,1,2,5,1.0,2,1,0.018203731119452,
201901073020,2023-10-27T22:06:00Z,2023-10-27T22:41:26Z,2,1,1,1,1,2,1,3.0,2.0,2.0,1.0,2.0,,,,,,,,1.0,1.0,,,,,,,,1.0,1.0,1.0,3.0,3.0,4.0,3.0,2.0,,4.0,3.0,2.0,5.0,5.0,3.0,5.0,,4.0,3.0,4.0,3.0,1.0,2.0,2.0,1.0,,,,,1.0,,2.0,,,,,,2.0,1.0,1.0,5.0,2.0,3.0,3.0,4.0,,,,,,,,,0,,0,,0,,,,,,,,,,,,,,,,,,,,,,,,,,,,,,,,,,,,,,,,,,,,,,,,,,,,,,,,,,,,,,,,,,,,,,,,,,,,,1.0,3.0,5.0,1,2,1,2,4,1,3.0,1,1,3,1,1,2,2.0,2,5,1,,1,1,1,8,2,1.0,2,2,0.0496687506484608,
201901074251,2023-10-29T05:29:03Z,2023-10-29T20:32:12Z,2,1,1,4,2,1,1,4.0,1.0,1.0,1.0,,,,,,,,,1.0,,,,,,,,,99.0,1.0,4.0,4.0,4.0,4.0,3.0,5.0,5.0,,5.0,3.0,4.0,3.0,4.0,3.0,4.0,,4.0,4.0,2.0,3.0,2.0,2.0,1.0,,,,,3.0,2.0,2.0,,,,,,2.0,3.0,3.0,4.0,4.0,1.0,3.0,2.0,3.0,2.0,99.0,4.0,,1.0,1.0,,0,,0,,0,,,,,,,,,,,,,,,,,,,,,,,,,,,,,,,,,,,,,,,,,,,,,,,,,,,,,,,,,,,,,,,,,,,,,,,,,,,,,1.0,3.0,5.0,2,1,2,2,3,1,4.0,99,5,3,3,4,2,1.0,2,2,3,1.0,1,2,2,4,5,3.0,1,2,0.4482925185055425,
201901075291,2023-10-27T17:45:22Z,2023-10-27T17:53:52Z,1,1,1,6,2,2,2,4.0,1.0,1.0,2.0,,,,,,,,,1.0,,,,,,,,,99.0,2.0,2.0,2.0,3.0,4.0,2.0,2.0,1.0,,,4.0,5.0,5.0,5.0,5.0,4.0,,,2.0,2.0,1.0,1.0,1.0,1.0,1.0,5.0,1.0,5.0,3.0,1.0,2.0,,,,,,1.0,2.0,1.0,3.0,2.0,3.0,3.0,1.0,1.0,1.0,4.0,3.0,,1.0,1.0,,0,,0,,0,,,,,,,,,,,,,,,,,,,,,,,,,,,,,,,,,,,,,,,,,,,,,,,,,,,,,,,,,,,,,,,,,,,,,,,,,,,,,1.0,4.0,8.0,1,1,2,1,5,1,1.0,1,1,3,1,6,2,1.0,2,3,2,,2,3,1,8,3,1.0,1,2,0.018203731119452,
201901076034,2023-10-27T21:46:30Z,2023-10-27T22:02:03Z,2,2,1,1,1,2,1,4.0,2.0,2.0,2.0,1.0,,,,,,,,1.0,1.0,,,,,,,,1.0,1.0,2.0,5.0,5.0,5.0,5.0,5.0,,5.0,5.0,5.0,5.0,4.0,5.0,4.0,,5.0,5.0,5.0,3.0,3.0,3.0,4.0,1.0,,,,,1.0,,2.0,,,,,,1.0,2.0,1.0,5.0,2.0,3.0,3.0,4.0,,,,,,,,,0,,0,,0,,,,,,,,,,,,,,,,,,,,,,,,,,,,,,,,,,,,,,,,,,,,,,,,,,,,,,,,,,,,,,,,,,,,,,,,,,,,,1.0,1.0,2.0,1,2,1,2,4,1,6.0,2,1,3,4,1,12,,3,4,4,1.0,1,2,3,3,3,1.0,2,1,0.0303889256902624,
201901076883,2023-10-28T19:19:59Z,2023-10-28T19:23:57Z,2,2,1,2,2,2,2,4.0,2.0,2.0,2.0,1.0,,,,,,,,1.0,1.0,,,,,,,,1.0,1.0,2.0,3.0,3.0,3.0,2.0,3.0,,2.0,,3.0,3.0,3.0,3.0,3.0,,3.0,,5.0,3.0,3.0,3.0,3.0,2.0,1.0,2.0,1.0,2.0,1.0,,2.0,,,,,,1.0,3.0,2.0,4.0,1.0,2.0,2.0,4.0,,,,,,,,,0,,0,,0,,,,,,,,,,,,,,,,,,,,,,,,,,,,,,,,,,,,,,,,,,,,,,,,,,,,,,,,,,,,,,,,,,,,,,,,,,,,,1.0,3.0,7.0,1,1,1,3,2,1,1.0,1,1,3,1,2,12,,3,5,3,2.0,2,3,1,2,2,1.0,2,1,0.2109893756172643,
201901077442,2023-10-27T16:58:09Z,2023-10-27T17:08:48Z,2,1,1,2,1,2,2,4.0,2.0,2.0,2.0,1.0,,,,,,,,1.0,2.0,,,,,,,,1.0,2.0,3.0,4.0,4.0,4.0,4.0,4.0,,5.0,4.0,4.0,5.0,4.0,5.0,5.0,,5.0,3.0,5.0,3.0,1.0,1.0,3.0,1.0,3.0,5.0,,,1.0,,2.0,,,,,,1.0,2.0,1.0,3.0,2.0,3.0,3.0,4.0,,,,,,,,,0,,0,,0,,,,,,,,,,,,,,,,,,,,,,,,,,,,,,,,,,,,,,,,,,,,,,,,,,,,,,,,,,,,,,,,,,,,,,,,,,,,,1.0,3.0,5.0,2,2,2,2,3,1,8.0,1,1,3,1,2,2,2.0,2,5,4,2.0,2,3,2,1,3,1.0,2,1,0.0692945767653117,
201901078175,2023-10-30T10:16:44Z,2023-10-30T10:22:27Z,2,2,1,1,1,2,1,4.0,2.0,2.0,2.0,1.0,,,,,,,,1.0,1.0,,,,,,,,1.0,1.0,1.0,3.0,2.0,2.0,1.0,3.0,,3.0,2.0,5.0,5.0,5.0,6.0,5.0,,5.0,5.0,2.0,3.0,1.0,1.0,3.0,3.0,,,,,1.0,,2.0,,,,,,2.0,1.0,1.0,2.0,1.0,3.0,3.0,4.0,,,,,,,,,0,,0,,0,,,,,,,,,,,,,,,,,,,,,,,,,,,,,,,,,,,,,,,,,,,,,,,,,,,,,,,,,,,,,,,,,,,,,,,,,,,,,1.0,3.0,5.0,1,2,2,1,5,1,2.0,99,1,3,2,1,2,2.0,2,2,3,1.0,1,2,1,9,3,1.0,2,2,0.018203731119452,
201901078829,2023-10-27T16:57:33Z,2023-10-27T17:03:17Z,2,2,1,1,1,2,1,4.0,2.0,2.0,1.0,2.0,,,,,,,,1.0,1.0,,,,,,,,1.0,1.0,5.0,2.0,2.0,2.0,2.0,2.0,,2.0,2.0,5.0,5.0,5.0,6.0,5.0,,5.0,5.0,2.0,3.0,3.0,2.0,5.0,1.0,,,,,3.0,3.0,1.0,2.0,2.0,2.0,2.0,2.0,2.0,1.0,1.0,1.0,3.0,2.0,2.0,4.0,,,,,,,,,0,,0,,0,,,,,,,,,,,,,,,,,,,,,,,,,,,,,,,,,,,,,,,,,,,,,,,,,,,,,,,,,,,,,,,,,,,,,,,,,,,,,1.0,4.0,9.0,1,2,2,3,1,1,5.0,99,5,3,3,1,12,,3,3,3,2.0,2,4,2,2,4,4.0,1,1,0.0689900688756786,
202001000247,2023-10-28T05:01:06Z,2023-10-28T05:06:00Z,2,1,1,6,2,2,2,3.0,2.0,2.0,1.0,2.0,,,,,,,,1.0,1.0,,,,,,,,1.0,2.0,1.0,2.0,2.0,2.0,3.0,3.0,3.0,,,4.0,3.0,4.0,4.0,4.0,5.0,,,3.0,2.0,2.0,2.0,2.0,2.0,1.0,4.0,1.0,4.0,4.0,1.0,2.0,,,,,,2.0,2.0,1.0,3.0,2.0,3.0,3.0,1.0,1.0,1.0,4.0,4.0,,2.0,1.0,,0,,0,,0,,,,,,,,,,,,,,,,,,,,,,,,,,,,,,,,,,,,,,,,,,,,,,,,,,,,,,,,,,,,,,,,,,,,,,,,,,,,,1.0,4.0,9.0,2,1,1,2,4,2,,1,1,1,1,6,2,2.0,2,3,2,,2,3,1,7,3,2.0,1,2,4.05947643305341,
202001000636,2023-10-27T23:17:21Z,2023-10-27T23:27:57Z,1,1,1,6,2,2,2,4.0,2.0,2.0,1.0,2.0,,,,,,,,1.0,1.0,,,,,,,,1.0,1.0,2.0,1.0,4.0,1.0,4.0,5.0,3.0,,,5.0,5.0,5.0,3.0,4.0,3.0,,,1.0,2.0,3.0,1.0,1.0,1.0,2.0,3.0,1.0,3.0,1.0,,2.0,,,,,,1.0,2.0,1.0,4.0,3.0,2.0,3.0,1.0,1.0,1.0,4.0,3.0,,1.0,1.0,,0,,0,,0,,,,,,,,,,,,,,,,,,,,,,,,,,,,,,,,,,,,,,,,,,,,,,,,,,,,,,,,,,,,,,,,,,,,,,,,,,,,,1.0,4.0,8.0,1,1,1,1,5,1,1.0,2,1,3,4,6,2,2.0,2,6,2,,2,3,1,5,2,1.0,2,2,3.293889988293355,
202001000711,2023-10-27T21:29:38Z,2023-10-27T21:33:15Z,2,1,1,1,1,2,1,3.0,2.0,2.0,2.0,1.0,,,,,,,,1.0,1.0,,,,,,,,1.0,1.0,3.0,4.0,5.0,4.0,3.0,5.0,,5.0,4.0,5.0,2.0,1.0,5.0,3.0,,1.0,3.0,5.0,3.0,3.0,2.0,5.0,1.0,,,,,1.0,,2.0,,,,,,1.0,4.0,2.0,4.0,3.0,3.0,3.0,4.0,,,,,,,,,0,,0,,0,,,,,,,,,,,,,,,,,,,,,,,,,,,,,,,,,,,,,,,,,,,,,,,,,,,,,,,,,,,,,,,,,,,,,,,,,,,,,1.0,4.0,8.0,2,1,2,2,3,2,,1,1,1,1,1,1,1.0,1,4,2,,2,3,1,9,3,1.0,1,2,0.7363108025505943,
202001000905,2023-10-27T18:23:33Z,2023-10-27T18:26:34Z,2,1,1,6,2,2,2,4.0,1.0,1.0,2.0,,,,,,,,,1.0,,,,,,,,,99.0,2.0,1.0,4.0,3.0,5.0,4.0,5.0,4.0,,,4.0,3.0,3.0,4.0,4.0,4.0,,,4.0,3.0,3.0,3.0,5.0,1.0,1.0,4.0,3.0,4.0,1.0,,2.0,,,,,,2.0,1.0,1.0,5.0,2.0,3.0,3.0,4.0,,,,,,,,,0,,0,,0,,,,,,,,,,,,,,,,,,,,,,,,,,,,,,,,,,,,,,,,,,,,,,,,,,,,,,,,,,,,,,,,,,,,,,,,,,,,,1.0,4.0,8.0,1,1,2,1,5,2,,1,1,1,1,6,9,,3,6,2,,2,4,1,7,5,1.0,2,3,0.7179800469437335,
202001000908,2023-10-27T17:21:01Z,2023-10-27T17:24:09Z,2,1,1,1,1,2,1,4.0,1.0,1.0,2.0,,,,,,,,,1.0,,,,,,,,,99.0,2.0,4.0,3.0,4.0,3.0,4.0,3.0,,4.0,2.0,4.0,5.0,5.0,4.0,4.0,,5.0,3.0,4.0,3.0,3.0,3.0,3.0,3.0,,,,,1.0,,2.0,,,,,,2.0,3.0,1.0,4.0,1.0,2.0,2.0,4.0,,,,,,,,,0,,0,,0,,,,,,,,,,,,,,,,,,,,,,,,,,,,,,,,,,,,,,,,,,,,,,,,,,,,,,,,,,,,,,,,,,,,,,,,,,,,,2.0,4.0,8.0,1,2,2,2,3,1,1.0,1,1,3,1,1,1,1.0,1,2,3,1.0,1,1,2,1,2,1.0,1,1,0.7350288913345794,
202001000993,2023-10-29T13:43:31Z,2023-10-29T13:49:02Z,2,1,1,1,2,2,1,4.0,2.0,2.0,1.0,2.0,,,,,,,,1.0,1.0,,,,,,,,1.0,2.0,3.0,3.0,3.0,3.0,3.0,3.0,,3.0,,4.0,3.0,3.0,4.0,4.0,,3.0,,4.0,3.0,2.0,2.0,5.0,1.0,,,1.0,3.0,1.0,,2.0,,,,,,2.0,2.0,2.0,3.0,2.0,3.0,3.0,4.0,,,,,,,,,0,,0,,0,,,,,,,,,,,,,,,,,,,,,,,,,,,,,,,,,,,,,,,,,,,,,,,,,,,,,,,,,,,,,,,,,,,,,,,,,,,,,1.0,3.0,5.0,2,2,1,1,5,2,,1,1,1,1,1,1,1.0,1,3,2,,2,4,1,9,4,1.0,2,3,0.4345255267885037,
202001001013,2023-10-26T20:42:22Z,2023-10-26T20:44:37Z,2,1,1,6,2,2,2,4.0,2.0,2.0,1.0,2.0,,,,,,,,1.0,1.0,,,,,,,,1.0,1.0,3.0,4.0,5.0,5.0,5.0,5.0,5.0,,,5.0,4.0,3.0,4.0,5.0,3.0,,,5.0,1.0,,,,1.0,1.0,4.0,3.0,4.0,3.0,1.0,2.0,,,,,,2.0,2.0,3.0,4.0,3.0,2.0,3.0,2.0,4.0,2.0,4.0,3.0,,1.0,1.0,,0,,0,,0,,,,,,,,,,,,,,,,,,,,,,,,,,,,,,,,,,,,,,,,,,,,,,,,,,,,,,,,,,,,,,,,,,,,,,,,,,,,,1.0,2.0,3.0,3,1,1,2,3,2,,1,1,1,1,6,9,,3,6,2,,2,3,1,7,3,1.0,2,2,2.780557898206207,
202001001424,2023-10-27T17:03:10Z,2023-10-27T17:14:13Z,1,1,1,6,2,2,2,4.0,2.0,2.0,2.0,1.0,,,,,,,,1.0,1.0,,,,,,,,1.0,1.0,1.0,2.0,2.0,3.0,3.0,3.0,3.0,,,99.0,3.0,99.0,99.0,5.0,99.0,,,3.0,3.0,2.0,2.0,3.0,1.0,3.0,5.0,2.0,5.0,2.0,1.0,1.0,2.0,2.0,1.0,2.0,1.0,1.0,5.0,4.0,5.0,3.0,99.0,99.0,4.0,,,,,,,,,0,,0,,0,,,,,,,,,,,,,,,,,,,,,,,,,,,,,,,,,,,,,,,,,,,,,,,,,,,,,,,,,,,,,,,,,,,,,,,,,,,,,1.0,4.0,8.0,2,2,1,2,3,2,,1,1,1,1,6,12,,3,6,3,2.0,2,3,1,9,3,1.0,2,3,0.8640159398634466,
202001001612,2023-10-29T13:08:53Z,2023-11-05T11:46:18Z,2,1,1,2,2,2,2,4.0,2.0,2.0,2.0,1.0,,,,,,,,1.0,1.0,,,,,,,,1.0,2.0,4.0,4.0,4.0,3.0,5.0,4.0,,3.0,,3.0,3.0,4.0,3.0,3.0,,3.0,,4.0,3.0,3.0,3.0,5.0,1.0,1.0,3.0,3.0,3.0,1.0,,2.0,,,,,,2.0,3.0,2.0,1.0,3.0,3.0,3.0,4.0,,,,,,,,,0,,0,,0,,,,,,,,,,,,,,,,,,,,,,,,,,,,,,,,,,,,,,,,,,,,,,,,,,,,,,,,,,,,,,,,,,,,,,,,,,,,,1.0,1.0,1.0,2,2,3,1,5,2,,1,4,4,1,2,12,,3,6,2,,2,4,1,9,4,1.0,2,2,0.3400020017875963,
202001001661,2023-10-27T20:40:45Z,2023-10-27T20:46:20Z,2,1,1,6,2,2,2,4.0,2.0,2.0,2.0,1.0,,,,,,,,1.0,1.0,,,,,,,,1.0,1.0,3.0,3.0,3.0,3.0,3.0,3.0,4.0,,,4.0,5.0,4.0,4.0,5.0,4.0,,,2.0,1.0,,,,2.0,1.0,4.0,1.0,4.0,5.0,1.0,1.0,2.0,2.0,2.0,2.0,1.0,1.0,3.0,3.0,4.0,4.0,3.0,3.0,1.0,3.0,1.0,3.0,4.0,,2.0,2.0,,0,,0,,0,,,,,,,,,,,,,,,,,,,,,,,,,,,,,,,,,,,,,,,,,,,,,,,,,,,,,,,,,,,,,,,,,,,,,,,,,,,,,1.0,1.0,2.0,2,1,2,1,5,1,8.0,1,1,3,1,6,2,2.0,2,5,4,2.0,2,4,3,2,4,1.0,2,1,1.2950737642354686,
202001001670,2023-10-29T12:15:29Z,2023-10-29T12:19:10Z,2,1,1,2,2,2,2,4.0,2.0,2.0,1.0,2.0,,,,,,,,1.0,1.0,,,,,,,,1.0,1.0,3.0,4.0,4.0,4.0,4.0,4.0,,4.0,,4.0,4.0,4.0,4.0,4.0,,4.0,,5.0,3.0,5.0,4.0,5.0,1.0,1.0,5.0,1.0,5.0,1.0,,2.0,,,,,,2.0,3.0,3.0,5.0,3.0,3.0,3.0,4.0,,,,,,,,,0,,0,,0,,,,,,,,,,,,,,,,,,,,,,,,,,,,,,,,,,,,,,,,,,,,,,,,,,,,,,,,,,,,,,,,,,,,,,,,,,,,,1.0,1.0,2.0,2,1,1,2,3,2,,1,1,1,1,2,2,2.0,2,2,2,,2,3,1,9,3,1.0,2,3,1.4965598625662515,
202001001865,2023-10-30T00:27:43Z,2023-10-30T00:33:55Z,2,1,1,1,2,2,1,2.0,2.0,2.0,2.0,1.0,,,,,,,,1.0,1.0,,,,,,,,1.0,2.0,1.0,2.0,2.0,2.0,1.0,1.0,,1.0,,5.0,5.0,5.0,5.0,4.0,,5.0,,1.0,3.0,1.0,1.0,1.0,1.0,,,1.0,5.0,1.0,,2.0,,,,,,1.0,1.0,1.0,3.0,1.0,3.0,3.0,4.0,,,,,,,,,0,,0,,0,,,,,,,,,,,,,,,,,,,,,,,,,,,,,,,,,,,,,,,,,,,,,,,,,,,,,,,,,,,,,,,,,,,,,,,,,,,,,1.0,3.0,7.0,2,1,2,2,3,1,1.0,1,1,3,1,1,1,2.0,1,5,3,2.0,2,3,1,5,3,1.0,2,2,0.3332375034132079,
202001002018,2023-10-27T18:02:17Z,2023-10-27T18:12:39Z,2,1,1,1,1,2,1,4.0,2.0,2.0,2.0,1.0,,,,,,,,1.0,1.0,,,,,,,,1.0,2.0,1.0,5.0,5.0,5.0,5.0,5.0,,5.0,4.0,5.0,4.0,4.0,6.0,5.0,,5.0,4.0,5.0,3.0,3.0,2.0,5.0,1.0,,,,,1.0,,1.0,2.0,2.0,1.0,2.0,2.0,2.0,3.0,1.0,5.0,4.0,2.0,1.0,4.0,,,,,,,,,0,,0,,0,,,,,,,,,,,,,,,,,,,,,,,,,,,,,,,,,,,,,,,,,,,,,,,,,,,,,,,,,,,,,,,,,,,,,,,,,,,,,2.0,4.0,8.0,3,2,2,1,5,2,,1,1,1,1,1,1,1.0,1,2,3,1.0,1,2,1,9,3,2.0,1,2,0.3394019902831837,
202001002224,2023-10-28T20:36:32Z,2023-10-28T20:40:53Z,2,1,1,2,2,2,2,4.0,2.0,2.0,2.0,1.0,,,,,,,,1.0,1.0,,,,,,,,1.0,2.0,3.0,3.0,3.0,4.0,3.0,4.0,,4.0,,3.0,3.0,4.0,2.0,4.0,,5.0,,4.0,3.0,2.0,2.0,2.0,1.0,1.0,4.0,3.0,3.0,2.0,1.0,1.0,2.0,2.0,2.0,1.0,2.0,1.0,2.0,1.0,3.0,3.0,3.0,3.0,4.0,,,,,,,,,0,,0,,0,,,,,,,,,,,,,,,,,,,,,,,,,,,,,,,,,,,,,,,,,,,,,,,,,,,,,,,,,,,,,,,,,,,,,,,,,,,,,1.0,4.0,9.0,1,2,1,3,2,1,1.0,1,1,3,1,2,9,,3,5,2,,2,4,1,2,5,1.0,2,1,2.3171055089138024,
202001002475,2023-11-01T14:51:50Z,2023-11-01T14:56:27Z,2,1,1,6,2,2,2,4.0,2.0,2.0,1.0,2.0,,,,,,,,1.0,1.0,,,,,,,,1.0,2.0,3.0,5.0,2.0,4.0,3.0,3.0,3.0,,,4.0,5.0,5.0,3.0,3.0,4.0,,,3.0,3.0,2.0,2.0,3.0,2.0,3.0,2.0,2.0,1.0,3.0,3.0,1.0,2.0,1.0,2.0,2.0,1.0,2.0,1.0,2.0,1.0,2.0,3.0,2.0,4.0,,,,,,,,,0,,0,,0,,,,,,,,,,,,,,,,,,,,,,,,,,,,,,,,,,,,,,,,,,,,,,,,,,,,,,,,,,,,,,,,,,,,,,,,,,,,,1.0,4.0,8.0,2,1,2,2,4,2,,1,1,1,1,6,9,,3,6,2,,2,4,1,1,5,2.0,2,1,1.9815262913200071,
202001002592,2023-10-28T15:29:07Z,2023-10-28T15:55:32Z,1,1,1,6,2,2,2,3.0,1.0,1.0,2.0,,,,,,,,,1.0,,,,,,,,,99.0,2.0,1.0,3.0,4.0,3.0,2.0,3.0,4.0,,,3.0,5.0,4.0,4.0,4.0,4.0,,,3.0,1.0,,,,1.0,1.0,3.0,1.0,3.0,1.0,,2.0,,,,,,1.0,1.0,1.0,1.0,1.0,3.0,3.0,2.0,1.0,3.0,1.0,1.0,,1.0,1.0,,0,,0,,0,,,,,,,,,,,,,,,,,,,,,,,,,,,,,,,,,,,,,,,,,,,,,,,,,,,,,,,,,,,,,,,,,,,,,,,,,,,,,1.0,4.0,9.0,1,1,1,1,5,1,1.0,1,5,3,1,6,2,2.0,2,2,2,,2,4,1,2,4,1.0,2,1,1.0592916784825823,
202001002790,2023-10-26T23:07:46Z,2023-10-26T23:10:40Z,2,1,1,6,2,2,2,4.0,1.0,1.0,2.0,,,,,,,,,1.0,,,,,,,,,99.0,2.0,1.0,2.0,3.0,3.0,2.0,4.0,5.0,,,4.0,4.0,5.0,5.0,3.0,5.0,,,5.0,3.0,3.0,2.0,3.0,1.0,3.0,4.0,3.0,5.0,1.0,,2.0,,,,,,2.0,2.0,3.0,4.0,3.0,3.0,3.0,4.0,,,,,,,,,0,,0,,0,,,,,,,,,,,,,,,,,,,,,,,,,,,,,,,,,,,,,,,,,,,,,,,,,,,,,,,,,,,,,,,,,,,,,,,,,,,,,1.0,4.0,9.0,2,1,1,1,5,2,,1,4,4,1,6,9,,3,6,2,,2,4,1,9,5,1.0,2,3,1.5112980392322124,
202001002876,2023-10-28T14:42:22Z,2023-10-28T14:50:11Z,2,1,1,6,2,2,2,4.0,2.0,2.0,2.0,1.0,,,,,,,,1.0,1.0,,,,,,,,1.0,1.0,1.0,2.0,3.0,5.0,3.0,4.0,5.0,,,5.0,5.0,3.0,5.0,5.0,5.0,,,3.0,3.0,2.0,2.0,5.0,1.0,3.0,4.0,3.0,5.0,1.0,,2.0,,,,,,2.0,1.0,2.0,5.0,2.0,3.0,3.0,4.0,,,,,,,,,0,,0,,0,,,,,,,,,,,,,,,,,,,,,,,,,,,,,,,,,,,,,,,,,,,,,,,,,,,,,,,,,,,,,,,,,,,,,,,,,,,,,1.0,3.0,7.0,2,1,1,2,4,2,,1,1,1,1,6,1,1.0,1,3,1,,1,1,1,4,2,1.0,2,2,3.8976391892368514,
202001002910,2023-10-27T16:59:41Z,2023-10-30T03:10:31Z,2,1,1,6,2,2,2,4.0,2.0,2.0,1.0,2.0,,,,,,,,1.0,1.0,,,,,,,,1.0,2.0,3.0,3.0,4.0,4.0,3.0,4.0,4.0,,,3.0,4.0,4.0,3.0,3.0,5.0,,,3.0,1.0,,,,1.0,1.0,4.0,3.0,4.0,5.0,3.0,1.0,2.0,1.0,2.0,1.0,1.0,1.0,3.0,3.0,3.0,3.0,2.0,2.0,1.0,3.0,2.0,3.0,3.0,,1.0,2.0,,0,,0,,0,,,,,,,,,,,,,,,,,,,,,,,,,,,,,,,,,,,,,,,,,,,,,,,,,,,,,,,,,,,,,,,,,,,,,,,,,,,,,1.0,2.0,3.0,2,1,1,3,2,2,,1,1,1,1,6,1,1.0,1,2,4,1.0,1,2,1,4,3,4.0,2,2,6.314159461681934,
202001003166,2023-10-27T17:23:21Z,2023-10-27T17:29:11Z,2,1,1,1,1,2,1,4.0,1.0,1.0,2.0,,,,,,,,,1.0,,,,,,,,,99.0,2.0,1.0,2.0,2.0,3.0,2.0,5.0,,3.0,3.0,3.0,5.0,4.0,3.0,4.0,,3.0,5.0,1.0,3.0,4.0,6.0,3.0,2.0,,,,,2.0,2.0,2.0,,,,,,1.0,1.0,1.0,1.0,2.0,3.0,3.0,4.0,,,,,,,,,0,,0,,0,,,,,,,,,,,,,,,,,,,,,,,,,,,,,,,,,,,,,,,,,,,,,,,,,,,,,,,,,,,,,,,,,,,,,,,,,,,,,1.0,3.0,5.0,1,2,2,3,2,1,1.0,1,1,3,1,1,2,2.0,2,6,4,2.0,2,3,1,1,3,2.0,2,1,1.278330174189812,
202001003172,2023-10-30T10:20:01Z,2023-10-30T10:23:53Z,2,1,1,2,2,2,2,4.0,2.0,2.0,1.0,2.0,,,,,,,,1.0,1.0,,,,,,,,1.0,1.0,1.0,2.0,3.0,2.0,4.0,4.0,,2.0,,4.0,4.0,4.0,5.0,4.0,,5.0,,4.0,3.0,3.0,2.0,5.0,1.0,1.0,3.0,1.0,3.0,3.0,2.0,1.0,2.0,2.0,2.0,2.0,2.0,2.0,1.0,2.0,4.0,3.0,2.0,2.0,4.0,,,,,,,,,0,,0,,0,,,,,,,,,,,,,,,,,,,,,,,,,,,,,,,,,,,,,,,,,,,,,,,,,,,,,,,,,,,,,,,,,,,,,,,,,,,,,1.0,3.0,7.0,3,2,1,1,6,2,,1,1,1,1,2,1,2.0,1,5,1,,1,1,1,9,2,1.0,2,3,0.2208588713986535,
202001003326,2023-10-27T21:49:30Z,2023-10-27T21:52:40Z,2,1,1,2,2,2,2,3.0,2.0,2.0,2.0,1.0,,,,,,,,1.0,1.0,,,,,,,,1.0,2.0,2.0,3.0,2.0,3.0,4.0,4.0,,3.0,,4.0,3.0,3.0,3.0,2.0,,5.0,,3.0,3.0,5.0,2.0,5.0,1.0,1.0,2.0,1.0,1.0,1.0,,2.0,,,,,,2.0,2.0,2.0,3.0,3.0,3.0,3.0,4.0,,,,,,,,,0,,0,,0,,,,,,,,,,,,,,,,,,,,,,,,,,,,,,,,,,,,,,,,,,,,,,,,,,,,,,,,,,,,,,,,,,,,,,,,,,,,,1.0,3.0,6.0,1,2,1,1,5,2,,1,1,1,1,2,2,2.0,2,4,3,1.0,1,2,3,8,3,1.0,2,2,0.9803154767594376,
202001003373,2023-11-01T16:50:20Z,2023-11-01T17:07:50Z,1,1,1,1,1,2,1,4.0,2.0,2.0,1.0,2.0,,,,,,,,1.0,1.0,,,,,,,,1.0,2.0,2.0,3.0,2.0,2.0,2.0,2.0,,3.0,2.0,3.0,5.0,4.0,4.0,4.0,,3.0,4.0,1.0,3.0,1.0,1.0,1.0,1.0,,,,,1.0,,1.0,2.0,1.0,2.0,2.0,2.0,1.0,2.0,1.0,1.0,1.0,1.0,3.0,4.0,,,,,,,,,0,,0,,0,,,,,,,,,,,,,,,,,,,,,,,,,,,,,,,,,,,,,,,,,,,,,,,,,,,,,,,,,,,,,,,,,,,,,,,,,,,,,1.0,3.0,7.0,2,2,2,1,5,2,,1,1,1,1,1,1,1.0,1,2,1,,1,2,1,8,3,1.0,1,2,0.1654545611754838,
202001003375,2023-10-28T19:00:57Z,2023-10-28T19:06:02Z,2,1,1,6,2,2,2,4.0,2.0,2.0,2.0,1.0,,,,,,,,1.0,1.0,,,,,,,,1.0,2.0,2.0,3.0,4.0,4.0,3.0,4.0,4.0,,,4.0,4.0,3.0,3.0,4.0,3.0,,,3.0,3.0,5.0,2.0,5.0,1.0,1.0,4.0,3.0,5.0,2.0,4.0,1.0,2.0,2.0,1.0,2.0,2.0,2.0,3.0,3.0,4.0,2.0,3.0,3.0,4.0,,,,,,,,,0,,0,,0,,,,,,,,,,,,,,,,,,,,,,,,,,,,,,,,,,,,,,,,,,,,,,,,,,,,,,,,,,,,,,,,,,,,,,,,,,,,,1.0,3.0,5.0,2,2,2,1,6,2,,1,1,1,1,6,1,2.0,1,4,3,1.0,1,2,3,6,3,1.0,2,2,0.3575531726849545,
202001003407,2023-10-27T17:32:46Z,2023-10-27T17:43:20Z,2,1,1,1,1,2,1,4.0,2.0,2.0,2.0,1.0,,,,,,,,1.0,2.0,,,,,,,,1.0,2.0,5.0,5.0,5.0,5.0,5.0,5.0,,5.0,5.0,5.0,5.0,5.0,6.0,5.0,,5.0,5.0,5.0,3.0,4.0,3.0,6.0,3.0,,,,,1.0,,2.0,,,,,,1.0,5.0,1.0,2.0,1.0,2.0,2.0,4.0,,,,,,,,,0,,0,,0,,,,,,,,,,,,,,,,,,,,,,,,,,,,,,,,,,,,,,,,,,,,,,,,,,,,,,,,,,,,,,,,,,,,,,,,,,,,,2.0,3.0,6.0,2,2,2,3,2,2,,1,1,1,1,1,1,1.0,1,1,1,,1,1,1,1,1,2.0,2,1,1.1582351060549676,
202001003409,2023-10-29T10:28:23Z,2023-10-29T10:33:43Z,2,1,1,2,2,2,2,4.0,4.0,4.0,2.0,1.0,2.0,1.0,,,,,,1.0,1.0,1.0,1.0,,,,,,1.0,1.0,2.0,2.0,3.0,3.0,2.0,4.0,,4.0,,4.0,4.0,3.0,4.0,4.0,,4.0,,3.0,3.0,3.0,2.0,5.0,1.0,1.0,4.0,2.0,3.0,2.0,2.0,2.0,,,,,,2.0,4.0,3.0,4.0,2.0,2.0,2.0,4.0,,,,,,,,,0,,0,,0,,,,,,,,,,,,,,,,,,,,,,,,,,,,,,,,,,,,,,,,,,,,,,,,,,,,,,,,,,,,,,,,,,,,,,,,,,,,,1.0,4.0,9.0,1,1,2,1,6,2,,1,1,1,1,2,5,,4,6,4,2.0,2,4,1,6,5,1.0,2,2,0.6698848375540818,
202001003481,2023-10-29T12:39:34Z,2023-10-29T12:42:02Z,2,1,1,1,2,2,1,4.0,1.0,1.0,2.0,,,,,,,,,1.0,,,,,,,,,99.0,2.0,2.0,5.0,3.0,5.0,5.0,5.0,,5.0,,3.0,5.0,5.0,4.0,4.0,,5.0,,4.0,3.0,3.0,2.0,4.0,1.0,,,1.0,2.0,1.0,,2.0,,,,,,2.0,3.0,3.0,4.0,3.0,3.0,3.0,4.0,,,,,,,,,0,,0,,0,,,,,,,,,,,,,,,,,,,,,,,,,,,,,,,,,,,,,,,,,,,,,,,,,,,,,,,,,,,,,,,,,,,,,,,,,,,,,2.0,2.0,3.0,3,1,2,1,5,2,,1,1,1,1,1,1,2.0,1,6,4,2.0,2,3,1,8,3,1.0,1,2,0.3088299162134808,
202001003522,2023-11-02T00:22:25Z,2023-11-02T00:26:46Z,2,1,1,1,2,2,1,4.0,2.0,2.0,1.0,2.0,,,,,,,,1.0,1.0,,,,,,,,1.0,2.0,2.0,3.0,3.0,2.0,2.0,3.0,,3.0,,4.0,4.0,3.0,5.0,4.0,,5.0,,1.0,3.0,2.0,2.0,2.0,1.0,,,1.0,4.0,1.0,,2.0,,,,,,1.0,1.0,1.0,1.0,2.0,3.0,3.0,4.0,,,,,,,,,0,,0,,0,,,,,,,,,,,,,,,,,,,,,,,,,,,,,,,,,,,,,,,,,,,,,,,,,,,,,,,,,,,,,,,,,,,,,,,,,,,,,1.0,1.0,2.0,2,1,2,1,6,2,,1,1,1,1,1,12,,3,6,2,,2,4,1,7,5,1.0,1,2,0.5154829767733966,
202001003773,2023-10-27T17:49:07Z,2023-10-27T17:52:15Z,2,1,1,6,2,2,2,4.0,2.0,2.0,2.0,1.0,,,,,,,,1.0,1.0,,,,,,,,1.0,1.0,1.0,1.0,1.0,1.0,1.0,1.0,1.0,,,1.0,3.0,2.0,1.0,1.0,1.0,,,3.0,3.0,1.0,2.0,2.0,1.0,2.0,5.0,2.0,5.0,1.0,,2.0,,,,,,2.0,2.0,1.0,2.0,2.0,3.0,3.0,4.0,,,,,,,,,0,,0,,0,,,,,,,,,,,,,,,,,,,,,,,,,,,,,,,,,,,,,,,,,,,,,,,,,,,,,,,,,,,,,,,,,,,,,,,,,,,,,1.0,1.0,2.0,3,1,1,3,2,2,,1,1,1,1,6,2,2.0,2,5,1,,1,1,1,6,2,1.0,2,2,3.025367356538601,
202001003888,2023-10-28T19:06:27Z,2023-10-29T16:37:40Z,2,1,1,1,2,2,1,4.0,2.0,2.0,1.0,2.0,,,,,,,,1.0,1.0,,,,,,,,1.0,2.0,2.0,4.0,4.0,4.0,5.0,5.0,,4.0,,4.0,5.0,5.0,3.0,5.0,,5.0,,4.0,3.0,3.0,3.0,5.0,1.0,,,1.0,4.0,1.0,,1.0,2.0,2.0,2.0,2.0,2.0,2.0,4.0,3.0,3.0,4.0,2.0,2.0,4.0,,,,,,,,,0,,0,,0,,,,,,,,,,,,,,,,,,,,,,,,,,,,,,,,,,,,,,,,,,,,,,,,,,,,,,,,,,,,,,,,,,,,,,,,,,,,,1.0,3.0,6.0,2,2,2,1,5,2,,1,2,2,1,1,1,1.0,1,2,4,2.0,2,3,1,4,2,1.0,2,2,0.1895719550984292,
202001003936,2023-10-27T17:21:59Z,2023-10-27T17:26:26Z,2,1,1,6,2,2,2,3.0,2.0,2.0,2.0,1.0,,,,,,,,1.0,1.0,,,,,,,,1.0,1.0,2.0,1.0,1.0,5.0,5.0,4.0,5.0,,,3.0,5.0,4.0,4.0,4.0,4.0,,,3.0,1.0,,,,3.0,1.0,3.0,1.0,3.0,5.0,2.0,1.0,1.0,1.0,1.0,1.0,1.0,2.0,3.0,2.0,4.0,3.0,3.0,3.0,1.0,2.0,2.0,2.0,2.0,,2.0,2.0,,0,,0,,0,,,,,,,,,,,,,,,,,,,,,,,,,,,,,,,,,,,,,,,,,,,,,,,,,,,,,,,,,,,,,,,,,,,,,,,,,,,,,1.0,2.0,3.0,2,1,1,2,3,1,8.0,1,1,3,1,6,5,,4,4,3,1.0,1,2,1,9,3,1.0,1,3,1.426689548692044,
202001004003,2023-10-27T23:09:25Z,2023-10-27T23:14:40Z,2,1,1,6,2,2,2,4.0,2.0,2.0,1.0,2.0,,,,,,,,1.0,1.0,,,,,,,,1.0,2.0,2.0,4.0,3.0,3.0,2.0,3.0,4.0,,,4.0,5.0,4.0,5.0,4.0,5.0,,,2.0,3.0,3.0,2.0,3.0,1.0,1.0,3.0,2.0,5.0,1.0,,2.0,,,,,,2.0,1.0,2.0,3.0,2.0,3.0,3.0,4.0,,,,,,,,,0,,0,,0,,,,,,,,,,,,,,,,,,,,,,,,,,,,,,,,,,,,,,,,,,,,,,,,,,,,,,,,,,,,,,,,,,,,,,,,,,,,,1.0,3.0,5.0,1,1,1,1,6,2,,1,1,1,1,6,10,,3,6,2,,2,4,1,9,5,1.0,1,3,0.2055593105798098,
202001004011,2023-10-27T18:42:04Z,2023-10-27T18:45:52Z,2,1,1,6,2,2,2,4.0,2.0,2.0,1.0,2.0,,,,,,,,1.0,1.0,,,,,,,,1.0,1.0,1.0,3.0,2.0,4.0,3.0,5.0,4.0,,,4.0,3.0,3.0,4.0,4.0,4.0,,,3.0,3.0,3.0,3.0,5.0,1.0,3.0,3.0,3.0,3.0,1.0,,2.0,,,,,,2.0,3.0,2.0,4.0,3.0,3.0,3.0,4.0,,,,,,,,,0,,0,,0,,,,,,,,,,,,,,,,,,,,,,,,,,,,,,,,,,,,,,,,,,,,,,,,,,,,,,,,,,,,,,,,,,,,,,,,,,,,,1.0,2.0,3.0,1,1,1,1,5,2,,1,1,1,1,6,12,,3,6,3,1.0,1,2,2,8,3,1.0,2,3,0.5987107546550771,
202001004060,2023-10-28T16:38:09Z,2023-10-28T16:41:58Z,2,1,1,2,1,2,2,4.0,2.0,2.0,2.0,1.0,,,,,,,,1.0,1.0,,,,,,,,1.0,2.0,2.0,3.0,2.0,2.0,3.0,2.0,,2.0,2.0,4.0,4.0,4.0,2.0,3.0,,3.0,2.0,2.0,3.0,1.0,1.0,2.0,2.0,1.0,4.0,,,2.0,1.0,1.0,1.0,2.0,2.0,2.0,1.0,2.0,1.0,1.0,4.0,3.0,3.0,3.0,4.0,,,,,,,,,0,,0,,0,,,,,,,,,,,,,,,,,,,,,,,,,,,,,,,,,,,,,,,,,,,,,,,,,,,,,,,,,,,,,,,,,,,,,,,,,,,,,2.0,2.0,3.0,3,1,2,2,4,2,,1,1,1,1,2,10,,3,6,2,,2,4,1,1,4,1.0,2,1,0.983091520323302,
202001004129,2023-10-27T07:18:01Z,2023-10-27T07:22:02Z,2,1,1,1,1,2,1,4.0,2.0,2.0,1.0,2.0,,,,,,,,1.0,1.0,,,,,,,,1.0,2.0,2.0,3.0,3.0,3.0,3.0,4.0,,4.0,3.0,3.0,5.0,4.0,4.0,3.0,,5.0,3.0,2.0,3.0,3.0,2.0,2.0,1.0,,,,,1.0,,2.0,,,,,,2.0,2.0,2.0,2.0,2.0,3.0,3.0,4.0,,,,,,,,,0,,0,,0,,,,,,,,,,,,,,,,,,,,,,,,,,,,,,,,,,,,,,,,,,,,,,,,,,,,,,,,,,,,,,,,,,,,,,,,,,,,,1.0,3.0,5.0,3,2,1,3,2,2,,1,1,1,1,1,1,1.0,1,2,1,,1,1,1,5,1,2.0,2,2,1.3491711887085271,
202001004273,2023-11-04T13:44:20Z,2023-11-04T13:48:20Z,2,1,1,6,2,2,2,4.0,2.0,2.0,1.0,2.0,,,,,,,,1.0,1.0,,,,,,,,1.0,2.0,1.0,3.0,4.0,4.0,3.0,5.0,3.0,,,5.0,4.0,1.0,5.0,4.0,5.0,,,1.0,3.0,4.0,3.0,5.0,1.0,1.0,3.0,1.0,3.0,1.0,,2.0,,,,,,2.0,1.0,2.0,3.0,2.0,3.0,3.0,4.0,,,,,,,,,0,,0,,0,,,,,,,,,,,,,,,,,,,,,,,,,,,,,,,,,,,,,,,,,,,,,,,,,,,,,,,,,,,,,,,,,,,,,,,,,,,,,1.0,4.0,9.0,1,2,2,1,5,2,,1,1,1,1,6,9,,3,5,2,,2,4,1,9,4,1.0,1,3,0.09382942772754,
202001004383,2023-10-29T18:03:23Z,2023-10-29T18:06:53Z,1,1,1,4,2,2,1,4.0,2.0,2.0,2.0,1.0,,,,,,,,1.0,1.0,,,,,,,,1.0,1.0,2.0,4.0,3.0,2.0,4.0,3.0,3.0,,,4.0,5.0,4.0,4.0,4.0,4.0,,,1.0,3.0,2.0,2.0,5.0,1.0,,,3.0,5.0,1.0,,2.0,,,,,,2.0,3.0,2.0,5.0,3.0,3.0,2.0,4.0,,,,,,,,,0,,0,,0,,,,,,,,,,,,,,,,,,,,,,,,,,,,,,,,,,,,,,,,,,,,,,,,,,,,,,,,,,,,,,,,,,,,,,,,,,,,,1.0,3.0,5.0,1,2,2,1,6,2,,1,1,1,1,4,9,,3,5,2,,2,4,1,9,4,1.0,1,3,0.1180460857113658,
202001004424,2023-10-27T16:58:52Z,2023-10-27T17:03:56Z,1,1,1,6,2,2,2,4.0,2.0,2.0,2.0,1.0,,,,,,,,1.0,1.0,,,,,,,,1.0,2.0,1.0,1.0,1.0,4.0,3.0,4.0,4.0,,,4.0,3.0,3.0,4.0,4.0,4.0,,,3.0,3.0,3.0,3.0,5.0,1.0,3.0,5.0,2.0,5.0,1.0,,2.0,,,,,,2.0,3.0,1.0,5.0,1.0,3.0,2.0,4.0,,,,,,,,,0,,0,,0,,,,,,,,,,,,,,,,,,,,,,,,,,,,,,,,,,,,,,,,,,,,,,,,,,,,,,,,,,,,,,,,,,,,,,,,,,,,,1.0,2.0,3.0,1,1,1,1,5,2,,1,1,1,1,6,9,,3,4,4,2.0,2,4,1,9,5,1.0,2,3,1.2845400267516058,
202001004894,2023-10-28T11:45:44Z,2023-10-30T11:36:21Z,2,1,1,6,2,2,2,4.0,2.0,2.0,2.0,1.0,,,,,,,,1.0,1.0,,,,,,,,1.0,1.0,3.0,3.0,4.0,4.0,2.0,2.0,5.0,,,4.0,1.0,4.0,3.0,3.0,3.0,,,4.0,3.0,2.0,2.0,3.0,1.0,1.0,5.0,1.0,5.0,2.0,1.0,1.0,2.0,1.0,2.0,2.0,1.0,2.0,4.0,1.0,5.0,2.0,2.0,2.0,4.0,,,,,,,,,0,,0,,0,,,,,,,,,,,,,,,,,,,,,,,,,,,,,,,,,,,,,,,,,,,,,,,,,,,,,,,,,,,,,,,,,,,,,,,,,,,,,1.0,3.0,6.0,2,1,2,2,3,2,,1,1,1,1,6,12,,3,6,4,2.0,2,4,3,1,4,1.0,2,1,2.197417347359833,
202001004936,2023-10-27T17:01:44Z,2023-10-27T17:04:37Z,2,1,1,2,1,2,2,4.0,2.0,2.0,1.0,2.0,,,,,,,,1.0,1.0,,,,,,,,1.0,2.0,2.0,4.0,5.0,5.0,4.0,5.0,,5.0,5.0,3.0,4.0,2.0,2.0,2.0,,2.0,2.0,3.0,3.0,2.0,2.0,2.0,1.0,1.0,5.0,,,1.0,,2.0,,,,,,1.0,1.0,2.0,1.0,2.0,3.0,3.0,4.0,,,,,,,,,0,,0,,0,,,,,,,,,,,,,,,,,,,,,,,,,,,,,,,,,,,,,,,,,,,,,,,,,,,,,,,,,,,,,,,,,,,,,,,,,,,,,1.0,2.0,4.0,2,1,2,1,5,1,5.0,3,4,3,4,2,2,1.0,2,5,2,,2,3,1,4,3,1.0,2,2,0.8398709735337881,
202001004977,2023-10-27T17:04:20Z,2023-10-27T17:08:26Z,2,1,1,2,2,2,2,4.0,1.0,1.0,2.0,,,,,,,,,1.0,,,,,,,,,99.0,2.0,2.0,4.0,4.0,3.0,3.0,4.0,,4.0,,4.0,2.0,2.0,5.0,3.0,,4.0,,2.0,3.0,3.0,2.0,5.0,1.0,3.0,5.0,2.0,3.0,2.0,2.0,1.0,2.0,2.0,2.0,2.0,1.0,2.0,3.0,2.0,2.0,2.0,3.0,3.0,4.0,,,,,,,,,0,,0,,0,,,,,,,,,,,,,,,,,,,,,,,,,,,,,,,,,,,,,,,,,,,,,,,,,,,,,,,,,,,,,,,,,,,,,,,,,,,,,1.0,4.0,9.0,2,2,2,1,5,2,,1,1,1,1,2,9,,3,6,4,2.0,2,4,1,4,5,1.0,2,2,0.2504074524555056,
202001005104,2023-10-27T23:19:38Z,2023-10-27T23:24:48Z,2,1,1,1,1,2,1,4.0,2.0,2.0,1.0,2.0,,,,,,,,1.0,1.0,,,,,,,,1.0,1.0,1.0,3.0,2.0,5.0,5.0,4.0,,3.0,3.0,2.0,4.0,2.0,4.0,3.0,,4.0,3.0,3.0,3.0,1.0,2.0,3.0,1.0,,,,,1.0,,2.0,,,,,,2.0,2.0,3.0,4.0,3.0,3.0,3.0,4.0,,,,,,,,,0,,0,,0,,,,,,,,,,,,,,,,,,,,,,,,,,,,,,,,,,,,,,,,,,,,,,,,,,,,,,,,,,,,,,,,,,,,,,,,,,,,,1.0,1.0,2.0,2,2,1,1,5,2,,1,1,1,1,1,1,1.0,1,2,1,,1,1,1,9,2,1.0,2,3,0.434805613159832,
202001005177,2023-11-01T15:45:34Z,2023-11-01T15:48:17Z,2,1,1,4,2,2,1,4.0,2.0,2.0,1.0,2.0,,,,,,,,1.0,1.0,,,,,,,,1.0,1.0,3.0,4.0,5.0,5.0,5.0,5.0,4.0,,,4.0,4.0,4.0,5.0,4.0,4.0,,,5.0,3.0,3.0,5.0,3.0,1.0,,,1.0,5.0,1.0,,2.0,,,,,,2.0,4.0,4.0,5.0,4.0,2.0,2.0,4.0,,,,,,,,,0,,0,,0,,,,,,,,,,,,,,,,,,,,,,,,,,,,,,,,,,,,,,,,,,,,,,,,,,,,,,,,,,,,,,,,,,,,,,,,,,,,,1.0,2.0,4.0,2,1,1,1,6,1,1.0,1,1,3,1,4,9,,3,4,3,2.0,2,3,3,5,3,1.0,1,2,1.544925464268482,
202001005303,2023-10-29T21:25:17Z,2023-10-29T21:32:27Z,2,1,1,6,2,2,2,4.0,2.0,2.0,2.0,1.0,,,,,,,,1.0,1.0,,,,,,,,1.0,1.0,3.0,3.0,3.0,5.0,2.0,4.0,4.0,,,5.0,5.0,5.0,4.0,5.0,4.0,,,2.0,3.0,2.0,1.0,1.0,1.0,3.0,4.0,3.0,3.0,1.0,,2.0,,,,,,1.0,3.0,2.0,5.0,3.0,2.0,2.0,4.0,,,,,,,,,0,,0,,0,,,,,,,,,,,,,,,,,,,,,,,,,,,,,,,,,,,,,,,,,,,,,,,,,,,,,,,,,,,,,,,,,,,,,,,,,,,,,1.0,4.0,9.0,2,2,2,1,5,1,1.0,1,1,3,1,6,2,2.0,2,4,1,,1,2,1,9,3,2.0,2,2,0.665144785177495,
202001005330,2023-10-27T19:22:41Z,2023-10-27T19:26:22Z,2,1,1,6,2,2,2,4.0,2.0,2.0,2.0,1.0,,,,,,,,1.0,1.0,,,,,,,,1.0,2.0,1.0,3.0,3.0,3.0,2.0,3.0,4.0,,,3.0,1.0,1.0,1.0,2.0,2.0,,,1.0,3.0,2.0,1.0,2.0,1.0,3.0,5.0,3.0,5.0,2.0,1.0,1.0,1.0,2.0,2.0,2.0,2.0,2.0,1.0,1.0,2.0,3.0,3.0,3.0,4.0,,,,,,,,,0,,0,,0,,,,,,,,,,,,,,,,,,,,,,,,,,,,,,,,,,,,,,,,,,,,,,,,,,,,,,,,,,,,,,,,,,,,,,,,,,,,,1.0,4.0,9.0,1,1,2,1,5,2,,1,1,1,1,6,12,,3,6,2,,2,4,1,1,5,1.0,1,1,0.4528618221613925,
202001005350,2023-10-29T22:38:05Z,2023-10-29T22:41:13Z,2,1,1,6,2,2,2,4.0,2.0,2.0,1.0,2.0,,,,,,,,1.0,1.0,,,,,,,,1.0,2.0,1.0,3.0,2.0,4.0,2.0,5.0,5.0,,,3.0,5.0,3.0,4.0,3.0,6.0,,,4.0,3.0,3.0,2.0,4.0,1.0,3.0,5.0,3.0,5.0,2.0,1.0,2.0,,,,,,2.0,2.0,3.0,4.0,3.0,3.0,3.0,4.0,,,,,,,,,0,,0,,0,,,,,,,,,,,,,,,,,,,,,,,,,,,,,,,,,,,,,,,,,,,,,,,,,,,,,,,,,,,,,,,,,,,,,,,,,,,,,1.0,2.0,4.0,1,2,2,1,5,2,,1,1,1,1,6,12,,3,6,2,,2,4,1,7,4,1.0,1,2,0.0780809650991593,
202001005449,2023-10-27T16:58:03Z,2023-10-27T17:01:47Z,2,1,1,2,2,2,2,4.0,1.0,1.0,2.0,,,,,,,,,1.0,,,,,,,,,99.0,2.0,3.0,5.0,5.0,5.0,5.0,5.0,,5.0,,4.0,1.0,4.0,6.0,4.0,,4.0,,5.0,3.0,5.0,5.0,5.0,99.0,3.0,3.0,1.0,3.0,1.0,,2.0,,,,,,2.0,5.0,3.0,2.0,2.0,1.0,1.0,4.0,,,,,,,,,0,,0,,0,,,,,,,,,,,,,,,,,,,,,,,,,,,,,,,,,,,,,,,,,,,,,,,,,,,,,,,,,,,,,,,,,,,,,,,,,,,,,1.0,4.0,8.0,1,1,2,3,2,1,8.0,1,1,3,1,2,10,,3,5,2,,2,3,1,3,3,2.0,1,2,1.4520075718567385,
202001005549,2023-10-29T12:22:57Z,2023-10-29T12:28:40Z,2,1,1,2,2,2,2,4.0,2.0,2.0,1.0,2.0,,,,,,,,1.0,1.0,,,,,,,,1.0,1.0,1.0,1.0,1.0,1.0,1.0,1.0,,1.0,,4.0,5.0,3.0,4.0,4.0,,5.0,,1.0,3.0,2.0,1.0,3.0,1.0,1.0,5.0,1.0,5.0,1.0,,2.0,,,,,,2.0,1.0,1.0,3.0,1.0,3.0,3.0,4.0,,,,,,,,,0,,0,,0,,,,,,,,,,,,,,,,,,,,,,,,,,,,,,,,,,,,,,,,,,,,,,,,,,,,,,,,,,,,,,,,,,,,,,,,,,,,,1.0,2.0,3.0,1,2,2,1,5,1,1.0,1,1,3,1,2,11,,4,6,2,,2,4,1,9,4,2.0,2,2,0.1545465778460882,
202001005615,2023-10-26T21:55:13Z,2023-10-26T22:00:23Z,2,1,1,2,2,2,2,4.0,1.0,1.0,1.0,,,,,,,,,1.0,,,,,,,,,99.0,1.0,1.0,2.0,1.0,4.0,4.0,5.0,,5.0,,3.0,3.0,1.0,3.0,5.0,,5.0,,4.0,3.0,5.0,2.0,3.0,1.0,3.0,4.0,2.0,3.0,1.0,,2.0,,,,,,2.0,4.0,3.0,3.0,4.0,2.0,2.0,4.0,,,,,,,,,0,,0,,0,,,,,,,,,,,,,,,,,,,,,,,,,,,,,,,,,,,,,,,,,,,,,,,,,,,,,,,,,,,,,,,,,,,,,,,,,,,,,1.0,2.0,4.0,1,1,2,1,5,2,,1,1,1,1,2,9,,3,6,4,2.0,2,4,1,3,5,1.0,1,2,0.1392149465150942,
202001005755,2023-10-28T07:50:16Z,2023-10-28T07:54:28Z,2,1,1,1,2,2,1,4.0,2.0,2.0,2.0,1.0,,,,,,,,1.0,1.0,,,,,,,,1.0,2.0,1.0,3.0,4.0,5.0,4.0,4.0,,5.0,,4.0,5.0,5.0,5.0,3.0,,4.0,,4.0,3.0,1.0,2.0,4.0,1.0,,,3.0,5.0,1.0,,2.0,,,,,,2.0,1.0,1.0,3.0,2.0,3.0,3.0,4.0,,,,,,,,,0,,0,,0,,,,,,,,,,,,,,,,,,,,,,,,,,,,,,,,,,,,,,,,,,,,,,,,,,,,,,,,,,,,,,,,,,,,,,,,,,,,,1.0,3.0,6.0,2,2,1,1,6,2,,1,1,1,1,1,1,2.0,1,5,1,,1,1,3,9,2,2.0,2,3,1.2604442483212863,
202001005770,2023-10-27T19:20:47Z,2023-10-27T19:25:37Z,2,1,1,2,2,2,2,2.0,2.0,2.0,2.0,1.0,,,,,,,,1.0,1.0,,,,,,,,1.0,1.0,2.0,1.0,1.0,4.0,4.0,4.0,,1.0,,3.0,5.0,4.0,3.0,3.0,,4.0,,2.0,3.0,3.0,1.0,2.0,2.0,1.0,5.0,2.0,3.0,2.0,1.0,1.0,1.0,1.0,2.0,2.0,2.0,2.0,1.0,1.0,5.0,1.0,3.0,2.0,4.0,,,,,,,,,0,,0,,0,,,,,,,,,,,,,,,,,,,,,,,,,,,,,,,,,,,,,,,,,,,,,,,,,,,,,,,,,,,,,,,,,,,,,,,,,,,,,1.0,2.0,3.0,2,1,2,2,4,2,,1,1,1,1,2,1,1.0,1,4,1,,1,1,1,5,2,1.0,2,2,1.3045062262435183,
202001005882,2023-10-28T23:05:12Z,2023-10-28T23:09:42Z,2,1,1,6,2,2,2,4.0,2.0,2.0,2.0,1.0,,,,,,,,1.0,1.0,,,,,,,,1.0,2.0,3.0,3.0,3.0,5.0,3.0,3.0,3.0,,,4.0,3.0,4.0,3.0,3.0,4.0,,,3.0,1.0,,,,3.0,1.0,5.0,2.0,4.0,5.0,2.0,1.0,1.0,1.0,1.0,1.0,1.0,2.0,4.0,3.0,3.0,4.0,3.0,3.0,1.0,2.0,3.0,3.0,3.0,,2.0,1.0,,0,,0,,0,,,,,,,,,,,,,,,,,,,,,,,,,,,,,,,,,,,,,,,,,,,,,,,,,,,,,,,,,,,,,,,,,,,,,,,,,,,,,1.0,4.0,9.0,2,1,2,1,5,2,,1,3,5,1,6,4,2.0,4,5,2,,2,4,1,8,4,1.0,2,2,0.4880030988232475,
202001005904,2023-10-27T23:22:08Z,2023-10-28T09:27:40Z,2,1,1,1,2,2,1,3.0,2.0,2.0,2.0,1.0,,,,,,,,1.0,1.0,,,,,,,,1.0,1.0,1.0,4.0,4.0,4.0,4.0,4.0,,4.0,,2.0,3.0,4.0,2.0,4.0,,5.0,,3.0,3.0,4.0,4.0,4.0,1.0,,,1.0,1.0,1.0,,2.0,,,,,,2.0,2.0,1.0,4.0,4.0,2.0,2.0,4.0,,,,,,,,,0,,0,,0,,,,,,,,,,,,,,,,,,,,,,,,,,,,,,,,,,,,,,,,,,,,,,,,,,,,,,,,,,,,,,,,,,,,,,,,,,,,,1.0,3.0,7.0,2,2,2,1,5,2,,1,3,5,1,1,2,2.0,2,2,1,,1,1,1,9,2,1.0,2,2,0.1896785379578287,
202001006110,2023-10-30T09:08:13Z,2023-10-30T09:10:42Z,1,1,1,1,1,2,1,4.0,2.0,2.0,1.0,2.0,,,,,,,,1.0,1.0,,,,,,,,1.0,2.0,1.0,5.0,5.0,5.0,5.0,5.0,,4.0,3.0,4.0,3.0,5.0,4.0,5.0,,5.0,4.0,5.0,3.0,3.0,3.0,4.0,1.0,,,,,1.0,,1.0,1.0,2.0,2.0,2.0,2.0,2.0,3.0,3.0,4.0,3.0,3.0,2.0,4.0,,,,,,,,,0,,0,,0,,,,,,,,,,,,,,,,,,,,,,,,,,,,,,,,,,,,,,,,,,,,,,,,,,,,,,,,,,,,,,,,,,,,,,,,,,,,,1.0,3.0,6.0,2,2,1,1,6,2,,1,4,4,1,1,1,1.0,1,1,4,1.0,1,1,1,8,2,2.0,1,2,0.6495008990269319,
202001006139,2023-10-29T12:51:15Z,2023-11-05T02:25:56Z,2,1,1,6,1,2,2,4.0,2.0,2.0,2.0,1.0,,,,,,,,1.0,1.0,,,,,,,,1.0,2.0,3.0,3.0,3.0,3.0,3.0,3.0,3.0,,3.0,3.0,3.0,3.0,3.0,3.0,3.0,,3.0,3.0,2.0,2.0,2.0,1.0,3.0,3.0,5.0,,,3.0,2.0,1.0,2.0,2.0,2.0,1.0,1.0,1.0,2.0,1.0,1.0,2.0,3.0,3.0,1.0,2.0,2.0,2.0,2.0,,1.0,1.0,,0,,0,,0,,,,,,,,,,,,,,,,,,,,,,,,,,,,,,,,,,,,,,,,,,,,,,,,,,,,,,,,,,,,,,,,,,,,,,,,,,,,,1.0,1.0,2.0,1,2,1,3,2,2,,1,2,2,1,6,1,1.0,1,4,2,,2,3,1,1,2,1.0,2,1,1.190941005282664,
202001006454,2023-10-27T17:33:28Z,2023-10-27T17:36:35Z,2,1,1,1,2,2,1,4.0,2.0,2.0,2.0,1.0,,,,,,,,1.0,1.0,,,,,,,,1.0,1.0,1.0,3.0,2.0,2.0,2.0,3.0,,3.0,,4.0,5.0,2.0,5.0,4.0,,4.0,,2.0,3.0,3.0,2.0,3.0,1.0,,,1.0,5.0,1.0,,2.0,,,,,,2.0,1.0,1.0,3.0,2.0,3.0,3.0,4.0,,,,,,,,,0,,0,,0,,,,,,,,,,,,,,,,,,,,,,,,,,,,,,,,,,,,,,,,,,,,,,,,,,,,,,,,,,,,,,,,,,,,,,,,,,,,,1.0,2.0,3.0,2,2,2,1,5,2,,1,1,1,1,1,1,2.0,1,5,1,,1,1,1,9,2,1.0,2,3,0.2502146255411717,
202001006581,2023-10-29T11:20:29Z,2023-10-29T11:25:31Z,2,1,1,1,1,2,1,4.0,2.0,2.0,2.0,1.0,,,,,,,,1.0,2.0,,,,,,,,1.0,2.0,4.0,5.0,5.0,5.0,5.0,5.0,,5.0,5.0,1.0,3.0,3.0,2.0,3.0,,1.0,1.0,5.0,3.0,3.0,2.0,4.0,3.0,,,,,1.0,,2.0,,,,,,2.0,5.0,4.0,3.0,4.0,2.0,3.0,4.0,,,,,,,,,0,,0,,0,,,,,,,,,,,,,,,,,,,,,,,,,,,,,,,,,,,,,,,,,,,,,,,,,,,,,,,,,,,,,,,,,,,,,,,,,,,,,1.0,2.0,4.0,2,1,2,2,4,2,,1,1,1,1,1,12,,3,6,4,2.0,2,3,2,4,3,1.0,2,2,1.936826313762253,
202001006631,2023-10-28T18:04:47Z,2023-10-28T18:08:06Z,2,1,1,6,2,2,2,4.0,2.0,2.0,2.0,1.0,,,,,,,,1.0,1.0,,,,,,,,1.0,2.0,1.0,2.0,2.0,4.0,4.0,4.0,3.0,,,4.0,4.0,4.0,5.0,4.0,4.0,,,4.0,3.0,3.0,3.0,5.0,1.0,3.0,5.0,3.0,4.0,2.0,1.0,1.0,2.0,2.0,2.0,2.0,1.0,2.0,2.0,2.0,3.0,2.0,3.0,3.0,4.0,,,,,,,,,0,,0,,0,,,,,,,,,,,,,,,,,,,,,,,,,,,,,,,,,,,,,,,,,,,,,,,,,,,,,,,,,,,,,,,,,,,,,,,,,,,,,1.0,2.0,3.0,3,1,2,1,6,2,,99,1,1,3,6,1,2.0,1,5,1,,1,1,3,3,1,2.0,2,1,1.21265132475924,
202001006740,2023-10-29T20:11:34Z,2023-10-29T20:14:49Z,2,1,1,2,1,2,1,3.0,2.0,2.0,1.0,2.0,,,,,,,,1.0,1.0,,,,,,,,1.0,2.0,3.0,5.0,3.0,3.0,3.0,3.0,,3.0,3.0,4.0,5.0,4.0,3.0,3.0,,4.0,3.0,3.0,3.0,1.0,1.0,3.0,1.0,,,,,3.0,5.0,2.0,,,,,,1.0,4.0,1.0,3.0,3.0,2.0,3.0,4.0,,,,,,,,,0,,0,,0,,,,,,,,,,,,,,,,,,,,,,,,,,,,,,,,,,,,,,,,,,,,,,,,,,,,,,,,,,,,,,,,,,,,,,,,,,,,,2.0,2.0,4.0,3,1,2,3,2,2,,1,1,1,1,2,12,,3,5,99,99.0,9,9,2,2,99,1.0,99,1,3.412335586149233,
202001006784,2023-11-04T11:07:10Z,2023-11-04T11:10:17Z,2,1,1,2,1,2,2,4.0,2.0,2.0,2.0,1.0,,,,,,,,1.0,1.0,,,,,,,,1.0,2.0,2.0,3.0,5.0,5.0,5.0,5.0,,5.0,5.0,5.0,5.0,5.0,5.0,5.0,,5.0,5.0,3.0,3.0,1.0,1.0,3.0,1.0,1.0,5.0,,,1.0,,2.0,,,,,,2.0,1.0,2.0,5.0,2.0,3.0,3.0,4.0,,,,,,,,,0,,0,,0,,,,,,,,,,,,,,,,,,,,,,,,,,,,,,,,,,,,,,,,,,,,,,,,,,,,,,,,,,,,,,,,,,,,,,,,,,,,,1.0,3.0,5.0,2,1,2,2,3,2,,1,2,2,1,2,12,,3,3,4,2.0,2,3,2,2,3,4.0,1,1,1.1273707465795888,
202001006793,2023-10-29T11:40:31Z,2023-10-29T11:44:26Z,2,1,1,1,1,2,1,4.0,2.0,2.0,1.0,2.0,,,,,,,,1.0,1.0,,,,,,,,1.0,2.0,2.0,1.0,1.0,1.0,1.0,1.0,,1.0,1.0,1.0,5.0,5.0,1.0,1.0,,5.0,1.0,3.0,3.0,2.0,1.0,2.0,2.0,,,,,1.0,,1.0,2.0,2.0,1.0,1.0,2.0,1.0,1.0,1.0,3.0,1.0,3.0,3.0,4.0,,,,,,,,,0,,0,,0,,,,,,,,,,,,,,,,,,,,,,,,,,,,,,,,,,,,,,,,,,,,,,,,,,,,,,,,,,,,,,,,,,,,,,,,,,,,,1.0,4.0,8.0,2,2,2,3,2,2,,1,4,4,1,1,11,,4,6,3,2.0,2,4,1,1,4,2.0,1,1,0.507526615958396,
202001006888,2023-10-27T17:57:02Z,2023-10-27T18:00:15Z,2,1,1,6,2,2,2,4.0,2.0,2.0,2.0,1.0,,,,,,,,1.0,1.0,,,,,,,,1.0,2.0,1.0,1.0,2.0,4.0,1.0,3.0,3.0,,,1.0,1.0,1.0,1.0,5.0,5.0,,,4.0,1.0,,,,1.0,1.0,5.0,1.0,5.0,2.0,2.0,1.0,2.0,1.0,2.0,2.0,2.0,1.0,1.0,1.0,5.0,5.0,3.0,3.0,1.0,2.0,3.0,2.0,2.0,,2.0,1.0,,0,,0,,0,,,,,,,,,,,,,,,,,,,,,,,,,,,,,,,,,,,,,,,,,,,,,,,,,,,,,,,,,,,,,,,,,,,,,,,,,,,,,1.0,2.0,3.0,2,1,1,2,4,2,,1,1,1,1,6,10,,3,6,3,2.0,2,4,1,9,5,1.0,2,3,2.592267566184985,
202001006934,2023-10-30T13:56:53Z,2023-10-30T14:02:09Z,2,1,1,1,1,2,1,4.0,2.0,2.0,2.0,1.0,,,,,,,,1.0,1.0,,,,,,,,1.0,2.0,1.0,4.0,4.0,5.0,3.0,4.0,,5.0,4.0,5.0,5.0,5.0,5.0,5.0,,3.0,3.0,4.0,3.0,3.0,2.0,3.0,2.0,,,,,1.0,,2.0,,,,,,2.0,2.0,2.0,3.0,2.0,3.0,3.0,4.0,,,,,,,,,0,,0,,0,,,,,,,,,,,,,,,,,,,,,,,,,,,,,,,,,,,,,,,,,,,,,,,,,,,,,,,,,,,,,,,,,,,,,,,,,,,,,1.0,1.0,2.0,3,1,2,2,4,2,,1,1,1,1,1,1,1.0,1,2,1,,1,1,1,9,1,2.0,2,3,2.313868261803246,
202001006992,2023-10-26T19:27:29Z,2023-10-26T19:30:36Z,2,1,1,1,1,2,1,3.0,2.0,2.0,1.0,2.0,,,,,,,,1.0,1.0,,,,,,,,1.0,2.0,3.0,4.0,4.0,5.0,3.0,4.0,,4.0,4.0,4.0,3.0,3.0,5.0,4.0,,4.0,4.0,5.0,3.0,4.0,3.0,5.0,1.0,,,,,1.0,,2.0,,,,,,2.0,4.0,3.0,3.0,4.0,3.0,3.0,4.0,,,,,,,,,0,,0,,0,,,,,,,,,,,,,,,,,,,,,,,,,,,,,,,,,,,,,,,,,,,,,,,,,,,,,,,,,,,,,,,,,,,,,,,,,,,,,1.0,3.0,5.0,2,2,1,1,5,2,,1,1,1,1,1,10,,3,6,2,,2,3,1,4,3,2.0,2,2,0.4781809414630432,
202001007029,2023-10-27T17:59:16Z,2023-10-27T21:00:56Z,2,1,1,6,2,2,2,4.0,2.0,2.0,2.0,1.0,,,,,,,,1.0,1.0,,,,,,,,1.0,1.0,1.0,3.0,3.0,5.0,4.0,5.0,5.0,,,4.0,5.0,3.0,5.0,5.0,5.0,,,5.0,1.0,,,,1.0,3.0,4.0,3.0,4.0,4.0,2.0,2.0,,,,,,1.0,1.0,1.0,2.0,3.0,3.0,3.0,2.0,2.0,3.0,3.0,3.0,,1.0,1.0,,0,,0,,0,,,,,,,,,,,,,,,,,,,,,,,,,,,,,,,,,,,,,,,,,,,,,,,,,,,,,,,,,,,,,,,,,,,,,,,,,,,,,1.0,4.0,9.0,1,2,2,1,6,2,,2,1,1,4,6,10,,3,6,1,,1,2,3,9,3,1.0,2,2,0.8985189065545189,
202001007050,2023-10-27T17:32:47Z,2023-10-27T17:35:38Z,2,1,1,2,2,2,2,4.0,2.0,2.0,2.0,1.0,,,,,,,,1.0,1.0,,,,,,,,1.0,2.0,1.0,5.0,3.0,3.0,4.0,4.0,,4.0,,5.0,3.0,3.0,5.0,5.0,,5.0,,3.0,3.0,3.0,3.0,5.0,1.0,1.0,4.0,1.0,4.0,1.0,,2.0,,,,,,2.0,2.0,3.0,3.0,2.0,3.0,3.0,4.0,,,,,,,,,0,,0,,0,,,,,,,,,,,,,,,,,,,,,,,,,,,,,,,,,,,,,,,,,,,,,,,,,,,,,,,,,,,,,,,,,,,,,,,,,,,,,1.0,2.0,3.0,2,2,1,1,5,2,,1,1,1,1,2,9,,3,6,2,,2,4,1,9,4,1.0,2,3,0.2850999089399888,
202001007149,2023-10-27T21:06:33Z,2023-10-27T21:09:19Z,2,1,1,1,2,2,1,4.0,2.0,2.0,2.0,1.0,,,,,,,,1.0,1.0,,,,,,,,1.0,2.0,1.0,4.0,2.0,4.0,4.0,3.0,,4.0,,5.0,5.0,5.0,5.0,5.0,,5.0,,3.0,3.0,3.0,1.0,5.0,1.0,,,1.0,4.0,1.0,,2.0,,,,,,2.0,1.0,1.0,5.0,1.0,3.0,2.0,4.0,,,,,,,,,0,,0,,0,,,,,,,,,,,,,,,,,,,,,,,,,,,,,,,,,,,,,,,,,,,,,,,,,,,,,,,,,,,,,,,,,,,,,,,,,,,,,1.0,3.0,5.0,1,2,1,1,6,2,,1,1,1,1,1,10,,3,6,2,,2,4,1,9,5,1.0,1,3,0.1195927435254655,
202001007175,2023-10-31T14:00:07Z,2023-10-31T14:08:33Z,2,1,1,6,1,2,2,4.0,2.0,2.0,2.0,1.0,,,,,,,,1.0,1.0,,,,,,,,1.0,1.0,1.0,4.0,3.0,4.0,4.0,3.0,4.0,,2.0,4.0,5.0,5.0,5.0,5.0,4.0,,4.0,1.0,1.0,,,,1.0,1.0,5.0,,,1.0,,2.0,,,,,,1.0,3.0,3.0,3.0,2.0,2.0,2.0,1.0,1.0,2.0,2.0,2.0,,1.0,1.0,,0,,0,,0,,,,,,,,,,,,,,,,,,,,,,,,,,,,,,,,,,,,,,,,,,,,,,,,,,,,,,,,,,,,,,,,,,,,,,,,,,,,,1.0,4.0,9.0,2,1,2,2,3,1,1.0,1,1,3,1,6,2,2.0,2,4,4,2.0,2,3,2,3,3,1.0,2,2,2.993694881515052,
202001007403,2023-10-29T12:16:43Z,2023-10-29T12:19:55Z,2,1,1,6,2,2,2,4.0,1.0,1.0,2.0,,,,,,,,,1.0,,,,,,,,,99.0,2.0,2.0,3.0,3.0,4.0,5.0,3.0,3.0,,,3.0,5.0,5.0,3.0,3.0,3.0,,,3.0,3.0,3.0,2.0,3.0,1.0,1.0,5.0,2.0,5.0,1.0,,2.0,,,,,,2.0,3.0,2.0,3.0,2.0,3.0,3.0,4.0,,,,,,,,,0,,0,,0,,,,,,,,,,,,,,,,,,,,,,,,,,,,,,,,,,,,,,,,,,,,,,,,,,,,,,,,,,,,,,,,,,,,,,,,,,,,,2.0,1.0,2.0,2,2,2,2,3,2,,1,1,1,1,6,10,,3,6,3,1.0,1,1,3,3,2,2.0,2,2,1.7688347813198884,
202001007601,2023-10-26T20:01:30Z,2023-10-26T20:04:36Z,1,1,1,6,2,2,2,4.0,2.0,2.0,1.0,2.0,,,,,,,,1.0,1.0,,,,,,,,1.0,2.0,1.0,2.0,2.0,4.0,3.0,4.0,4.0,,,5.0,3.0,3.0,4.0,4.0,4.0,,,1.0,3.0,3.0,2.0,5.0,1.0,1.0,4.0,1.0,3.0,2.0,1.0,2.0,,,,,,2.0,1.0,2.0,4.0,2.0,3.0,3.0,4.0,,,,,,,,,0,,0,,0,,,,,,,,,,,,,,,,,,,,,,,,,,,,,,,,,,,,,,,,,,,,,,,,,,,,,,,,,,,,,,,,,,,,,,,,,,,,,1.0,1.0,2.0,1,1,1,1,5,2,,1,1,1,1,6,9,,3,5,2,,2,4,2,9,4,1.0,2,3,0.8023970103210979,
202001007787,2023-10-27T18:01:43Z,2023-10-27T18:04:15Z,2,1,1,1,1,2,1,4.0,2.0,2.0,1.0,2.0,,,,,,,,1.0,1.0,,,,,,,,1.0,1.0,2.0,3.0,3.0,3.0,4.0,5.0,,4.0,3.0,5.0,5.0,2.0,4.0,5.0,,5.0,5.0,2.0,3.0,3.0,2.0,2.0,2.0,,,,,1.0,,2.0,,,,,,2.0,1.0,1.0,4.0,3.0,3.0,3.0,4.0,,,,,,,,,0,,0,,0,,,,,,,,,,,,,,,,,,,,,,,,,,,,,,,,,,,,,,,,,,,,,,,,,,,,,,,,,,,,,,,,,,,,,,,,,,,,,1.0,1.0,2.0,3,2,2,1,6,2,,1,1,1,1,1,1,1.0,1,2,3,1.0,1,1,1,6,2,2.0,2,2,0.4639724270425327,
202001007825,2023-10-27T23:27:28Z,2023-10-27T23:35:15Z,2,1,1,6,1,2,2,4.0,2.0,2.0,2.0,1.0,,,,,,,,1.0,2.0,,,,,,,,1.0,2.0,2.0,3.0,3.0,4.0,3.0,3.0,3.0,,2.0,3.0,5.0,5.0,3.0,4.0,2.0,,4.0,3.0,3.0,2.0,2.0,3.0,3.0,1.0,5.0,,,2.0,1.0,2.0,,,,,,2.0,2.0,1.0,3.0,1.0,3.0,3.0,4.0,,,,,,,,,0,,0,,0,,,,,,,,,,,,,,,,,,,,,,,,,,,,,,,,,,,,,,,,,,,,,,,,,,,,,,,,,,,,,,,,,,,,,,,,,,,,,1.0,1.0,2.0,2,1,2,2,3,2,,1,1,1,1,6,12,,3,5,2,,2,3,3,1,3,2.0,2,1,3.855794115792918,
202001007826,2023-10-27T17:17:20Z,2023-10-27T17:20:06Z,2,1,1,1,1,2,1,4.0,2.0,2.0,2.0,1.0,,,,,,,,1.0,1.0,,,,,,,,1.0,1.0,1.0,3.0,3.0,3.0,3.0,3.0,,2.0,3.0,4.0,5.0,5.0,5.0,5.0,,5.0,4.0,1.0,3.0,2.0,1.0,2.0,2.0,,,,,1.0,,2.0,,,,,,2.0,2.0,2.0,4.0,2.0,3.0,2.0,4.0,,,,,,,,,0,,0,,0,,,,,,,,,,,,,,,,,,,,,,,,,,,,,,,,,,,,,,,,,,,,,,,,,,,,,,,,,,,,,,,,,,,,,,,,,,,,,1.0,2.0,4.0,1,1,2,3,2,2,,1,1,1,1,1,1,1.0,1,2,1,,1,1,1,99,1,2.0,2,99,1.9922399654834275,
202001008082,2023-11-01T14:01:09Z,2023-11-01T14:09:50Z,2,1,1,6,1,2,2,3.0,1.0,1.0,2.0,,,,,,,,,1.0,,,,,,,,,99.0,2.0,2.0,4.0,1.0,3.0,5.0,3.0,1.0,,3.0,3.0,2.0,4.0,5.0,2.0,2.0,,3.0,2.0,3.0,1.0,1.0,2.0,1.0,1.0,3.0,,,1.0,,2.0,,,,,,1.0,2.0,1.0,2.0,2.0,1.0,3.0,4.0,,,,,,,,,0,,0,,0,,,,,,,,,,,,,,,,,,,,,,,,,,,,,,,,,,,,,,,,,,,,,,,,,,,,,,,,,,,,,,,,,,,,,,,,,,,,,1.0,3.0,6.0,2,2,2,2,4,1,7.0,1,2,3,1,6,1,1.0,1,2,2,,2,3,1,3,1,3.0,1,2,0.1012564188061875,
202001008302,2023-10-27T17:11:35Z,2023-10-27T17:31:28Z,1,1,1,6,2,2,2,3.0,2.0,2.0,2.0,1.0,,,,,,,,1.0,2.0,,,,,,,,1.0,2.0,5.0,5.0,5.0,4.0,4.0,2.0,4.0,,,3.0,5.0,5.0,5.0,5.0,4.0,,,2.0,3.0,1.0,1.0,1.0,1.0,1.0,5.0,1.0,3.0,1.0,,2.0,,,,,,1.0,3.0,2.0,4.0,3.0,3.0,2.0,4.0,,,,,,,,,0,,0,,0,,,,,,,,,,,,,,,,,,,,,,,,,,,,,,,,,,,,,,,,,,,,,,,,,,,,,,,,,,,,,,,,,,,,,,,,,,,,,1.0,3.0,7.0,3,1,2,1,5,1,1.0,1,1,3,1,6,2,2.0,2,5,4,1.0,1,1,1,1,2,2.0,2,1,0.9842947996768492,
202001008428,2023-10-27T01:09:08Z,2023-10-27T01:14:09Z,2,1,1,6,2,2,2,4.0,3.0,3.0,2.0,1.0,2.0,,,,,,,1.0,1.0,1.0,,,,,,,1.0,2.0,1.0,2.0,3.0,3.0,3.0,3.0,3.0,,,3.0,5.0,5.0,5.0,4.0,3.0,,,1.0,3.0,3.0,3.0,3.0,1.0,2.0,5.0,2.0,5.0,2.0,4.0,1.0,2.0,2.0,2.0,2.0,2.0,2.0,2.0,1.0,4.0,2.0,2.0,2.0,4.0,,,,,,,,,0,,0,,0,,,,,,,,,,,,,,,,,,,,,,,,,,,,,,,,,,,,,,,,,,,,,,,,,,,,,,,,,,,,,,,,,,,,,,,,,,,,,1.0,3.0,5.0,1,1,2,2,4,2,,1,1,1,1,6,12,,3,6,2,,2,4,2,1,4,1.0,2,1,2.105606407473019,
202001008452,2023-10-27T18:24:02Z,2023-10-27T18:31:01Z,2,1,1,1,1,2,1,4.0,2.0,2.0,1.0,2.0,,,,,,,,1.0,1.0,,,,,,,,1.0,2.0,4.0,3.0,3.0,3.0,3.0,4.0,,4.0,3.0,4.0,3.0,4.0,4.0,4.0,,4.0,4.0,3.0,3.0,3.0,1.0,2.0,4.0,,,,,2.0,1.0,1.0,2.0,1.0,2.0,2.0,2.0,2.0,2.0,2.0,3.0,4.0,3.0,3.0,4.0,,,,,,,,,0,,0,,0,,,,,,,,,,,,,,,,,,,,,,,,,,,,,,,,,,,,,,,,,,,,,,,,,,,,,,,,,,,,,,,,,,,,,,,,,,,,,1.0,3.0,5.0,3,2,1,3,2,2,,1,1,1,1,1,1,1.0,1,5,3,1.0,1,1,1,4,2,2.0,2,2,2.674325848818465,
202001008468,2023-11-04T11:05:58Z,2023-11-04T11:09:47Z,2,1,1,6,2,2,2,4.0,2.0,2.0,1.0,2.0,,,,,,,,1.0,1.0,,,,,,,,1.0,1.0,1.0,2.0,2.0,4.0,3.0,3.0,4.0,,,3.0,3.0,2.0,3.0,3.0,3.0,,,3.0,3.0,3.0,2.0,5.0,2.0,3.0,3.0,3.0,3.0,2.0,1.0,1.0,2.0,1.0,2.0,1.0,1.0,2.0,2.0,3.0,4.0,3.0,3.0,2.0,4.0,,,,,,,,,0,,0,,0,,,,,,,,,,,,,,,,,,,,,,,,,,,,,,,,,,,,,,,,,,,,,,,,,,,,,,,,,,,,,,,,,,,,,,,,,,,,,1.0,3.0,5.0,1,1,2,1,5,2,,1,1,1,1,6,12,,3,5,2,,2,4,2,9,5,1.0,2,2,1.548542621659714,
202001008487,2023-11-01T11:08:38Z,2023-11-01T11:13:22Z,2,1,1,6,2,2,2,4.0,2.0,2.0,1.0,2.0,,,,,,,,1.0,1.0,,,,,,,,1.0,1.0,3.0,1.0,2.0,4.0,2.0,3.0,4.0,,,3.0,4.0,5.0,3.0,2.0,4.0,,,3.0,3.0,2.0,2.0,5.0,1.0,3.0,2.0,2.0,1.0,2.0,1.0,1.0,2.0,1.0,2.0,2.0,2.0,2.0,3.0,3.0,5.0,3.0,1.0,3.0,4.0,,,,,,,,,0,,0,,0,,,,,,,,,,,,,,,,,,,,,,,,,,,,,,,,,,,,,,,,,,,,,,,,,,,,,,,,,,,,,,,,,,,,,,,,,,,,,2.0,2.0,3.0,3,1,2,1,5,2,,1,1,1,1,6,12,,3,6,2,,2,3,1,2,3,2.0,2,2,1.1276072963666963,
202001008709,2023-10-29T14:35:33Z,2023-10-29T14:39:26Z,1,1,1,1,2,2,1,4.0,2.0,2.0,1.0,2.0,,,,,,,,1.0,1.0,,,,,,,,1.0,1.0,1.0,3.0,3.0,5.0,3.0,4.0,,4.0,,3.0,4.0,3.0,4.0,4.0,,3.0,,2.0,3.0,2.0,2.0,5.0,1.0,,,1.0,3.0,1.0,,2.0,,,,,,2.0,1.0,1.0,3.0,3.0,3.0,3.0,4.0,,,,,,,,,0,,0,,0,,,,,,,,,,,,,,,,,,,,,,,,,,,,,,,,,,,,,,,,,,,,,,,,,,,,,,,,,,,,,,,,,,,,,,,,,,,,,1.0,2.0,4.0,2,2,1,1,6,2,,1,1,1,1,1,1,2.0,1,3,3,1.0,1,2,1,9,3,1.0,2,3,0.339423892323038,
202001008756,2023-10-29T12:12:52Z,2023-10-29T12:19:25Z,1,1,1,1,2,2,1,4.0,2.0,2.0,2.0,1.0,,,,,,,,1.0,2.0,,,,,,,,1.0,2.0,1.0,5.0,3.0,5.0,3.0,4.0,,5.0,,5.0,2.0,3.0,5.0,5.0,,5.0,,5.0,3.0,3.0,3.0,5.0,1.0,,,2.0,4.0,1.0,,2.0,,,,,,2.0,2.0,3.0,1.0,2.0,3.0,3.0,4.0,,,,,,,,,0,,0,,0,,,,,,,,,,,,,,,,,,,,,,,,,,,,,,,,,,,,,,,,,,,,,,,,,,,,,,,,,,,,,,,,,,,,,,,,,,,,,1.0,3.0,5.0,2,1,2,1,6,2,,1,1,1,1,1,9,,3,6,4,2.0,2,4,1,7,5,1.0,1,2,0.2708225015003606,
202001008911,2023-10-30T00:15:28Z,2023-10-30T00:19:37Z,2,1,1,1,1,2,1,4.0,2.0,2.0,2.0,1.0,,,,,,,,1.0,1.0,,,,,,,,1.0,2.0,1.0,4.0,3.0,4.0,5.0,4.0,,2.0,3.0,4.0,4.0,4.0,5.0,5.0,,5.0,5.0,3.0,3.0,3.0,3.0,5.0,1.0,,,,,1.0,,2.0,,,,,,2.0,2.0,1.0,1.0,1.0,3.0,3.0,4.0,,,,,,,,,0,,0,,0,,,,,,,,,,,,,,,,,,,,,,,,,,,,,,,,,,,,,,,,,,,,,,,,,,,,,,,,,,,,,,,,,,,,,,,,,,,,,2.0,3.0,5.0,3,2,2,1,5,2,,1,1,1,1,1,12,,3,6,1,,1,1,2,6,2,1.0,2,2,0.5918963268846037,
202001008931,2023-10-28T10:06:14Z,2023-10-28T10:14:44Z,2,1,1,6,2,2,2,3.0,2.0,2.0,1.0,2.0,,,,,,,,1.0,1.0,,,,,,,,1.0,1.0,2.0,1.0,3.0,3.0,4.0,3.0,4.0,,,4.0,5.0,4.0,4.0,4.0,4.0,,,4.0,3.0,1.0,1.0,4.0,3.0,2.0,4.0,1.0,4.0,5.0,1.0,1.0,1.0,1.0,1.0,1.0,1.0,1.0,3.0,1.0,4.0,3.0,3.0,3.0,4.0,,,,,,,,,0,,0,,0,,,,,,,,,,,,,,,,,,,,,,,,,,,,,,,,,,,,,,,,,,,,,,,,,,,,,,,,,,,,,,,,,,,,,,,,,,,,,1.0,2.0,3.0,1,1,2,2,3,2,,3,3,5,4,6,9,,3,6,3,2.0,2,3,1,9,3,2.0,2,3,1.1373088211923827,
202001009105,2023-10-28T10:44:23Z,2023-10-28T10:47:12Z,2,1,1,1,1,2,1,4.0,2.0,2.0,2.0,1.0,,,,,,,,1.0,2.0,,,,,,,,1.0,2.0,1.0,4.0,3.0,5.0,5.0,4.0,,4.0,3.0,5.0,5.0,5.0,5.0,5.0,,5.0,5.0,4.0,3.0,3.0,2.0,3.0,3.0,,,,,1.0,,2.0,,,,,,2.0,1.0,1.0,4.0,2.0,3.0,3.0,4.0,,,,,,,,,0,,0,,0,,,,,,,,,,,,,,,,,,,,,,,,,,,,,,,,,,,,,,,,,,,,,,,,,,,,,,,,,,,,,,,,,,,,,,,,,,,,,1.0,1.0,2.0,2,2,2,1,6,2,,1,1,1,1,1,1,2.0,1,2,1,,1,1,1,7,2,2.0,1,2,0.1750382942179814,
202001009124,2023-10-30T09:34:39Z,2023-10-30T09:38:17Z,1,1,1,1,1,2,1,4.0,3.0,3.0,2.0,1.0,1.0,,,,,,,1.0,1.0,2.0,,,,,,,1.0,1.0,3.0,2.0,1.0,4.0,3.0,2.0,,3.0,2.0,3.0,4.0,4.0,5.0,4.0,,3.0,4.0,2.0,3.0,2.0,1.0,2.0,1.0,,,,,1.0,,2.0,,,,,,2.0,3.0,3.0,5.0,2.0,3.0,3.0,4.0,,,,,,,,,0,,0,,0,,,,,,,,,,,,,,,,,,,,,,,,,,,,,,,,,,,,,,,,,,,,,,,,,,,,,,,,,,,,,,,,,,,,,,,,,,,,,2.0,2.0,4.0,3,2,2,1,5,2,,1,1,1,1,1,1,2.0,1,4,1,,1,2,1,7,3,1.0,2,2,0.1706866334130248,
202001009167,2023-10-28T13:07:54Z,2023-10-28T13:10:47Z,2,1,1,1,1,2,1,4.0,2.0,2.0,2.0,1.0,,,,,,,,1.0,1.0,,,,,,,,1.0,2.0,3.0,4.0,5.0,4.0,4.0,4.0,,5.0,4.0,5.0,5.0,99.0,2.0,3.0,,5.0,5.0,5.0,3.0,6.0,5.0,3.0,2.0,,,,,1.0,,2.0,,,,,,2.0,5.0,4.0,5.0,5.0,2.0,2.0,4.0,,,,,,,,,0,,0,,0,,,,,,,,,,,,,,,,,,,,,,,,,,,,,,,,,,,,,,,,,,,,,,,,,,,,,,,,,,,,,,,,,,,,,,,,,,,,,2.0,3.0,7.0,3,2,2,2,4,2,,1,1,1,1,1,1,1.0,1,1,99,99.0,9,9,1,1,99,2.0,2,1,1.5797900149215591,
202001009243,2023-10-26T22:26:16Z,2023-10-26T22:30:18Z,2,1,1,1,1,2,1,4.0,2.0,2.0,2.0,1.0,,,,,,,,1.0,1.0,,,,,,,,1.0,1.0,2.0,2.0,3.0,3.0,4.0,3.0,,4.0,4.0,4.0,5.0,3.0,4.0,4.0,,5.0,4.0,4.0,3.0,3.0,2.0,2.0,1.0,,,,,1.0,,2.0,,,,,,2.0,2.0,2.0,4.0,2.0,3.0,3.0,4.0,,,,,,,,,0,,0,,0,,,,,,,,,,,,,,,,,,,,,,,,,,,,,,,,,,,,,,,,,,,,,,,,,,,,,,,,,,,,,,,,,,,,,,,,,,,,,1.0,3.0,5.0,2,1,1,1,6,2,,1,4,4,1,1,1,1.0,1,1,4,1.0,1,2,1,6,3,1.0,1,2,0.3873624470244491,
202001009564,2023-10-27T17:17:29Z,2023-10-27T18:14:10Z,1,1,1,6,2,2,2,4.0,2.0,2.0,1.0,2.0,,,,,,,,1.0,1.0,,,,,,,,1.0,1.0,2.0,1.0,2.0,3.0,3.0,4.0,3.0,,,4.0,4.0,3.0,4.0,4.0,4.0,,,2.0,1.0,,,,3.0,1.0,4.0,2.0,4.0,2.0,1.0,2.0,,,,,,1.0,2.0,2.0,4.0,4.0,3.0,2.0,1.0,2.0,1.0,4.0,3.0,,1.0,2.0,,0,,0,,0,,,,,,,,,,,,,,,,,,,,,,,,,,,,,,,,,,,,,,,,,,,,,,,,,,,,,,,,,,,,,,,,,,,,,,,,,,,,,1.0,4.0,9.0,2,2,2,1,6,2,,1,3,5,1,6,7,,4,6,2,,2,4,1,5,4,1.0,2,2,0.2038535470638659,
202001009886,2023-10-27T23:59:44Z,2023-10-28T00:18:46Z,2,1,1,6,2,2,2,4.0,2.0,2.0,2.0,1.0,,,,,,,,1.0,1.0,,,,,,,,1.0,2.0,4.0,5.0,5.0,5.0,5.0,5.0,5.0,,,3.0,3.0,4.0,3.0,3.0,2.0,,,4.0,3.0,3.0,3.0,5.0,1.0,1.0,1.0,1.0,1.0,1.0,,2.0,,,,,,2.0,3.0,2.0,4.0,3.0,2.0,2.0,4.0,,,,,,,,,0,,0,,0,,,,,,,,,,,,,,,,,,,,,,,,,,,,,,,,,,,,,,,,,,,,,,,,,,,,,,,,,,,,,,,,,,,,,,,,,,,,,2.0,2.0,3.0,3,1,2,1,5,2,,3,1,1,4,6,1,1.0,1,1,1,,1,1,1,3,1,1.0,1,1,0.3851565682695873,
202001009998,2023-10-30T17:55:19Z,2023-11-02T23:42:32Z,1,1,1,3,2,2,1,4.0,2.0,2.0,1.0,2.0,,,,,,,,1.0,1.0,,,,,,,,1.0,1.0,3.0,3.0,3.0,3.0,5.0,5.0,5.0,,,3.0,1.0,2.0,3.0,5.0,1.0,,,2.0,3.0,2.0,2.0,3.0,2.0,,,2.0,2.0,1.0,,1.0,2.0,2.0,1.0,1.0,2.0,1.0,3.0,3.0,3.0,3.0,3.0,3.0,4.0,,,,,,,,,0,,0,,0,,,,,,,,,,,,,,,,,,,,,,,,,,,,,,,,,,,,,,,,,,,,,,,,,,,,,,,,,,,,,,,,,,,,,,,,,,,,,1.0,4.0,9.0,1,2,2,2,3,2,,1,1,1,1,3,11,,4,6,2,,2,4,1,2,4,1.0,1,1,0.2842629787124751,
202001010220,2023-10-29T11:11:32Z,2023-10-29T11:15:10Z,2,1,1,2,1,2,2,2.0,2.0,2.0,2.0,1.0,,,,,,,,1.0,1.0,,,,,,,,1.0,1.0,4.0,2.0,3.0,5.0,5.0,5.0,,5.0,4.0,3.0,3.0,4.0,3.0,3.0,,4.0,3.0,5.0,3.0,2.0,1.0,2.0,3.0,1.0,5.0,,,3.0,2.0,1.0,2.0,2.0,1.0,2.0,2.0,2.0,2.0,2.0,3.0,3.0,3.0,3.0,4.0,,,,,,,,,0,,0,,0,,,,,,,,,,,,,,,,,,,,,,,,,,,,,,,,,,,,,,,,,,,,,,,,,,,,,,,,,,,,,,,,,,,,,,,,,,,,,1.0,2.0,3.0,2,1,2,2,3,2,,1,1,1,1,2,12,,3,6,4,2.0,2,4,3,9,4,1.0,2,2,1.9143100808100968,
202001010274,2023-10-29T15:08:55Z,2023-10-29T15:14:33Z,2,1,1,1,2,2,1,2.0,2.0,2.0,1.0,2.0,,,,,,,,1.0,1.0,,,,,,,,1.0,2.0,4.0,1.0,2.0,2.0,2.0,4.0,,3.0,,4.0,5.0,5.0,5.0,4.0,,5.0,,3.0,3.0,3.0,2.0,2.0,1.0,,,1.0,3.0,1.0,,1.0,2.0,2.0,2.0,1.0,2.0,2.0,5.0,5.0,5.0,5.0,2.0,2.0,4.0,,,,,,,,,0,,0,,0,,,,,,,,,,,,,,,,,,,,,,,,,,,,,,,,,,,,,,,,,,,,,,,,,,,,,,,,,,,,,,,,,,,,,,,,,,,,,1.0,2.0,4.0,1,1,2,3,2,2,,1,1,1,1,1,1,1.0,1,4,4,1.0,1,2,1,4,3,1.0,2,2,2.055529748161418,
202001010665,2023-10-30T12:16:21Z,2023-10-30T12:22:37Z,2,1,1,2,1,2,2,4.0,2.0,2.0,1.0,2.0,,,,,,,,1.0,1.0,,,,,,,,1.0,2.0,3.0,3.0,4.0,4.0,3.0,3.0,,2.0,3.0,3.0,4.0,5.0,5.0,4.0,,2.0,2.0,2.0,3.0,3.0,3.0,5.0,1.0,3.0,4.0,,,3.0,3.0,2.0,,,,,,1.0,2.0,1.0,3.0,2.0,3.0,3.0,4.0,,,,,,,,,0,,0,,0,,,,,,,,,,,,,,,,,,,,,,,,,,,,,,,,,,,,,,,,,,,,,,,,,,,,,,,,,,,,,,,,,,,,,,,,,,,,,1.0,2.0,4.0,1,2,2,3,2,2,,1,2,2,1,2,1,2.0,1,5,1,,1,2,3,6,3,2.0,2,2,0.8760369175844402,
202001010764,2023-10-30T23:26:05Z,2023-10-30T23:30:38Z,1,1,1,2,2,2,2,4.0,2.0,2.0,2.0,1.0,,,,,,,,1.0,1.0,,,,,,,,1.0,1.0,1.0,1.0,1.0,1.0,4.0,1.0,,1.0,,4.0,5.0,5.0,5.0,5.0,,5.0,,1.0,3.0,3.0,1.0,5.0,1.0,1.0,5.0,1.0,5.0,2.0,1.0,1.0,2.0,1.0,2.0,2.0,1.0,2.0,1.0,1.0,3.0,1.0,3.0,3.0,4.0,,,,,,,,,0,,0,,0,,,,,,,,,,,,,,,,,,,,,,,,,,,,,,,,,,,,,,,,,,,,,,,,,,,,,,,,,,,,,,,,,,,,,,,,,,,,,1.0,4.0,9.0,1,1,2,1,5,2,,1,1,1,1,2,2,2.0,2,3,1,,1,2,2,4,3,2.0,1,2,2.266670060151571,
202001011002,2023-10-27T18:00:41Z,2023-10-27T19:42:53Z,2,1,1,2,2,2,2,3.0,2.0,2.0,2.0,1.0,,,,,,,,1.0,1.0,,,,,,,,1.0,2.0,1.0,3.0,3.0,4.0,4.0,4.0,,4.0,,4.0,2.0,3.0,3.0,4.0,,4.0,,4.0,3.0,3.0,2.0,3.0,1.0,1.0,3.0,3.0,4.0,1.0,,1.0,2.0,2.0,2.0,2.0,2.0,2.0,2.0,3.0,3.0,3.0,3.0,3.0,4.0,,,,,,,,,0,,0,,0,,,,,,,,,,,,,,,,,,,,,,,,,,,,,,,,,,,,,,,,,,,,,,,,,,,,,,,,,,,,,,,,,,,,,,,,,,,,,1.0,3.0,7.0,1,1,1,1,5,2,,1,1,1,1,2,9,,3,5,2,,2,4,2,7,5,1.0,2,2,0.7701064227872181,
202001011159,2023-10-27T16:58:50Z,2023-10-27T17:04:33Z,2,1,1,6,2,1,2,3.0,2.0,2.0,2.0,1.0,,,,,,,,1.0,1.0,,,,,,,,1.0,2.0,1.0,1.0,1.0,2.0,3.0,2.0,2.0,,5.0,2.0,3.0,3.0,3.0,2.0,1.0,,5.0,2.0,3.0,2.0,1.0,3.0,1.0,1.0,4.0,,,3.0,1.0,1.0,1.0,2.0,1.0,2.0,1.0,1.0,2.0,1.0,2.0,3.0,3.0,2.0,4.0,,,,,,,,,0,,0,,0,,,,,,,,,,,,,,,,,,,,,,,,,,,,,,,,,,,,,,,,,,,,,,,,,,,,,,,,,,,,,,,,,,,,,,,,,,,,,2.0,3.0,7.0,3,1,2,1,5,1,1.0,1,1,3,1,6,2,1.0,2,3,3,1.0,1,2,1,2,3,1.0,1,1,0.3871066542255001,
202001011474,2023-10-26T19:43:30Z,2023-10-26T19:47:25Z,2,1,1,1,1,2,1,4.0,2.0,2.0,1.0,2.0,,,,,,,,1.0,1.0,,,,,,,,1.0,1.0,4.0,5.0,4.0,5.0,5.0,5.0,,5.0,3.0,5.0,5.0,4.0,5.0,5.0,,5.0,5.0,5.0,3.0,4.0,6.0,5.0,1.0,,,,,1.0,,2.0,,,,,,2.0,3.0,3.0,5.0,4.0,2.0,2.0,4.0,,,,,,,,,0,,0,,0,,,,,,,,,,,,,,,,,,,,,,,,,,,,,,,,,,,,,,,,,,,,,,,,,,,,,,,,,,,,,,,,,,,,,,,,,,,,,1.0,3.0,6.0,3,2,1,2,3,2,,1,1,1,1,1,1,2.0,1,6,3,1.0,1,2,2,2,3,2.0,2,1,3.1430081490150648,
202001011622,2023-10-27T18:22:58Z,2023-10-27T18:26:23Z,2,1,1,6,2,2,2,2.0,2.0,2.0,2.0,1.0,,,,,,,,1.0,1.0,,,,,,,,1.0,1.0,5.0,4.0,4.0,5.0,5.0,5.0,5.0,,,4.0,1.0,1.0,5.0,2.0,2.0,,,4.0,3.0,2.0,2.0,3.0,1.0,2.0,5.0,2.0,5.0,1.0,,1.0,2.0,2.0,1.0,1.0,1.0,1.0,1.0,1.0,4.0,3.0,3.0,2.0,4.0,,,,,,,,,0,,0,,0,,,,,,,,,,,,,,,,,,,,,,,,,,,,,,,,,,,,,,,,,,,,,,,,,,,,,,,,,,,,,,,,,,,,,,,,,,,,,2.0,4.0,8.0,3,2,2,2,3,2,,1,1,1,1,6,10,,3,6,2,,2,4,3,2,4,1.0,2,1,1.5627376003543534,
202001011747,2023-10-28T18:31:24Z,2023-10-28T18:50:32Z,2,1,1,2,2,2,2,4.0,2.0,2.0,2.0,1.0,,,,,,,,1.0,1.0,,,,,,,,1.0,2.0,1.0,2.0,1.0,2.0,3.0,2.0,,1.0,,3.0,5.0,5.0,5.0,4.0,,4.0,,1.0,3.0,2.0,2.0,3.0,1.0,1.0,5.0,1.0,4.0,2.0,1.0,1.0,2.0,2.0,2.0,1.0,1.0,2.0,1.0,1.0,2.0,2.0,3.0,3.0,4.0,,,,,,,,,0,,0,,0,,,,,,,,,,,,,,,,,,,,,,,,,,,,,,,,,,,,,,,,,,,,,,,,,,,,,,,,,,,,,,,,,,,,,,,,,,,,,1.0,4.0,8.0,1,2,2,1,5,2,,1,1,1,1,2,12,,3,5,2,,2,4,1,8,4,1.0,2,2,0.2504074524555056,
202001011776,2023-10-27T20:24:25Z,2023-10-27T20:28:28Z,2,1,1,1,1,2,1,4.0,1.0,1.0,2.0,,,,,,,,,1.0,,,,,,,,,99.0,2.0,2.0,3.0,2.0,2.0,3.0,3.0,,4.0,2.0,5.0,5.0,5.0,5.0,5.0,,5.0,5.0,1.0,2.0,3.0,2.0,1.0,1.0,,,,,1.0,,2.0,,,,,,2.0,1.0,1.0,2.0,1.0,3.0,3.0,2.0,1.0,1.0,3.0,1.0,1.0,1.0,1.0,,0,,0,,0,,,,,,,,,,,,,,,,,,,,,,,,,,,,,,,,,,,,,,,,,,,,,,,,,,,,,,,,,,,,,,,,,,,,,,,,,,,,,1.0,1.0,2.0,3,2,2,1,6,2,,1,1,1,1,1,12,,3,6,2,,2,4,1,9,5,1.0,1,2,0.1667074012170111,
202001011869,2023-10-28T11:19:21Z,2023-10-28T11:22:15Z,1,1,1,6,2,2,2,4.0,2.0,2.0,1.0,2.0,,,,,,,,1.0,1.0,,,,,,,,1.0,2.0,1.0,3.0,4.0,4.0,3.0,4.0,5.0,,,3.0,4.0,3.0,3.0,4.0,4.0,,,5.0,3.0,3.0,3.0,5.0,1.0,1.0,3.0,3.0,3.0,1.0,,2.0,,,,,,2.0,3.0,2.0,3.0,3.0,3.0,3.0,4.0,,,,,,,,,0,,0,,0,,,,,,,,,,,,,,,,,,,,,,,,,,,,,,,,,,,,,,,,,,,,,,,,,,,,,,,,,,,,,,,,,,,,,,,,,,,,,,,,2,2,1,1,5,2,,1,1,1,1,6,10,,3,5,2,,2,4,3,9,4,1.0,1,99,0.2796130277296965,
202001011912,2023-11-02T09:39:13Z,2023-11-02T09:42:21Z,2,1,1,6,2,2,2,4.0,2.0,2.0,2.0,1.0,,,,,,,,1.0,1.0,,,,,,,,1.0,2.0,2.0,2.0,2.0,3.0,3.0,2.0,2.0,,,3.0,4.0,4.0,4.0,4.0,4.0,,,2.0,3.0,3.0,2.0,5.0,2.0,1.0,4.0,1.0,4.0,2.0,1.0,1.0,2.0,2.0,2.0,1.0,1.0,2.0,2.0,2.0,3.0,2.0,3.0,3.0,4.0,,,,,,,,,0,,0,,0,,,,,,,,,,,,,,,,,,,,,,,,,,,,,,,,,,,,,,,,,,,,,,,,,,,,,,,,,,,,,,,,,,,,,,,,,,,,,1.0,4.0,9.0,1,1,2,3,2,2,,1,1,1,1,6,1,2.0,1,5,2,,2,4,2,1,4,1.0,2,1,4.663178715472028,
202001011951,2023-10-29T15:30:19Z,2023-10-29T15:34:41Z,2,1,1,1,1,2,1,4.0,2.0,2.0,1.0,2.0,,,,,,,,1.0,1.0,,,,,,,,1.0,2.0,2.0,3.0,3.0,4.0,3.0,4.0,,4.0,3.0,4.0,4.0,5.0,6.0,4.0,,3.0,3.0,4.0,3.0,2.0,2.0,3.0,1.0,,,,,2.0,1.0,1.0,2.0,1.0,1.0,1.0,2.0,1.0,1.0,2.0,2.0,1.0,2.0,2.0,4.0,,,,,,,,,0,,0,,0,,,,,,,,,,,,,,,,,,,,,,,,,,,,,,,,,,,,,,,,,,,,,,,,,,,,,,,,,,,,,,,,,,,,,,,,,,,,,2.0,2.0,4.0,3,1,2,3,2,2,,1,1,1,1,1,12,,3,5,1,,1,1,2,1,2,1.0,2,1,3.27820131458645,
202001011968,2023-10-29T14:12:29Z,2023-10-29T14:24:52Z,1,1,1,6,2,2,2,4.0,2.0,2.0,1.0,2.0,,,,,,,,1.0,1.0,,,,,,,,1.0,1.0,2.0,5.0,5.0,5.0,4.0,5.0,5.0,,,5.0,5.0,5.0,5.0,5.0,5.0,,,5.0,1.0,,,,1.0,1.0,5.0,1.0,5.0,1.0,,1.0,2.0,2.0,2.0,1.0,1.0,1.0,4.0,4.0,5.0,3.0,1.0,3.0,1.0,3.0,1.0,4.0,3.0,,2.0,2.0,,0,,0,,0,,,,,,,,,,,,,,,,,,,,,,,,,,,,,,,,,,,,,,,,,,,,,,,,,,,,,,,,,,,,,,,,,,,,,,,,,,,,,1.0,2.0,3.0,2,1,2,1,5,2,,3,3,5,4,6,10,,3,5,2,,2,3,1,7,3,1.0,2,2,0.6861894408976402,
202001012055,2023-10-28T14:39:57Z,2023-10-28T14:43:48Z,1,1,1,1,1,2,1,4.0,2.0,2.0,2.0,1.0,,,,,,,,1.0,2.0,,,,,,,,1.0,2.0,2.0,5.0,3.0,3.0,3.0,4.0,,4.0,3.0,4.0,3.0,5.0,4.0,5.0,,5.0,5.0,3.0,3.0,3.0,2.0,5.0,3.0,,,,,1.0,,2.0,,,,,,2.0,2.0,1.0,4.0,2.0,3.0,3.0,4.0,,,,,,,,,0,,0,,0,,,,,,,,,,,,,,,,,,,,,,,,,,,,,,,,,,,,,,,,,,,,,,,,,,,,,,,,,,,,,,,,,,,,,,,,,,,,,1.0,3.0,5.0,2,2,2,1,6,2,,1,1,1,1,1,10,,3,6,2,,2,4,1,9,4,1.0,2,3,0.3231571098751911,
202001012198,2023-10-31T08:43:18Z,2023-10-31T08:47:45Z,2,1,1,6,2,2,2,4.0,1.0,1.0,2.0,,,,,,,,,1.0,,,,,,,,,99.0,2.0,1.0,2.0,3.0,5.0,5.0,4.0,5.0,,,4.0,5.0,4.0,5.0,5.0,5.0,,,3.0,2.0,3.0,2.0,1.0,1.0,1.0,3.0,1.0,4.0,2.0,1.0,1.0,2.0,2.0,1.0,1.0,2.0,1.0,2.0,2.0,3.0,3.0,3.0,3.0,1.0,2.0,1.0,3.0,3.0,,1.0,1.0,,0,,0,,0,,,,,,,,,,,,,,,,,,,,,,,,,,,,,,,,,,,,,,,,,,,,,,,,,,,,,,,,,,,,,,,,,,,,,,,,,,,,,1.0,3.0,5.0,2,1,1,1,6,2,,1,1,1,1,6,2,2.0,2,5,1,,1,1,1,4,2,2.0,2,1,2.957664827565899,
202001012380,2023-10-30T18:47:08Z,2023-10-30T18:51:30Z,2,1,1,2,2,2,1,3.0,1.0,1.0,2.0,,,,,,,,,1.0,,,,,,,,,99.0,2.0,1.0,1.0,4.0,4.0,5.0,5.0,,4.0,,4.0,3.0,3.0,1.0,3.0,,5.0,,4.0,3.0,3.0,3.0,5.0,3.0,,,1.0,5.0,1.0,,2.0,,,,,,1.0,4.0,3.0,1.0,1.0,2.0,2.0,4.0,,,,,,,,,0,,0,,0,,,,,,,,,,,,,,,,,,,,,,,,,,,,,,,,,,,,,,,,,,,,,,,,,,,,,,,,,,,,,,,,,,,,,,,,,,,,,1.0,4.0,9.0,2,2,1,1,6,1,1.0,1,4,3,1,2,7,,4,6,3,1.0,1,2,3,1,3,1.0,1,1,0.3444063795068462,
202001012687,2023-10-27T08:36:07Z,2023-10-27T08:40:15Z,2,1,1,1,1,2,1,2.0,2.0,2.0,2.0,1.0,,,,,,,,1.0,1.0,,,,,,,,1.0,1.0,1.0,3.0,3.0,3.0,3.0,3.0,,2.0,2.0,3.0,5.0,4.0,4.0,4.0,,5.0,3.0,2.0,3.0,1.0,1.0,2.0,1.0,,,,,1.0,,1.0,2.0,2.0,2.0,2.0,2.0,2.0,1.0,1.0,4.0,1.0,3.0,3.0,4.0,,,,,,,,,0,,0,,0,,,,,,,,,,,,,,,,,,,,,,,,,,,,,,,,,,,,,,,,,,,,,,,,,,,,,,,,,,,,,,,,,,,,,,,,,,,,,1.0,3.0,7.0,1,2,2,2,3,2,,1,4,4,1,1,1,2.0,1,5,4,1.0,1,2,1,9,3,1.0,2,2,0.1688625614169651,
202001012798,2023-10-28T00:17:18Z,2023-10-29T11:39:05Z,2,1,1,6,2,2,2,4.0,2.0,2.0,1.0,2.0,,,,,,,,1.0,1.0,,,,,,,,1.0,1.0,1.0,2.0,4.0,4.0,4.0,4.0,5.0,,,4.0,5.0,4.0,2.0,4.0,4.0,,,3.0,3.0,2.0,3.0,2.0,1.0,1.0,2.0,3.0,4.0,2.0,1.0,2.0,,,,,,1.0,3.0,3.0,4.0,4.0,2.0,3.0,4.0,,,,,,,,,0,,0,,0,,,,,,,,,,,,,,,,,,,,,,,,,,,,,,,,,,,,,,,,,,,,,,,,,,,,,,,,,,,,,,,,,,,,,,,,,,,,,1.0,4.0,9.0,1,2,2,1,5,2,,1,3,5,1,6,10,,3,6,2,,2,4,3,9,4,1.0,2,2,0.3294460368345339,
202001012905,2023-10-27T17:35:50Z,2023-10-27T17:40:16Z,2,1,1,2,1,2,1,4.0,2.0,2.0,2.0,1.0,,,,,,,,1.0,1.0,,,,,,,,1.0,2.0,3.0,3.0,2.0,2.0,2.0,3.0,,4.0,2.0,3.0,5.0,5.0,3.0,3.0,,4.0,4.0,3.0,3.0,3.0,2.0,5.0,2.0,,,,,2.0,1.0,1.0,2.0,2.0,2.0,2.0,2.0,2.0,2.0,3.0,3.0,3.0,3.0,3.0,4.0,,,,,,,,,0,,0,,0,,,,,,,,,,,,,,,,,,,,,,,,,,,,,,,,,,,,,,,,,,,,,,,,,,,,,,,,,,,,,,,,,,,,,,,,,,,,,2.0,2.0,4.0,3,1,2,2,3,2,,1,4,4,1,2,1,1.0,1,5,4,2.0,2,3,3,1,3,2.0,2,1,3.047556497769972,
202001012943,2023-10-27T17:25:50Z,2023-10-27T17:51:12Z,2,1,1,2,1,2,2,4.0,2.0,2.0,2.0,1.0,,,,,,,,1.0,1.0,,,,,,,,1.0,2.0,2.0,5.0,2.0,4.0,3.0,2.0,,4.0,3.0,4.0,4.0,5.0,3.0,3.0,,5.0,3.0,3.0,3.0,2.0,1.0,5.0,1.0,1.0,4.0,,,2.0,1.0,1.0,2.0,2.0,2.0,2.0,1.0,1.0,1.0,1.0,2.0,1.0,3.0,3.0,4.0,,,,,,,,,0,,0,,0,,,,,,,,,,,,,,,,,,,,,,,,,,,,,,,,,,,,,,,,,,,,,,,,,,,,,,,,,,,,,,,,,,,,,,,,,,,,,1.0,2.0,4.0,2,1,2,2,3,2,,1,1,1,1,2,1,2.0,1,5,3,1.0,1,1,1,5,2,2.0,1,2,1.0041416988841,
202001013044,2023-10-27T16:57:07Z,2023-10-27T17:00:26Z,2,1,1,6,2,2,2,4.0,1.0,1.0,2.0,,,,,,,,,1.0,,,,,,,,,99.0,2.0,2.0,3.0,3.0,1.0,2.0,2.0,3.0,,,5.0,5.0,3.0,5.0,5.0,6.0,,,2.0,2.0,1.0,1.0,1.0,1.0,1.0,5.0,1.0,5.0,2.0,1.0,1.0,2.0,2.0,2.0,1.0,2.0,1.0,1.0,1.0,1.0,1.0,3.0,3.0,1.0,1.0,2.0,2.0,2.0,,1.0,1.0,,0,,0,,0,,,,,,,,,,,,,,,,,,,,,,,,,,,,,,,,,,,,,,,,,,,,,,,,,,,,,,,,,,,,,,,,,,,,,,,,,,,,,1.0,3.0,7.0,2,1,2,3,2,2,,1,1,1,1,6,1,1.0,1,6,2,,2,3,1,4,3,1.0,2,2,1.3489379076679362,
202001013225,2023-11-03T09:56:51Z,2023-11-03T09:59:43Z,2,1,1,3,1,2,1,4.0,1.0,1.0,1.0,,,,,,,,,1.0,,,,,,,,,99.0,1.0,1.0,1.0,1.0,1.0,1.0,1.0,2.0,,1.0,1.0,1.0,1.0,1.0,1.0,1.0,,1.0,1.0,2.0,3.0,3.0,3.0,1.0,,,,,1.0,,2.0,,,,,,1.0,1.0,3.0,1.0,3.0,2.0,1.0,1.0,5.0,4.0,4.0,3.0,,2.0,1.0,,0,,0,,0,,,,,,,,,,,,,,,,,,,,,,,,,,,,,,,,,,,,,,,,,,,,,,,,,,,,,,,,,,,,,,,,,,,,,,,,,,,,,1.0,3.0,5.0,2,2,1,3,1,1,8.0,2,1,3,2,3,1,2.0,1,2,1,,1,2,3,2,3,4.0,1,1,6.314159461681934,
202001013237,2023-10-29T00:54:42Z,2023-10-29T01:02:05Z,1,1,1,6,2,2,2,2.0,2.0,2.0,2.0,1.0,,,,,,,,1.0,1.0,,,,,,,,1.0,2.0,1.0,3.0,3.0,2.0,1.0,3.0,4.0,,,4.0,5.0,4.0,4.0,3.0,5.0,,,1.0,1.0,,,,3.0,1.0,3.0,3.0,5.0,4.0,3.0,1.0,2.0,1.0,1.0,1.0,1.0,1.0,1.0,1.0,4.0,1.0,3.0,3.0,1.0,1.0,1.0,1.0,3.0,,2.0,2.0,,0,,0,,0,,,,,,,,,,,,,,,,,,,,,,,,,,,,,,,,,,,,,,,,,,,,,,,,,,,,,,,,,,,,,,,,,,,,,,,,,,,,,1.0,4.0,9.0,1,1,1,2,3,1,1.0,1,1,3,1,6,2,99.0,2,3,1,,1,1,1,5,2,1.0,2,1,3.6081436410768863,
202001013255,2023-10-26T19:30:22Z,2023-10-26T19:35:23Z,2,1,1,6,2,2,2,4.0,2.0,2.0,2.0,1.0,,,,,,,,1.0,1.0,,,,,,,,1.0,2.0,4.0,5.0,4.0,4.0,2.0,4.0,5.0,,,2.0,5.0,5.0,2.0,4.0,6.0,,,2.0,2.0,5.0,5.0,5.0,3.0,3.0,4.0,2.0,5.0,5.0,3.0,1.0,2.0,2.0,2.0,1.0,1.0,2.0,1.0,1.0,2.0,2.0,3.0,3.0,3.0,1.0,3.0,4.0,3.0,,2.0,2.0,,0,,0,,0,,,,,,,,,,,,,,,,,,,,,,,,,,,,,,,,,,,,,,,,,,,,,,,,,,,,,,,,,,,,,,,,,,,,,,,,,,,,,1.0,3.0,5.0,2,1,2,3,2,2,,1,1,1,1,6,12,,3,6,3,2.0,2,4,2,3,4,1.0,2,1,3.249303233528924,
202001013335,2023-10-29T18:18:15Z,2023-10-29T18:23:50Z,3,1,1,2,2,2,2,4.0,1.0,1.0,2.0,,,,,,,,,1.0,,,,,,,,,99.0,2.0,2.0,5.0,4.0,5.0,3.0,3.0,,3.0,,5.0,3.0,5.0,5.0,4.0,,5.0,,4.0,3.0,3.0,3.0,5.0,1.0,1.0,4.0,1.0,4.0,1.0,,2.0,,,,,,1.0,2.0,2.0,4.0,4.0,2.0,3.0,4.0,,,,,,,,,0,,0,,0,,,,,,,,,,,,,,,,,,,,,,,,,,,,,,,,,,,,,,,,,,,,,,,,,,,,,,,,,,,,,,,,,,,,,,,,,,,,,1.0,1.0,1.0,1,2,1,1,5,2,,1,2,2,1,2,1,1.0,1,5,2,,2,4,1,9,4,1.0,2,3,0.2181460113325562,
202001013505,2023-10-29T20:29:42Z,2023-10-29T20:33:01Z,2,1,1,1,2,2,1,4.0,2.0,2.0,2.0,1.0,,,,,,,,1.0,1.0,,,,,,,,1.0,2.0,1.0,4.0,2.0,5.0,3.0,4.0,,3.0,,3.0,4.0,4.0,4.0,4.0,,4.0,,1.0,3.0,1.0,1.0,4.0,1.0,,,1.0,5.0,1.0,,2.0,,,,,,2.0,1.0,1.0,2.0,1.0,3.0,3.0,4.0,,,,,,,,,0,,0,,0,,,,,,,,,,,,,,,,,,,,,,,,,,,,,,,,,,,,,,,,,,,,,,,,,,,,,,,,,,,,,,,,,,,,,,,,,,,,,2.0,2.0,4.0,3,2,1,1,6,2,,1,1,1,1,1,1,2.0,1,4,3,1.0,1,1,1,6,2,1.0,2,2,0.2070714028878195,
202001013703,2023-10-27T17:46:15Z,2023-10-27T17:48:48Z,2,1,1,6,1,2,2,3.0,1.0,1.0,2.0,,,,,,,,,1.0,,,,,,,,,99.0,2.0,5.0,4.0,4.0,4.0,4.0,4.0,4.0,,4.0,5.0,5.0,5.0,5.0,5.0,5.0,,5.0,1.0,3.0,3.0,2.0,5.0,1.0,1.0,5.0,,,1.0,,1.0,2.0,2.0,2.0,2.0,2.0,1.0,2.0,1.0,2.0,3.0,2.0,2.0,4.0,,,,,,,,,0,,0,,0,,,,,,,,,,,,,,,,,,,,,,,,,,,,,,,,,,,,,,,,,,,,,,,,,,,,,,,,,,,,,,,,,,,,,,,,,,,,,1.0,1.0,2.0,2,1,2,2,3,2,,1,4,4,1,6,10,,3,4,3,2.0,2,3,1,1,3,3.0,2,1,1.584960697112564,
202001013716,2023-10-29T11:12:13Z,2023-10-29T11:18:46Z,2,1,1,6,1,2,2,2.0,2.0,2.0,2.0,1.0,,,,,,,,1.0,1.0,,,,,,,,1.0,2.0,3.0,3.0,3.0,4.0,4.0,3.0,3.0,,2.0,3.0,5.0,5.0,3.0,4.0,4.0,,4.0,2.0,3.0,2.0,2.0,3.0,1.0,1.0,4.0,,,2.0,1.0,1.0,2.0,2.0,1.0,2.0,2.0,2.0,3.0,2.0,3.0,2.0,1.0,3.0,4.0,,,,,,,,,0,,0,,0,,,,,,,,,,,,,,,,,,,,,,,,,,,,,,,,,,,,,,,,,,,,,,,,,,,,,,,,,,,,,,,,,,,,,,,,,,,,,1.0,3.0,7.0,2,2,2,2,3,1,1.0,1,2,3,1,6,12,,3,5,3,2.0,2,3,1,3,3,1.0,1,1,0.1372796441035468,
202001013727,2023-10-27T17:17:06Z,2023-10-27T17:23:10Z,2,1,1,1,1,2,1,4.0,2.0,2.0,1.0,2.0,,,,,,,,1.0,1.0,,,,,,,,1.0,2.0,1.0,3.0,3.0,5.0,4.0,3.0,,5.0,3.0,2.0,5.0,3.0,3.0,4.0,,5.0,5.0,4.0,3.0,3.0,2.0,5.0,1.0,,,,,2.0,4.0,2.0,,,,,,2.0,1.0,1.0,3.0,2.0,3.0,3.0,4.0,,,,,,,,,0,,0,,0,,,,,,,,,,,,,,,,,,,,,,,,,,,,,,,,,,,,,,,,,,,,,,,,,,,,,,,,,,,,,,,,,,,,,,,,,,,,,1.0,4.0,8.0,2,2,1,1,6,2,,1,1,1,1,1,3,2.0,4,2,1,,1,1,1,5,2,1.0,1,1,0.2653202842136092,
202001013909,2023-11-02T14:44:59Z,2023-11-02T14:51:26Z,2,1,1,2,1,2,2,4.0,2.0,2.0,1.0,2.0,,,,,,,,1.0,1.0,,,,,,,,1.0,2.0,1.0,3.0,2.0,2.0,2.0,4.0,,2.0,1.0,3.0,4.0,4.0,3.0,3.0,,3.0,2.0,2.0,3.0,2.0,4.0,2.0,1.0,1.0,4.0,,,3.0,3.0,2.0,,,,,,1.0,1.0,1.0,2.0,1.0,3.0,3.0,4.0,,,,,,,,,0,,0,,0,,,,,,,,,,,,,,,,,,,,,,,,,,,,,,,,,,,,,,,,,,,,,,,,,,,,,,,,,,,,,,,,,,,,,,,,,,,,,1.0,4.0,9.0,2,1,2,2,4,1,1.0,1,1,3,1,2,2,2.0,2,3,2,,2,3,1,2,3,1.0,2,1,2.8601191193306867,
202001013935,2023-10-27T20:16:55Z,2023-10-27T20:22:10Z,2,1,1,1,1,2,1,4.0,2.0,2.0,2.0,1.0,,,,,,,,1.0,1.0,,,,,,,,1.0,2.0,3.0,5.0,5.0,5.0,5.0,5.0,,5.0,5.0,5.0,5.0,5.0,5.0,5.0,,5.0,3.0,5.0,3.0,5.0,2.0,2.0,1.0,,,,,1.0,,2.0,,,,,,1.0,4.0,3.0,3.0,4.0,3.0,1.0,4.0,,,,,,,,,0,,0,,0,,,,,,,,,,,,,,,,,,,,,,,,,,,,,,,,,,,,,,,,,,,,,,,,,,,,,,,,,,,,,,,,,,,,,,,,,,,,,1.0,3.0,5.0,2,2,1,1,6,2,,1,1,1,1,1,1,2.0,1,3,1,,1,1,1,9,2,1.0,1,2,0.2147769130520391,
202001013964,2023-10-27T19:24:11Z,2023-10-27T19:50:47Z,2,1,1,6,2,2,2,4.0,2.0,2.0,2.0,1.0,,,,,,,,1.0,1.0,,,,,,,,1.0,2.0,5.0,5.0,5.0,5.0,4.0,5.0,5.0,,,5.0,4.0,5.0,5.0,5.0,5.0,,,4.0,2.0,1.0,5.0,1.0,1.0,2.0,5.0,2.0,4.0,4.0,3.0,1.0,2.0,2.0,2.0,1.0,2.0,1.0,4.0,4.0,3.0,3.0,2.0,2.0,1.0,3.0,3.0,2.0,3.0,,2.0,1.0,,0,,0,,0,,,,,,,,,,,,,,,,,,,,,,,,,,,,,,,,,,,,,,,,,,,,,,,,,,,,,,,,,,,,,,,,,,,,,,,,,,,,,2.0,3.0,5.0,3,2,1,2,3,2,,1,1,1,1,6,1,1.0,1,6,3,2.0,2,4,1,1,4,1.0,2,1,1.659473911293872,
202001013979,2023-10-27T17:50:54Z,2023-10-27T17:54:55Z,2,1,1,6,2,2,2,2.0,2.0,2.0,2.0,1.0,,,,,,,,1.0,1.0,,,,,,,,1.0,1.0,2.0,4.0,3.0,3.0,3.0,2.0,2.0,,,4.0,5.0,4.0,5.0,5.0,6.0,,,3.0,2.0,1.0,1.0,1.0,1.0,3.0,5.0,3.0,5.0,3.0,3.0,2.0,,,,,,2.0,2.0,2.0,4.0,2.0,3.0,3.0,4.0,,,,,,,,,0,,0,,0,,,,,,,,,,,,,,,,,,,,,,,,,,,,,,,,,,,,,,,,,,,,,,,,,,,,,,,,,,,,,,,,,,,,,,,,,,,,,1.0,3.0,6.0,2,1,2,3,2,2,,1,1,1,1,6,12,,3,6,2,,2,4,1,4,5,1.0,1,2,0.6797316655449146,
202001014147,2023-10-26T19:26:24Z,2023-10-26T19:32:32Z,2,1,1,6,2,2,2,4.0,2.0,2.0,1.0,2.0,,,,,,,,1.0,1.0,,,,,,,,1.0,1.0,2.0,3.0,4.0,5.0,5.0,4.0,5.0,,,4.0,5.0,5.0,5.0,3.0,5.0,,,4.0,3.0,5.0,3.0,3.0,1.0,1.0,3.0,1.0,3.0,2.0,1.0,1.0,2.0,2.0,2.0,1.0,1.0,2.0,1.0,1.0,4.0,1.0,3.0,3.0,4.0,,,,,,,,,0,,0,,0,,,,,,,,,,,,,,,,,,,,,,,,,,,,,,,,,,,,,,,,,,,,,,,,,,,,,,,,,,,,,,,,,,,,,,,,,,,,,1.0,1.0,2.0,2,2,1,1,6,2,,1,3,5,1,6,7,,4,5,3,2.0,2,3,1,9,3,1.0,1,3,0.1397525853325033,
202001014335,2023-11-02T23:45:12Z,2023-11-02T23:48:34Z,2,1,1,6,1,1,2,2.0,2.0,2.0,2.0,1.0,,,,,,,,1.0,1.0,,,,,,,,1.0,1.0,1.0,2.0,3.0,3.0,2.0,3.0,3.0,,2.0,2.0,4.0,4.0,99.0,4.0,4.0,,99.0,2.0,3.0,1.0,2.0,2.0,1.0,1.0,4.0,,,1.0,,1.0,2.0,2.0,1.0,1.0,1.0,2.0,3.0,1.0,3.0,2.0,3.0,3.0,4.0,,,,,,,,,0,,0,,0,,,,,,,,,,,,,,,,,,,,,,,,,,,,,,,,,,,,,,,,,,,,,,,,,,,,,,,,,,,,,,,,,,,,,,,,,,,,,1.0,2.0,4.0,2,1,2,2,4,2,,1,1,1,1,6,12,,3,6,4,1.0,1,2,3,1,3,1.0,2,1,2.760546232322493,
202001014372,2023-10-28T08:39:13Z,2023-10-28T08:43:27Z,2,1,1,2,2,2,2,4.0,2.0,2.0,1.0,2.0,,,,,,,,1.0,1.0,,,,,,,,1.0,2.0,2.0,3.0,3.0,4.0,4.0,4.0,,4.0,,4.0,4.0,4.0,4.0,4.0,,4.0,,5.0,3.0,5.0,3.0,5.0,1.0,1.0,2.0,1.0,2.0,1.0,,2.0,,,,,,2.0,3.0,2.0,4.0,3.0,3.0,2.0,4.0,,,,,,,,,0,,0,,0,,,,,,,,,,,,,,,,,,,,,,,,,,,,,,,,,,,,,,,,,,,,,,,,,,,,,,,,,,,,,,,,,,,,,,,,,,,,,1.0,2.0,4.0,1,1,1,2,4,2,,1,1,1,1,2,10,,3,3,3,2.0,2,3,3,4,3,1.0,2,2,1.7521298158024143,
202001014488,2023-11-04T18:09:04Z,2023-11-04T18:12:59Z,2,1,1,1,2,2,1,4.0,1.0,1.0,2.0,,,,,,,,,1.0,,,,,,,,,99.0,2.0,3.0,3.0,3.0,4.0,4.0,4.0,,4.0,,3.0,4.0,2.0,4.0,4.0,,4.0,,4.0,3.0,4.0,3.0,5.0,1.0,,,1.0,4.0,1.0,,2.0,,,,,,2.0,3.0,1.0,4.0,3.0,2.0,2.0,4.0,,,,,,,,,0,,0,,0,,,,,,,,,,,,,,,,,,,,,,,,,,,,,,,,,,,,,,,,,,,,,,,,,,,,,,,,,,,,,,,,,,,,,,,,,,,,,2.0,2.0,3.0,3,2,1,1,5,2,,1,1,1,1,1,1,2.0,1,5,1,,1,1,1,8,2,1.0,1,2,0.20132754913275,
202001014868,2023-10-29T11:53:33Z,2023-10-29T12:32:08Z,2,1,1,6,2,2,2,4.0,3.0,3.0,2.0,1.0,2.0,,,,,,,1.0,1.0,1.0,,,,,,,1.0,2.0,2.0,3.0,2.0,4.0,3.0,5.0,4.0,,,3.0,5.0,5.0,3.0,4.0,5.0,,,3.0,1.0,,,,1.0,1.0,5.0,99.0,4.0,3.0,2.0,1.0,2.0,1.0,2.0,1.0,1.0,2.0,2.0,2.0,3.0,2.0,3.0,3.0,1.0,1.0,1.0,3.0,3.0,,2.0,2.0,,0,,0,,0,,,,,,,,,,,,,,,,,,,,,,,,,,,,,,,,,,,,,,,,,,,,,,,,,,,,,,,,,,,,,,,,,,,,,,,,,,,,,1.0,1.0,2.0,3,1,2,3,2,2,,1,1,1,1,6,12,,3,6,3,99.0,9,9,2,4,99,3.0,2,2,6.314159461681934,
202001015036,2023-10-27T22:32:10Z,2023-10-27T22:36:54Z,2,1,1,6,2,2,2,4.0,2.0,2.0,1.0,2.0,,,,,,,,1.0,1.0,,,,,,,,1.0,2.0,1.0,2.0,1.0,3.0,1.0,2.0,4.0,,,4.0,4.0,3.0,4.0,3.0,4.0,,,1.0,1.0,,,,1.0,1.0,4.0,1.0,4.0,2.0,1.0,2.0,,,,,,1.0,5.0,3.0,3.0,3.0,2.0,1.0,1.0,5.0,4.0,5.0,3.0,,1.0,2.0,,0,,0,,0,,,,,,,,,,,,,,,,,,,,,,,,,,,,,,,,,,,,,,,,,,,,,,,,,,,,,,,,,,,,,,,,,,,,,,,,,,,,,1.0,3.0,5.0,1,1,2,1,5,2,,1,2,2,1,6,2,2.0,2,5,2,,2,3,1,9,3,1.0,1,2,0.2391607698910192,
202001015223,2023-10-27T18:49:02Z,2023-10-27T18:55:48Z,2,1,1,6,2,2,2,4.0,2.0,2.0,2.0,1.0,,,,,,,,1.0,2.0,,,,,,,,1.0,2.0,3.0,1.0,3.0,3.0,1.0,3.0,3.0,,,3.0,4.0,4.0,3.0,3.0,3.0,,,2.0,3.0,2.0,3.0,3.0,1.0,1.0,4.0,1.0,3.0,1.0,,2.0,,,,,,1.0,4.0,1.0,2.0,1.0,2.0,2.0,4.0,,,,,,,,,0,,0,,0,,,,,,,,,,,,,,,,,,,,,,,,,,,,,,,,,,,,,,,,,,,,,,,,,,,,,,,,,,,,,,,,,,,,,,,,,,,,,1.0,3.0,5.0,2,2,2,3,2,2,,1,2,2,1,6,1,1.0,1,4,3,2.0,2,3,1,2,3,1.0,2,1,0.2813124474894409,
202001015424,2023-10-27T20:50:11Z,2023-10-27T22:41:42Z,2,2,1,99,2,2,99,4.0,2.0,2.0,1.0,2.0,,,,,,,,1.0,1.0,,,,,,,,1.0,2.0,2.0,5.0,2.0,4.0,3.0,4.0,,,,5.0,5.0,5.0,5.0,5.0,,,,4.0,3.0,4.0,4.0,6.0,3.0,,,2.0,4.0,4.0,5.0,2.0,,,,,,2.0,4.0,3.0,2.0,4.0,2.0,2.0,4.0,,,,,,,,,0,,0,,0,,,,,,,,,,,,,,,,,,,,,,,,,,,,,,,,,,,,,,,,,,,,,,,,,,,,,,,,,,,,,,,,,,,,,,,,,,,,,1.0,3.0,7.0,1,1,2,3,1,1,1.0,99,1,3,3,99,3,1.0,4,2,1,,1,1,2,4,1,3.0,1,1,2.8043244839762163,
202001015469,2023-10-27T18:14:03Z,2023-10-27T18:24:47Z,1,1,1,6,2,2,2,4.0,2.0,2.0,1.0,2.0,,,,,,,,1.0,1.0,,,,,,,,1.0,1.0,1.0,1.0,1.0,1.0,1.0,2.0,4.0,,,4.0,5.0,4.0,4.0,3.0,6.0,,,1.0,1.0,,,,1.0,3.0,3.0,3.0,3.0,3.0,3.0,1.0,1.0,1.0,1.0,1.0,1.0,1.0,1.0,1.0,2.0,2.0,3.0,3.0,1.0,2.0,2.0,3.0,3.0,,1.0,1.0,,0,,0,,0,,,,,,,,,,,,,,,,,,,,,,,,,,,,,,,,,,,,,,,,,,,,,,,,,,,,,,,,,,,,,,,,,,,,,,,,,,,,,1.0,4.0,9.0,2,2,2,1,5,2,,1,3,5,1,6,7,,4,5,4,2.0,2,3,3,1,3,1.0,2,1,0.3668287264682412,
202001015486,2023-10-28T03:34:26Z,2023-10-28T03:38:58Z,2,1,1,6,2,2,2,4.0,1.0,1.0,2.0,,,,,,,,,1.0,,,,,,,,,99.0,2.0,4.0,3.0,5.0,5.0,3.0,5.0,5.0,,,3.0,5.0,5.0,5.0,5.0,5.0,,,5.0,1.0,,,,1.0,1.0,5.0,1.0,5.0,3.0,2.0,1.0,2.0,2.0,2.0,1.0,1.0,1.0,3.0,5.0,5.0,5.0,3.0,3.0,1.0,3.0,2.0,3.0,3.0,,2.0,1.0,,0,,0,,0,,,,,,,,,,,,,,,,,,,,,,,,,,,,,,,,,,,,,,,,,,,,,,,,,,,,,,,,,,,,,,,,,,,,,,,,,,,,,1.0,3.0,7.0,1,2,1,1,5,1,1.0,1,4,3,1,6,12,,3,6,3,1.0,1,2,2,2,3,2.0,2,1,0.7407834225181639,
202001015497,2023-10-27T17:08:10Z,2023-10-27T17:12:17Z,2,1,1,1,2,2,1,4.0,2.0,2.0,2.0,1.0,,,,,,,,1.0,1.0,,,,,,,,1.0,2.0,1.0,4.0,2.0,3.0,3.0,3.0,,4.0,,5.0,5.0,5.0,5.0,5.0,,5.0,,3.0,3.0,3.0,1.0,2.0,1.0,,,1.0,4.0,1.0,,1.0,2.0,2.0,2.0,2.0,2.0,2.0,1.0,1.0,4.0,2.0,3.0,3.0,4.0,,,,,,,,,0,,0,,0,,,,,,,,,,,,,,,,,,,,,,,,,,,,,,,,,,,,,,,,,,,,,,,,,,,,,,,,,,,,,,,,,,,,,,,,,,,,,1.0,2.0,3.0,2,2,2,1,6,2,,1,1,1,1,1,2,2.0,2,5,2,,2,3,1,7,3,1.0,1,2,0.1542870684759673,
202001015552,2023-10-28T07:27:02Z,2023-10-28T07:39:35Z,2,1,1,6,2,2,2,4.0,2.0,2.0,2.0,1.0,,,,,,,,1.0,1.0,,,,,,,,1.0,2.0,1.0,3.0,2.0,1.0,3.0,2.0,3.0,,,4.0,2.0,5.0,6.0,4.0,4.0,,,2.0,3.0,2.0,1.0,2.0,2.0,3.0,4.0,3.0,4.0,2.0,1.0,1.0,2.0,2.0,2.0,1.0,2.0,1.0,1.0,1.0,2.0,1.0,3.0,3.0,4.0,,,,,,,,,0,,0,,0,,,,,,,,,,,,,,,,,,,,,,,,,,,,,,,,,,,,,,,,,,,,,,,,,,,,,,,,,,,,,,,,,,,,,,,,,,,,,1.0,2.0,3.0,1,2,1,3,1,2,,1,2,2,1,6,12,,3,6,4,99.0,9,9,2,1,3,2.0,2,1,1.985819818916456,
202001015565,2023-11-04T11:49:11Z,2023-11-04T11:53:07Z,1,1,1,1,1,2,1,4.0,2.0,2.0,2.0,1.0,,,,,,,,1.0,1.0,,,,,,,,1.0,1.0,1.0,4.0,2.0,5.0,3.0,5.0,,5.0,3.0,3.0,1.0,1.0,4.0,3.0,,3.0,2.0,3.0,3.0,2.0,2.0,5.0,1.0,,,,,1.0,,2.0,,,,,,2.0,2.0,2.0,4.0,2.0,3.0,3.0,4.0,,,,,,,,,0,,0,,0,,,,,,,,,,,,,,,,,,,,,,,,,,,,,,,,,,,,,,,,,,,,,,,,,,,,,,,,,,,,,,,,,,,,,,,,,,,,,2.0,3.0,7.0,3,2,2,1,5,1,1.0,1,1,3,1,1,12,,3,6,3,2.0,2,4,2,8,4,2.0,1,2,0.2991762891116373,
202001015566,2023-10-27T18:21:47Z,2023-10-27T18:26:07Z,2,1,1,1,1,2,1,4.0,2.0,2.0,1.0,2.0,,,,,,,,1.0,1.0,,,,,,,,1.0,1.0,5.0,5.0,3.0,4.0,4.0,4.0,,5.0,5.0,4.0,5.0,2.0,5.0,4.0,,2.0,1.0,4.0,3.0,6.0,3.0,4.0,2.0,,,,,1.0,,2.0,,,,,,2.0,4.0,5.0,3.0,3.0,3.0,1.0,4.0,,,,,,,,,0,,0,,0,,,,,,,,,,,,,,,,,,,,,,,,,,,,,,,,,,,,,,,,,,,,,,,,,,,,,,,,,,,,,,,,,,,,,,,,,,,,,1.0,2.0,4.0,1,2,2,1,5,2,,1,1,1,1,1,10,,3,6,3,2.0,2,4,1,2,4,2.0,2,1,0.3368248756342911,
202001016000,2023-10-27T19:04:29Z,2023-10-27T19:08:08Z,2,1,1,1,1,2,1,4.0,2.0,2.0,2.0,1.0,,,,,,,,1.0,1.0,,,,,,,,1.0,1.0,2.0,5.0,4.0,5.0,3.0,5.0,,5.0,3.0,3.0,99.0,4.0,4.0,4.0,,4.0,3.0,4.0,3.0,2.0,1.0,2.0,3.0,,,,,1.0,,2.0,,,,,,2.0,2.0,2.0,5.0,3.0,3.0,3.0,4.0,,,,,,,,,0,,0,,0,,,,,,,,,,,,,,,,,,,,,,,,,,,,,,,,,,,,,,,,,,,,,,,,,,,,,,,,,,,,,,,,,,,,,,,,,,,,,1.0,3.0,7.0,2,2,2,1,6,2,,1,4,4,1,1,2,2.0,2,5,1,,1,1,1,9,2,1.0,2,2,0.3041570441721652,
202001016089,2023-10-27T18:55:20Z,2023-10-27T19:01:01Z,2,1,1,6,2,2,2,3.0,2.0,2.0,1.0,2.0,,,,,,,,1.0,1.0,,,,,,,,1.0,2.0,1.0,3.0,3.0,3.0,2.0,3.0,4.0,,,4.0,4.0,4.0,4.0,4.0,4.0,,,2.0,1.0,,,,3.0,1.0,3.0,1.0,3.0,4.0,2.0,1.0,1.0,1.0,1.0,1.0,1.0,2.0,1.0,2.0,2.0,2.0,3.0,3.0,1.0,1.0,1.0,2.0,2.0,,2.0,2.0,,0,,0,,0,,,,,,,,,,,,,,,,,,,,,,,,,,,,,,,,,,,,,,,,,,,,,,,,,,,,,,,,,,,,,,,,,,,,,,,,,,,,,1.0,1.0,2.0,2,1,1,2,4,2,,3,3,5,4,6,2,2.0,2,2,2,,2,4,1,9,4,1.0,2,3,1.397006055799917,
202001016204,2023-10-27T23:17:14Z,2023-10-27T23:28:09Z,2,1,1,2,1,2,2,4.0,2.0,2.0,2.0,1.0,,,,,,,,1.0,2.0,,,,,,,,1.0,2.0,2.0,3.0,3.0,4.0,3.0,4.0,,3.0,3.0,3.0,4.0,5.0,4.0,4.0,,4.0,3.0,3.0,3.0,2.0,2.0,4.0,1.0,1.0,4.0,,,1.0,,1.0,2.0,2.0,2.0,1.0,1.0,2.0,4.0,4.0,1.0,1.0,3.0,3.0,4.0,,,,,,,,,0,,0,,0,,,,,,,,,,,,,,,,,,,,,,,,,,,,,,,,,,,,,,,,,,,,,,,,,,,,,,,,,,,,,,,,,,,,,,,,,,,,,2.0,2.0,4.0,2,1,2,2,3,2,,1,1,1,1,2,12,,3,5,4,99.0,9,9,3,5,2,1.0,2,2,3.312487886281695,
202001016416,2023-10-28T18:37:03Z,2023-10-28T18:44:32Z,1,1,1,6,2,2,2,4.0,1.0,1.0,2.0,,,,,,,,,1.0,,,,,,,,,99.0,2.0,2.0,4.0,2.0,4.0,3.0,3.0,4.0,,,4.0,5.0,4.0,4.0,4.0,3.0,,,4.0,1.0,,,,2.0,1.0,4.0,1.0,3.0,3.0,1.0,2.0,,,,,,1.0,3.0,2.0,1.0,3.0,1.0,3.0,1.0,3.0,2.0,4.0,3.0,,2.0,1.0,,0,,0,,0,,,,,,,,,,,,,,,,,,,,,,,,,,,,,,,,,,,,,,,,,,,,,,,,,,,,,,,,,,,,,,,,,,,,,,,,,,,,,1.0,2.0,4.0,2,1,1,1,5,2,,1,1,1,1,6,1,1.0,1,2,3,1.0,1,1,3,1,2,1.0,2,1,2.836139959076581,
202001016443,2023-10-27T17:12:52Z,2023-10-27T17:21:51Z,2,1,1,2,2,2,2,4.0,2.0,2.0,2.0,1.0,,,,,,,,1.0,2.0,,,,,,,,1.0,2.0,2.0,3.0,4.0,3.0,2.0,4.0,,4.0,,3.0,3.0,4.0,3.0,3.0,,3.0,,3.0,3.0,2.0,2.0,5.0,1.0,1.0,2.0,3.0,2.0,2.0,1.0,2.0,,,,,,2.0,2.0,4.0,2.0,3.0,3.0,3.0,4.0,,,,,,,,,0,,0,,0,,,,,,,,,,,,,,,,,,,,,,,,,,,,,,,,,,,,,,,,,,,,,,,,,,,,,,,,,,,,,,,,,,,,,,,,,,,,,1.0,3.0,7.0,2,1,1,1,5,1,1.0,1,1,3,1,2,12,,3,5,2,,2,4,1,3,5,1.0,1,2,0.3522223434218041,
202001016470,2023-10-27T21:19:41Z,2023-10-27T21:25:38Z,2,1,1,6,2,2,2,4.0,2.0,2.0,2.0,1.0,,,,,,,,1.0,1.0,,,,,,,,1.0,2.0,1.0,2.0,2.0,5.0,3.0,3.0,5.0,,,4.0,2.0,3.0,4.0,5.0,6.0,,,3.0,3.0,2.0,1.0,3.0,1.0,1.0,4.0,3.0,4.0,1.0,,2.0,,,,,,2.0,2.0,3.0,3.0,2.0,3.0,3.0,4.0,,,,,,,,,0,,0,,0,,,,,,,,,,,,,,,,,,,,,,,,,,,,,,,,,,,,,,,,,,,,,,,,,,,,,,,,,,,,,,,,,,,,,,,,,,,,,1.0,1.0,1.0,2,1,2,1,6,2,,1,1,1,1,6,1,2.0,1,2,2,,2,4,1,5,5,1.0,2,2,1.321548092337865,
202001016602,2023-10-29T17:16:31Z,2023-10-29T17:25:15Z,2,1,1,6,2,2,2,3.0,3.0,3.0,1.0,2.0,2.0,,,,,,,1.0,1.0,1.0,,,,,,,1.0,1.0,2.0,1.0,3.0,4.0,3.0,3.0,4.0,,,4.0,4.0,3.0,2.0,2.0,5.0,,,4.0,2.0,2.0,2.0,3.0,3.0,1.0,5.0,1.0,5.0,4.0,1.0,1.0,1.0,1.0,1.0,1.0,1.0,1.0,2.0,2.0,5.0,3.0,3.0,3.0,4.0,,,,,,,,,0,,0,,0,,,,,,,,,,,,,,,,,,,,,,,,,,,,,,,,,,,,,,,,,,,,,,,,,,,,,,,,,,,,,,,,,,,,,,,,,,,,,1.0,2.0,3.0,2,1,1,2,4,2,,1,1,1,1,6,1,1.0,1,2,3,1.0,1,1,2,1,2,1.0,2,1,4.775681431657238,
202001016620,2023-10-28T19:25:52Z,2023-10-28T19:29:12Z,2,1,1,1,2,2,1,4.0,2.0,2.0,1.0,2.0,,,,,,,,1.0,1.0,,,,,,,,1.0,1.0,2.0,2.0,2.0,2.0,2.0,4.0,,3.0,,4.0,3.0,4.0,3.0,4.0,,4.0,,2.0,3.0,1.0,1.0,3.0,1.0,,,1.0,4.0,3.0,1.0,2.0,,,,,,2.0,1.0,3.0,3.0,2.0,3.0,3.0,4.0,,,,,,,,,0,,0,,0,,,,,,,,,,,,,,,,,,,,,,,,,,,,,,,,,,,,,,,,,,,,,,,,,,,,,,,,,,,,,,,,,,,,,,,,,,,,,1.0,1.0,2.0,1,2,1,1,6,2,,1,1,1,1,1,5,,4,6,3,1.0,1,1,1,9,2,2.0,2,2,0.9346859751557078,
202001016682,2023-10-27T22:41:11Z,2023-10-27T22:45:27Z,2,1,1,2,2,2,2,4.0,2.0,2.0,1.0,2.0,,,,,,,,1.0,1.0,,,,,,,,1.0,2.0,2.0,4.0,3.0,4.0,4.0,4.0,,4.0,,4.0,4.0,4.0,4.0,4.0,,5.0,,2.0,1.0,,,,3.0,1.0,4.0,1.0,5.0,3.0,1.0,1.0,2.0,2.0,2.0,2.0,1.0,2.0,2.0,2.0,4.0,3.0,3.0,3.0,1.0,2.0,1.0,4.0,3.0,4.0,2.0,2.0,,0,,0,,0,,,,,,,,,,,,,,,,,,,,,,,,,,,,,,,,,,,,,,,,,,,,,,,,,,,,,,,,,,,,,,,,,,,,,,,,,,,,,1.0,2.0,4.0,1,2,1,1,6,2,,1,1,1,1,2,1,2.0,1,5,3,2.0,2,3,3,9,3,1.0,2,3,0.7727376640273981,
202001016986,2023-10-27T17:24:01Z,2023-10-27T17:31:15Z,2,1,1,6,2,2,2,4.0,2.0,2.0,2.0,1.0,,,,,,,,1.0,1.0,,,,,,,,1.0,2.0,4.0,2.0,2.0,3.0,5.0,4.0,3.0,,,4.0,4.0,5.0,4.0,4.0,5.0,,,3.0,1.0,,,,1.0,1.0,4.0,3.0,4.0,3.0,1.0,1.0,2.0,2.0,1.0,1.0,1.0,1.0,2.0,2.0,3.0,3.0,2.0,2.0,1.0,2.0,1.0,4.0,3.0,,2.0,1.0,,0,,0,,0,,,,,,,,,,,,,,,,,,,,,,,,,,,,,,,,,,,,,,,,,,,,,,,,,,,,,,,,,,,,,,,,,,,,,,,,,,,,,1.0,3.0,5.0,2,1,1,3,2,1,7.0,1,1,3,1,6,1,1.0,1,2,4,1.0,1,1,3,3,2,1.0,2,99,4.38526567605629,
202001017056,2023-10-28T15:09:30Z,2023-10-28T15:18:51Z,1,1,1,2,2,2,2,4.0,2.0,2.0,2.0,1.0,,,,,,,,1.0,1.0,,,,,,,,1.0,1.0,2.0,2.0,3.0,4.0,3.0,3.0,,4.0,,3.0,2.0,2.0,3.0,4.0,,3.0,,2.0,3.0,2.0,1.0,5.0,1.0,1.0,5.0,3.0,5.0,2.0,1.0,1.0,2.0,2.0,2.0,2.0,1.0,2.0,3.0,3.0,3.0,3.0,2.0,3.0,4.0,,,,,,,,,0,,0,,0,,,,,,,,,,,,,,,,,,,,,,,,,,,,,,,,,,,,,,,,,,,,,,,,,,,,,,,,,,,,,,,,,,,,,,,,,,,,,1.0,2.0,4.0,1,1,2,1,6,2,,1,1,1,1,2,11,,4,5,2,,2,4,2,7,4,1.0,1,2,0.2873786552170826,
202001017061,2023-10-29T16:27:21Z,2023-10-29T16:32:03Z,1,1,1,1,2,2,1,4.0,2.0,2.0,2.0,1.0,,,,,,,,1.0,2.0,,,,,,,,1.0,2.0,3.0,3.0,4.0,5.0,5.0,5.0,,5.0,,4.0,2.0,1.0,2.0,3.0,,3.0,,5.0,3.0,3.0,4.0,5.0,2.0,,,2.0,1.0,2.0,4.0,1.0,2.0,2.0,1.0,1.0,1.0,2.0,5.0,4.0,1.0,2.0,3.0,3.0,4.0,,,,,,,,,0,,0,,0,,,,,,,,,,,,,,,,,,,,,,,,,,,,,,,,,,,,,,,,,,,,,,,,,,,,,,,,,,,,,,,,,,,,,,,,,,,,,1.0,2.0,3.0,1,2,2,1,6,2,,4,1,1,4,1,10,,3,6,4,2.0,2,4,1,5,5,2.0,1,2,0.2348744305191096,
202001017106,2023-10-27T16:58:46Z,2023-10-27T17:06:14Z,2,1,1,6,2,2,2,4.0,2.0,2.0,2.0,1.0,,,,,,,,1.0,1.0,,,,,,,,1.0,1.0,4.0,3.0,3.0,3.0,3.0,4.0,2.0,,,2.0,2.0,2.0,2.0,3.0,3.0,,,3.0,3.0,3.0,2.0,3.0,2.0,3.0,4.0,3.0,4.0,4.0,3.0,1.0,2.0,2.0,2.0,1.0,1.0,2.0,4.0,4.0,2.0,3.0,3.0,1.0,4.0,,,,,,,,,0,,0,,0,,,,,,,,,,,,,,,,,,,,,,,,,,,,,,,,,,,,,,,,,,,,,,,,,,,,,,,,,,,,,,,,,,,,,,,,,,,,,2.0,2.0,4.0,1,1,2,2,3,2,,1,1,1,1,6,10,,3,5,2,,2,4,3,2,5,1.0,2,1,3.554468090695649,
202001017138,2023-10-27T17:54:09Z,2023-10-27T17:59:38Z,2,1,1,1,1,2,1,4.0,2.0,2.0,2.0,1.0,,,,,,,,1.0,1.0,,,,,,,,1.0,2.0,4.0,3.0,3.0,3.0,3.0,3.0,,3.0,3.0,3.0,3.0,3.0,3.0,3.0,,3.0,3.0,3.0,1.0,,,,3.0,,,,,2.0,4.0,1.0,2.0,1.0,1.0,1.0,2.0,2.0,2.0,1.0,3.0,3.0,3.0,3.0,3.0,2.0,2.0,3.0,2.0,2.0,1.0,1.0,,0,,0,,0,,,,,,,,,,,,,,,,,,,,,,,,,,,,,,,,,,,,,,,,,,,,,,,,,,,,,,,,,,,,,,,,,,,,,,,,,,,,,1.0,3.0,7.0,3,1,2,3,2,1,1.0,1,1,3,1,1,2,2.0,2,6,2,,2,4,2,3,4,1.0,2,1,3.79092582320313,
202001017265,2023-10-30T13:11:02Z,2023-10-30T13:15:46Z,2,1,1,6,1,2,2,4.0,2.0,2.0,2.0,1.0,,,,,,,,1.0,1.0,,,,,,,,1.0,2.0,2.0,3.0,2.0,3.0,3.0,2.0,3.0,,2.0,3.0,4.0,4.0,4.0,3.0,4.0,,3.0,4.0,3.0,2.0,2.0,1.0,1.0,1.0,1.0,,,1.0,,2.0,,,,,,2.0,2.0,2.0,1.0,1.0,1.0,3.0,4.0,,,,,,,,,0,,0,,0,,,,,,,,,,,,,,,,,,,,,,,,,,,,,,,,,,,,,,,,,,,,,,,,,,,,,,,,,,,,,,,,,,,,,,,,,,,,,1.0,4.0,8.0,2,2,2,2,3,1,1.0,1,1,3,1,6,2,2.0,2,5,2,,2,4,1,4,4,1.0,2,2,0.2148566763247966,
202001017475,2023-10-29T23:05:58Z,2023-10-29T23:12:43Z,2,1,1,6,2,2,2,4.0,2.0,2.0,2.0,1.0,,,,,,,,1.0,1.0,,,,,,,,1.0,2.0,1.0,2.0,3.0,1.0,3.0,1.0,1.0,,,4.0,5.0,5.0,5.0,4.0,4.0,,,1.0,3.0,3.0,3.0,5.0,1.0,1.0,5.0,3.0,5.0,1.0,,1.0,2.0,2.0,2.0,2.0,2.0,2.0,1.0,1.0,4.0,2.0,3.0,3.0,4.0,,,,,,,,,0,,0,,0,,,,,,,,,,,,,,,,,,,,,,,,,,,,,,,,,,,,,,,,,,,,,,,,,,,,,,,,,,,,,,,,,,,,,,,,,,,,,1.0,1.0,2.0,2,2,2,1,6,2,,1,1,1,1,6,5,,4,5,2,,2,4,1,6,4,1.0,2,2,0.1429420401159327,
202001017508,2023-10-27T17:03:23Z,2023-10-27T17:25:44Z,2,1,1,1,1,2,1,4.0,2.0,2.0,2.0,1.0,,,,,,,,1.0,1.0,,,,,,,,1.0,1.0,3.0,5.0,5.0,5.0,5.0,5.0,,5.0,4.0,5.0,3.0,3.0,5.0,5.0,,5.0,4.0,5.0,3.0,4.0,2.0,5.0,1.0,,,,,1.0,,2.0,,,,,,1.0,5.0,3.0,4.0,5.0,3.0,3.0,4.0,,,,,,,,,0,,0,,0,,,,,,,,,,,,,,,,,,,,,,,,,,,,,,,,,,,,,,,,,,,,,,,,,,,,,,,,,,,,,,,,,,,,,,,,,,,,,1.0,3.0,5.0,2,2,2,1,5,2,,1,1,1,1,1,9,,3,6,4,1.0,1,2,1,9,3,1.0,2,3,0.2236070808163231,
202001017658,2023-10-27T17:43:30Z,2023-10-27T17:50:39Z,2,1,1,6,2,2,2,4.0,2.0,2.0,2.0,1.0,,,,,,,,1.0,1.0,,,,,,,,1.0,2.0,1.0,3.0,3.0,4.0,3.0,3.0,4.0,,,3.0,5.0,3.0,4.0,3.0,3.0,,,4.0,3.0,3.0,2.0,2.0,1.0,1.0,3.0,1.0,2.0,1.0,,1.0,2.0,2.0,2.0,1.0,2.0,2.0,3.0,1.0,3.0,1.0,3.0,1.0,4.0,,,,,,,,,0,,0,,0,,,,,,,,,,,,,,,,,,,,,,,,,,,,,,,,,,,,,,,,,,,,,,,,,,,,,,,,,,,,,,,,,,,,,,,,,,,,,1.0,3.0,5.0,1,2,1,1,5,2,,1,2,2,1,6,1,1.0,1,5,3,1.0,1,2,1,4,4,1.0,1,2,0.0801047434821426,
202001017880,2023-11-01T21:22:18Z,2023-11-01T21:28:02Z,2,1,1,2,2,2,2,4.0,2.0,2.0,1.0,2.0,,,,,,,,1.0,1.0,,,,,,,,1.0,1.0,1.0,4.0,4.0,5.0,4.0,5.0,,4.0,,3.0,5.0,4.0,3.0,5.0,,5.0,,4.0,3.0,3.0,2.0,5.0,2.0,3.0,4.0,1.0,3.0,1.0,,2.0,,,,,,2.0,1.0,3.0,4.0,2.0,3.0,3.0,4.0,,,,,,,,,0,,0,,0,,,,,,,,,,,,,,,,,,,,,,,,,,,,,,,,,,,,,,,,,,,,,,,,,,,,,,,,,,,,,,,,,,,,,,,,,,,,,1.0,1.0,1.0,2,2,2,1,6,2,,1,1,1,1,2,12,,3,5,2,,2,4,1,8,5,2.0,1,2,0.1795585613813074,
202001017921,2023-10-27T23:16:29Z,2023-10-27T23:21:11Z,2,1,1,6,2,2,2,4.0,2.0,2.0,2.0,1.0,,,,,,,,1.0,1.0,,,,,,,,1.0,2.0,2.0,4.0,3.0,5.0,4.0,5.0,5.0,,,3.0,5.0,5.0,2.0,4.0,3.0,,,5.0,3.0,5.0,2.0,4.0,1.0,1.0,5.0,1.0,5.0,2.0,1.0,1.0,2.0,1.0,2.0,1.0,2.0,2.0,2.0,2.0,4.0,2.0,3.0,3.0,4.0,,,,,,,,,0,,0,,0,,,,,,,,,,,,,,,,,,,,,,,,,,,,,,,,,,,,,,,,,,,,,,,,,,,,,,,,,,,,,,,,,,,,,,,,,,,,,2.0,2.0,4.0,3,1,2,1,5,2,,1,1,1,1,6,10,,3,4,3,2.0,2,4,1,3,4,1.0,1,2,0.250596469892815,
202001018117,2023-10-26T22:32:14Z,2023-10-26T22:35:09Z,2,1,1,6,2,2,2,4.0,1.0,1.0,2.0,,,,,,,,,1.0,,,,,,,,,99.0,2.0,1.0,2.0,1.0,1.0,3.0,2.0,3.0,,,4.0,4.0,4.0,4.0,4.0,4.0,,,1.0,3.0,2.0,2.0,5.0,1.0,3.0,4.0,3.0,4.0,1.0,,2.0,,,,,,2.0,1.0,1.0,4.0,1.0,3.0,3.0,4.0,,,,,,,,,0,,0,,0,,,,,,,,,,,,,,,,,,,,,,,,,,,,,,,,,,,,,,,,,,,,,,,,,,,,,,,,,,,,,,,,,,,,,,,,,,,,,1.0,3.0,6.0,2,2,1,1,5,2,,1,1,1,1,6,1,2.0,1,5,1,,1,1,1,4,2,1.0,2,2,0.5430028545596919,
202001018126,2023-10-31T21:05:22Z,2023-10-31T21:11:51Z,2,1,1,2,2,2,2,4.0,2.0,2.0,2.0,1.0,,,,,,,,1.0,1.0,,,,,,,,1.0,1.0,1.0,3.0,2.0,4.0,2.0,3.0,,3.0,,4.0,5.0,4.0,5.0,4.0,,4.0,,2.0,3.0,3.0,3.0,5.0,1.0,1.0,4.0,3.0,3.0,1.0,,2.0,,,,,,2.0,3.0,3.0,2.0,3.0,3.0,3.0,4.0,,,,,,,,,0,,0,,0,,,,,,,,,,,,,,,,,,,,,,,,,,,,,,,,,,,,,,,,,,,,,,,,,,,,,,,,,,,,,,,,,,,,,,,,,,,,,1.0,3.0,5.0,1,1,2,1,5,1,8.0,1,1,3,1,2,12,,3,5,1,,1,1,1,9,2,1.0,2,3,0.5129563268665318,
202001018382,2023-10-27T17:51:29Z,2023-10-27T18:11:43Z,2,1,1,2,2,2,2,4.0,1.0,1.0,2.0,,,,,,,,,1.0,,,,,,,,,99.0,2.0,4.0,4.0,2.0,4.0,3.0,3.0,,3.0,,4.0,5.0,4.0,3.0,3.0,,4.0,,4.0,3.0,2.0,2.0,1.0,1.0,1.0,4.0,1.0,3.0,1.0,,2.0,,,,,,1.0,2.0,2.0,1.0,2.0,1.0,3.0,4.0,,,,,,,,,0,,0,,0,,,,,,,,,,,,,,,,,,,,,,,,,,,,,,,,,,,,,,,,,,,,,,,,,,,,,,,,,,,,,,,,,,,,,,,,,,,,,1.0,3.0,7.0,2,1,2,1,5,2,,1,1,1,1,2,1,1.0,1,3,3,2.0,2,4,1,2,4,2.0,1,1,0.514097734728221,
202001018410,2023-10-27T22:54:01Z,2023-10-27T23:00:24Z,2,1,1,6,1,2,2,4.0,2.0,2.0,1.0,,,,,,,,,1.0,,,,,,,,,1.0,1.0,2.0,3.0,3.0,5.0,5.0,5.0,4.0,,3.0,4.0,5.0,5.0,6.0,5.0,6.0,,5.0,5.0,3.0,3.0,3.0,3.0,1.0,1.0,5.0,,,1.0,,2.0,,,,,,2.0,3.0,2.0,3.0,1.0,3.0,3.0,4.0,,,,,,,,,0,,0,,0,,,,,,,,,,,,,,,,,,,,,,,,,,,,,,,,,,,,,,,,,,,,,,,,,,,,,,,,,,,,,,,,,,,,,,,,,,,,,1.0,4.0,9.0,3,2,1,3,2,2,,1,1,1,1,6,1,2.0,1,5,1,,1,1,1,3,2,2.0,2,1,3.2909218350948306,
202001018611,2023-10-28T05:44:28Z,2023-10-28T05:47:36Z,2,1,1,1,2,2,1,4.0,1.0,1.0,2.0,,,,,,,,,1.0,,,,,,,,,99.0,2.0,1.0,2.0,3.0,5.0,4.0,4.0,,3.0,,5.0,5.0,4.0,5.0,5.0,,5.0,,2.0,3.0,2.0,2.0,3.0,1.0,,,1.0,3.0,1.0,,2.0,,,,,,2.0,1.0,1.0,3.0,3.0,3.0,3.0,4.0,,,,,,,,,0,,0,,0,,,,,,,,,,,,,,,,,,,,,,,,,,,,,,,,,,,,,,,,,,,,,,,,,,,,,,,,,,,,,,,,,,,,,,,,,,,,,1.0,4.0,9.0,3,2,1,1,5,2,,1,1,1,1,1,2,2.0,2,4,1,,1,1,1,9,2,2.0,2,3,0.5123710521168475,
202001018782,2023-10-27T22:20:23Z,2023-10-27T22:24:01Z,1,1,1,1,2,2,1,4.0,2.0,2.0,1.0,2.0,,,,,,,,2.0,1.0,,,,,,,,1.0,2.0,2.0,3.0,3.0,3.0,4.0,4.0,,3.0,,4.0,3.0,4.0,4.0,4.0,,4.0,,3.0,3.0,2.0,2.0,3.0,1.0,,,2.0,3.0,1.0,,2.0,,,,,,2.0,2.0,2.0,2.0,2.0,3.0,3.0,4.0,,,,,,,,,0,,0,,0,,,,,,,,,,,,,,,,,,,,,,,,,,,,,,,,,,,,,,,,,,,,,,,,,,,,,,,,,,,,,,,,,,,,,,,,,,,,,1.0,1.0,2.0,1,2,1,1,5,2,,1,1,1,1,1,10,,3,5,2,,2,4,1,9,4,1.0,1,3,0.2283238264107693,
202001018846,2023-10-27T20:34:03Z,2023-10-27T20:38:48Z,1,1,1,6,2,2,2,3.0,2.0,2.0,2.0,1.0,,,,,,,,1.0,1.0,,,,,,,,1.0,2.0,1.0,3.0,3.0,5.0,4.0,4.0,4.0,,,4.0,2.0,2.0,3.0,3.0,3.0,,,3.0,3.0,2.0,2.0,3.0,1.0,3.0,2.0,3.0,2.0,2.0,1.0,2.0,,,,,,2.0,3.0,2.0,3.0,2.0,3.0,3.0,4.0,,,,,,,,,0,,0,,0,,,,,,,,,,,,,,,,,,,,,,,,,,,,,,,,,,,,,,,,,,,,,,,,,,,,,,,,,,,,,,,,,,,,,,,,,,,,,1.0,2.0,3.0,1,2,2,1,5,2,,1,1,1,1,6,9,,3,6,2,,2,3,1,9,3,1.0,1,3,0.0749829541597289,
202001018990,2023-10-28T13:45:25Z,2023-10-28T13:53:11Z,2,1,1,1,1,2,1,4.0,2.0,2.0,1.0,2.0,,,,,,,,1.0,1.0,,,,,,,,1.0,2.0,5.0,5.0,5.0,5.0,5.0,5.0,,5.0,5.0,5.0,5.0,5.0,5.0,5.0,,1.0,5.0,5.0,3.0,2.0,2.0,2.0,1.0,,,,,1.0,,2.0,,,,,,1.0,2.0,1.0,3.0,2.0,2.0,2.0,4.0,,,,,,,,,0,,0,,0,,,,,,,,,,,,,,,,,,,,,,,,,,,,,,,,,,,,,,,,,,,,,,,,,,,,,,,,,,,,,,,,,,,,,,,,,,,,,1.0,2.0,4.0,3,2,1,3,2,2,,1,4,4,1,1,12,,3,5,1,,1,1,1,9,1,1.0,1,2,0.8848064560903807,
202001019036,2023-10-27T20:35:21Z,2023-10-27T20:38:23Z,2,1,1,1,2,2,1,4.0,2.0,2.0,1.0,2.0,,,,,,,,1.0,1.0,,,,,,,,1.0,1.0,1.0,2.0,5.0,3.0,4.0,4.0,,3.0,,3.0,5.0,4.0,5.0,4.0,,5.0,,3.0,3.0,2.0,2.0,2.0,4.0,,,2.0,5.0,1.0,,2.0,,,,,,2.0,1.0,1.0,4.0,1.0,3.0,3.0,4.0,,,,,,,,,0,,0,,0,,,,,,,,,,,,,,,,,,,,,,,,,,,,,,,,,,,,,,,,,,,,,,,,,,,,,,,,,,,,,,,,,,,,,,,,,,,,,2.0,3.0,5.0,3,2,1,2,4,2,,1,1,1,1,1,1,1.0,1,4,2,,2,3,1,9,3,2.0,1,3,0.8310509683805487,
202001019103,2023-10-28T09:50:30Z,2023-10-28T09:55:12Z,2,1,1,2,2,2,2,4.0,2.0,2.0,1.0,2.0,,,,,,,,1.0,1.0,,,,,,,,1.0,2.0,3.0,4.0,4.0,4.0,5.0,4.0,,4.0,,4.0,4.0,4.0,4.0,3.0,,3.0,,4.0,3.0,3.0,3.0,5.0,1.0,1.0,5.0,3.0,4.0,1.0,,2.0,,,,,,2.0,3.0,2.0,4.0,3.0,1.0,3.0,4.0,,,,,,,,,0,,0,,0,,,,,,,,,,,,,,,,,,,,,,,,,,,,,,,,,,,,,,,,,,,,,,,,,,,,,,,,,,,,,,,,,,,,,,,,,,,,,1.0,1.0,1.0,2,2,1,1,6,2,,2,1,1,4,2,12,,3,6,3,2.0,2,4,3,9,4,1.0,1,3,0.3643134580686917,
202001019449,2023-10-29T13:51:32Z,2023-10-29T14:03:46Z,2,1,1,3,1,2,1,4.0,2.0,2.0,1.0,2.0,,,,,,,,1.0,1.0,,,,,,,,1.0,2.0,3.0,4.0,5.0,4.0,4.0,4.0,5.0,,4.0,3.0,4.0,2.0,3.0,3.0,3.0,,1.0,5.0,3.0,4.0,2.0,2.0,1.0,,,,,1.0,,1.0,2.0,2.0,2.0,1.0,2.0,2.0,3.0,3.0,2.0,3.0,1.0,3.0,4.0,,,,,,,,,0,,0,,0,,,,,,,,,,,,,,,,,,,,,,,,,,,,,,,,,,,,,,,,,,,,,,,,,,,,,,,,,,,,,,,,,,,,,,,,,,,,,1.0,3.0,7.0,3,2,2,1,6,1,2.0,4,1,3,4,3,1,2.0,1,2,3,2.0,2,3,2,2,3,1.0,2,1,0.3621445035078066,
202001019486,2023-10-27T18:20:50Z,2023-10-27T18:24:32Z,2,1,1,6,2,2,2,4.0,2.0,2.0,2.0,1.0,,,,,,,,1.0,1.0,,,,,,,,1.0,2.0,1.0,2.0,1.0,3.0,2.0,2.0,3.0,,,4.0,4.0,4.0,5.0,4.0,4.0,,,2.0,3.0,2.0,2.0,3.0,1.0,1.0,5.0,3.0,5.0,2.0,2.0,1.0,2.0,2.0,2.0,2.0,1.0,2.0,2.0,2.0,2.0,1.0,3.0,3.0,4.0,,,,,,,,,0,,0,,0,,,,,,,,,,,,,,,,,,,,,,,,,,,,,,,,,,,,,,,,,,,,,,,,,,,,,,,,,,,,,,,,,,,,,,,,,,,,,1.0,1.0,1.0,3,1,1,1,5,2,,1,1,1,1,6,11,,4,6,3,2.0,2,4,1,3,5,2.0,2,2,1.4389078105361552,
202001019834,2023-10-27T17:07:47Z,2023-10-27T17:17:52Z,2,1,1,1,2,2,1,4.0,1.0,1.0,1.0,,,,,,,,,1.0,,,,,,,,,99.0,1.0,2.0,5.0,5.0,4.0,5.0,5.0,,5.0,,5.0,5.0,3.0,5.0,5.0,,5.0,,5.0,3.0,6.0,6.0,6.0,1.0,,,2.0,5.0,1.0,,2.0,,,,,,2.0,5.0,1.0,5.0,3.0,3.0,3.0,4.0,,,,,,,,,0,,0,,0,,,,,,,,,,,,,,,,,,,,,,,,,,,,,,,,,,,,,,,,,,,,,,,,,,,,,,,,,,,,,,,,,,,,,,,,,,,,,1.0,2.0,3.0,2,1,1,1,6,1,1.0,1,4,3,1,1,12,,3,6,4,2.0,2,4,1,7,5,1.0,1,2,0.7272991703363559,
202001019914,2023-10-29T12:35:43Z,2023-10-29T12:39:34Z,2,1,1,1,2,2,1,4.0,2.0,2.0,1.0,2.0,,,,,,,,1.0,1.0,,,,,,,,1.0,2.0,1.0,3.0,2.0,3.0,3.0,3.0,,3.0,,4.0,4.0,4.0,4.0,4.0,,4.0,,3.0,3.0,2.0,2.0,2.0,1.0,,,1.0,4.0,1.0,,2.0,,,,,,2.0,2.0,2.0,3.0,3.0,3.0,3.0,4.0,,,,,,,,,0,,0,,0,,,,,,,,,,,,,,,,,,,,,,,,,,,,,,,,,,,,,,,,,,,,,,,,,,,,,,,,,,,,,,,,,,,,,,,,,,,,,2.0,2.0,4.0,3,1,2,1,6,2,,1,1,1,1,1,12,,3,5,1,,1,1,1,9,2,1.0,2,3,0.3094876050075748,
202001019935,2023-11-04T12:17:54Z,2023-11-04T12:23:00Z,2,1,1,1,2,2,1,4.0,2.0,2.0,1.0,2.0,,,,,,,,1.0,1.0,,,,,,,,1.0,2.0,2.0,3.0,4.0,5.0,3.0,5.0,,5.0,,3.0,1.0,2.0,5.0,5.0,,4.0,,4.0,3.0,3.0,3.0,4.0,2.0,,,1.0,5.0,1.0,,2.0,,,,,,2.0,3.0,3.0,5.0,2.0,3.0,3.0,4.0,,,,,,,,,0,,0,,0,,,,,,,,,,,,,,,,,,,,,,,,,,,,,,,,,,,,,,,,,,,,,,,,,,,,,,,,,,,,,,,,,,,,,,,,,,,,,1.0,4.0,9.0,2,1,2,1,5,2,,1,4,4,1,1,1,1.0,1,1,4,1.0,1,1,1,7,2,2.0,1,2,0.296466467252313,
202001019996,2023-10-30T20:29:57Z,2023-10-30T20:51:27Z,2,1,1,2,2,2,2,4.0,2.0,2.0,1.0,2.0,,,,,,,,1.0,1.0,,,,,,,,1.0,1.0,2.0,3.0,2.0,2.0,3.0,5.0,,4.0,,5.0,5.0,5.0,5.0,3.0,,5.0,,1.0,3.0,3.0,2.0,3.0,1.0,1.0,4.0,1.0,3.0,1.0,,2.0,,,,,,2.0,5.0,4.0,5.0,5.0,3.0,3.0,4.0,,,,,,,,,0,,0,,0,,,,,,,,,,,,,,,,,,,,,,,,,,,,,,,,,,,,,,,,,,,,,,,,,,,,,,,,,,,,,,,,,,,,,,,,,,,,,1.0,3.0,7.0,2,1,1,2,3,1,1.0,1,5,3,1,2,2,1.0,2,5,2,,2,4,1,8,4,1.0,2,2,3.706749873324187,
202001020117,2023-10-27T20:23:44Z,2023-10-27T20:32:52Z,2,1,1,6,2,2,2,4.0,2.0,2.0,2.0,1.0,,,,,,,,1.0,1.0,,,,,,,,1.0,1.0,2.0,2.0,4.0,3.0,3.0,3.0,4.0,,,3.0,5.0,4.0,2.0,5.0,6.0,,,2.0,2.0,4.0,3.0,1.0,1.0,1.0,5.0,3.0,5.0,3.0,1.0,2.0,,,,,,1.0,2.0,1.0,4.0,4.0,1.0,3.0,4.0,,,,,,,,,0,,0,,0,,,,,,,,,,,,,,,,,,,,,,,,,,,,,,,,,,,,,,,,,,,,,,,,,,,,,,,,,,,,,,,,,,,,,,,,,,,,,2.0,3.0,5.0,3,1,2,1,5,2,,1,2,2,1,6,1,1.0,1,2,2,,2,4,1,2,4,1.0,2,1,0.9500325404573776,
202001020225,2023-10-29T22:36:22Z,2023-11-01T23:43:02Z,2,1,1,6,2,2,2,4.0,2.0,2.0,1.0,2.0,,,,,,,,2.0,1.0,,,,,,,,1.0,2.0,2.0,4.0,4.0,4.0,4.0,5.0,5.0,,,4.0,5.0,4.0,4.0,4.0,5.0,,,3.0,3.0,3.0,2.0,5.0,1.0,3.0,4.0,1.0,4.0,1.0,,2.0,,,,,,1.0,2.0,3.0,3.0,3.0,3.0,3.0,4.0,,,,,,,,,0,,0,,0,,,,,,,,,,,,,,,,,,,,,,,,,,,,,,,,,,,,,,,,,,,,,,,,,,,,,,,,,,,,,,,,,,,,,,,,,,,,,1.0,1.0,2.0,1,2,2,1,5,2,,1,1,1,1,6,12,,3,6,2,,2,4,3,8,5,2.0,2,3,0.2813866982920708,
202001020451,2023-10-29T10:52:08Z,2023-10-29T11:05:12Z,2,1,1,1,1,2,1,2.0,1.0,1.0,2.0,,,,,,,,,1.0,,,,,,,,,99.0,2.0,2.0,5.0,4.0,4.0,4.0,4.0,,5.0,4.0,5.0,5.0,5.0,4.0,4.0,,5.0,4.0,4.0,2.0,5.0,4.0,1.0,1.0,,,,,1.0,,2.0,,,,,,1.0,2.0,2.0,2.0,3.0,3.0,3.0,2.0,2.0,3.0,2.0,2.0,2.0,1.0,1.0,,0,,0,,0,,,,,,,,,,,,,,,,,,,,,,,,,,,,,,,,,,,,,,,,,,,,,,,,,,,,,,,,,,,,,,,,,,,,,,,,,,,,,1.0,3.0,5.0,1,1,2,2,3,1,1.0,1,1,3,1,1,2,2.0,2,5,2,,2,3,3,3,3,1.0,2,1,3.3942528032714065,
202001020573,2023-11-01T01:48:38Z,2023-11-01T01:52:13Z,2,1,1,6,1,2,2,3.0,2.0,2.0,1.0,2.0,,,,,,,,1.0,1.0,,,,,,,,1.0,2.0,4.0,5.0,5.0,5.0,5.0,5.0,5.0,,5.0,5.0,1.0,5.0,5.0,1.0,1.0,,1.0,5.0,3.0,4.0,3.0,3.0,1.0,1.0,5.0,,,1.0,,2.0,,,,,,2.0,3.0,4.0,4.0,4.0,2.0,2.0,4.0,,,,,,,,,0,,0,,0,,,,,,,,,,,,,,,,,,,,,,,,,,,,,,,,,,,,,,,,,,,,,,,,,,,,,,,,,,,,,,,,,,,,,,,,,,,,,1.0,4.0,9.0,2,1,2,3,2,1,1.0,1,5,3,1,6,12,,3,6,3,2.0,2,3,3,1,3,3.0,2,1,4.515887184600254,
202001020827,2023-11-02T07:17:16Z,2023-11-02T07:20:19Z,2,1,1,6,2,2,2,3.0,2.0,2.0,2.0,1.0,,,,,,,,1.0,1.0,,,,,,,,1.0,1.0,2.0,2.0,2.0,2.0,3.0,2.0,2.0,,,4.0,4.0,5.0,5.0,4.0,4.0,,,2.0,1.0,,,,1.0,1.0,3.0,3.0,2.0,2.0,1.0,2.0,,,,,,1.0,2.0,3.0,3.0,2.0,3.0,1.0,1.0,1.0,1.0,4.0,2.0,,2.0,1.0,,0,,0,,0,,,,,,,,,,,,,,,,,,,,,,,,,,,,,,,,,,,,,,,,,,,,,,,,,,,,,,,,,,,,,,,,,,,,,,,,,,,,,1.0,3.0,5.0,1,1,2,2,4,1,8.0,2,1,3,4,6,2,2.0,2,5,4,1.0,1,1,3,9,2,1.0,2,2,5.0129015631367055,
202001020855,2023-11-05T22:37:28Z,2023-11-05T22:41:33Z,2,1,1,2,2,2,2,3.0,2.0,2.0,1.0,2.0,,,,,,,,1.0,1.0,,,,,,,,1.0,1.0,1.0,1.0,1.0,3.0,4.0,4.0,,4.0,,2.0,2.0,3.0,2.0,5.0,,4.0,,3.0,3.0,2.0,2.0,4.0,1.0,1.0,3.0,1.0,3.0,2.0,3.0,2.0,,,,,,2.0,1.0,2.0,3.0,1.0,3.0,2.0,4.0,,,,,,,,,0,,0,,0,,,,,,,,,,,,,,,,,,,,,,,,,,,,,,,,,,,,,,,,,,,,,,,,,,,,,,,,,,,,,,,,,,,,,,,,,,,,,1.0,2.0,4.0,1,1,1,1,5,2,,1,1,1,1,2,2,2.0,2,2,1,,1,2,1,9,3,1.0,2,3,1.3104770225377815,
202001021053,2023-10-28T12:51:59Z,2023-10-28T12:56:22Z,2,1,1,1,1,2,1,4.0,2.0,2.0,2.0,1.0,,,,,,,,1.0,2.0,,,,,,,,1.0,2.0,5.0,5.0,4.0,4.0,5.0,5.0,,4.0,4.0,5.0,3.0,5.0,5.0,99.0,,99.0,5.0,4.0,3.0,2.0,2.0,3.0,3.0,,,,,1.0,,2.0,,,,,,2.0,2.0,1.0,4.0,4.0,3.0,3.0,4.0,,,,,,,,,0,,0,,0,,,,,,,,,,,,,,,,,,,,,,,,,,,,,,,,,,,,,,,,,,,,,,,,,,,,,,,,,,,,,,,,,,,,,,,,,,,,,2.0,2.0,3.0,2,2,2,2,4,2,,1,1,1,1,1,1,1.0,1,1,1,,1,1,3,1,1,1.0,2,1,1.079388720397373,
202001021112,2023-10-29T12:52:51Z,2023-10-29T12:56:50Z,2,1,1,6,2,2,2,4.0,2.0,2.0,2.0,1.0,,,,,,,,1.0,1.0,,,,,,,,1.0,2.0,1.0,1.0,1.0,1.0,1.0,1.0,1.0,,,5.0,5.0,3.0,5.0,5.0,5.0,,,1.0,3.0,3.0,3.0,4.0,1.0,1.0,4.0,1.0,4.0,2.0,2.0,1.0,2.0,2.0,2.0,2.0,1.0,1.0,1.0,1.0,5.0,1.0,3.0,3.0,4.0,,,,,,,,,0,,0,,0,,,,,,,,,,,,,,,,,,,,,,,,,,,,,,,,,,,,,,,,,,,,,,,,,,,,,,,,,,,,,,,,,,,,,,,,,,,,,1.0,3.0,7.0,1,1,2,1,5,1,1.0,1,5,3,1,6,7,,4,6,4,2.0,2,3,2,4,3,2.0,2,2,2.200632574935588,
202001021158,2023-10-28T20:17:30Z,2023-10-28T20:21:53Z,2,1,1,1,2,2,1,4.0,1.0,1.0,2.0,,,,,,,,,1.0,,,,,,,,,99.0,2.0,1.0,3.0,3.0,3.0,3.0,3.0,,3.0,,5.0,5.0,2.0,5.0,5.0,,5.0,,3.0,3.0,3.0,1.0,5.0,1.0,,,1.0,3.0,1.0,,2.0,,,,,,2.0,2.0,1.0,2.0,2.0,3.0,2.0,4.0,,,,,,,,,0,,0,,0,,,,,,,,,,,,,,,,,,,,,,,,,,,,,,,,,,,,,,,,,,,,,,,,,,,,,,,,,,,,,,,,,,,,,,,,,,,,,1.0,3.0,7.0,3,1,2,1,5,2,,1,1,1,1,1,1,1.0,1,1,3,1.0,1,1,1,9,2,1.0,2,3,0.8157261016517448,
202001021262,2023-10-30T20:11:02Z,2023-10-30T20:15:05Z,2,1,1,1,2,2,1,4.0,2.0,2.0,1.0,2.0,,,,,,,,1.0,1.0,,,,,,,,1.0,1.0,2.0,3.0,2.0,1.0,3.0,2.0,,3.0,,4.0,4.0,2.0,5.0,3.0,,5.0,,1.0,3.0,2.0,2.0,5.0,1.0,,,1.0,2.0,2.0,1.0,1.0,2.0,2.0,2.0,2.0,1.0,1.0,1.0,1.0,2.0,1.0,3.0,3.0,4.0,,,,,,,,,0,,0,,0,,,,,,,,,,,,,,,,,,,,,,,,,,,,,,,,,,,,,,,,,,,,,,,,,,,,,,,,,,,,,,,,,,,,,,,,,,,,,1.0,3.0,7.0,2,1,2,1,6,2,,1,1,1,1,1,10,,3,4,2,,2,4,1,2,4,2.0,1,1,0.484303281475844,
202001021479,2023-10-30T01:40:45Z,2023-10-30T01:44:38Z,2,1,1,2,2,2,2,4.0,2.0,2.0,2.0,1.0,,,,,,,,1.0,1.0,,,,,,,,1.0,1.0,2.0,3.0,3.0,3.0,3.0,3.0,,3.0,,3.0,3.0,3.0,3.0,3.0,,3.0,,2.0,3.0,1.0,1.0,3.0,1.0,1.0,3.0,1.0,5.0,1.0,,1.0,2.0,2.0,1.0,2.0,1.0,2.0,3.0,2.0,3.0,4.0,3.0,2.0,4.0,,,,,,,,,0,,0,,0,,,,,,,,,,,,,,,,,,,,,,,,,,,,,,,,,,,,,,,,,,,,,,,,,,,,,,,,,,,,,,,,,,,,,,,,,,,,,1.0,4.0,9.0,2,1,2,1,5,1,1.0,99,99,3,99,2,2,2.0,2,4,2,,2,3,3,1,3,4.0,2,99,3.0136696179018405,
202001021489,2023-10-30T10:49:04Z,2023-10-30T10:55:28Z,2,1,1,6,2,2,2,2.0,1.0,1.0,2.0,,,,,,,,,1.0,,,,,,,,,99.0,2.0,2.0,5.0,3.0,4.0,3.0,4.0,5.0,,,3.0,1.0,3.0,2.0,5.0,4.0,,,5.0,2.0,2.0,3.0,1.0,1.0,3.0,4.0,2.0,5.0,2.0,1.0,2.0,,,,,,1.0,4.0,4.0,2.0,1.0,1.0,1.0,1.0,4.0,2.0,3.0,4.0,,1.0,1.0,,0,,0,,0,,,,,,,,,,,,,,,,,,,,,,,,,,,,,,,,,,,,,,,,,,,,,,,,,,,,,,,,,,,,,,,,,,,,,,,,,,,,,1.0,4.0,9.0,1,2,2,2,3,1,5.0,1,5,3,1,6,1,1.0,1,1,3,1.0,1,2,1,1,3,2.0,2,1,1.0008957400244654,
202001021519,2023-11-01T16:54:59Z,2023-11-01T17:00:00Z,2,1,1,1,1,2,1,4.0,1.0,1.0,2.0,,,,,,,,,1.0,,,,,,,,,99.0,2.0,1.0,1.0,1.0,1.0,1.0,1.0,,1.0,1.0,1.0,1.0,1.0,1.0,1.0,,1.0,1.0,1.0,3.0,2.0,2.0,2.0,1.0,,,,,2.0,1.0,2.0,,,,,,2.0,1.0,1.0,1.0,1.0,3.0,3.0,4.0,,,,,,,,,0,,0,,0,,,,,,,,,,,,,,,,,,,,,,,,,,,,,,,,,,,,,,,,,,,,,,,,,,,,,,,,,,,,,,,,,,,,,,,,,,,,,1.0,3.0,5.0,2,2,2,3,2,2,,1,2,2,1,1,1,1.0,1,4,2,,2,3,1,1,2,2.0,2,1,0.7969117170619365,
202001021534,2023-11-01T13:01:19Z,2023-11-01T13:18:57Z,2,1,1,6,1,1,2,3.0,2.0,2.0,1.0,2.0,,,,,,,,1.0,1.0,,,,,,,,1.0,2.0,4.0,4.0,5.0,4.0,5.0,5.0,5.0,,4.0,4.0,4.0,3.0,4.0,4.0,4.0,,4.0,5.0,3.0,4.0,3.0,4.0,1.0,1.0,5.0,,,1.0,,1.0,2.0,2.0,2.0,1.0,2.0,2.0,3.0,2.0,3.0,4.0,3.0,3.0,4.0,,,,,,,,,0,,0,,0,,,,,,,,,,,,,,,,,,,,,,,,,,,,,,,,,,,,,,,,,,,,,,,,,,,,,,,,,,,,,,,,,,,,,,,,,,,,,1.0,3.0,5.0,1,2,2,3,2,1,2.0,1,1,3,1,6,1,1.0,1,5,2,,2,3,1,2,3,1.0,2,1,0.2219365532857432,
202001021919,2023-10-27T17:54:44Z,2023-10-27T17:59:35Z,2,1,1,1,2,2,1,4.0,2.0,2.0,2.0,1.0,,,,,,,,1.0,1.0,,,,,,,,1.0,1.0,2.0,4.0,3.0,3.0,2.0,4.0,,3.0,,5.0,5.0,4.0,5.0,5.0,,5.0,,1.0,3.0,2.0,1.0,3.0,2.0,,,1.0,3.0,2.0,1.0,1.0,2.0,2.0,2.0,2.0,1.0,2.0,4.0,3.0,4.0,4.0,2.0,2.0,4.0,,,,,,,,,0,,0,,0,,,,,,,,,,,,,,,,,,,,,,,,,,,,,,,,,,,,,,,,,,,,,,,,,,,,,,,,,,,,,,,,,,,,,,,,,,,,,2.0,2.0,3.0,3,2,2,2,4,2,,1,1,1,1,1,1,2.0,1,6,2,,2,3,1,3,3,2.0,2,2,0.3849054241379029,
202101000025,2023-10-27T17:04:09Z,2023-10-27T17:07:19Z,2,1,1,2,1,2,1,2.0,1.0,1.0,2.0,,,,,,,,,1.0,,,,,,,,,99.0,2.0,4.0,4.0,5.0,3.0,2.0,4.0,,4.0,3.0,1.0,5.0,5.0,1.0,1.0,,1.0,1.0,4.0,3.0,3.0,2.0,3.0,3.0,,,,,1.0,,2.0,,,,,,1.0,3.0,2.0,2.0,1.0,2.0,2.0,4.0,,,,,,,,,0,,0,,0,,,,,,,,,,,,,,,,,,,,,,,,,,,,,,,,,,,,,,,,,,,,,,,,,,,,,,,,,,,,,,,,,,,,,,,,,,,,,1.0,1.0,1.0,2,1,2,2,3,2,,1,1,1,1,2,4,2.0,4,6,3,1.0,1,2,3,1,3,1.0,2,1,0.2524503487100831,
202101000122,2023-10-28T05:35:21Z,2023-10-28T05:39:33Z,2,1,1,1,1,2,1,4.0,2.0,2.0,1.0,2.0,,,,,,,,1.0,1.0,,,,,,,,1.0,1.0,2.0,2.0,3.0,5.0,1.0,3.0,,5.0,1.0,5.0,3.0,4.0,6.0,2.0,,1.0,1.0,1.0,3.0,1.0,1.0,3.0,3.0,,,,,1.0,,2.0,,,,,,2.0,1.0,1.0,3.0,1.0,3.0,3.0,4.0,,,,,,,,,0,,0,,0,,,,,,,,,,,,,,,,,,,,,,,,,,,,,,,,,,,,,,,,,,,,,,,,,,,,,,,,,,,,,,,,,,,,,,,,,,,,,2.0,3.0,5.0,3,1,2,2,3,2,,1,1,1,1,1,1,2.0,1,5,1,,1,1,1,9,2,1.0,2,2,0.236287300539382,
202101000130,2023-10-29T11:23:03Z,2023-10-29T11:27:24Z,2,1,1,1,2,2,1,4.0,4.0,4.0,2.0,1.0,1.0,2.0,,,,,,1.0,2.0,1.0,2.0,,,,,,1.0,2.0,3.0,5.0,5.0,5.0,4.0,4.0,,4.0,,2.0,2.0,2.0,3.0,3.0,,3.0,,4.0,3.0,5.0,6.0,5.0,1.0,,,1.0,4.0,1.0,,2.0,,,,,,2.0,2.0,3.0,3.0,2.0,3.0,3.0,4.0,,,,,,,,,0,,0,,0,,,,,,,,,,,,,,,,,,,,,,,,,,,,,,,,,,,,,,,,,,,,,,,,,,,,,,,,,,,,,,,,,,,,,,,,,,,,,2.0,2.0,3.0,3,2,1,1,5,2,,1,1,1,1,1,1,2.0,1,1,4,2.0,2,3,1,7,3,2.0,1,2,0.2920012457313253,
202101000137,2023-11-04T11:21:16Z,2023-11-04T11:24:50Z,2,1,1,6,2,2,2,4.0,2.0,2.0,2.0,1.0,,,,,,,,1.0,1.0,,,,,,,,1.0,2.0,1.0,2.0,2.0,3.0,3.0,4.0,4.0,,,3.0,5.0,5.0,5.0,5.0,5.0,,,3.0,3.0,2.0,1.0,5.0,1.0,1.0,5.0,1.0,4.0,2.0,1.0,2.0,,,,,,2.0,3.0,2.0,3.0,2.0,3.0,2.0,4.0,,,,,,,,,0,,0,,0,,,,,,,,,,,,,,,,,,,,,,,,,,,,,,,,,,,,,,,,,,,,,,,,,,,,,,,,,,,,,,,,,,,,,,,,,,,,,1.0,3.0,5.0,2,1,1,3,2,2,,1,1,1,1,6,1,2.0,1,6,1,,1,1,1,5,1,1.0,2,2,0.6348736382847068,
202101000142,2023-10-27T17:13:59Z,2023-10-27T17:19:36Z,2,1,1,6,1,2,2,4.0,2.0,2.0,2.0,1.0,,,,,,,,1.0,2.0,,,,,,,,1.0,2.0,2.0,2.0,2.0,2.0,2.0,2.0,2.0,,2.0,3.0,5.0,5.0,6.0,3.0,4.0,,3.0,2.0,3.0,1.0,1.0,1.0,4.0,1.0,5.0,,,2.0,1.0,1.0,2.0,2.0,2.0,1.0,2.0,1.0,1.0,1.0,3.0,1.0,3.0,3.0,4.0,,,,,,,,,0,,0,,0,,,,,,,,,,,,,,,,,,,,,,,,,,,,,,,,,,,,,,,,,,,,,,,,,,,,,,,,,,,,,,,,,,,,,,,,,,,,,1.0,3.0,5.0,3,1,2,3,2,2,,1,2,2,1,6,1,1.0,1,4,2,,2,3,1,1,3,3.0,2,1,0.7091655409544585,
202101000143,2023-10-31T10:30:53Z,2023-10-31T10:37:24Z,2,1,1,6,2,2,2,4.0,3.0,3.0,1.0,2.0,2.0,,,,,,,1.0,1.0,1.0,,,,,,,1.0,1.0,2.0,3.0,3.0,3.0,2.0,4.0,4.0,,,4.0,4.0,4.0,4.0,3.0,6.0,,,3.0,3.0,3.0,3.0,3.0,1.0,1.0,2.0,1.0,3.0,1.0,,2.0,,,,,,2.0,2.0,2.0,4.0,3.0,3.0,2.0,4.0,,,,,,,,,0,,0,,0,,,,,,,,,,,,,,,,,,,,,,,,,,,,,,,,,,,,,,,,,,,,,,,,,,,,,,,,,,,,,,,,,,,,,,,,,,,,,1.0,2.0,3.0,2,2,1,1,5,2,,1,1,1,1,6,1,1.0,1,3,4,1.0,1,1,1,7,2,2.0,2,3,0.6234023319317417,
202101000282,2023-10-29T16:28:49Z,2023-10-29T16:34:38Z,2,1,1,6,2,2,2,3.0,1.0,1.0,2.0,,,,,,,,,1.0,,,,,,,,,99.0,2.0,2.0,4.0,2.0,2.0,4.0,5.0,2.0,,,5.0,5.0,5.0,5.0,5.0,5.0,,,2.0,3.0,3.0,5.0,5.0,2.0,3.0,5.0,3.0,5.0,4.0,1.0,2.0,,,,,,2.0,2.0,1.0,2.0,3.0,2.0,2.0,4.0,,,,,,,,,0,,0,,0,,,,,,,,,,,,,,,,,,,,,,,,,,,,,,,,,,,,,,,,,,,,,,,,,,,,,,,,,,,,,,,,,,,,,,,,,,,,,1.0,3.0,6.0,3,1,2,2,3,2,,1,1,1,1,6,9,,3,5,3,2.0,2,3,1,5,3,2.0,1,2,0.0743482732269539,
202101000346,2023-11-05T13:17:43Z,2023-11-05T16:27:51Z,2,1,1,6,2,2,2,4.0,1.0,1.0,2.0,,,,,,,,,1.0,,,,,,,,,99.0,2.0,1.0,3.0,3.0,3.0,3.0,3.0,3.0,,,5.0,5.0,5.0,5.0,5.0,5.0,,,3.0,2.0,2.0,1.0,1.0,1.0,1.0,3.0,3.0,2.0,3.0,1.0,1.0,2.0,2.0,2.0,1.0,2.0,1.0,1.0,1.0,3.0,2.0,3.0,3.0,1.0,2.0,2.0,2.0,2.0,,1.0,1.0,,0,,0,,0,,,,,,,,,,,,,,,,,,,,,,,,,,,,,,,,,,,,,,,,,,,,,,,,,,,,,,,,,,,,,,,,,,,,,,,,,,,,,1.0,3.0,6.0,1,1,1,3,1,1,1.0,1,1,3,1,6,7,,4,5,1,,1,1,1,1,1,2.0,2,1,0.9476954608488108,
202101000385,2023-10-29T19:21:12Z,2023-10-29T19:25:06Z,2,1,1,1,1,2,1,4.0,2.0,2.0,2.0,1.0,,,,,,,,1.0,1.0,,,,,,,,1.0,1.0,1.0,1.0,5.0,5.0,3.0,5.0,,3.0,4.0,1.0,3.0,5.0,5.0,5.0,,4.0,3.0,3.0,3.0,1.0,1.0,2.0,1.0,,,,,3.0,3.0,1.0,2.0,2.0,2.0,1.0,1.0,2.0,2.0,1.0,5.0,1.0,2.0,3.0,4.0,,,,,,,,,0,,0,,0,,,,,,,,,,,,,,,,,,,,,,,,,,,,,,,,,,,,,,,,,,,,,,,,,,,,,,,,,,,,,,,,,,,,,,,,,,,,,1.0,2.0,4.0,2,1,2,3,2,1,1.0,4,5,3,4,1,12,,3,6,4,1.0,1,1,1,1,1,3.0,1,1,0.2208921485341861,
202101000400,2023-10-27T17:49:43Z,2023-10-27T18:02:07Z,2,1,1,1,2,2,1,4.0,2.0,2.0,2.0,1.0,,,,,,,,1.0,1.0,,,,,,,,1.0,1.0,1.0,3.0,3.0,4.0,3.0,3.0,,4.0,,3.0,4.0,3.0,4.0,4.0,,5.0,,3.0,3.0,3.0,2.0,5.0,1.0,,,1.0,3.0,1.0,,2.0,,,,,,2.0,2.0,3.0,4.0,3.0,3.0,3.0,4.0,,,,,,,,,0,,0,,0,,,,,,,,,,,,,,,,,,,,,,,,,,,,,,,,,,,,,,,,,,,,,,,,,,,,,,,,,,,,,,,,,,,,,,,,,,,,,1.0,2.0,3.0,2,2,2,1,5,2,,1,1,1,1,1,10,,3,6,2,,2,4,1,9,4,1.0,1,3,0.2068511507980641,
202101000450,2023-11-01T18:01:04Z,2023-11-01T18:06:00Z,2,1,1,6,2,2,2,3.0,2.0,2.0,2.0,1.0,,,,,,,,1.0,1.0,,,,,,,,1.0,2.0,1.0,1.0,2.0,4.0,3.0,3.0,4.0,,,3.0,3.0,5.0,5.0,1.0,5.0,,,2.0,2.0,2.0,2.0,5.0,2.0,1.0,5.0,1.0,3.0,4.0,3.0,1.0,1.0,1.0,1.0,1.0,1.0,1.0,2.0,2.0,3.0,3.0,3.0,2.0,1.0,1.0,1.0,3.0,3.0,,2.0,2.0,,0,,0,,0,,,,,,,,,,,,,,,,,,,,,,,,,,,,,,,,,,,,,,,,,,,,,,,,,,,,,,,,,,,,,,,,,,,,,,,,,,,,,1.0,2.0,3.0,2,1,1,2,4,1,1.0,3,99,3,4,6,2,99.0,2,4,2,,2,4,3,9,4,1.0,1,2,1.90213159610564,
202101000595,2023-10-29T21:48:16Z,2023-10-29T21:50:50Z,2,1,1,6,2,2,2,4.0,1.0,1.0,2.0,,,,,,,,,1.0,,,,,,,,,99.0,2.0,1.0,2.0,2.0,3.0,2.0,2.0,3.0,,,4.0,3.0,4.0,4.0,4.0,3.0,,,2.0,3.0,3.0,2.0,3.0,1.0,1.0,4.0,3.0,5.0,3.0,2.0,1.0,2.0,2.0,1.0,1.0,1.0,2.0,1.0,2.0,3.0,2.0,3.0,3.0,4.0,,,,,,,,,0,,0,,0,,,,,,,,,,,,,,,,,,,,,,,,,,,,,,,,,,,,,,,,,,,,,,,,,,,,,,,,,,,,,,,,,,,,,,,,,,,,,1.0,2.0,3.0,2,1,2,1,5,2,,1,1,1,1,6,10,,3,6,2,,2,4,1,5,5,1.0,2,2,0.0831276250032799,
202101000633,2023-10-28T13:25:24Z,2023-10-28T13:29:46Z,2,1,1,6,2,2,2,4.0,2.0,2.0,1.0,2.0,,,,,,,,1.0,1.0,,,,,,,,1.0,1.0,4.0,5.0,3.0,5.0,5.0,2.0,1.0,,,5.0,3.0,5.0,6.0,5.0,3.0,,,3.0,1.0,,,,1.0,1.0,5.0,1.0,4.0,1.0,,1.0,2.0,2.0,1.0,1.0,1.0,1.0,1.0,3.0,4.0,4.0,3.0,2.0,1.0,1.0,1.0,2.0,3.0,,1.0,1.0,,0,,0,,0,,,,,,,,,,,,,,,,,,,,,,,,,,,,,,,,,,,,,,,,,,,,,,,,,,,,,,,,,,,,,,,,,,,,,,,,,,,,,1.0,3.0,7.0,3,1,2,2,3,1,1.0,1,99,3,1,6,2,99.0,2,6,4,2.0,2,4,1,2,4,1.0,2,1,0.1635589396094812,
202101000693,2023-10-29T17:27:36Z,2023-10-29T17:30:59Z,2,1,1,1,2,2,1,4.0,2.0,2.0,1.0,2.0,,,,,,,,1.0,1.0,,,,,,,,1.0,2.0,1.0,3.0,5.0,4.0,5.0,5.0,,4.0,,4.0,5.0,5.0,5.0,5.0,,5.0,,4.0,3.0,6.0,2.0,2.0,1.0,,,2.0,5.0,2.0,2.0,1.0,2.0,2.0,1.0,2.0,2.0,2.0,1.0,1.0,3.0,1.0,3.0,3.0,4.0,,,,,,,,,0,,0,,0,,,,,,,,,,,,,,,,,,,,,,,,,,,,,,,,,,,,,,,,,,,,,,,,,,,,,,,,,,,,,,,,,,,,,,,,,,,,,2.0,2.0,3.0,3,1,1,2,3,2,,1,1,1,1,1,9,,3,6,4,2.0,2,4,1,5,4,2.0,2,2,1.9605095034016813,
202101000799,2023-10-26T19:34:26Z,2023-10-26T19:37:44Z,2,1,1,6,2,2,2,3.0,2.0,2.0,2.0,1.0,,,,,,,,1.0,1.0,,,,,,,,1.0,2.0,2.0,3.0,3.0,5.0,3.0,4.0,5.0,,,3.0,2.0,3.0,3.0,3.0,5.0,,,4.0,1.0,,,,1.0,2.0,3.0,2.0,2.0,3.0,1.0,2.0,,,,,,1.0,3.0,3.0,2.0,3.0,3.0,3.0,1.0,4.0,1.0,4.0,4.0,,2.0,1.0,,0,,0,,0,,,,,,,,,,,,,,,,,,,,,,,,,,,,,,,,,,,,,,,,,,,,,,,,,,,,,,,,,,,,,,,,,,,,,,,,,,,,,1.0,4.0,8.0,2,1,2,1,5,1,1.0,1,1,3,1,6,12,,3,6,2,,2,4,1,6,4,2.0,1,2,0.111957942670332,
202101000823,2023-10-27T20:38:43Z,2023-10-30T23:25:34Z,1,1,1,6,2,99,2,4.0,2.0,2.0,2.0,1.0,,,,,,,,1.0,1.0,,,,,,,,1.0,2.0,1.0,3.0,3.0,4.0,3.0,4.0,4.0,,,5.0,5.0,4.0,3.0,4.0,3.0,,,3.0,3.0,3.0,2.0,5.0,1.0,1.0,3.0,,,1.0,,2.0,,,,,,2.0,2.0,2.0,3.0,3.0,2.0,2.0,4.0,,,,,,,,,0,,0,,0,,,,,,,,,,,,,,,,,,,,,,,,,,,,,,,,,,,,,,,,,,,,,,,,,,,,,,,,,,,,,,,,,,,,,,,,,,,,,1.0,4.0,9.0,1,1,2,1,5,2,,1,3,5,1,6,10,,3,6,3,2.0,2,3,1,9,3,1.0,2,3,0.0908087395844659,
202101000904,2023-10-27T16:59:51Z,2023-10-27T17:04:24Z,2,1,1,6,2,1,2,2.0,2.0,2.0,2.0,1.0,,,,,,,,1.0,2.0,,,,,,,,1.0,2.0,2.0,3.0,1.0,5.0,3.0,2.0,4.0,,2.0,5.0,3.0,2.0,1.0,1.0,1.0,,3.0,3.0,2.0,3.0,1.0,5.0,2.0,1.0,1.0,,,5.0,3.0,2.0,,,,,,2.0,5.0,2.0,2.0,2.0,3.0,1.0,1.0,3.0,4.0,4.0,5.0,,2.0,1.0,,0,,0,,0,,,,,,,,,,,,,,,,,,,,,,,,,,,,,,,,,,,,,,,,,,,,,,,,,,,,,,,,,,,,,,,,,,,,,,,,,,,,,1.0,4.0,9.0,2,1,2,2,4,1,1.0,1,4,3,1,6,12,,3,6,2,,2,4,1,2,5,4.0,1,1,0.0904329491096221,
202101001108,2023-10-27T17:57:13Z,2023-10-27T17:59:43Z,1,1,1,1,1,2,1,4.0,2.0,2.0,1.0,2.0,,,,,,,,1.0,1.0,,,,,,,,1.0,2.0,2.0,4.0,3.0,4.0,4.0,3.0,,4.0,3.0,4.0,4.0,4.0,4.0,4.0,,4.0,4.0,4.0,3.0,3.0,3.0,3.0,1.0,,,,,1.0,,2.0,,,,,,1.0,4.0,2.0,3.0,4.0,3.0,3.0,4.0,,,,,,,,,0,,0,,0,,,,,,,,,,,,,,,,,,,,,,,,,,,,,,,,,,,,,,,,,,,,,,,,,,,,,,,,,,,,,,,,,,,,,,,,,,,,,1.0,3.0,7.0,2,1,1,1,5,2,,4,3,5,4,1,8,,4,3,1,,1,1,2,9,2,2.0,2,2,0.4843545609398335,
202101001263,2023-10-28T08:17:01Z,2023-10-28T08:20:41Z,2,1,1,1,1,2,1,4.0,2.0,2.0,1.0,2.0,,,,,,,,1.0,1.0,,,,,,,,1.0,2.0,2.0,4.0,4.0,4.0,3.0,4.0,,4.0,4.0,5.0,5.0,5.0,5.0,5.0,,5.0,5.0,1.0,3.0,1.0,1.0,2.0,1.0,,,,,1.0,,2.0,,,,,,1.0,1.0,1.0,1.0,1.0,3.0,3.0,4.0,,,,,,,,,0,,0,,0,,,,,,,,,,,,,,,,,,,,,,,,,,,,,,,,,,,,,,,,,,,,,,,,,,,,,,,,,,,,,,,,,,,,,,,,,,,,,1.0,1.0,1.0,1,2,2,2,4,1,4.0,1,2,3,1,1,1,1.0,1,1,3,2.0,2,3,1,7,3,1.0,2,2,0.0823965512418591,
202101001303,2023-10-27T17:15:38Z,2023-10-27T17:22:36Z,2,1,1,1,2,2,1,3.0,1.0,1.0,2.0,,,,,,,,,1.0,,,,,,,,,99.0,2.0,2.0,3.0,3.0,3.0,3.0,5.0,,4.0,,3.0,4.0,4.0,4.0,4.0,,4.0,,3.0,3.0,3.0,2.0,5.0,1.0,,,3.0,3.0,2.0,1.0,1.0,2.0,1.0,2.0,2.0,2.0,2.0,1.0,2.0,99.0,3.0,3.0,3.0,4.0,,,,,,,,,0,,0,,0,,,,,,,,,,,,,,,,,,,,,,,,,,,,,,,,,,,,,,,,,,,,,,,,,,,,,,,,,,,,,,,,,,,,,,,,,,,,,1.0,4.0,8.0,2,1,2,1,5,2,,1,4,4,1,1,12,,3,6,2,,2,4,1,8,4,2.0,2,2,0.164165801865688,
202101001455,2023-10-27T17:16:54Z,2023-10-27T17:19:39Z,2,1,1,2,2,2,2,4.0,1.0,1.0,2.0,,,,,,,,,1.0,,,,,,,,,99.0,2.0,3.0,5.0,5.0,3.0,3.0,5.0,,3.0,,5.0,5.0,5.0,5.0,5.0,,3.0,,2.0,3.0,5.0,2.0,5.0,3.0,1.0,5.0,1.0,4.0,1.0,,2.0,,,,,,2.0,1.0,1.0,3.0,2.0,2.0,2.0,4.0,,,,,,,,,0,,0,,0,,,,,,,,,,,,,,,,,,,,,,,,,,,,,,,,,,,,,,,,,,,,,,,,,,,,,,,,,,,,,,,,,,,,,,,,,,,,,1.0,4.0,9.0,2,1,2,3,2,2,,1,1,1,1,2,9,,3,6,3,1.0,1,2,3,5,3,1.0,2,2,0.3765645628737081,
202101001515,2023-10-27T22:19:53Z,2023-10-27T22:29:20Z,1,1,1,6,2,2,2,4.0,2.0,2.0,2.0,1.0,,,,,,,,1.0,1.0,,,,,,,,1.0,1.0,1.0,2.0,1.0,3.0,2.0,4.0,5.0,,,4.0,3.0,4.0,3.0,4.0,3.0,,,2.0,3.0,3.0,1.0,2.0,2.0,1.0,4.0,2.0,5.0,4.0,1.0,1.0,1.0,2.0,1.0,2.0,1.0,1.0,2.0,3.0,4.0,2.0,3.0,3.0,4.0,,,,,,,,,0,,0,,0,,,,,,,,,,,,,,,,,,,,,,,,,,,,,,,,,,,,,,,,,,,,,,,,,,,,,,,,,,,,,,,,,,,,,,,,,,,,,1.0,4.0,9.0,1,1,2,1,5,2,,1,1,1,1,6,1,99.0,1,3,3,2.0,2,4,1,99,4,2.0,1,99,0.1308496717855222,
202101001516,2023-10-28T16:43:44Z,2023-10-28T16:47:15Z,2,1,1,2,2,2,2,4.0,2.0,2.0,2.0,1.0,,,,,,,,1.0,1.0,,,,,,,,1.0,2.0,1.0,3.0,2.0,2.0,3.0,3.0,,2.0,,3.0,2.0,4.0,5.0,3.0,,5.0,,2.0,3.0,3.0,2.0,5.0,1.0,1.0,3.0,2.0,2.0,1.0,,2.0,,,,,,2.0,2.0,2.0,3.0,2.0,3.0,3.0,4.0,,,,,,,,,0,,0,,0,,,,,,,,,,,,,,,,,,,,,,,,,,,,,,,,,,,,,,,,,,,,,,,,,,,,,,,,,,,,,,,,,,,,,,,,,,,,,1.0,4.0,9.0,1,1,3,1,5,2,,1,1,1,1,2,10,,3,5,2,,2,4,1,9,5,2.0,1,3,0.2807444163345963,
202101001529,2023-10-27T07:02:40Z,2023-10-27T07:05:47Z,2,1,1,1,1,2,1,4.0,2.0,2.0,1.0,2.0,,,,,,,,1.0,1.0,,,,,,,,1.0,2.0,2.0,3.0,3.0,4.0,4.0,4.0,,4.0,3.0,5.0,5.0,5.0,5.0,5.0,,5.0,5.0,4.0,3.0,4.0,3.0,4.0,1.0,,,,,1.0,,2.0,,,,,,2.0,5.0,4.0,4.0,3.0,3.0,3.0,4.0,,,,,,,,,0,,0,,0,,,,,,,,,,,,,,,,,,,,,,,,,,,,,,,,,,,,,,,,,,,,,,,,,,,,,,,,,,,,,,,,,,,,,,,,,,,,,2.0,2.0,3.0,2,2,1,1,5,2,,1,1,1,1,1,1,2.0,1,5,2,,2,4,1,9,4,1.0,2,2,0.7258015656650694,
202101001654,2023-10-28T08:18:49Z,2023-10-28T08:24:23Z,2,1,1,1,1,2,1,4.0,2.0,2.0,1.0,2.0,,,,,,,,1.0,1.0,,,,,,,,1.0,2.0,1.0,3.0,2.0,3.0,4.0,4.0,,4.0,3.0,5.0,4.0,4.0,5.0,5.0,,5.0,4.0,4.0,3.0,2.0,2.0,5.0,1.0,,,,,1.0,,2.0,,,,,,2.0,4.0,2.0,3.0,3.0,3.0,3.0,4.0,,,,,,,,,0,,0,,0,,,,,,,,,,,,,,,,,,,,,,,,,,,,,,,,,,,,,,,,,,,,,,,,,,,,,,,,,,,,,,,,,,,,,,,,,,,,,1.0,2.0,3.0,2,2,1,1,6,2,,2,1,1,4,1,10,,3,6,3,2.0,2,3,1,9,3,1.0,2,2,0.2398934087624938,
202101001674,2023-10-27T19:53:01Z,2023-10-27T20:02:07Z,2,1,1,6,2,2,2,3.0,2.0,2.0,1.0,2.0,,,,,,,,1.0,1.0,,,,,,,,1.0,2.0,2.0,1.0,1.0,3.0,2.0,1.0,2.0,,,3.0,5.0,5.0,4.0,4.0,5.0,,,1.0,1.0,,,,3.0,1.0,4.0,1.0,3.0,3.0,3.0,1.0,1.0,1.0,2.0,1.0,2.0,1.0,2.0,1.0,5.0,3.0,1.0,3.0,1.0,1.0,3.0,2.0,1.0,,2.0,2.0,,0,,0,,0,,,,,,,,,,,,,,,,,,,,,,,,,,,,,,,,,,,,,,,,,,,,,,,,,,,,,,,,,,,,,,,,,,,,,,,,,,,,,1.0,2.0,3.0,2,1,1,2,4,2,,1,3,5,1,6,7,,4,6,2,,2,4,1,4,5,1.0,2,2,0.6534903301905378,
202101001790,2023-10-30T09:47:32Z,2023-10-30T10:12:30Z,2,1,1,1,1,2,1,4.0,2.0,2.0,2.0,1.0,,,,,,,,1.0,1.0,,,,,,,,1.0,1.0,2.0,4.0,4.0,5.0,5.0,5.0,,5.0,4.0,5.0,5.0,5.0,5.0,5.0,,5.0,5.0,4.0,3.0,5.0,4.0,4.0,1.0,,,,,1.0,,2.0,,,,,,2.0,5.0,1.0,5.0,4.0,3.0,3.0,4.0,,,,,,,,,0,,0,,0,,,,,,,,,,,,,,,,,,,,,,,,,,,,,,,,,,,,,,,,,,,,,,,,,,,,,,,,,,,,,,,,,,,,,,,,,,,,,1.0,2.0,4.0,2,2,1,1,5,2,,1,1,1,1,1,12,,3,6,3,2.0,2,4,1,8,4,2.0,2,2,0.9007914930938782,
202101002084,2023-10-29T11:12:15Z,2023-10-29T11:16:21Z,2,1,1,6,2,2,2,2.0,2.0,2.0,2.0,1.0,,,,,,,,1.0,1.0,,,,,,,,1.0,1.0,2.0,2.0,2.0,4.0,4.0,3.0,5.0,,,4.0,3.0,4.0,3.0,3.0,5.0,,,3.0,1.0,,,,2.0,2.0,4.0,2.0,4.0,4.0,1.0,2.0,,,,,,1.0,5.0,4.0,4.0,4.0,2.0,2.0,2.0,4.0,4.0,2.0,3.0,,2.0,1.0,,0,,0,,0,,,,,,,,,,,,,,,,,,,,,,,,,,,,,,,,,,,,,,,,,,,,,,,,,,,,,,,,,,,,,,,,,,,,,,,,,,,,,1.0,3.0,5.0,1,1,2,2,3,1,1.0,1,4,3,1,6,12,,3,6,4,2.0,2,4,1,3,4,1.0,2,1,0.5197906341102312,
202101002226,2023-10-27T17:29:52Z,2023-10-27T17:32:56Z,2,1,1,1,2,2,1,4.0,2.0,2.0,1.0,2.0,,,,,,,,1.0,1.0,,,,,,,,1.0,1.0,1.0,3.0,3.0,5.0,5.0,5.0,,5.0,,5.0,5.0,5.0,5.0,5.0,,5.0,,4.0,3.0,3.0,3.0,3.0,1.0,,,3.0,4.0,1.0,,2.0,,,,,,2.0,2.0,1.0,5.0,3.0,3.0,3.0,4.0,,,,,,,,,0,,0,,0,,,,,,,,,,,,,,,,,,,,,,,,,,,,,,,,,,,,,,,,,,,,,,,,,,,,,,,,,,,,,,,,,,,,,,,,,,,,,1.0,2.0,3.0,1,2,1,2,3,2,,1,1,1,1,1,10,,3,6,3,2.0,2,3,1,6,3,2.0,2,2,0.7615566802253697,
202101002279,2023-10-30T10:00:39Z,2023-10-30T10:26:55Z,1,1,1,1,1,2,1,4.0,2.0,2.0,1.0,2.0,,,,,,,,1.0,1.0,,,,,,,,1.0,1.0,1.0,3.0,3.0,3.0,4.0,3.0,,3.0,3.0,4.0,5.0,4.0,5.0,5.0,,5.0,4.0,3.0,3.0,3.0,2.0,2.0,1.0,,,,,1.0,,2.0,,,,,,2.0,1.0,1.0,4.0,3.0,3.0,3.0,4.0,,,,,,,,,0,,0,,0,,,,,,,,,,,,,,,,,,,,,,,,,,,,,,,,,,,,,,,,,,,,,,,,,,,,,,,,,,,,,,,,,,,,,,,,,,,,,1.0,1.0,1.0,2,1,1,1,6,2,,4,1,1,4,1,9,,3,6,3,2.0,2,3,1,9,3,1.0,2,2,0.8574240192949477,
202101002339,2023-10-29T18:28:49Z,2023-10-29T18:35:58Z,1,1,1,6,2,2,2,4.0,2.0,2.0,2.0,1.0,,,,,,,,1.0,1.0,,,,,,,,1.0,1.0,3.0,3.0,3.0,3.0,4.0,3.0,4.0,,,4.0,5.0,4.0,3.0,4.0,4.0,,,2.0,3.0,3.0,2.0,5.0,1.0,3.0,5.0,3.0,5.0,2.0,3.0,1.0,2.0,1.0,2.0,2.0,2.0,2.0,3.0,2.0,5.0,4.0,2.0,2.0,4.0,,,,,,,,,0,,0,,0,,,,,,,,,,,,,,,,,,,,,,,,,,,,,,,,,,,,,,,,,,,,,,,,,,,,,,,,,,,,,,,,,,,,,,,,,,,,,1.0,4.0,9.0,1,2,2,1,5,2,,1,1,1,1,6,12,,3,6,2,,2,4,1,1,5,2.0,2,1,0.399885223730493,
202101002377,2023-10-27T21:19:14Z,2023-10-27T21:22:42Z,2,1,1,2,2,2,2,4.0,2.0,2.0,2.0,1.0,,,,,,,,1.0,1.0,,,,,,,,1.0,1.0,1.0,3.0,2.0,4.0,2.0,3.0,,3.0,,4.0,3.0,3.0,4.0,3.0,,5.0,,2.0,3.0,2.0,1.0,4.0,1.0,1.0,4.0,1.0,3.0,2.0,1.0,2.0,,,,,,2.0,1.0,2.0,3.0,1.0,3.0,3.0,4.0,,,,,,,,,0,,0,,0,,,,,,,,,,,,,,,,,,,,,,,,,,,,,,,,,,,,,,,,,,,,,,,,,,,,,,,,,,,,,,,,,,,,,,,,,,,,,1.0,1.0,2.0,1,1,1,1,5,2,,1,1,1,1,2,5,,4,5,1,,1,2,2,8,3,2.0,2,2,3.329380653048648,
202101002482,2023-10-27T17:33:20Z,2023-10-27T17:43:02Z,2,1,1,2,2,2,2,4.0,2.0,2.0,2.0,1.0,,,,,,,,1.0,1.0,,,,,,,,1.0,2.0,2.0,3.0,3.0,3.0,3.0,3.0,,3.0,,3.0,5.0,5.0,2.0,4.0,,2.0,,4.0,2.0,6.0,1.0,1.0,3.0,1.0,5.0,1.0,5.0,1.0,,1.0,2.0,1.0,2.0,2.0,2.0,1.0,3.0,2.0,1.0,1.0,3.0,3.0,1.0,1.0,2.0,5.0,4.0,5.0,1.0,1.0,,0,,0,,0,,,,,,,,,,,,,,,,,,,,,,,,,,,,,,,,,,,,,,,,,,,,,,,,,,,,,,,,,,,,,,,,,,,,,,,,,,,,,1.0,3.0,5.0,2,1,2,3,2,2,,1,1,1,1,2,1,2.0,1,6,2,,2,4,1,2,4,1.0,2,1,0.7016162796109973,
202101002562,2023-10-29T13:16:07Z,2023-10-29T13:22:57Z,2,1,1,1,1,2,1,3.0,2.0,2.0,2.0,1.0,,,,,,,,1.0,1.0,,,,,,,,1.0,2.0,1.0,3.0,3.0,4.0,3.0,5.0,,4.0,3.0,5.0,5.0,4.0,5.0,4.0,,4.0,4.0,2.0,3.0,2.0,2.0,3.0,1.0,,,,,1.0,,2.0,,,,,,2.0,1.0,1.0,3.0,3.0,3.0,3.0,4.0,,,,,,,,,0,,0,,0,,,,,,,,,,,,,,,,,,,,,,,,,,,,,,,,,,,,,,,,,,,,,,,,,,,,,,,,,,,,,,,,,,,,,,,,,,,,,1.0,2.0,3.0,2,2,2,1,5,2,,1,1,1,1,1,1,2.0,1,5,3,1.0,1,2,2,9,3,1.0,1,2,0.1893156853741563,
202101002909,2023-10-27T19:13:37Z,2023-10-27T19:20:44Z,2,1,1,1,1,2,1,4.0,1.0,1.0,2.0,,,,,,,,,1.0,,,,,,,,,99.0,2.0,1.0,4.0,3.0,3.0,2.0,3.0,,4.0,2.0,4.0,4.0,4.0,5.0,4.0,,4.0,4.0,3.0,3.0,2.0,1.0,2.0,1.0,,,,,1.0,,2.0,,,,,,2.0,2.0,1.0,3.0,2.0,3.0,3.0,4.0,,,,,,,,,0,,0,,0,,,,,,,,,,,,,,,,,,,,,,,,,,,,,,,,,,,,,,,,,,,,,,,,,,,,,,,,,,,,,,,,,,,,,,,,,,,,,1.0,1.0,2.0,2,2,2,1,5,1,2.0,1,1,3,1,1,2,2.0,2,3,4,1.0,1,2,1,9,3,1.0,1,3,0.3525973686414383,
202101002913,2023-10-29T00:06:07Z,2023-10-29T00:22:40Z,2,1,1,6,2,2,2,4.0,2.0,2.0,2.0,1.0,,,,,,,,1.0,1.0,,,,,,,,1.0,2.0,2.0,5.0,3.0,5.0,3.0,5.0,4.0,,,4.0,4.0,5.0,2.0,3.0,6.0,,,5.0,3.0,3.0,3.0,5.0,2.0,1.0,5.0,3.0,5.0,1.0,,2.0,,,,,,2.0,3.0,1.0,3.0,2.0,3.0,3.0,4.0,,,,,,,,,0,,0,,0,,,,,,,,,,,,,,,,,,,,,,,,,,,,,,,,,,,,,,,,,,,,,,,,,,,,,,,,,,,,,,,,,,,,,,,,,,,,,1.0,1.0,2.0,1,1,2,2,3,1,8.0,1,1,3,1,6,10,,3,6,3,2.0,2,4,2,1,4,1.0,2,1,1.1117737076338836,
202101002914,2023-10-29T20:58:48Z,2023-10-29T21:02:25Z,2,1,1,3,1,2,1,2.0,2.0,2.0,2.0,1.0,,,,,,,,1.0,1.0,,,,,,,,1.0,1.0,5.0,2.0,2.0,4.0,3.0,4.0,4.0,,2.0,4.0,4.0,4.0,4.0,4.0,3.0,,4.0,3.0,3.0,1.0,1.0,5.0,1.0,,,,,1.0,,1.0,2.0,2.0,2.0,1.0,2.0,1.0,4.0,3.0,2.0,4.0,2.0,2.0,4.0,,,,,,,,,0,,0,,0,,,,,,,,,,,,,,,,,,,,,,,,,,,,,,,,,,,,,,,,,,,,,,,,,,,,,,,,,,,,,,,,,,,,,,,,,,,,,1.0,2.0,3.0,1,2,2,3,1,1,2.0,1,2,3,1,3,12,,3,6,4,2.0,2,3,3,1,2,1.0,2,1,0.1476458467488506,
202101002941,2023-10-27T20:15:06Z,2023-10-27T20:24:43Z,2,1,1,1,2,2,1,4.0,2.0,2.0,2.0,1.0,,,,,,,,1.0,1.0,,,,,,,,1.0,2.0,1.0,3.0,3.0,3.0,3.0,3.0,,3.0,,4.0,4.0,5.0,4.0,5.0,,3.0,,2.0,3.0,3.0,2.0,3.0,1.0,,,1.0,5.0,2.0,2.0,1.0,2.0,2.0,2.0,2.0,1.0,2.0,1.0,2.0,3.0,2.0,3.0,3.0,4.0,,,,,,,,,0,,0,,0,,,,,,,,,,,,,,,,,,,,,,,,,,,,,,,,,,,,,,,,,,,,,,,,,,,,,,,,,,,,,,,,,,,,,,,,,,,,,1.0,2.0,4.0,2,2,2,1,5,2,,1,1,1,1,1,10,,3,4,2,,2,4,1,6,4,1.0,2,2,0.402750879588431,
202101002958,2023-10-27T17:14:15Z,2023-10-27T17:31:24Z,2,1,1,6,2,2,2,4.0,2.0,2.0,1.0,2.0,,,,,,,,1.0,1.0,,,,,,,,1.0,2.0,2.0,3.0,3.0,3.0,3.0,3.0,3.0,,,3.0,3.0,3.0,3.0,3.0,3.0,,,4.0,2.0,1.0,1.0,1.0,4.0,1.0,5.0,3.0,5.0,1.0,,2.0,,,,,,2.0,4.0,1.0,4.0,4.0,3.0,3.0,4.0,,,,,,,,,0,,0,,0,,,,,,,,,,,,,,,,,,,,,,,,,,,,,,,,,,,,,,,,,,,,,,,,,,,,,,,,,,,,,,,,,,,,,,,,,,,,,1.0,3.0,5.0,2,2,2,3,1,1,2.0,2,1,3,2,6,12,,3,6,2,,2,4,3,1,4,1.0,2,1,0.2292533959661593,
202101003126,2023-10-26T19:26:25Z,2023-10-26T19:34:51Z,2,1,1,1,2,2,1,4.0,2.0,2.0,2.0,1.0,,,,,,,,1.0,1.0,,,,,,,,1.0,2.0,1.0,3.0,2.0,3.0,2.0,3.0,,3.0,,5.0,3.0,4.0,5.0,4.0,,5.0,,2.0,3.0,2.0,1.0,3.0,1.0,,,1.0,3.0,1.0,,2.0,,,,,,2.0,1.0,2.0,3.0,2.0,3.0,3.0,4.0,,,,,,,,,0,,0,,0,,,,,,,,,,,,,,,,,,,,,,,,,,,,,,,,,,,,,,,,,,,,,,,,,,,,,,,,,,,,,,,,,,,,,,,,,,,,,1.0,1.0,1.0,2,2,2,1,6,2,,1,1,1,1,1,2,2.0,2,4,2,,2,4,1,9,4,1.0,1,3,0.3400991504571114,
202101003169,2023-10-26T19:54:08Z,2023-10-26T19:57:57Z,2,1,1,6,2,2,2,4.0,2.0,2.0,1.0,2.0,,,,,,,,1.0,1.0,,,,,,,,1.0,1.0,1.0,4.0,1.0,4.0,3.0,2.0,3.0,,,1.0,5.0,4.0,5.0,3.0,2.0,,,3.0,3.0,4.0,2.0,2.0,1.0,1.0,5.0,1.0,3.0,1.0,,2.0,,,,,,2.0,1.0,1.0,3.0,1.0,2.0,2.0,4.0,,,,,,,,,0,,0,,0,,,,,,,,,,,,,,,,,,,,,,,,,,,,,,,,,,,,,,,,,,,,,,,,,,,,,,,,,,,,,,,,,,,,,,,,,,,,,2.0,2.0,4.0,3,2,1,3,2,2,,1,1,1,1,6,12,,3,6,1,,1,1,1,7,2,1.0,2,3,0.5027259698895222,
202101003175,2023-10-30T08:28:16Z,2023-10-30T08:33:26Z,2,1,1,6,2,2,2,4.0,2.0,2.0,2.0,1.0,,,,,,,,1.0,1.0,,,,,,,,1.0,2.0,2.0,3.0,1.0,2.0,4.0,4.0,2.0,,,4.0,5.0,2.0,3.0,3.0,4.0,,,3.0,3.0,2.0,2.0,3.0,1.0,1.0,3.0,1.0,4.0,2.0,2.0,1.0,2.0,2.0,2.0,2.0,1.0,2.0,3.0,3.0,1.0,2.0,3.0,3.0,4.0,,,,,,,,,0,,0,,0,,,,,,,,,,,,,,,,,,,,,,,,,,,,,,,,,,,,,,,,,,,,,,,,,,,,,,,,,,,,,,,,,,,,,,,,,,,,,2.0,2.0,4.0,3,1,1,1,5,2,,1,1,1,1,6,10,,3,6,2,,2,4,2,1,4,1.0,1,1,0.4977332524911656,
202101003400,2023-10-27T17:44:44Z,2023-10-27T17:47:40Z,2,1,1,1,1,2,1,4.0,2.0,2.0,2.0,1.0,,,,,,,,2.0,1.0,,,,,,,,1.0,1.0,1.0,5.0,5.0,5.0,5.0,5.0,,5.0,5.0,5.0,5.0,5.0,99.0,99.0,,5.0,5.0,5.0,3.0,3.0,6.0,3.0,1.0,,,,,1.0,,2.0,,,,,,2.0,2.0,2.0,3.0,1.0,2.0,2.0,4.0,,,,,,,,,0,,0,,0,,,,,,,,,,,,,,,,,,,,,,,,,,,,,,,,,,,,,,,,,,,,,,,,,,,,,,,,,,,,,,,,,,,,,,,,,,,,,2.0,4.0,8.0,2,2,2,3,2,2,,1,1,1,1,1,1,1.0,1,4,3,2.0,2,4,1,7,4,1.0,2,2,0.5873258280341682,
202101003404,2023-10-27T17:57:50Z,2023-10-29T13:00:07Z,2,1,1,1,2,2,1,4.0,2.0,2.0,1.0,2.0,,,,,,,,1.0,1.0,,,,,,,,1.0,2.0,3.0,3.0,2.0,5.0,3.0,3.0,,4.0,,5.0,5.0,4.0,4.0,5.0,,5.0,,3.0,3.0,3.0,1.0,5.0,1.0,,,2.0,5.0,2.0,1.0,2.0,,,,,,2.0,2.0,1.0,3.0,2.0,3.0,1.0,4.0,,,,,,,,,0,,0,,0,,,,,,,,,,,,,,,,,,,,,,,,,,,,,,,,,,,,,,,,,,,,,,,,,,,,,,,,,,,,,,,,,,,,,,,,,,,,,2.0,4.0,8.0,3,2,2,1,5,2,,1,1,1,1,1,12,,3,5,1,,1,1,1,9,2,1.0,2,3,0.2606994890182743,
202101003701,2023-10-27T22:42:30Z,2023-10-27T22:46:54Z,1,1,1,6,2,2,2,4.0,2.0,2.0,1.0,2.0,,,,,,,,1.0,1.0,,,,,,,,1.0,2.0,2.0,3.0,3.0,3.0,4.0,3.0,4.0,,,4.0,3.0,4.0,4.0,3.0,4.0,,,2.0,3.0,4.0,2.0,5.0,1.0,1.0,3.0,1.0,3.0,1.0,,2.0,,,,,,2.0,1.0,2.0,4.0,3.0,3.0,3.0,4.0,,,,,,,,,0,,0,,0,,,,,,,,,,,,,,,,,,,,,,,,,,,,,,,,,,,,,,,,,,,,,,,,,,,,,,,,,,,,,,,,,,,,,,,,,,,,,1.0,3.0,7.0,2,2,1,2,4,2,,1,1,1,1,6,12,,3,6,4,1.0,1,2,3,9,3,1.0,2,2,0.5624652558942353,
202101003712,2023-10-28T11:32:30Z,2023-10-28T11:35:32Z,1,1,1,6,2,2,2,3.0,2.0,2.0,1.0,2.0,,,,,,,,1.0,1.0,,,,,,,,1.0,2.0,1.0,1.0,1.0,3.0,1.0,1.0,2.0,,,2.0,4.0,4.0,1.0,2.0,6.0,,,1.0,1.0,,,,1.0,1.0,3.0,1.0,4.0,3.0,1.0,2.0,,,,,,1.0,1.0,1.0,2.0,1.0,3.0,3.0,1.0,1.0,1.0,2.0,1.0,,1.0,1.0,,0,,0,,0,,,,,,,,,,,,,,,,,,,,,,,,,,,,,,,,,,,,,,,,,,,,,,,,,,,,,,,,,,,,,,,,,,,,,,,,,,,,,1.0,1.0,2.0,2,2,2,1,6,2,,1,1,1,1,6,2,2.0,2,5,4,2.0,2,9,1,9,99,2.0,2,99,1.5648234568673849,
202101003805,2023-10-27T21:18:37Z,2023-10-27T21:23:58Z,2,1,1,2,1,2,2,4.0,2.0,2.0,1.0,2.0,,,,,,,,1.0,1.0,,,,,,,,1.0,2.0,3.0,4.0,4.0,4.0,4.0,4.0,,4.0,4.0,4.0,2.0,4.0,4.0,4.0,,4.0,3.0,3.0,3.0,4.0,3.0,5.0,1.0,1.0,5.0,,,1.0,,2.0,,,,,,2.0,3.0,2.0,4.0,2.0,2.0,2.0,4.0,,,,,,,,,0,,0,,0,,,,,,,,,,,,,,,,,,,,,,,,,,,,,,,,,,,,,,,,,,,,,,,,,,,,,,,,,,,,,,,,,,,,,,,,,,,,,1.0,3.0,7.0,2,2,2,2,3,2,,1,4,4,1,2,12,,3,5,4,2.0,2,3,3,1,3,2.0,2,1,0.5340261386676856,
202101003973,2023-10-27T20:14:38Z,2023-10-27T20:18:54Z,2,1,1,6,2,2,2,4.0,2.0,2.0,1.0,2.0,,,,,,,,1.0,1.0,,,,,,,,1.0,1.0,2.0,3.0,2.0,4.0,4.0,4.0,3.0,,,4.0,5.0,3.0,5.0,5.0,4.0,,,4.0,3.0,3.0,2.0,5.0,1.0,1.0,3.0,1.0,4.0,1.0,,2.0,,,,,,2.0,3.0,2.0,4.0,3.0,2.0,2.0,4.0,,,,,,,,,0,,0,,0,,,,,,,,,,,,,,,,,,,,,,,,,,,,,,,,,,,,,,,,,,,,,,,,,,,,,,,,,,,,,,,,,,,,,,,,,,,,,1.0,3.0,5.0,1,1,1,1,5,2,,1,1,1,1,6,1,1.0,1,1,1,,1,2,3,8,3,1.0,1,3,1.0707936137201983,
202101004048,2023-10-30T12:16:11Z,2023-10-30T12:26:29Z,2,1,1,6,1,2,2,4.0,1.0,1.0,2.0,,,,,,,,,1.0,,,,,,,,,99.0,2.0,2.0,1.0,2.0,3.0,3.0,3.0,4.0,,2.0,3.0,1.0,3.0,6.0,3.0,6.0,,5.0,1.0,3.0,3.0,3.0,3.0,3.0,3.0,2.0,,,3.0,2.0,2.0,,,,,,2.0,2.0,1.0,2.0,2.0,3.0,3.0,4.0,,,,,,,,,0,,0,,0,,,,,,,,,,,,,,,,,,,,,,,,,,,,,,,,,,,,,,,,,,,,,,,,,,,,,,,,,,,,,,,,,,,,,,,,,,,,,1.0,2.0,3.0,1,1,2,2,3,2,,1,4,4,1,6,1,1.0,1,5,3,1.0,1,2,1,1,3,2.0,1,1,0.4360919947657212,
202101004268,2023-10-27T20:29:22Z,2023-10-27T20:37:37Z,2,1,1,6,2,2,2,4.0,2.0,2.0,2.0,1.0,,,,,,,,1.0,1.0,,,,,,,,1.0,2.0,1.0,3.0,4.0,4.0,3.0,4.0,4.0,,,3.0,5.0,4.0,4.0,3.0,3.0,,,3.0,1.0,,,,1.0,1.0,4.0,3.0,5.0,2.0,1.0,1.0,2.0,2.0,1.0,1.0,1.0,1.0,1.0,2.0,2.0,2.0,3.0,3.0,2.0,1.0,1.0,2.0,3.0,,1.0,1.0,,0,,0,,0,,,,,,,,,,,,,,,,,,,,,,,,,,,,,,,,,,,,,,,,,,,,,,,,,,,,,,,,,,,,,,,,,,,,,,,,,,,,,1.0,3.0,7.0,2,2,1,1,5,1,1.0,4,1,3,4,6,9,,3,5,3,2.0,2,4,3,2,5,2.0,2,1,0.7115765123945808,
202101004308,2023-10-27T17:31:41Z,2023-10-27T17:35:21Z,2,1,1,2,1,2,2,4.0,2.0,2.0,2.0,1.0,,,,,,,,1.0,2.0,,,,,,,,1.0,2.0,5.0,5.0,5.0,5.0,5.0,5.0,,5.0,5.0,5.0,5.0,4.0,5.0,5.0,,5.0,5.0,5.0,3.0,6.0,5.0,5.0,1.0,1.0,5.0,,,1.0,,2.0,,,,,,2.0,4.0,2.0,5.0,4.0,2.0,2.0,4.0,,,,,,,,,0,,0,,0,,,,,,,,,,,,,,,,,,,,,,,,,,,,,,,,,,,,,,,,,,,,,,,,,,,,,,,,,,,,,,,,,,,,,,,,,,,,,2.0,1.0,2.0,3,2,2,3,2,2,,1,1,1,1,2,1,1.0,1,6,1,,1,1,1,5,2,2.0,2,2,0.8224007050013598,
202101004442,2023-10-27T17:41:38Z,2023-10-27T17:45:39Z,2,1,1,1,1,2,1,4.0,2.0,2.0,2.0,1.0,,,,,,,,1.0,1.0,,,,,,,,1.0,2.0,1.0,2.0,1.0,3.0,2.0,3.0,,5.0,4.0,5.0,5.0,5.0,5.0,5.0,,5.0,5.0,2.0,3.0,1.0,1.0,2.0,1.0,,,,,1.0,,2.0,,,,,,1.0,1.0,1.0,3.0,1.0,3.0,3.0,4.0,,,,,,,,,0,,0,,0,,,,,,,,,,,,,,,,,,,,,,,,,,,,,,,,,,,,,,,,,,,,,,,,,,,,,,,,,,,,,,,,,,,,,,,,,,,,,1.0,3.0,7.0,1,1,2,2,3,1,1.0,1,1,3,1,1,12,,3,6,2,,2,3,1,6,3,1.0,2,2,0.2749120347987771,
202101004492,2023-10-30T19:44:24Z,2023-10-31T12:24:58Z,2,1,1,2,2,2,2,3.0,2.0,2.0,2.0,1.0,,,,,,,,1.0,1.0,,,,,,,,1.0,2.0,4.0,5.0,4.0,4.0,4.0,4.0,,4.0,,5.0,2.0,4.0,5.0,4.0,,4.0,,4.0,3.0,4.0,3.0,5.0,1.0,1.0,4.0,3.0,5.0,1.0,,2.0,,,,,,1.0,4.0,3.0,1.0,4.0,3.0,3.0,4.0,,,,,,,,,0,,0,,0,,,,,,,,,,,,,,,,,,,,,,,,,,,,,,,,,,,,,,,,,,,,,,,,,,,,,,,,,,,,,,,,,,,,,,,,,,,,,1.0,3.0,7.0,2,1,2,2,4,1,1.0,1,1,3,1,2,12,,3,6,2,,2,4,1,3,4,1.0,1,2,0.1450681081145595,
202101004703,2023-10-27T19:23:54Z,2023-10-27T19:27:29Z,2,1,1,1,2,2,1,4.0,1.0,1.0,2.0,,,,,,,,,1.0,,,,,,,,,99.0,2.0,1.0,2.0,1.0,3.0,1.0,4.0,,3.0,,4.0,2.0,2.0,5.0,4.0,,5.0,,2.0,3.0,2.0,1.0,3.0,1.0,,,3.0,2.0,1.0,,1.0,2.0,2.0,2.0,1.0,2.0,2.0,1.0,2.0,1.0,1.0,3.0,2.0,4.0,,,,,,,,,0,,0,,0,,,,,,,,,,,,,,,,,,,,,,,,,,,,,,,,,,,,,,,,,,,,,,,,,,,,,,,,,,,,,,,,,,,,,,,,,,,,,1.0,3.0,7.0,2,1,2,1,5,1,1.0,1,5,3,1,1,10,,3,5,2,,2,4,1,6,4,1.0,1,2,0.2205731923493934,
202101004861,2023-11-04T11:08:20Z,2023-11-04T11:12:23Z,2,1,1,1,2,2,1,3.0,2.0,2.0,1.0,2.0,,,,,,,,1.0,1.0,,,,,,,,1.0,2.0,2.0,2.0,3.0,3.0,2.0,3.0,,3.0,,3.0,5.0,4.0,4.0,4.0,,4.0,,3.0,3.0,3.0,2.0,3.0,1.0,,,1.0,5.0,1.0,,1.0,2.0,2.0,2.0,2.0,2.0,2.0,1.0,1.0,4.0,2.0,3.0,2.0,4.0,,,,,,,,,0,,0,,0,,,,,,,,,,,,,,,,,,,,,,,,,,,,,,,,,,,,,,,,,,,,,,,,,,,,,,,,,,,,,,,,,,,,,,,,,,,,,1.0,1.0,2.0,1,1,1,1,6,2,,1,1,1,1,1,12,,3,5,2,,2,4,3,4,4,1.0,2,2,1.117492726824142,
202101004871,2023-10-27T17:09:30Z,2023-10-27T17:21:05Z,2,1,1,6,2,2,2,4.0,2.0,2.0,2.0,1.0,,,,,,,,1.0,1.0,,,,,,,,1.0,1.0,1.0,2.0,3.0,5.0,3.0,4.0,5.0,,,3.0,4.0,4.0,2.0,2.0,6.0,,,5.0,1.0,,,,2.0,1.0,4.0,1.0,4.0,4.0,1.0,1.0,1.0,1.0,2.0,1.0,1.0,2.0,3.0,3.0,4.0,3.0,1.0,3.0,1.0,4.0,1.0,4.0,5.0,,2.0,2.0,,0,,0,,0,,,,,,,,,,,,,,,,,,,,,,,,,,,,,,,,,,,,,,,,,,,,,,,,,,,,,,,,,,,,,,,,,,,,,,,,,,,,,1.0,2.0,4.0,3,1,2,1,6,2,,1,1,1,1,6,1,1.0,1,1,1,,1,1,1,9,1,1.0,1,2,0.3500471100605676,
202101004933,2023-10-27T17:13:46Z,2023-10-27T17:18:37Z,2,1,1,6,2,2,2,4.0,1.0,1.0,2.0,,,,,,,,,1.0,,,,,,,,,99.0,2.0,2.0,3.0,2.0,1.0,3.0,2.0,2.0,,,2.0,4.0,3.0,2.0,2.0,3.0,,,1.0,2.0,2.0,1.0,2.0,1.0,1.0,1.0,1.0,1.0,4.0,2.0,1.0,2.0,2.0,1.0,2.0,2.0,1.0,2.0,2.0,1.0,1.0,3.0,3.0,1.0,3.0,2.0,3.0,2.0,,1.0,1.0,,0,,0,,0,,,,,,,,,,,,,,,,,,,,,,,,,,,,,,,,,,,,,,,,,,,,,,,,,,,,,,,,,,,,,,,,,,,,,,,,,,,,,1.0,3.0,7.0,1,2,2,2,4,1,1.0,1,5,3,1,6,2,2.0,2,4,3,2.0,2,3,1,6,3,1.0,1,2,0.0936252864386112,
202101005039,2023-10-28T00:31:55Z,2023-10-28T00:34:43Z,2,1,1,2,1,2,2,4.0,1.0,1.0,2.0,,,,,,,,,1.0,,,,,,,,,99.0,2.0,2.0,4.0,5.0,5.0,5.0,4.0,,5.0,4.0,5.0,5.0,5.0,5.0,5.0,,5.0,4.0,4.0,3.0,5.0,2.0,5.0,2.0,1.0,4.0,,,4.0,2.0,2.0,,,,,,2.0,4.0,3.0,3.0,3.0,1.0,1.0,4.0,,,,,,,,,0,,0,,0,,,,,,,,,,,,,,,,,,,,,,,,,,,,,,,,,,,,,,,,,,,,,,,,,,,,,,,,,,,,,,,,,,,,,,,,,,,,,1.0,1.0,2.0,3,1,2,3,2,2,,1,4,4,1,2,9,,3,6,1,,1,2,1,5,3,1.0,1,2,0.4850383743408773,
202101005103,2023-10-28T15:53:34Z,2023-10-28T16:00:06Z,2,1,1,3,1,1,1,4.0,2.0,2.0,1.0,2.0,,,,,,,,1.0,1.0,,,,,,,,1.0,1.0,2.0,3.0,3.0,3.0,4.0,5.0,4.0,,4.0,4.0,1.0,2.0,4.0,3.0,4.0,,3.0,3.0,3.0,3.0,3.0,3.0,1.0,,,,,2.0,1.0,1.0,2.0,2.0,1.0,2.0,2.0,2.0,2.0,2.0,3.0,3.0,3.0,2.0,4.0,,,,,,,,,0,,0,,0,,,,,,,,,,,,,,,,,,,,,,,,,,,,,,,,,,,,,,,,,,,,,,,,,,,,,,,,,,,,,,,,,,,,,,,,,,,,,1.0,4.0,8.0,2,2,2,1,5,2,,1,1,1,1,3,10,,3,6,3,2.0,2,3,1,5,3,2.0,1,2,0.0819489380147267,
202101005239,2023-11-02T16:40:45Z,2023-11-02T16:45:34Z,2,1,1,4,1,2,1,4.0,2.0,2.0,2.0,1.0,,,,,,,,1.0,1.0,,,,,,,,1.0,2.0,2.0,3.0,2.0,3.0,2.0,4.0,3.0,,2.0,5.0,5.0,5.0,5.0,4.0,2.0,,4.0,2.0,2.0,3.0,2.0,3.0,1.0,,,,,2.0,2.0,1.0,2.0,2.0,2.0,1.0,2.0,2.0,2.0,2.0,3.0,3.0,3.0,3.0,4.0,,,,,,,,,0,,0,,0,,,,,,,,,,,,,,,,,,,,,,,,,,,,,,,,,,,,,,,,,,,,,,,,,,,,,,,,,,,,,,,,,,,,,,,,,,,,,2.0,2.0,4.0,3,2,2,2,3,2,,1,1,1,1,4,1,1.0,1,5,1,,1,1,3,2,2,2.0,2,1,0.5803549112245725,
202101005318,2023-10-29T19:29:14Z,2023-10-29T19:32:24Z,2,1,1,1,2,2,1,4.0,2.0,2.0,2.0,1.0,,,,,,,,1.0,1.0,,,,,,,,1.0,1.0,1.0,3.0,4.0,3.0,4.0,3.0,,3.0,,4.0,5.0,4.0,2.0,5.0,,3.0,,3.0,3.0,2.0,1.0,5.0,1.0,,,1.0,4.0,1.0,,1.0,2.0,2.0,2.0,2.0,2.0,2.0,2.0,2.0,2.0,2.0,3.0,3.0,4.0,,,,,,,,,0,,0,,0,,,,,,,,,,,,,,,,,,,,,,,,,,,,,,,,,,,,,,,,,,,,,,,,,,,,,,,,,,,,,,,,,,,,,,,,,,,,,1.0,2.0,4.0,2,2,2,1,6,2,,1,1,1,1,1,10,,3,4,2,,2,4,1,9,4,1.0,1,3,0.2995030175183729,
202101005408,2023-10-30T08:57:11Z,2023-10-30T09:01:58Z,1,1,1,1,1,2,1,4.0,2.0,2.0,2.0,1.0,,,,,,,,1.0,1.0,,,,,,,,1.0,1.0,1.0,3.0,2.0,1.0,1.0,2.0,,2.0,1.0,3.0,4.0,3.0,2.0,3.0,,3.0,2.0,1.0,3.0,2.0,2.0,2.0,1.0,,,,,1.0,,2.0,,,,,,2.0,2.0,2.0,2.0,2.0,3.0,3.0,4.0,,,,,,,,,0,,0,,0,,,,,,,,,,,,,,,,,,,,,,,,,,,,,,,,,,,,,,,,,,,,,,,,,,,,,,,,,,,,,,,,,,,,,,,,,,,,,1.0,1.0,2.0,2,2,2,2,4,2,,1,1,1,1,1,2,2.0,2,6,1,,1,2,1,9,3,1.0,2,2,0.5082224683411418,
202101005574,2023-10-27T16:58:27Z,2023-10-30T15:42:56Z,1,1,1,6,2,2,2,3.0,2.0,2.0,1.0,2.0,,,,,,,,1.0,1.0,,,,,,,,1.0,2.0,2.0,1.0,1.0,4.0,2.0,4.0,5.0,,,2.0,1.0,4.0,1.0,3.0,6.0,,,2.0,1.0,,,,2.0,3.0,1.0,3.0,2.0,4.0,1.0,1.0,2.0,2.0,1.0,2.0,1.0,1.0,2.0,3.0,2.0,3.0,3.0,3.0,1.0,2.0,1.0,5.0,3.0,,2.0,1.0,,0,,0,,0,,,,,,,,,,,,,,,,,,,,,,,,,,,,,,,,,,,,,,,,,,,,,,,,,,,,,,,,,,,,,,,,,,,,,,,,,,,,,1.0,4.0,8.0,3,1,2,2,4,1,1.0,1,99,3,1,6,2,2.0,2,3,2,,2,4,1,4,5,1.0,2,1,0.6817029616448894,
202101005788,2023-10-27T17:13:46Z,2023-10-27T17:18:05Z,2,1,1,2,1,2,2,4.0,2.0,2.0,2.0,1.0,,,,,,,,1.0,1.0,,,,,,,,1.0,1.0,3.0,5.0,4.0,3.0,4.0,3.0,,5.0,3.0,4.0,5.0,5.0,6.0,3.0,,3.0,3.0,3.0,3.0,2.0,2.0,4.0,2.0,2.0,5.0,,,1.0,,1.0,2.0,2.0,2.0,2.0,1.0,2.0,1.0,1.0,1.0,1.0,3.0,3.0,4.0,,,,,,,,,0,,0,,0,,,,,,,,,,,,,,,,,,,,,,,,,,,,,,,,,,,,,,,,,,,,,,,,,,,,,,,,,,,,,,,,,,,,,,,,,,,,,1.0,1.0,2.0,1,2,2,3,2,2,,1,1,1,1,2,12,,3,6,4,2.0,2,3,2,2,1,4.0,2,1,1.4581082672990964,
202101006068,2023-10-28T16:45:47Z,2023-10-28T16:50:08Z,2,1,1,6,2,2,2,4.0,2.0,2.0,2.0,1.0,,,,,,,,1.0,1.0,,,,,,,,1.0,1.0,1.0,4.0,4.0,4.0,3.0,3.0,5.0,,,4.0,5.0,5.0,5.0,4.0,5.0,,,4.0,3.0,3.0,2.0,5.0,2.0,2.0,5.0,2.0,5.0,2.0,2.0,1.0,2.0,2.0,2.0,1.0,1.0,2.0,3.0,1.0,5.0,2.0,3.0,2.0,4.0,,,,,,,,,0,,0,,0,,,,,,,,,,,,,,,,,,,,,,,,,,,,,,,,,,,,,,,,,,,,,,,,,,,,,,,,,,,,,,,,,,,,,,,,,,,,,1.0,3.0,7.0,2,1,1,1,6,2,,1,1,1,1,6,9,,3,6,2,,2,3,1,1,3,2.0,2,1,0.4380710896098156,
202101006404,2023-10-29T17:01:32Z,2023-10-29T17:07:12Z,2,1,1,6,1,2,2,4.0,1.0,1.0,2.0,,,,,,,,,1.0,,,,,,,,,99.0,2.0,5.0,5.0,5.0,5.0,5.0,5.0,5.0,,5.0,5.0,4.0,5.0,5.0,5.0,5.0,,5.0,5.0,3.0,5.0,5.0,6.0,1.0,3.0,5.0,,,1.0,,2.0,,,,,,2.0,5.0,5.0,2.0,5.0,3.0,3.0,4.0,,,,,,,,,0,,0,,0,,,,,,,,,,,,,,,,,,,,,,,,,,,,,,,,,,,,,,,,,,,,,,,,,,,,,,,,,,,,,,,,,,,,,,,,,,,,,1.0,3.0,5.0,2,1,2,2,3,2,,1,1,1,1,6,10,,3,6,2,,2,3,1,2,3,2.0,2,1,1.1638198466239995,
202101006490,2023-10-27T21:33:45Z,2023-10-27T21:40:04Z,1,1,1,6,2,2,2,3.0,2.0,2.0,1.0,2.0,,,,,,,,1.0,1.0,,,,,,,,1.0,1.0,3.0,4.0,5.0,3.0,2.0,5.0,5.0,,,4.0,5.0,3.0,3.0,5.0,5.0,,,3.0,1.0,,,,3.0,1.0,5.0,1.0,4.0,5.0,3.0,1.0,1.0,1.0,1.0,1.0,1.0,2.0,2.0,2.0,5.0,3.0,3.0,2.0,1.0,3.0,1.0,5.0,4.0,,2.0,2.0,,0,,0,,0,,,,,,,,,,,,,,,,,,,,,,,,,,,,,,,,,,,,,,,,,,,,,,,,,,,,,,,,,,,,,,,,,,,,,,,,,,,,,1.0,3.0,7.0,2,1,3,2,3,2,,3,3,5,4,6,9,,3,6,4,2.0,2,4,2,1,5,1.0,2,1,1.1169344318465144,
202101006624,2023-11-05T01:29:56Z,2023-11-05T01:34:26Z,2,1,1,6,2,2,2,3.0,2.0,2.0,1.0,2.0,,,,,,,,1.0,1.0,,,,,,,,1.0,1.0,2.0,4.0,4.0,4.0,4.0,4.0,4.0,,,5.0,5.0,5.0,5.0,5.0,5.0,,,3.0,1.0,,,,3.0,1.0,4.0,1.0,4.0,4.0,1.0,1.0,1.0,2.0,1.0,1.0,1.0,1.0,3.0,2.0,3.0,3.0,1.0,3.0,1.0,2.0,2.0,4.0,4.0,,2.0,2.0,,0,,0,,0,,,,,,,,,,,,,,,,,,,,,,,,,,,,,,,,,,,,,,,,,,,,,,,,,,,,,,,,,,,,,,,,,,,,,,,,,,,,,1.0,4.0,9.0,3,1,2,2,3,1,1.0,1,1,3,1,6,2,2.0,2,5,4,2.0,2,4,3,3,4,1.0,2,1,1.3360113203547883,
202101007087,2023-10-29T16:39:53Z,2023-10-29T16:44:13Z,2,1,1,2,2,2,2,4.0,2.0,2.0,1.0,2.0,,,,,,,,1.0,1.0,,,,,,,,1.0,2.0,2.0,4.0,5.0,5.0,5.0,5.0,,5.0,,5.0,1.0,1.0,6.0,3.0,,5.0,,5.0,3.0,5.0,5.0,6.0,1.0,1.0,5.0,3.0,5.0,1.0,,2.0,,,,,,2.0,4.0,5.0,4.0,4.0,2.0,2.0,4.0,,,,,,,,,0,,0,,0,,,,,,,,,,,,,,,,,,,,,,,,,,,,,,,,,,,,,,,,,,,,,,,,,,,,,,,,,,,,,,,,,,,,,,,,,,,,,1.0,4.0,9.0,2,2,1,3,2,2,,1,1,1,1,2,9,,3,6,2,,2,4,1,9,4,1.0,1,2,0.1498727819496722,
202101007123,2023-10-27T17:57:39Z,2023-10-27T18:00:18Z,2,1,1,1,2,2,1,4.0,2.0,2.0,2.0,1.0,,,,,,,,1.0,1.0,,,,,,,,1.0,2.0,2.0,3.0,3.0,3.0,3.0,4.0,,4.0,,4.0,4.0,4.0,4.0,4.0,,4.0,,3.0,3.0,3.0,2.0,5.0,2.0,,,1.0,4.0,1.0,,2.0,,,,,,2.0,1.0,2.0,3.0,3.0,3.0,3.0,4.0,,,,,,,,,0,,0,,0,,,,,,,,,,,,,,,,,,,,,,,,,,,,,,,,,,,,,,,,,,,,,,,,,,,,,,,,,,,,,,,,,,,,,,,,,,,,,1.0,4.0,9.0,2,1,2,1,6,2,,1,1,1,1,1,1,1.0,1,2,3,1.0,1,1,3,8,2,2.0,2,2,1.7966091150859782,
202101007157,2023-10-27T17:01:45Z,2023-10-27T17:04:35Z,1,1,1,1,2,2,1,4.0,2.0,2.0,1.0,2.0,,,,,,,,1.0,1.0,,,,,,,,1.0,2.0,2.0,1.0,1.0,1.0,2.0,3.0,,3.0,,3.0,4.0,5.0,4.0,5.0,,5.0,,2.0,3.0,2.0,1.0,4.0,1.0,,,1.0,3.0,1.0,,2.0,,,,,,1.0,1.0,1.0,2.0,2.0,3.0,3.0,4.0,,,,,,,,,0,,0,,0,,,,,,,,,,,,,,,,,,,,,,,,,,,,,,,,,,,,,,,,,,,,,,,,,,,,,,,,,,,,,,,,,,,,,,,,,,,,,1.0,3.0,7.0,1,2,2,1,6,1,1.0,1,1,3,1,1,2,2.0,2,6,2,,2,4,1,9,5,1.0,1,3,0.2625530644375416,
202101007212,2023-10-27T17:15:57Z,2023-10-27T17:19:33Z,1,1,1,3,1,2,1,3.0,2.0,2.0,2.0,1.0,,,,,,,,1.0,1.0,,,,,,,,1.0,1.0,1.0,3.0,3.0,3.0,3.0,3.0,3.0,,2.0,5.0,5.0,5.0,5.0,4.0,4.0,,5.0,2.0,3.0,2.0,2.0,5.0,1.0,,,,,1.0,,2.0,,,,,,2.0,5.0,1.0,5.0,5.0,3.0,1.0,4.0,,,,,,,,,0,,0,,0,,,,,,,,,,,,,,,,,,,,,,,,,,,,,,,,,,,,,,,,,,,,,,,,,,,,,,,,,,,,,,,,,,,,,,,,,,,,,1.0,3.0,7.0,2,2,2,1,6,2,,1,2,2,1,3,12,,3,5,2,,2,4,1,5,5,2.0,1,2,0.2572282530862231,
202101007268,2023-10-27T17:14:01Z,2023-10-27T17:18:31Z,2,1,1,6,2,2,2,4.0,2.0,2.0,2.0,1.0,,,,,,,,1.0,2.0,,,,,,,,1.0,2.0,2.0,4.0,4.0,2.0,2.0,3.0,5.0,,,4.0,2.0,3.0,5.0,3.0,6.0,,,1.0,3.0,1.0,3.0,3.0,1.0,3.0,5.0,3.0,5.0,1.0,,1.0,2.0,1.0,2.0,1.0,1.0,1.0,1.0,3.0,3.0,3.0,3.0,3.0,4.0,,,,,,,,,0,,0,,0,,,,,,,,,,,,,,,,,,,,,,,,,,,,,,,,,,,,,,,,,,,,,,,,,,,,,,,,,,,,,,,,,,,,,,,,,,,,,1.0,3.0,7.0,2,1,1,2,3,2,,1,2,2,1,6,9,,3,6,2,,2,4,1,8,5,1.0,2,3,0.9033803850934852,
202101007403,2023-10-27T17:21:46Z,2023-10-27T17:25:02Z,2,1,1,3,2,2,1,4.0,1.0,1.0,2.0,,,,,,,,,1.0,,,,,,,,,99.0,2.0,4.0,4.0,4.0,4.0,3.0,5.0,5.0,,,4.0,3.0,3.0,4.0,4.0,3.0,,,4.0,3.0,2.0,2.0,2.0,1.0,,,1.0,5.0,1.0,,2.0,,,,,,1.0,3.0,3.0,1.0,3.0,1.0,1.0,4.0,,,,,,,,,0,,0,,0,,,,,,,,,,,,,,,,,,,,,,,,,,,,,,,,,,,,,,,,,,,,,,,,,,,,,,,,,,,,,,,,,,,,,,,,,,,,,2.0,3.0,5.0,2,2,2,2,3,2,,1,4,4,1,3,1,1.0,1,5,3,1.0,1,1,1,5,2,2.0,2,2,0.1035452372264237,
202101007446,2023-10-27T21:08:09Z,2023-10-27T21:15:28Z,2,1,1,1,1,2,1,4.0,2.0,2.0,2.0,1.0,,,,,,,,1.0,2.0,,,,,,,,1.0,2.0,5.0,5.0,5.0,5.0,5.0,5.0,,5.0,5.0,5.0,2.0,3.0,5.0,5.0,,5.0,5.0,5.0,3.0,5.0,5.0,6.0,1.0,,,,,1.0,,2.0,,,,,,2.0,5.0,3.0,4.0,4.0,2.0,2.0,4.0,,,,,,,,,0,,0,,0,,,,,,,,,,,,,,,,,,,,,,,,,,,,,,,,,,,,,,,,,,,,,,,,,,,,,,,,,,,,,,,,,,,,,,,,,,,,,1.0,1.0,1.0,2,2,2,3,2,2,,1,1,1,1,1,9,,3,6,2,,2,4,3,8,4,1.0,2,2,0.0825894807078169,
202101007470,2023-10-29T12:21:52Z,2023-11-01T19:09:02Z,2,1,1,1,2,2,1,4.0,2.0,2.0,1.0,2.0,,,,,,,,1.0,1.0,,,,,,,,1.0,2.0,3.0,3.0,3.0,3.0,99.0,2.0,,3.0,,4.0,4.0,4.0,6.0,99.0,,3.0,,3.0,3.0,2.0,2.0,3.0,99.0,,,99.0,2.0,1.0,,2.0,,,,,,2.0,99.0,99.0,99.0,4.0,2.0,3.0,4.0,,,,,,,,,0,,0,,0,,,,,,,,,,,,,,,,,,,,,,,,,,,,,,,,,,,,,,,,,,,,,,,,,,,,,,,,,,,,,,,,,,,,,,,,,,,,,1.0,3.0,7.0,2,1,2,1,5,1,99.0,1,1,3,1,1,99,,99,4,99,99.0,9,9,2,9,2,1.0,2,3,2.1610457040076807,
202101007529,2023-10-31T12:49:36Z,2023-10-31T12:58:28Z,1,1,1,1,2,2,1,4.0,2.0,2.0,2.0,1.0,,,,,,,,1.0,1.0,,,,,,,,1.0,2.0,2.0,5.0,5.0,5.0,5.0,5.0,,5.0,,5.0,1.0,1.0,4.0,4.0,,5.0,,5.0,3.0,4.0,4.0,5.0,1.0,,,2.0,4.0,1.0,,2.0,,,,,,2.0,4.0,3.0,4.0,3.0,2.0,3.0,4.0,,,,,,,,,0,,0,,0,,,,,,,,,,,,,,,,,,,,,,,,,,,,,,,,,,,,,,,,,,,,,,,,,,,,,,,,,,,,,,,,,,,,,,,,,,,,,1.0,3.0,5.0,2,1,3,1,5,2,,1,1,1,1,1,11,,4,6,4,2.0,2,4,2,9,5,1.0,2,2,0.3491305270524351,
202101007619,2023-10-30T06:36:52Z,2023-10-30T06:41:49Z,2,1,1,2,2,2,2,4.0,2.0,2.0,2.0,1.0,,,,,,,,1.0,1.0,,,,,,,,1.0,2.0,5.0,3.0,3.0,3.0,3.0,4.0,,5.0,,3.0,2.0,2.0,3.0,5.0,,2.0,,3.0,3.0,3.0,2.0,3.0,1.0,1.0,5.0,3.0,4.0,3.0,1.0,1.0,2.0,1.0,2.0,1.0,1.0,2.0,2.0,2.0,2.0,3.0,3.0,3.0,4.0,,,,,,,,,0,,0,,0,,,,,,,,,,,,,,,,,,,,,,,,,,,,,,,,,,,,,,,,,,,,,,,,,,,,,,,,,,,,,,,,,,,,,,,,,,,,,1.0,3.0,5.0,2,1,2,1,5,2,,1,1,1,1,2,10,,3,6,4,2.0,2,3,2,1,3,1.0,2,1,0.7373271796587976,
202101007755,2023-10-28T11:47:01Z,2023-10-28T11:51:10Z,2,1,1,6,1,2,2,4.0,2.0,2.0,1.0,2.0,,,,,,,,1.0,1.0,,,,,,,,1.0,2.0,4.0,3.0,5.0,5.0,5.0,5.0,5.0,,5.0,5.0,5.0,5.0,5.0,2.0,3.0,,3.0,5.0,3.0,4.0,3.0,2.0,1.0,1.0,5.0,,,1.0,,1.0,2.0,2.0,1.0,1.0,2.0,2.0,4.0,2.0,5.0,4.0,2.0,2.0,4.0,,,,,,,,,0,,0,,0,,,,,,,,,,,,,,,,,,,,,,,,,,,,,,,,,,,,,,,,,,,,,,,,,,,,,,,,,,,,,,,,,,,,,,,,,,,,,1.0,3.0,6.0,3,1,2,2,3,2,,1,2,2,1,6,1,2.0,1,4,2,,2,4,1,1,4,1.0,1,1,0.0805538375910968,
202101007852,2023-10-27T16:58:05Z,2023-10-27T17:21:11Z,2,1,1,2,1,2,2,4.0,2.0,2.0,2.0,1.0,,,,,,,,1.0,1.0,,,,,,,,1.0,2.0,1.0,5.0,5.0,5.0,4.0,4.0,,5.0,3.0,3.0,5.0,5.0,5.0,5.0,,2.0,1.0,4.0,3.0,3.0,3.0,5.0,3.0,1.0,5.0,,,1.0,,2.0,,,,,,2.0,2.0,3.0,3.0,4.0,2.0,2.0,4.0,,,,,,,,,0,,0,,0,,,,,,,,,,,,,,,,,,,,,,,,,,,,,,,,,,,,,,,,,,,,,,,,,,,,,,,,,,,,,,,,,,,,,,,,,,,,,2.0,1.0,2.0,1,1,2,3,2,2,,1,4,4,1,2,1,2.0,1,5,2,,2,3,1,1,3,1.0,2,1,0.1291902267943862,
202101007902,2023-10-27T18:42:29Z,2023-10-29T11:56:34Z,2,1,1,1,1,2,1,4.0,2.0,2.0,2.0,1.0,,,,,,,,1.0,1.0,,,,,,,,1.0,2.0,4.0,5.0,4.0,4.0,3.0,5.0,,4.0,4.0,2.0,3.0,5.0,5.0,3.0,,1.0,1.0,4.0,3.0,3.0,3.0,5.0,3.0,,,,,1.0,,2.0,,,,,,1.0,4.0,4.0,1.0,3.0,3.0,3.0,4.0,,,,,,,,,0,,0,,0,,,,,,,,,,,,,,,,,,,,,,,,,,,,,,,,,,,,,,,,,,,,,,,,,,,,,,,,,,,,,,,,,,,,,,,,,,,,,1.0,2.0,4.0,3,1,2,3,2,2,,1,1,1,1,1,1,2.0,1,5,1,,1,1,1,7,1,2.0,2,2,0.17065209017699,
202101007945,2023-10-28T00:35:08Z,2023-10-28T00:42:26Z,1,1,1,6,2,2,2,4.0,1.0,1.0,2.0,,,,,,,,,1.0,,,,,,,,,99.0,2.0,1.0,3.0,3.0,3.0,3.0,3.0,4.0,,,2.0,3.0,3.0,3.0,3.0,3.0,,,3.0,3.0,3.0,2.0,3.0,1.0,1.0,3.0,1.0,4.0,3.0,1.0,2.0,,,,,,2.0,2.0,2.0,2.0,2.0,3.0,3.0,4.0,,,,,,,,,0,,0,,0,,,,,,,,,,,,,,,,,,,,,,,,,,,,,,,,,,,,,,,,,,,,,,,,,,,,,,,,,,,,,,,,,,,,,,,,,,,,,1.0,3.0,7.0,1,2,1,1,5,2,,1,1,1,1,6,4,2.0,4,4,1,,1,2,1,3,3,1.0,2,2,0.155515006748381,
202101007953,2023-10-30T14:36:01Z,2023-10-30T14:40:36Z,2,1,1,2,99,2,2,4.0,2.0,2.0,2.0,1.0,,,,,,,,1.0,1.0,,,,,,,,1.0,2.0,1.0,3.0,3.0,5.0,3.0,4.0,,3.0,,3.0,5.0,5.0,3.0,3.0,,5.0,,3.0,3.0,1.0,1.0,3.0,1.0,1.0,5.0,,,2.0,1.0,1.0,2.0,2.0,2.0,1.0,2.0,2.0,1.0,1.0,2.0,1.0,3.0,3.0,4.0,,,,,,,,,0,,0,,0,,,,,,,,,,,,,,,,,,,,,,,,,,,,,,,,,,,,,,,,,,,,,,,,,,,,,,,,,,,,,,,,,,,,,,,,,,,,,1.0,3.0,7.0,2,1,2,2,4,99,,1,1,1,1,2,1,99.0,1,99,4,2.0,2,3,1,5,3,2.0,2,2,1.442216836731466,
202101008136,2023-10-30T14:57:26Z,2023-10-30T15:02:54Z,2,1,1,6,2,2,2,4.0,2.0,2.0,2.0,1.0,,,,,,,,1.0,1.0,,,,,,,,1.0,2.0,2.0,2.0,1.0,2.0,3.0,3.0,4.0,,,4.0,4.0,4.0,5.0,5.0,5.0,,,1.0,3.0,3.0,3.0,3.0,1.0,3.0,5.0,3.0,4.0,2.0,1.0,1.0,2.0,2.0,2.0,1.0,2.0,1.0,2.0,1.0,1.0,3.0,3.0,3.0,4.0,,,,,,,,,0,,0,,0,,,,,,,,,,,,,,,,,,,,,,,,,,,,,,,,,,,,,,,,,,,,,,,,,,,,,,,,,,,,,,,,,,,,,,,,,,,,,1.0,3.0,7.0,2,1,1,2,3,1,1.0,1,1,3,1,6,10,,3,6,3,2.0,2,4,1,3,5,2.0,2,2,2.2777542731488083,
202101008194,2023-11-01T05:03:07Z,2023-11-01T05:34:41Z,2,1,1,6,2,2,2,4.0,1.0,1.0,2.0,,,,,,,,,1.0,,,,,,,,,99.0,2.0,2.0,4.0,5.0,3.0,4.0,5.0,3.0,,,5.0,5.0,5.0,5.0,5.0,5.0,,,2.0,2.0,1.0,6.0,1.0,1.0,1.0,5.0,1.0,5.0,3.0,2.0,2.0,,,,,,2.0,1.0,1.0,1.0,1.0,1.0,3.0,3.0,1.0,1.0,1.0,1.0,,1.0,1.0,,0,,0,,0,,,,,,,,,,,,,,,,,,,,,,,,,,,,,,,,,,,,,,,,,,,,,,,,,,,,,,,,,,,,,,,,,,,,,,,,,,,,,1.0,1.0,2.0,1,1,1,2,3,2,,1,2,2,1,6,1,1.0,1,4,2,,2,4,1,1,4,1.0,2,1,1.110294855935433,
202101008619,2023-10-27T17:19:53Z,2023-10-27T17:23:48Z,2,1,1,1,1,2,1,3.0,2.0,2.0,2.0,1.0,,,,,,,,1.0,1.0,,,,,,,,1.0,2.0,1.0,3.0,1.0,2.0,3.0,1.0,,4.0,1.0,4.0,5.0,3.0,4.0,4.0,,4.0,4.0,2.0,3.0,1.0,1.0,5.0,1.0,,,,,1.0,,2.0,,,,,,2.0,1.0,2.0,4.0,3.0,3.0,3.0,4.0,,,,,,,,,0,,0,,0,,,,,,,,,,,,,,,,,,,,,,,,,,,,,,,,,,,,,,,,,,,,,,,,,,,,,,,,,,,,,,,,,,,,,,,,,,,,,2.0,4.0,8.0,2,1,2,1,5,2,,1,1,1,1,1,3,2.0,4,2,3,2.0,2,3,2,1,3,2.0,1,1,1.0148478626056032,
202101008756,2023-10-27T23:21:04Z,2023-10-27T23:27:42Z,2,1,1,1,2,2,1,4.0,1.0,1.0,2.0,,,,,,,,,1.0,,,,,,,,,99.0,2.0,3.0,4.0,3.0,1.0,3.0,2.0,,3.0,,5.0,5.0,4.0,5.0,4.0,,5.0,,2.0,3.0,2.0,2.0,3.0,1.0,,,3.0,4.0,1.0,,2.0,,,,,,2.0,3.0,1.0,1.0,2.0,3.0,3.0,4.0,,,,,,,,,0,,0,,0,,,,,,,,,,,,,,,,,,,,,,,,,,,,,,,,,,,,,,,,,,,,,,,,,,,,,,,,,,,,,,,,,,,,,,,,,,,,,1.0,4.0,8.0,2,2,2,2,3,2,,1,1,1,1,1,12,,3,6,99,99.0,9,9,2,99,99,2.0,1,99,0.8695464240799682,
202101008891,2023-10-27T19:14:13Z,2023-10-27T19:19:30Z,2,1,1,1,1,2,1,4.0,2.0,2.0,1.0,2.0,,,,,,,,1.0,1.0,,,,,,,,1.0,1.0,2.0,4.0,3.0,3.0,3.0,4.0,,3.0,2.0,4.0,3.0,3.0,3.0,4.0,,5.0,4.0,3.0,3.0,3.0,2.0,2.0,1.0,,,,,1.0,,2.0,,,,,,2.0,3.0,1.0,3.0,2.0,3.0,2.0,4.0,,,,,,,,,0,,0,,0,,,,,,,,,,,,,,,,,,,,,,,,,,,,,,,,,,,,,,,,,,,,,,,,,,,,,,,,,,,,,,,,,,,,,,,,,,,,,1.0,4.0,8.0,2,1,1,1,5,2,,1,4,4,1,1,12,,3,5,3,2.0,2,3,1,5,3,2.0,2,2,0.6938108489648876,
202101008912,2023-10-29T15:47:25Z,2023-10-29T15:52:53Z,2,1,1,2,2,2,2,3.0,2.0,2.0,1.0,2.0,,,,,,,,1.0,1.0,,,,,,,,1.0,2.0,3.0,3.0,4.0,3.0,3.0,3.0,,3.0,,5.0,5.0,5.0,5.0,5.0,,5.0,,4.0,3.0,2.0,1.0,3.0,2.0,1.0,5.0,1.0,5.0,1.0,,2.0,,,,,,2.0,1.0,1.0,3.0,2.0,3.0,3.0,4.0,,,,,,,,,0,,0,,0,,,,,,,,,,,,,,,,,,,,,,,,,,,,,,,,,,,,,,,,,,,,,,,,,,,,,,,,,,,,,,,,,,,,,,,,,,,,,1.0,4.0,8.0,3,1,1,2,3,2,,1,1,1,1,2,10,,3,6,1,,1,2,3,2,3,1.0,2,1,5.05418561605832,
202101008943,2023-10-28T15:59:28Z,2023-10-28T16:03:05Z,2,1,1,1,1,2,1,4.0,2.0,2.0,2.0,1.0,,,,,,,,1.0,1.0,,,,,,,,1.0,1.0,2.0,4.0,4.0,3.0,3.0,3.0,,5.0,2.0,5.0,5.0,5.0,5.0,5.0,,4.0,4.0,2.0,3.0,3.0,3.0,5.0,3.0,,,,,1.0,,2.0,,,,,,2.0,1.0,1.0,5.0,3.0,3.0,3.0,4.0,,,,,,,,,0,,0,,0,,,,,,,,,,,,,,,,,,,,,,,,,,,,,,,,,,,,,,,,,,,,,,,,,,,,,,,,,,,,,,,,,,,,,,,,,,,,,1.0,4.0,8.0,1,2,2,1,6,2,,1,1,1,1,1,3,2.0,4,2,3,2.0,2,3,1,1,3,1.0,1,1,0.113661283534064,
202101008949,2023-10-29T18:41:05Z,2023-10-29T18:45:08Z,2,1,1,1,1,2,1,4.0,2.0,2.0,1.0,2.0,,,,,,,,1.0,1.0,,,,,,,,1.0,2.0,1.0,3.0,2.0,3.0,2.0,3.0,,3.0,2.0,3.0,4.0,4.0,4.0,3.0,,4.0,3.0,2.0,3.0,2.0,2.0,3.0,1.0,,,,,1.0,,2.0,,,,,,2.0,1.0,2.0,3.0,2.0,3.0,3.0,4.0,,,,,,,,,0,,0,,0,,,,,,,,,,,,,,,,,,,,,,,,,,,,,,,,,,,,,,,,,,,,,,,,,,,,,,,,,,,,,,,,,,,,,,,,,,,,,1.0,4.0,8.0,2,2,1,1,5,2,,1,1,1,1,1,3,2.0,4,3,1,,1,1,1,9,2,1.0,1,2,0.4625035652501225,
202101008964,2023-10-29T10:50:42Z,2023-10-29T10:53:30Z,2,1,1,1,2,2,1,4.0,1.0,1.0,2.0,,,,,,,,,1.0,,,,,,,,,99.0,2.0,2.0,3.0,2.0,1.0,3.0,1.0,,1.0,,5.0,5.0,5.0,5.0,5.0,,5.0,,1.0,3.0,1.0,1.0,5.0,1.0,,,1.0,5.0,1.0,,2.0,,,,,,2.0,1.0,1.0,2.0,1.0,3.0,3.0,4.0,,,,,,,,,0,,0,,0,,,,,,,,,,,,,,,,,,,,,,,,,,,,,,,,,,,,,,,,,,,,,,,,,,,,,,,,,,,,,,,,,,,,,,,,,,,,,1.0,3.0,5.0,2,1,2,1,6,2,,2,1,1,4,1,4,2.0,4,6,2,,2,4,3,9,5,1.0,2,3,0.6355828814715321,
202101009032,2023-10-28T17:05:19Z,2023-10-28T17:08:40Z,2,1,1,1,1,2,1,4.0,2.0,2.0,1.0,2.0,,,,,,,,1.0,1.0,,,,,,,,1.0,1.0,1.0,3.0,1.0,2.0,4.0,1.0,,3.0,1.0,5.0,4.0,4.0,5.0,5.0,,5.0,5.0,3.0,3.0,2.0,1.0,2.0,1.0,,,,,1.0,,2.0,,,,,,2.0,1.0,1.0,3.0,2.0,3.0,3.0,4.0,,,,,,,,,0,,0,,0,,,,,,,,,,,,,,,,,,,,,,,,,,,,,,,,,,,,,,,,,,,,,,,,,,,,,,,,,,,,,,,,,,,,,,,,,,,,,1.0,3.0,5.0,2,2,1,1,5,2,,1,1,1,1,1,1,1.0,1,1,3,1.0,1,1,1,8,1,2.0,1,2,0.2355169429037201,
202101009088,2023-10-28T07:13:27Z,2023-10-28T07:17:22Z,2,1,1,1,2,2,1,4.0,2.0,2.0,1.0,2.0,,,,,,,,1.0,1.0,,,,,,,,1.0,1.0,2.0,3.0,2.0,3.0,2.0,3.0,,3.0,,4.0,1.0,1.0,2.0,3.0,,4.0,,2.0,3.0,5.0,2.0,2.0,1.0,,,1.0,4.0,1.0,,2.0,,,,,,2.0,2.0,1.0,3.0,2.0,3.0,3.0,4.0,,,,,,,,,0,,0,,0,,,,,,,,,,,,,,,,,,,,,,,,,,,,,,,,,,,,,,,,,,,,,,,,,,,,,,,,,,,,,,,,,,,,,,,,,,,,,1.0,3.0,5.0,2,2,1,2,4,2,,1,1,1,1,1,1,1.0,1,2,1,,1,1,1,3,1,4.0,2,2,1.278512440273411,
202101009255,2023-10-27T17:17:45Z,2023-10-27T17:21:39Z,2,1,1,6,2,2,2,4.0,2.0,2.0,2.0,1.0,,,,,,,,1.0,2.0,,,,,,,,1.0,2.0,2.0,2.0,5.0,5.0,5.0,5.0,5.0,,,5.0,5.0,5.0,6.0,5.0,5.0,,,5.0,3.0,2.0,2.0,2.0,4.0,3.0,5.0,3.0,5.0,2.0,1.0,1.0,2.0,2.0,2.0,1.0,1.0,2.0,4.0,1.0,5.0,1.0,3.0,3.0,4.0,,,,,,,,,0,,0,,0,,,,,,,,,,,,,,,,,,,,,,,,,,,,,,,,,,,,,,,,,,,,,,,,,,,,,,,,,,,,,,,,,,,,,,,,,,,,,2.0,3.0,5.0,1,1,2,3,2,2,,1,2,2,1,6,12,,3,6,4,1.0,1,9,3,1,99,1.0,2,1,1.623741187511757,
202101009342,2023-10-30T00:28:21Z,2023-10-30T00:32:18Z,2,1,1,1,2,2,1,4.0,2.0,2.0,1.0,2.0,,,,,,,,1.0,1.0,,,,,,,,1.0,2.0,2.0,3.0,3.0,3.0,4.0,4.0,,4.0,,4.0,3.0,3.0,3.0,4.0,,4.0,,4.0,3.0,5.0,3.0,4.0,2.0,,,2.0,4.0,1.0,,2.0,,,,,,2.0,3.0,2.0,4.0,3.0,3.0,2.0,4.0,,,,,,,,,0,,0,,0,,,,,,,,,,,,,,,,,,,,,,,,,,,,,,,,,,,,,,,,,,,,,,,,,,,,,,,,,,,,,,,,,,,,,,,,,,,,,1.0,3.0,5.0,2,2,2,2,3,2,,1,1,1,1,1,12,,3,6,2,,2,4,1,4,4,1.0,2,2,0.3029018697307288,
202101009433,2023-10-31T08:09:38Z,2023-10-31T08:12:52Z,2,1,1,6,2,2,2,3.0,1.0,1.0,2.0,,,,,,,,,1.0,,,,,,,,,99.0,2.0,3.0,3.0,3.0,4.0,3.0,3.0,3.0,,,3.0,4.0,4.0,4.0,3.0,4.0,,,3.0,3.0,4.0,3.0,5.0,1.0,1.0,4.0,1.0,5.0,1.0,,2.0,,,,,,2.0,3.0,3.0,3.0,3.0,3.0,3.0,4.0,,,,,,,,,0,,0,,0,,,,,,,,,,,,,,,,,,,,,,,,,,,,,,,,,,,,,,,,,,,,,,,,,,,,,,,,,,,,,,,,,,,,,,,,,,,,,1.0,3.0,5.0,2,1,1,2,4,2,,1,1,1,1,6,11,,4,6,2,,2,4,1,9,5,1.0,2,3,0.7977557589637564,
202101009587,2023-10-27T17:10:19Z,2023-10-27T17:14:10Z,1,1,1,6,2,2,2,4.0,1.0,1.0,2.0,,,,,,,,,1.0,,,,,,,,,99.0,2.0,3.0,4.0,5.0,5.0,4.0,5.0,5.0,,,3.0,3.0,3.0,6.0,3.0,3.0,,,4.0,3.0,4.0,4.0,5.0,1.0,1.0,3.0,1.0,3.0,1.0,,2.0,,,,,,2.0,3.0,2.0,3.0,3.0,3.0,3.0,4.0,,,,,,,,,0,,0,,0,,,,,,,,,,,,,,,,,,,,,,,,,,,,,,,,,,,,,,,,,,,,,,,,,,,,,,,,,,,,,,,,,,,,,,,,,,,,,1.0,3.0,5.0,2,2,2,2,4,1,7.0,1,4,3,1,6,11,,4,5,3,2.0,2,3,2,2,3,1.0,2,2,0.7268028753210036,
202101009756,2023-10-27T19:38:40Z,2023-10-27T19:42:16Z,2,1,1,6,2,2,2,3.0,2.0,2.0,2.0,1.0,,,,,,,,1.0,2.0,,,,,,,,1.0,2.0,3.0,3.0,3.0,5.0,4.0,3.0,2.0,,,5.0,2.0,5.0,5.0,4.0,3.0,,,4.0,2.0,1.0,1.0,1.0,2.0,3.0,5.0,2.0,3.0,3.0,1.0,2.0,,,,,,1.0,5.0,3.0,1.0,2.0,2.0,3.0,1.0,4.0,4.0,3.0,3.0,,1.0,1.0,,0,,0,,0,,,,,,,,,,,,,,,,,,,,,,,,,,,,,,,,,,,,,,,,,,,,,,,,,,,,,,,,,,,,,,,,,,,,,,,,,,,,,1.0,4.0,8.0,1,1,2,2,3,2,,1,2,2,1,6,12,,3,6,4,2.0,2,4,1,2,5,1.0,1,1,0.8343554263418625,
202101009802,2023-11-01T11:47:12Z,2023-11-01T11:52:22Z,2,1,1,6,1,2,2,4.0,1.0,1.0,1.0,,,,,,,,,1.0,,,,,,,,,99.0,1.0,4.0,4.0,4.0,4.0,4.0,4.0,4.0,,4.0,5.0,5.0,5.0,5.0,5.0,5.0,,5.0,4.0,3.0,5.0,5.0,5.0,1.0,1.0,4.0,,,1.0,,2.0,,,,,,2.0,4.0,1.0,5.0,4.0,2.0,2.0,4.0,,,,,,,,,0,,0,,0,,,,,,,,,,,,,,,,,,,,,,,,,,,,,,,,,,,,,,,,,,,,,,,,,,,,,,,,,,,,,,,,,,,,,,,,,,,,,1.0,3.0,5.0,2,2,2,2,4,2,,1,2,2,1,6,1,1.0,1,2,2,,2,3,1,2,3,2.0,1,1,0.1077653310725982,
202101009981,2023-10-29T02:14:16Z,2023-10-29T02:20:33Z,1,1,1,6,2,2,2,4.0,2.0,2.0,2.0,1.0,,,,,,,,1.0,1.0,,,,,,,,1.0,1.0,1.0,3.0,2.0,3.0,5.0,4.0,4.0,,,3.0,3.0,3.0,4.0,1.0,6.0,,,3.0,3.0,2.0,3.0,5.0,1.0,1.0,3.0,1.0,2.0,1.0,,2.0,,,,,,2.0,2.0,2.0,3.0,2.0,3.0,3.0,4.0,,,,,,,,,0,,0,,0,,,,,,,,,,,,,,,,,,,,,,,,,,,,,,,,,,,,,,,,,,,,,,,,,,,,,,,,,,,,,,,,,,,,,,,,,,,,,1.0,3.0,6.0,2,2,1,1,5,2,,1,2,2,1,6,10,,3,4,3,2.0,2,3,2,6,3,1.0,1,2,0.0936545543486949,
202101010044,2023-10-27T20:39:28Z,2023-10-27T20:43:34Z,2,1,1,1,1,2,1,4.0,2.0,2.0,1.0,2.0,,,,,,,,1.0,1.0,,,,,,,,1.0,2.0,2.0,5.0,5.0,5.0,5.0,4.0,,4.0,4.0,4.0,3.0,3.0,5.0,4.0,,4.0,4.0,4.0,3.0,3.0,2.0,5.0,3.0,,,,,1.0,,2.0,,,,,,2.0,3.0,2.0,2.0,2.0,3.0,3.0,4.0,,,,,,,,,0,,0,,0,,,,,,,,,,,,,,,,,,,,,,,,,,,,,,,,,,,,,,,,,,,,,,,,,,,,,,,,,,,,,,,,,,,,,,,,,,,,,1.0,2.0,4.0,2,2,2,2,3,2,,1,1,1,1,1,1,1.0,1,4,4,2.0,2,3,1,9,3,2.0,1,2,0.1377767399689002,
202101010114,2023-11-01T01:54:26Z,2023-11-01T01:58:54Z,2,1,1,6,2,2,2,4.0,2.0,2.0,2.0,1.0,,,,,,,,1.0,1.0,,,,,,,,1.0,1.0,1.0,1.0,1.0,1.0,1.0,1.0,1.0,,,1.0,1.0,5.0,1.0,4.0,3.0,,,1.0,1.0,,,,3.0,1.0,1.0,1.0,4.0,5.0,2.0,1.0,2.0,1.0,1.0,1.0,1.0,1.0,1.0,1.0,1.0,1.0,1.0,1.0,1.0,1.0,1.0,1.0,1.0,,1.0,1.0,,0,,0,,0,,,,,,,,,,,,,,,,,,,,,,,,,,,,,,,,,,,,,,,,,,,,,,,,,,,,,,,,,,,,,,,,,,,,,,,,,,,,,1.0,4.0,9.0,1,1,2,1,5,2,,2,3,5,4,6,6,,4,1,3,1.0,1,1,3,7,2,1.0,2,2,1.4962397951459676,
202101010271,2023-10-28T14:28:54Z,2023-10-28T23:16:53Z,2,1,1,6,2,2,2,4.0,2.0,2.0,1.0,2.0,,,,,,,,1.0,1.0,,,,,,,,1.0,1.0,2.0,5.0,5.0,5.0,5.0,5.0,5.0,,,4.0,5.0,5.0,5.0,3.0,6.0,,,3.0,3.0,4.0,3.0,3.0,1.0,1.0,5.0,3.0,5.0,1.0,,2.0,,,,,,2.0,5.0,5.0,5.0,4.0,3.0,1.0,4.0,,,,,,,,,0,,0,,0,,,,,,,,,,,,,,,,,,,,,,,,,,,,,,,,,,,,,,,,,,,,,,,,,,,,,,,,,,,,,,,,,,,,,,,,,,,,,1.0,4.0,9.0,1,2,1,2,3,2,,1,4,4,1,6,9,,3,6,2,,2,4,1,5,5,1.0,2,2,0.2171768781764126,
202101010392,2023-10-29T17:03:27Z,2023-10-29T17:05:57Z,2,1,1,3,1,2,1,4.0,1.0,1.0,2.0,,,,,,,,,1.0,,,,,,,,,99.0,2.0,1.0,1.0,1.0,1.0,1.0,2.0,1.0,,2.0,4.0,3.0,5.0,4.0,5.0,2.0,,3.0,2.0,3.0,2.0,1.0,6.0,1.0,,,,,1.0,,2.0,,,,,,2.0,1.0,2.0,4.0,3.0,3.0,2.0,4.0,,,,,,,,,0,,0,,0,,,,,,,,,,,,,,,,,,,,,,,,,,,,,,,,,,,,,,,,,,,,,,,,,,,,,,,,,,,,,,,,,,,,,,,,,,,,,1.0,3.0,5.0,2,1,2,3,1,1,4.0,2,3,3,4,3,12,,3,4,2,,2,3,3,1,3,99.0,2,1,6.314159461681934,
202101010535,2023-10-29T22:51:29Z,2023-10-29T22:58:37Z,2,1,1,1,2,2,1,4.0,2.0,2.0,2.0,1.0,,,,,,,,1.0,1.0,,,,,,,,1.0,2.0,99.0,3.0,3.0,3.0,2.0,3.0,,4.0,,3.0,4.0,5.0,5.0,5.0,,4.0,,3.0,3.0,3.0,1.0,2.0,1.0,,,1.0,4.0,2.0,1.0,2.0,,,,,,2.0,1.0,2.0,2.0,1.0,2.0,2.0,4.0,,,,,,,,,0,,0,,0,,,,,,,,,,,,,,,,,,,,,,,,,,,,,,,,,,,,,,,,,,,,,,,,,,,,,,,,,,,,,,,,,,,,,,,,,,,,,1.0,4.0,9.0,2,2,2,1,6,2,,1,1,1,1,1,1,1.0,1,1,3,1.0,1,2,1,6,3,1.0,1,2,0.3405410522440702,
202101010724,2023-10-30T16:50:27Z,2023-10-30T16:53:31Z,2,1,1,6,2,2,2,3.0,2.0,2.0,2.0,1.0,,,,,,,,1.0,1.0,,,,,,,,1.0,1.0,2.0,3.0,2.0,2.0,2.0,3.0,2.0,,,3.0,3.0,4.0,2.0,3.0,2.0,,,1.0,3.0,2.0,2.0,4.0,2.0,1.0,2.0,1.0,1.0,2.0,1.0,1.0,2.0,2.0,2.0,2.0,1.0,2.0,2.0,2.0,5.0,2.0,3.0,2.0,4.0,,,,,,,,,0,,0,,0,,,,,,,,,,,,,,,,,,,,,,,,,,,,,,,,,,,,,,,,,,,,,,,,,,,,,,,,,,,,,,,,,,,,,,,,,,,,,1.0,4.0,9.0,1,1,2,2,3,2,,1,4,4,1,6,2,2.0,2,3,3,2.0,2,3,2,9,3,2.0,2,3,3.88445630639478,
202101010931,2023-10-27T19:12:20Z,2023-10-27T19:19:09Z,2,1,1,6,1,2,2,4.0,2.0,2.0,2.0,1.0,,,,,,,,1.0,1.0,,,,,,,,1.0,1.0,1.0,1.0,1.0,1.0,1.0,1.0,1.0,,1.0,5.0,5.0,5.0,5.0,5.0,3.0,,4.0,1.0,3.0,1.0,1.0,1.0,1.0,1.0,5.0,,,4.0,2.0,1.0,2.0,1.0,2.0,1.0,1.0,1.0,1.0,1.0,3.0,1.0,1.0,3.0,4.0,,,,,,,,,0,,0,,0,,,,,,,,,,,,,,,,,,,,,,,,,,,,,,,,,,,,,,,,,,,,,,,,,,,,,,,,,,,,,,,,,,,,,,,,,,,,,1.0,4.0,9.0,3,2,2,2,3,2,,1,1,1,1,6,1,2.0,1,4,1,,1,2,2,2,3,1.0,1,1,0.2363048558090039,
202101010937,2023-11-01T16:43:18Z,2023-11-01T16:48:06Z,2,1,1,6,1,2,2,4.0,1.0,1.0,2.0,,,,,,,,,1.0,,,,,,,,,99.0,2.0,5.0,5.0,5.0,5.0,5.0,5.0,5.0,,5.0,5.0,5.0,5.0,5.0,5.0,5.0,,5.0,5.0,3.0,6.0,6.0,6.0,1.0,1.0,4.0,,,3.0,3.0,2.0,,,,,,2.0,5.0,3.0,5.0,5.0,2.0,2.0,4.0,,,,,,,,,0,,0,,0,,,,,,,,,,,,,,,,,,,,,,,,,,,,,,,,,,,,,,,,,,,,,,,,,,,,,,,,,,,,,,,,,,,,,,,,,,,,,1.0,3.0,6.0,3,2,2,2,4,2,,1,2,2,1,6,12,,3,5,3,2.0,2,3,1,1,3,1.0,2,1,0.085757860471083,
202101011096,2023-10-30T20:04:34Z,2023-10-30T20:10:56Z,2,1,1,2,2,2,2,4.0,2.0,2.0,1.0,2.0,,,,,,,,1.0,1.0,,,,,,,,1.0,1.0,3.0,2.0,3.0,4.0,3.0,4.0,,2.0,,2.0,4.0,2.0,3.0,2.0,,4.0,,2.0,3.0,3.0,2.0,5.0,1.0,3.0,5.0,2.0,4.0,2.0,3.0,1.0,2.0,2.0,1.0,1.0,2.0,2.0,4.0,3.0,3.0,4.0,3.0,3.0,4.0,,,,,,,,,0,,0,,0,,,,,,,,,,,,,,,,,,,,,,,,,,,,,,,,,,,,,,,,,,,,,,,,,,,,,,,,,,,,,,,,,,,,,,,,,,,,,1.0,2.0,3.0,2,1,2,1,6,2,,1,1,1,1,2,9,,3,6,2,,2,4,1,2,5,1.0,1,1,0.2505834548508417,
202101011534,2023-10-27T17:45:45Z,2023-10-27T18:25:20Z,2,1,1,6,2,2,2,3.0,2.0,2.0,1.0,2.0,,,,,,,,1.0,1.0,,,,,,,,1.0,1.0,2.0,1.0,1.0,4.0,3.0,2.0,1.0,,,4.0,5.0,4.0,5.0,4.0,5.0,,,3.0,1.0,,,,3.0,1.0,2.0,1.0,2.0,4.0,1.0,1.0,99.0,1.0,99.0,1.0,99.0,1.0,2.0,1.0,3.0,1.0,3.0,3.0,1.0,1.0,2.0,3.0,3.0,,2.0,2.0,,0,,0,,0,,,,,,,,,,,,,,,,,,,,,,,,,,,,,,,,,,,,,,,,,,,,,,,,,,,,,,,,,,,,,,,,,,,,,,,,,,,,,1.0,3.0,6.0,3,1,2,3,2,2,,1,1,1,1,6,2,2.0,2,2,1,,1,1,2,9,2,2.0,2,2,5.9455575080762735,
202101011609,2023-10-28T15:46:32Z,2023-10-28T17:34:42Z,2,1,1,2,1,2,2,3.0,2.0,2.0,2.0,1.0,,,,,,,,1.0,1.0,,,,,,,,1.0,2.0,1.0,4.0,3.0,4.0,3.0,3.0,,3.0,1.0,3.0,4.0,5.0,4.0,4.0,,4.0,3.0,3.0,3.0,1.0,1.0,2.0,4.0,1.0,5.0,,,1.0,,1.0,2.0,2.0,2.0,1.0,2.0,2.0,1.0,4.0,4.0,4.0,1.0,1.0,4.0,,,,,,,,,0,,0,,0,,,,,,,,,,,,,,,,,,,,,,,,,,,,,,,,,,,,,,,,,,,,,,,,,,,,,,,,,,,,,,,,,,,,,,,,,,,,,1.0,3.0,6.0,1,2,2,3,2,2,,1,1,1,1,2,1,1.0,1,1,1,,1,1,1,1,2,2.0,1,1,0.3282453094983191,
202101011714,2023-10-28T13:20:17Z,2023-10-28T13:24:12Z,1,1,1,6,2,2,2,3.0,2.0,2.0,1.0,2.0,,,,,,,,1.0,1.0,,,,,,,,1.0,2.0,3.0,2.0,4.0,5.0,3.0,4.0,5.0,,,4.0,3.0,5.0,6.0,4.0,6.0,,,4.0,3.0,1.0,2.0,5.0,2.0,1.0,3.0,1.0,4.0,4.0,3.0,1.0,2.0,2.0,2.0,2.0,1.0,2.0,2.0,1.0,3.0,3.0,3.0,3.0,4.0,,,,,,,,,0,,0,,0,,,,,,,,,,,,,,,,,,,,,,,,,,,,,,,,,,,,,,,,,,,,,,,,,,,,,,,,,,,,,,,,,,,,,,,,,,,,,1.0,4.0,9.0,2,1,1,2,3,2,,1,3,5,1,6,12,,3,4,4,2.0,2,3,3,8,3,1.0,2,2,1.430240568295731,
202101011803,2023-10-29T13:04:29Z,2023-11-01T11:09:49Z,2,1,1,6,2,2,2,3.0,2.0,2.0,2.0,1.0,,,,,,,,1.0,1.0,,,,,,,,1.0,1.0,2.0,2.0,2.0,2.0,1.0,2.0,3.0,,,3.0,5.0,5.0,5.0,4.0,4.0,,,3.0,3.0,5.0,1.0,4.0,2.0,1.0,4.0,1.0,4.0,1.0,,1.0,1.0,1.0,1.0,1.0,1.0,2.0,1.0,2.0,4.0,4.0,3.0,3.0,4.0,,,,,,,,,0,,0,,0,,,,,,,,,,,,,,,,,,,,,,,,,,,,,,,,,,,,,,,,,,,,,,,,,,,,,,,,,,,,,,,,,,,,,,,,,,,,,1.0,4.0,9.0,2,1,2,3,2,2,,1,3,5,1,6,9,,3,6,2,,2,4,1,9,5,1.0,2,2,0.3185454314674442,
202101011951,2023-10-29T14:37:48Z,2023-10-29T14:41:53Z,2,1,1,3,1,2,1,3.0,1.0,1.0,2.0,,,,,,,,,1.0,,,,,,,,,99.0,2.0,5.0,3.0,3.0,3.0,3.0,3.0,3.0,,3.0,3.0,3.0,3.0,3.0,3.0,3.0,,3.0,5.0,3.0,6.0,6.0,6.0,3.0,,,,,3.0,3.0,1.0,2.0,2.0,2.0,2.0,2.0,1.0,3.0,3.0,2.0,3.0,2.0,3.0,4.0,,,,,,,,,0,,0,,0,,,,,,,,,,,,,,,,,,,,,,,,,,,,,,,,,,,,,,,,,,,,,,,,,,,,,,,,,,,,,,,,,,,,,,,,,,,,,1.0,2.0,4.0,1,2,2,2,3,2,,1,2,2,1,3,12,,3,5,3,1.0,1,2,1,2,4,1.0,2,2,0.1216561982427846,
202101012352,2023-11-05T23:32:39Z,2023-11-05T23:46:25Z,2,1,1,3,1,2,1,4.0,2.0,2.0,2.0,1.0,,,,,,,,1.0,1.0,,,,,,,,1.0,1.0,3.0,4.0,5.0,5.0,3.0,5.0,4.0,,3.0,4.0,5.0,5.0,5.0,4.0,4.0,,4.0,5.0,3.0,1.0,2.0,2.0,1.0,,,,,1.0,,1.0,2.0,2.0,2.0,2.0,2.0,2.0,1.0,2.0,4.0,2.0,3.0,1.0,4.0,,,,,,,,,0,,0,,0,,,,,,,,,,,,,,,,,,,,,,,,,,,,,,,,,,,,,,,,,,,,,,,,,,,,,,,,,,,,,,,,,,,,,,,,,,,,,2.0,3.0,6.0,3,2,2,2,3,2,,1,1,1,1,3,12,,3,6,1,,1,2,3,3,4,1.0,1,2,0.3711423920783261,
202101012621,2023-10-28T05:17:22Z,2023-10-28T05:25:54Z,2,1,1,1,1,2,1,4.0,2.0,2.0,2.0,1.0,,,,,,,,1.0,1.0,,,,,,,,1.0,2.0,1.0,2.0,1.0,1.0,3.0,1.0,,1.0,1.0,3.0,5.0,5.0,5.0,4.0,,4.0,3.0,1.0,3.0,2.0,1.0,5.0,1.0,,,,,1.0,,1.0,2.0,2.0,2.0,1.0,2.0,1.0,1.0,1.0,2.0,1.0,3.0,3.0,4.0,,,,,,,,,0,,0,,0,,,,,,,,,,,,,,,,,,,,,,,,,,,,,,,,,,,,,,,,,,,,,,,,,,,,,,,,,,,,,,,,,,,,,,,,,,,,,1.0,3.0,7.0,1,2,2,3,2,2,,1,2,2,1,1,1,1.0,1,4,2,,2,3,1,3,3,1.0,2,1,0.2766406131040008,
202101012819,2023-10-27T23:12:22Z,2023-10-27T23:17:23Z,1,1,1,6,2,2,2,3.0,2.0,2.0,2.0,1.0,,,,,,,,1.0,1.0,,,,,,,,1.0,1.0,2.0,3.0,2.0,4.0,2.0,3.0,5.0,,,3.0,5.0,5.0,4.0,5.0,6.0,,,3.0,3.0,3.0,3.0,5.0,2.0,3.0,4.0,3.0,5.0,4.0,3.0,1.0,1.0,1.0,1.0,1.0,2.0,1.0,2.0,2.0,5.0,3.0,3.0,2.0,4.0,,,,,,,,,0,,0,,0,,,,,,,,,,,,,,,,,,,,,,,,,,,,,,,,,,,,,,,,,,,,,,,,,,,,,,,,,,,,,,,,,,,,,,,,,,,,,1.0,4.0,9.0,2,1,1,3,2,2,,2,3,5,4,6,10,,3,5,1,,1,1,3,9,2,1.0,2,3,2.00126786389026,
202101012856,2023-10-27T19:06:26Z,2023-10-27T19:10:31Z,2,1,1,6,2,2,2,3.0,1.0,1.0,2.0,,,,,,,,,1.0,,,,,,,,,99.0,2.0,1.0,5.0,5.0,4.0,4.0,4.0,4.0,,,5.0,4.0,5.0,3.0,4.0,5.0,,,3.0,3.0,3.0,1.0,5.0,1.0,1.0,4.0,1.0,3.0,1.0,,2.0,,,,,,1.0,3.0,2.0,3.0,4.0,3.0,3.0,4.0,,,,,,,,,0,,0,,0,,,,,,,,,,,,,,,,,,,,,,,,,,,,,,,,,,,,,,,,,,,,,,,,,,,,,,,,,,,,,,,,,,,,,,,,,,,,,1.0,2.0,3.0,1,2,1,1,6,1,1.0,1,5,3,1,6,10,,3,4,3,2.0,2,3,3,1,3,1.0,2,2,0.1696074446945735,
202101012890,2023-10-30T22:14:41Z,2023-10-30T22:19:08Z,1,1,1,6,2,2,2,3.0,2.0,2.0,1.0,2.0,,,,,,,,1.0,1.0,,,,,,,,1.0,2.0,2.0,2.0,4.0,4.0,4.0,4.0,5.0,,,4.0,3.0,3.0,5.0,5.0,6.0,,,5.0,1.0,,,,1.0,2.0,5.0,1.0,5.0,4.0,1.0,2.0,,,,,,1.0,2.0,3.0,3.0,2.0,3.0,3.0,1.0,3.0,3.0,1.0,3.0,,2.0,1.0,,0,,0,,0,,,,,,,,,,,,,,,,,,,,,,,,,,,,,,,,,,,,,,,,,,,,,,,,,,,,,,,,,,,,,,,,,,,,,,,,,,,,,2.0,4.0,9.0,3,1,1,1,5,1,7.0,1,3,3,1,6,12,,3,2,3,1.0,1,1,1,2,2,1.0,1,1,0.4393314043563388,
202101013013,2023-10-27T18:49:08Z,2023-10-29T15:34:26Z,2,1,1,6,2,2,2,3.0,1.0,1.0,2.0,,,,,,,,,1.0,,,,,,,,,99.0,2.0,1.0,2.0,2.0,2.0,1.0,1.0,1.0,,,4.0,4.0,4.0,4.0,5.0,4.0,,,2.0,2.0,4.0,3.0,4.0,2.0,1.0,4.0,1.0,4.0,1.0,,2.0,,,,,,2.0,2.0,1.0,3.0,3.0,2.0,2.0,1.0,2.0,1.0,3.0,3.0,,2.0,2.0,,0,,0,,0,,,,,,,,,,,,,,,,,,,,,,,,,,,,,,,,,,,,,,,,,,,,,,,,,,,,,,,,,,,,,,,,,,,,,,,,,,,,,2.0,1.0,1.0,3,1,2,2,3,1,2.0,1,1,3,1,6,10,,3,6,3,2.0,2,4,2,2,4,1.0,2,1,0.2680437408873349,
202101013024,2023-10-27T17:08:28Z,2023-10-27T17:14:40Z,2,1,1,6,2,2,2,4.0,2.0,2.0,2.0,1.0,,,,,,,,1.0,1.0,,,,,,,,1.0,2.0,2.0,3.0,4.0,4.0,2.0,4.0,3.0,,,2.0,5.0,5.0,4.0,3.0,3.0,,,3.0,3.0,3.0,2.0,5.0,1.0,1.0,4.0,1.0,4.0,2.0,1.0,2.0,,,,,,2.0,2.0,2.0,2.0,2.0,2.0,2.0,4.0,,,,,,,,,0,,0,,0,,,,,,,,,,,,,,,,,,,,,,,,,,,,,,,,,,,,,,,,,,,,,,,,,,,,,,,,,,,,,,,,,,,,,,,,,,,,,1.0,1.0,1.0,2,1,2,3,2,2,,1,1,1,1,6,12,,3,6,3,2.0,2,3,1,7,3,2.0,2,3,0.1378704721676769,
202101013063,2023-10-28T23:19:24Z,2023-10-28T23:22:44Z,3,1,1,6,2,2,2,4.0,1.0,1.0,1.0,,,,,,,,,1.0,,,,,,,,,99.0,1.0,3.0,5.0,3.0,5.0,4.0,5.0,5.0,,,3.0,5.0,5.0,6.0,3.0,6.0,,,4.0,3.0,2.0,2.0,2.0,1.0,1.0,4.0,3.0,5.0,2.0,2.0,2.0,,,,,,1.0,3.0,3.0,3.0,3.0,2.0,2.0,4.0,,,,,,,,,0,,0,,0,,,,,,,,,,,,,,,,,,,,,,,,,,,,,,,,,,,,,,,,,,,,,,,,,,,,,,,,,,,,,,,,,,,,,,,,,,,,,1.0,4.0,9.0,2,1,2,3,1,2,,1,3,5,1,6,7,,4,5,2,,2,3,1,1,3,1.0,1,1,0.371669683217019,
202101013083,2023-10-27T18:06:07Z,2023-10-27T18:09:58Z,2,1,1,2,1,2,1,4.0,1.0,1.0,1.0,,,,,,,,,1.0,,,,,,,,,99.0,1.0,3.0,3.0,3.0,5.0,5.0,5.0,,5.0,5.0,4.0,5.0,5.0,5.0,5.0,,3.0,5.0,5.0,2.0,6.0,1.0,1.0,1.0,,,,,3.0,1.0,2.0,,,,,,1.0,1.0,1.0,3.0,2.0,3.0,3.0,1.0,1.0,4.0,3.0,3.0,3.0,2.0,2.0,,0,,0,,0,,,,,,,,,,,,,,,,,,,,,,,,,,,,,,,,,,,,,,,,,,,,,,,,,,,,,,,,,,,,,,,,,,,,,,,,,,,,,1.0,3.0,5.0,2,1,2,3,2,2,,1,1,1,1,2,12,,3,6,3,1.0,1,2,3,3,3,1.0,2,1,0.3291733136296068,
202101013137,2023-10-27T22:29:50Z,2023-10-27T22:36:20Z,2,1,1,1,2,2,1,4.0,2.0,2.0,1.0,2.0,,,,,,,,1.0,1.0,,,,,,,,1.0,1.0,2.0,3.0,3.0,2.0,3.0,3.0,,3.0,,3.0,3.0,4.0,3.0,3.0,,3.0,,1.0,3.0,1.0,3.0,5.0,1.0,,,1.0,1.0,1.0,,2.0,,,,,,1.0,1.0,1.0,1.0,1.0,3.0,3.0,4.0,,,,,,,,,0,,0,,0,,,,,,,,,,,,,,,,,,,,,,,,,,,,,,,,,,,,,,,,,,,,,,,,,,,,,,,,,,,,,,,,,,,,,,,,,,,,,1.0,4.0,9.0,2,2,2,1,5,2,,2,3,5,4,1,7,,4,4,1,,1,2,1,9,3,1.0,1,3,0.1150356932391222,
202101013246,2023-10-26T22:56:48Z,2023-10-26T23:01:08Z,2,1,1,1,2,2,1,4.0,1.0,1.0,1.0,,,,,,,,,1.0,,,,,,,,,99.0,1.0,5.0,5.0,4.0,4.0,2.0,4.0,,4.0,,4.0,4.0,4.0,4.0,4.0,,4.0,,5.0,3.0,5.0,3.0,6.0,2.0,,,1.0,5.0,1.0,,2.0,,,,,,2.0,3.0,2.0,4.0,4.0,2.0,2.0,4.0,,,,,,,,,0,,0,,0,,,,,,,,,,,,,,,,,,,,,,,,,,,,,,,,,,,,,,,,,,,,,,,,,,,,,,,,,,,,,,,,,,,,,,,,,,,,,1.0,1.0,2.0,1,2,2,2,3,2,,1,1,1,1,1,1,2.0,1,6,3,1.0,1,2,2,1,4,1.0,2,1,0.1684430772633547,
202101013281,2023-11-02T19:23:01Z,2023-11-02T19:32:49Z,2,1,1,6,2,2,2,4.0,2.0,2.0,1.0,2.0,,,,,,,,1.0,1.0,,,,,,,,1.0,2.0,1.0,4.0,4.0,4.0,4.0,3.0,4.0,,,4.0,5.0,3.0,3.0,4.0,2.0,,,4.0,1.0,,,,1.0,1.0,2.0,1.0,3.0,1.0,,2.0,,,,,,1.0,3.0,2.0,3.0,2.0,3.0,3.0,1.0,3.0,3.0,4.0,3.0,,2.0,2.0,,0,,0,,0,,,,,,,,,,,,,,,,,,,,,,,,,,,,,,,,,,,,,,,,,,,,,,,,,,,,,,,,,,,,,,,,,,,,,,,,,,,,,1.0,2.0,3.0,2,2,1,1,5,2,,1,3,5,1,6,1,1.0,1,2,1,,1,1,1,3,2,2.0,1,2,0.1768239130875494,
202101013297,2023-10-28T13:24:32Z,2023-10-28T13:30:56Z,2,1,1,2,2,2,2,4.0,1.0,1.0,2.0,,,,,,,,,1.0,,,,,,,,,99.0,2.0,2.0,4.0,3.0,4.0,3.0,4.0,,4.0,,4.0,4.0,2.0,3.0,4.0,,5.0,,2.0,3.0,3.0,3.0,5.0,2.0,1.0,4.0,3.0,3.0,2.0,1.0,1.0,2.0,2.0,2.0,2.0,1.0,2.0,2.0,2.0,3.0,2.0,3.0,3.0,4.0,,,,,,,,,0,,0,,0,,,,,,,,,,,,,,,,,,,,,,,,,,,,,,,,,,,,,,,,,,,,,,,,,,,,,,,,,,,,,,,,,,,,,,,,,,,,,1.0,3.0,5.0,2,1,2,2,3,2,,1,1,1,1,2,12,,3,6,2,,2,4,2,2,5,2.0,2,1,0.6513773393883003,
202101013344,2023-11-01T11:08:41Z,2023-11-01T11:12:39Z,2,1,1,1,2,2,1,3.0,2.0,2.0,2.0,1.0,,,,,,,,1.0,1.0,,,,,,,,1.0,1.0,2.0,3.0,2.0,4.0,4.0,3.0,,4.0,,1.0,5.0,4.0,1.0,1.0,,4.0,,3.0,3.0,2.0,2.0,5.0,1.0,,,1.0,5.0,1.0,,2.0,,,,,,2.0,3.0,3.0,4.0,5.0,3.0,2.0,4.0,,,,,,,,,0,,0,,0,,,,,,,,,,,,,,,,,,,,,,,,,,,,,,,,,,,,,,,,,,,,,,,,,,,,,,,,,,,,,,,,,,,,,,,,,,,,,1.0,3.0,5.0,2,1,2,2,4,2,,1,1,1,1,1,1,99.0,1,5,3,2.0,2,4,1,4,4,1.0,2,2,0.2714428203813721,
202201000063,2023-10-27T22:59:42Z,2023-10-27T23:22:53Z,2,1,1,6,1,2,2,4.0,2.0,2.0,2.0,1.0,,,,,,,,1.0,1.0,,,,,,,,1.0,1.0,2.0,2.0,3.0,1.0,1.0,3.0,3.0,,3.0,3.0,5.0,5.0,4.0,4.0,3.0,,3.0,2.0,3.0,1.0,2.0,2.0,1.0,1.0,5.0,,,1.0,,1.0,2.0,2.0,1.0,1.0,1.0,1.0,1.0,1.0,3.0,2.0,3.0,3.0,4.0,,,,,,,,,0,,0,,0,,,,,,,,,,,,,,,,,,,,,,,,,,,,,,,,,,,,,,,,,,,,,,,,,,,,,,,,,,,,,,,,,,,,,,,,,,,,,1.0,3.0,6.0,1,2,2,3,2,2,,1,2,2,1,6,1,2.0,1,2,2,,2,3,1,1,3,1.0,2,1,0.2514541191434932,
202201000229,2023-10-30T04:28:36Z,2023-10-30T04:33:13Z,2,1,1,1,1,2,1,4.0,2.0,2.0,1.0,2.0,,,,,,,,1.0,1.0,,,,,,,,1.0,2.0,1.0,3.0,2.0,2.0,3.0,2.0,,3.0,1.0,5.0,5.0,5.0,5.0,5.0,,5.0,5.0,1.0,3.0,2.0,2.0,5.0,3.0,,,,,1.0,,2.0,,,,,,2.0,1.0,1.0,1.0,1.0,2.0,3.0,4.0,,,,,,,,,0,,0,,0,,,,,,,,,,,,,,,,,,,,,,,,,,,,,,,,,,,,,,,,,,,,,,,,,,,,,,,,,,,,,,,,,,,,,,,,,,,,,1.0,4.0,9.0,3,2,2,2,3,2,,1,1,1,1,1,2,2.0,2,2,4,1.0,1,1,2,99,2,2.0,2,99,2.4651598590820347,
202201000645,2023-10-29T11:23:47Z,2023-10-29T11:28:38Z,2,1,1,6,2,2,2,4.0,2.0,2.0,2.0,1.0,,,,,,,,1.0,1.0,,,,,,,,1.0,1.0,1.0,2.0,3.0,4.0,2.0,5.0,5.0,,,3.0,5.0,5.0,5.0,4.0,6.0,,,4.0,2.0,1.0,6.0,1.0,1.0,1.0,3.0,3.0,4.0,3.0,1.0,1.0,2.0,2.0,1.0,1.0,1.0,2.0,5.0,5.0,5.0,5.0,2.0,3.0,4.0,,,,,,,,,0,,0,,0,,,,,,,,,,,,,,,,,,,,,,,,,,,,,,,,,,,,,,,,,,,,,,,,,,,,,,,,,,,,,,,,,,,,,,,,,,,,,1.0,3.0,5.0,2,1,2,1,5,2,,1,2,2,1,6,1,2.0,1,2,2,,2,4,2,1,4,1.0,2,1,0.5513094454857359,
202201000802,2023-10-29T11:13:00Z,2023-10-29T11:21:44Z,2,1,1,2,1,2,2,4.0,2.0,2.0,2.0,1.0,,,,,,,,1.0,1.0,,,,,,,,1.0,1.0,1.0,3.0,3.0,4.0,3.0,2.0,,3.0,3.0,5.0,5.0,5.0,4.0,3.0,,3.0,5.0,4.0,3.0,3.0,3.0,3.0,3.0,1.0,5.0,,,1.0,,1.0,2.0,2.0,2.0,2.0,1.0,1.0,2.0,1.0,5.0,3.0,2.0,2.0,4.0,,,,,,,,,0,,0,,0,,,,,,,,,,,,,,,,,,,,,,,,,,,,,,,,,,,,,,,,,,,,,,,,,,,,,,,,,,,,,,,,,,,,,,,,,,,,,1.0,2.0,3.0,1,2,2,2,4,2,,1,2,2,1,2,2,2.0,2,5,3,1.0,1,1,1,1,2,1.0,1,1,0.1668425044363394,
202201000953,2023-10-29T15:48:41Z,2023-10-29T15:52:22Z,2,1,1,6,2,2,2,3.0,2.0,2.0,1.0,2.0,,,,,,,,1.0,1.0,,,,,,,,1.0,2.0,2.0,2.0,3.0,3.0,3.0,3.0,4.0,,,3.0,5.0,3.0,4.0,3.0,4.0,,,2.0,3.0,3.0,3.0,5.0,1.0,1.0,2.0,1.0,3.0,2.0,1.0,1.0,2.0,2.0,2.0,2.0,2.0,2.0,1.0,2.0,1.0,3.0,3.0,2.0,4.0,,,,,,,,,0,,0,,0,,,,,,,,,,,,,,,,,,,,,,,,,,,,,,,,,,,,,,,,,,,,,,,,,,,,,,,,,,,,,,,,,,,,,,,,,,,,,1.0,4.0,9.0,2,1,1,1,5,2,,1,3,5,1,6,10,,3,5,3,2.0,2,4,1,6,4,1.0,1,2,0.219520926991447,
202201000967,2023-10-27T17:00:35Z,2023-10-27T17:05:34Z,2,1,1,1,1,2,1,4.0,2.0,2.0,1.0,2.0,,,,,,,,1.0,1.0,,,,,,,,1.0,2.0,2.0,4.0,3.0,3.0,4.0,3.0,,5.0,3.0,5.0,5.0,5.0,5.0,5.0,,5.0,4.0,4.0,3.0,2.0,2.0,4.0,1.0,,,,,1.0,,2.0,,,,,,2.0,2.0,1.0,3.0,2.0,2.0,3.0,4.0,,,,,,,,,0,,0,,0,,,,,,,,,,,,,,,,,,,,,,,,,,,,,,,,,,,,,,,,,,,,,,,,,,,,,,,,,,,,,,,,,,,,,,,,,,,,,1.0,3.0,5.0,2,1,1,3,2,1,2.0,1,4,3,1,1,1,1.0,1,5,3,2.0,2,3,1,4,3,1.0,2,2,0.5029890808190532,
202201000976,2023-10-27T23:53:26Z,2023-10-28T00:11:48Z,2,1,1,6,2,2,2,3.0,4.0,4.0,2.0,1.0,2.0,1.0,,,,,,1.0,1.0,1.0,1.0,,,,,,1.0,2.0,4.0,5.0,5.0,5.0,5.0,5.0,5.0,,,1.0,1.0,1.0,5.0,1.0,1.0,,,4.0,3.0,5.0,3.0,4.0,2.0,2.0,3.0,2.0,2.0,2.0,2.0,1.0,2.0,2.0,2.0,2.0,1.0,1.0,3.0,4.0,1.0,4.0,2.0,2.0,4.0,,,,,,,,,0,,0,,0,,,,,,,,,,,,,,,,,,,,,,,,,,,,,,,,,,,,,,,,,,,,,,,,,,,,,,,,,,,,,,,,,,,,,,,,,,,,,1.0,3.0,7.0,1,1,3,2,3,1,1.0,1,1,3,1,6,12,,3,6,3,2.0,2,4,1,1,5,1.0,2,1,0.2436466571391082,
202201001046,2023-11-04T16:12:39Z,2023-11-04T16:16:42Z,2,1,1,6,2,2,2,4.0,2.0,2.0,2.0,1.0,,,,,,,,1.0,1.0,,,,,,,,1.0,1.0,2.0,3.0,3.0,4.0,3.0,4.0,4.0,,,3.0,4.0,4.0,3.0,3.0,6.0,,,3.0,2.0,5.0,5.0,5.0,2.0,3.0,5.0,2.0,5.0,3.0,2.0,2.0,,,,,,1.0,5.0,4.0,5.0,4.0,2.0,2.0,4.0,,,,,,,,,0,,0,,0,,,,,,,,,,,,,,,,,,,,,,,,,,,,,,,,,,,,,,,,,,,,,,,,,,,,,,,,,,,,,,,,,,,,,,,,,,,,,2.0,4.0,9.0,3,1,2,2,3,2,,1,1,1,1,6,12,,3,6,4,2.0,2,3,1,3,3,1.0,2,1,1.6588628523031526,
202201001090,2023-10-27T17:28:35Z,2023-10-27T17:47:04Z,2,1,1,6,1,2,2,4.0,2.0,2.0,1.0,2.0,,,,,,,,1.0,1.0,,,,,,,,1.0,2.0,3.0,5.0,5.0,5.0,5.0,5.0,5.0,,5.0,5.0,5.0,5.0,5.0,5.0,5.0,,5.0,5.0,3.0,5.0,5.0,5.0,1.0,3.0,5.0,,,1.0,,2.0,,,,,,2.0,1.0,1.0,5.0,1.0,3.0,3.0,4.0,,,,,,,,,0,,0,,0,,,,,,,,,,,,,,,,,,,,,,,,,,,,,,,,,,,,,,,,,,,,,,,,,,,,,,,,,,,,,,,,,,,,,,,,,,,,,1.0,3.0,5.0,1,1,1,2,3,2,,1,2,2,1,6,1,2.0,1,2,3,2.0,2,4,1,3,4,2.0,2,2,0.6429161611482592,
202201001188,2023-10-30T12:54:43Z,2023-10-30T13:00:44Z,2,1,1,1,1,2,1,2.0,2.0,2.0,2.0,1.0,,,,,,,,1.0,1.0,,,,,,,,1.0,1.0,1.0,4.0,3.0,3.0,4.0,4.0,,3.0,3.0,4.0,4.0,4.0,4.0,5.0,,4.0,4.0,3.0,3.0,3.0,2.0,3.0,1.0,,,,,2.0,2.0,2.0,,,,,,2.0,4.0,1.0,3.0,4.0,2.0,2.0,4.0,,,,,,,,,0,,0,,0,,,,,,,,,,,,,,,,,,,,,,,,,,,,,,,,,,,,,,,,,,,,,,,,,,,,,,,,,,,,,,,,,,,,,,,,,,,,,1.0,3.0,7.0,1,2,2,3,2,2,,1,2,2,1,1,1,1.0,1,5,1,,1,2,1,1,4,2.0,1,1,0.1212559162094942,
202201001247,2023-10-27T17:27:38Z,2023-10-27T17:35:06Z,2,1,1,6,2,2,2,3.0,2.0,2.0,2.0,1.0,,,,,,,,1.0,1.0,,,,,,,,1.0,2.0,1.0,1.0,1.0,1.0,1.0,1.0,3.0,,,3.0,5.0,5.0,4.0,5.0,5.0,,,2.0,2.0,2.0,2.0,1.0,2.0,1.0,4.0,1.0,4.0,4.0,1.0,1.0,1.0,1.0,2.0,1.0,1.0,1.0,1.0,1.0,3.0,1.0,3.0,3.0,1.0,2.0,2.0,2.0,2.0,,2.0,2.0,,0,,0,,0,,,,,,,,,,,,,,,,,,,,,,,,,,,,,,,,,,,,,,,,,,,,,,,,,,,,,,,,,,,,,,,,,,,,,,,,,,,,,1.0,3.0,5.0,1,1,1,3,2,2,,1,2,2,1,6,1,1.0,1,4,3,2.0,2,3,1,4,3,1.0,1,2,0.8183128064056038,
202201001390,2023-11-04T11:06:37Z,2023-11-04T11:08:48Z,2,1,1,1,1,1,1,4.0,2.0,2.0,1.0,2.0,,,,,,,,2.0,1.0,,,,,,,,1.0,2.0,3.0,4.0,2.0,3.0,3.0,5.0,,3.0,3.0,4.0,3.0,3.0,5.0,5.0,,1.0,2.0,3.0,2.0,6.0,2.0,2.0,2.0,,,,,3.0,3.0,1.0,2.0,1.0,1.0,2.0,1.0,1.0,3.0,3.0,3.0,3.0,1.0,1.0,2.0,5.0,2.0,2.0,4.0,4.0,1.0,2.0,,0,,0,,0,,,,,,,,,,,,,,,,,,,,,,,,,,,,,,,,,,,,,,,,,,,,,,,,,,,,,,,,,,,,,,,,,,,,,,,,,,,,,1.0,3.0,7.0,1,2,1,3,2,1,6.0,1,2,3,1,1,5,,4,2,1,,1,2,2,1,3,2.0,1,1,1.025232687958351,
202201001541,2023-11-01T14:53:03Z,2023-11-01T15:00:12Z,2,1,1,2,2,2,2,4.0,2.0,2.0,2.0,1.0,,,,,,,,1.0,1.0,,,,,,,,1.0,1.0,3.0,5.0,5.0,5.0,4.0,4.0,,5.0,,4.0,3.0,2.0,2.0,4.0,,3.0,,1.0,1.0,,,,2.0,1.0,4.0,1.0,3.0,1.0,,2.0,,,,,,1.0,5.0,4.0,5.0,4.0,2.0,2.0,3.0,2.0,3.0,3.0,3.0,3.0,1.0,1.0,,0,,0,,0,,,,,,,,,,,,,,,,,,,,,,,,,,,,,,,,,,,,,,,,,,,,,,,,,,,,,,,,,,,,,,,,,,,,,,,,,,,,,1.0,2.0,3.0,2,2,2,3,2,1,1.0,1,1,3,1,2,2,2.0,2,3,4,1.0,1,2,3,3,3,1.0,2,2,1.3812290460838017,
202201002101,2023-10-29T11:51:11Z,2023-10-29T11:58:45Z,2,1,1,6,2,2,2,3.0,2.0,2.0,2.0,1.0,,,,,,,,1.0,2.0,,,,,,,,1.0,2.0,3.0,1.0,4.0,3.0,3.0,3.0,3.0,,,2.0,5.0,5.0,5.0,5.0,5.0,,,2.0,2.0,2.0,2.0,5.0,3.0,1.0,5.0,1.0,5.0,5.0,1.0,1.0,1.0,2.0,2.0,1.0,1.0,1.0,1.0,3.0,1.0,2.0,3.0,3.0,4.0,,,,,,,,,0,,0,,0,,,,,,,,,,,,,,,,,,,,,,,,,,,,,,,,,,,,,,,,,,,,,,,,,,,,,,,,,,,,,,,,,,,,,,,,,,,,,2.0,3.0,5.0,2,1,2,2,3,2,,1,4,4,1,6,1,1.0,1,4,2,,2,4,1,1,5,1.0,1,1,0.1127477167468947,
202201002457,2023-10-27T23:48:58Z,2023-10-27T23:53:39Z,2,1,1,2,1,2,2,3.0,2.0,2.0,2.0,1.0,,,,,,,,1.0,1.0,,,,,,,,1.0,2.0,1.0,5.0,5.0,5.0,3.0,5.0,,5.0,4.0,5.0,5.0,5.0,5.0,5.0,,5.0,5.0,4.0,3.0,2.0,2.0,3.0,1.0,3.0,5.0,,,1.0,,2.0,,,,,,2.0,1.0,99.0,3.0,1.0,3.0,3.0,4.0,,,,,,,,,0,,0,,0,,,,,,,,,,,,,,,,,,,,,,,,,,,,,,,,,,,,,,,,,,,,,,,,,,,,,,,,,,,,,,,,,,,,,,,,,,,,,2.0,1.0,2.0,1,2,2,3,2,2,,1,1,1,1,2,12,,3,6,4,1.0,1,1,1,3,1,4.0,2,1,0.6436348001858238,
202201002504,2023-10-29T12:16:55Z,2023-10-29T12:21:44Z,1,1,1,6,2,2,2,4.0,2.0,2.0,2.0,2.0,,,,,,,,1.0,1.0,,,,,,,,1.0,2.0,1.0,2.0,1.0,3.0,2.0,1.0,4.0,,,2.0,3.0,3.0,2.0,3.0,4.0,,,2.0,3.0,2.0,2.0,5.0,1.0,1.0,1.0,1.0,1.0,1.0,,2.0,,,,,,2.0,2.0,2.0,4.0,3.0,3.0,3.0,4.0,,,,,,,,,0,,0,,0,,,,,,,,,,,,,,,,,,,,,,,,,,,,,,,,,,,,,,,,,,,,,,,,,,,,,,,,,,,,,,,,,,,,,,,,,,,,,1.0,3.0,7.0,1,1,1,1,5,2,,1,1,1,1,6,11,,4,4,1,,1,2,1,9,3,1.0,1,3,0.5056162948485664,
202201002577,2023-10-29T18:04:25Z,2023-10-29T21:33:17Z,2,1,1,6,2,2,2,2.0,2.0,2.0,2.0,1.0,,,,,,,,1.0,1.0,,,,,,,,1.0,2.0,3.0,2.0,3.0,4.0,2.0,3.0,5.0,,,2.0,3.0,3.0,3.0,3.0,6.0,,,4.0,2.0,3.0,3.0,3.0,3.0,1.0,4.0,3.0,2.0,3.0,1.0,1.0,2.0,2.0,2.0,1.0,1.0,1.0,4.0,3.0,4.0,3.0,1.0,1.0,1.0,4.0,4.0,2.0,3.0,,2.0,1.0,,0,,0,,0,,,,,,,,,,,,,,,,,,,,,,,,,,,,,,,,,,,,,,,,,,,,,,,,,,,,,,,,,,,,,,,,,,,,,,,,,,,,,1.0,1.0,2.0,1,1,2,2,3,2,,1,2,2,1,6,12,,3,5,2,,2,4,1,2,5,1.0,2,1,0.4849215726375355,
202201002647,2023-10-28T17:38:30Z,2023-10-28T17:44:26Z,1,1,1,6,2,2,2,4.0,2.0,2.0,2.0,1.0,,,,,,,,1.0,1.0,,,,,,,,1.0,1.0,2.0,4.0,3.0,4.0,2.0,3.0,4.0,,,4.0,3.0,4.0,4.0,4.0,6.0,,,4.0,3.0,3.0,3.0,5.0,1.0,1.0,4.0,1.0,3.0,1.0,,2.0,,,,,,1.0,5.0,5.0,5.0,5.0,2.0,2.0,4.0,,,,,,,,,0,,0,,0,,,,,,,,,,,,,,,,,,,,,,,,,,,,,,,,,,,,,,,,,,,,,,,,,,,,,,,,,,,,,,,,,,,,,,,,,,,,,1.0,1.0,2.0,1,1,2,1,6,2,,1,2,2,1,6,1,1.0,1,5,4,1.0,1,1,3,6,2,1.0,2,2,0.427836353026196,
202201002864,2023-10-27T20:02:31Z,2023-10-27T20:08:25Z,2,1,1,6,2,2,2,4.0,1.0,1.0,1.0,,,,,,,,,1.0,,,,,,,,,99.0,1.0,3.0,5.0,1.0,5.0,4.0,4.0,5.0,,,4.0,5.0,4.0,1.0,4.0,4.0,,,5.0,1.0,,,,2.0,1.0,3.0,1.0,3.0,3.0,3.0,1.0,2.0,2.0,1.0,1.0,2.0,1.0,4.0,3.0,5.0,4.0,2.0,2.0,1.0,4.0,4.0,4.0,4.0,,2.0,1.0,,0,,0,,0,,,,,,,,,,,,,,,,,,,,,,,,,,,,,,,,,,,,,,,,,,,,,,,,,,,,,,,,,,,,,,,,,,,,,,,,,,,,,1.0,3.0,5.0,2,1,1,1,5,2,,3,2,2,4,6,1,2.0,1,5,3,2.0,2,3,3,3,3,1.0,2,2,1.1104057709985824,
202201002895,2023-10-28T13:45:14Z,2023-10-28T13:48:39Z,2,1,1,2,2,2,2,3.0,2.0,2.0,1.0,2.0,,,,,,,,1.0,1.0,,,,,,,,1.0,1.0,1.0,4.0,2.0,2.0,2.0,2.0,,2.0,,3.0,3.0,4.0,2.0,2.0,,2.0,,2.0,3.0,2.0,2.0,3.0,1.0,2.0,2.0,2.0,3.0,3.0,3.0,1.0,1.0,1.0,1.0,2.0,2.0,1.0,3.0,3.0,3.0,3.0,2.0,2.0,4.0,,,,,,,,,0,,0,,0,,,,,,,,,,,,,,,,,,,,,,,,,,,,,,,,,,,,,,,,,,,,,,,,,,,,,,,,,,,,,,,,,,,,,,,,,,,,,1.0,3.0,5.0,2,2,1,2,4,2,,1,2,2,1,2,12,,3,6,2,,2,3,1,4,2,3.0,2,2,0.4035958676849649,
202201003196,2023-10-27T18:40:05Z,2023-10-27T18:46:19Z,2,1,1,6,2,2,2,4.0,2.0,2.0,1.0,2.0,,,,,,,,1.0,1.0,,,,,,,,1.0,2.0,1.0,2.0,2.0,2.0,2.0,3.0,4.0,,,5.0,4.0,5.0,5.0,4.0,5.0,,,2.0,1.0,,,,2.0,3.0,4.0,2.0,4.0,2.0,1.0,1.0,2.0,2.0,2.0,1.0,2.0,2.0,2.0,2.0,1.0,1.0,3.0,3.0,1.0,3.0,4.0,4.0,3.0,,2.0,1.0,,0,,0,,0,,,,,,,,,,,,,,,,,,,,,,,,,,,,,,,,,,,,,,,,,,,,,,,,,,,,,,,,,,,,,,,,,,,,,,,,,,,,,1.0,4.0,8.0,2,1,2,2,4,1,1.0,1,1,3,1,6,2,2.0,2,4,3,99.0,9,9,1,99,4,1.0,2,99,3.778665026297455,
202201003441,2023-10-27T18:25:46Z,2023-10-27T18:31:32Z,1,1,1,2,2,2,2,4.0,2.0,2.0,2.0,1.0,,,,,,,,1.0,2.0,,,,,,,,1.0,2.0,3.0,5.0,5.0,5.0,5.0,5.0,,5.0,,5.0,5.0,5.0,5.0,5.0,,5.0,,5.0,2.0,6.0,6.0,6.0,3.0,1.0,5.0,1.0,5.0,1.0,,2.0,,,,,,2.0,1.0,5.0,2.0,5.0,3.0,3.0,1.0,3.0,3.0,3.0,3.0,3.0,2.0,2.0,,0,,0,,0,,,,,,,,,,,,,,,,,,,,,,,,,,,,,,,,,,,,,,,,,,,,,,,,,,,,,,,,,,,,,,,,,,,,,,,,,,,,,1.0,3.0,5.0,2,1,1,3,2,2,,1,2,2,1,2,1,2.0,1,5,4,1.0,1,2,1,9,4,1.0,2,2,2.548085532567348,
202201003529,2023-10-29T11:09:44Z,2023-10-29T11:14:30Z,2,1,1,6,2,2,2,3.0,3.0,3.0,2.0,1.0,1.0,,,,,,,1.0,2.0,1.0,,,,,,,1.0,2.0,2.0,2.0,2.0,3.0,2.0,4.0,4.0,,,2.0,4.0,3.0,2.0,4.0,4.0,,,2.0,3.0,1.0,1.0,4.0,2.0,3.0,1.0,3.0,1.0,4.0,2.0,1.0,1.0,1.0,1.0,2.0,1.0,2.0,1.0,2.0,3.0,2.0,1.0,1.0,4.0,,,,,,,,,0,,0,,0,,,,,,,,,,,,,,,,,,,,,,,,,,,,,,,,,,,,,,,,,,,,,,,,,,,,,,,,,,,,,,,,,,,,,,,,,,,,,1.0,2.0,3.0,2,1,2,2,3,2,,1,1,1,1,6,1,2.0,1,4,2,,2,4,1,9,5,2.0,1,3,0.9438241180187196,
202201003623,2023-10-28T09:56:46Z,2023-10-28T10:01:05Z,2,1,1,1,1,2,1,4.0,2.0,2.0,2.0,1.0,,,,,,,,1.0,1.0,,,,,,,,1.0,1.0,2.0,3.0,3.0,4.0,3.0,3.0,,4.0,3.0,5.0,5.0,5.0,5.0,5.0,,5.0,5.0,3.0,3.0,3.0,3.0,3.0,1.0,,,,,1.0,,2.0,,,,,,2.0,2.0,3.0,5.0,3.0,3.0,3.0,4.0,,,,,,,,,0,,0,,0,,,,,,,,,,,,,,,,,,,,,,,,,,,,,,,,,,,,,,,,,,,,,,,,,,,,,,,,,,,,,,,,,,,,,,,,,,,,,1.0,1.0,2.0,3,2,2,1,6,2,,1,1,1,1,1,12,,3,6,2,,2,4,1,7,4,2.0,2,2,0.2426490900137802,
202201003753,2023-10-27T18:25:18Z,2023-10-27T18:30:03Z,1,1,1,6,2,2,2,4.0,2.0,2.0,2.0,1.0,,,,,,,,1.0,1.0,,,,,,,,1.0,2.0,1.0,4.0,3.0,3.0,4.0,5.0,3.0,,,5.0,5.0,5.0,5.0,4.0,5.0,,,3.0,3.0,2.0,3.0,5.0,1.0,1.0,4.0,3.0,5.0,1.0,,2.0,,,,,,2.0,1.0,2.0,4.0,2.0,3.0,3.0,4.0,,,,,,,,,0,,0,,0,,,,,,,,,,,,,,,,,,,,,,,,,,,,,,,,,,,,,,,,,,,,,,,,,,,,,,,,,,,,,,,,,,,,,,,,,,,,,1.0,1.0,2.0,1,2,1,1,5,2,,1,1,1,1,6,10,,3,6,2,,2,3,1,8,3,2.0,1,2,0.1598728173979041,
202201003766,2023-10-28T12:22:03Z,2023-10-28T12:27:14Z,2,1,1,1,2,2,1,4.0,2.0,2.0,1.0,2.0,,,,,,,,1.0,1.0,,,,,,,,1.0,1.0,2.0,3.0,3.0,4.0,4.0,4.0,,5.0,,3.0,5.0,5.0,4.0,4.0,,3.0,,4.0,3.0,3.0,2.0,5.0,1.0,,,3.0,4.0,1.0,,2.0,,,,,,2.0,4.0,2.0,5.0,5.0,2.0,3.0,4.0,,,,,,,,,0,,0,,0,,,,,,,,,,,,,,,,,,,,,,,,,,,,,,,,,,,,,,,,,,,,,,,,,,,,,,,,,,,,,,,,,,,,,,,,,,,,,1.0,4.0,9.0,2,1,2,1,6,2,,1,3,5,1,1,9,,3,6,2,,2,4,1,9,4,1.0,2,3,0.1811424613722342,
202201003924,2023-10-30T19:52:33Z,2023-10-30T19:59:34Z,1,1,1,6,2,2,2,3.0,2.0,2.0,1.0,2.0,,,,,,,,1.0,1.0,,,,,,,,1.0,1.0,1.0,1.0,3.0,5.0,3.0,4.0,5.0,,,3.0,5.0,5.0,3.0,5.0,6.0,,,5.0,1.0,,,,2.0,1.0,5.0,3.0,5.0,4.0,2.0,1.0,1.0,1.0,2.0,2.0,2.0,1.0,4.0,1.0,5.0,4.0,2.0,2.0,1.0,3.0,3.0,3.0,3.0,,2.0,2.0,,0,,0,,0,,,,,,,,,,,,,,,,,,,,,,,,,,,,,,,,,,,,,,,,,,,,,,,,,,,,,,,,,,,,,,,,,,,,,,,,,,,,,1.0,1.0,2.0,2,1,2,2,3,2,,1,2,2,1,6,1,1.0,1,2,2,,2,4,2,3,4,1.0,1,1,0.960822551064078,
202201003925,2023-10-27T23:37:23Z,2023-10-27T23:44:40Z,2,1,1,1,1,2,1,4.0,2.0,2.0,2.0,1.0,,,,,,,,1.0,1.0,,,,,,,,1.0,2.0,2.0,3.0,3.0,2.0,2.0,3.0,,4.0,2.0,3.0,5.0,5.0,5.0,5.0,,5.0,5.0,3.0,2.0,1.0,2.0,1.0,3.0,,,,,2.0,1.0,2.0,,,,,,1.0,1.0,1.0,1.0,1.0,3.0,3.0,1.0,1.0,3.0,3.0,3.0,2.0,1.0,1.0,,0,,0,,0,,,,,,,,,,,,,,,,,,,,,,,,,,,,,,,,,,,,,,,,,,,,,,,,,,,,,,,,,,,,,,,,,,,,,,,,,,,,,1.0,3.0,7.0,3,1,2,2,3,1,1.0,4,1,3,4,1,2,99.0,2,2,3,99.0,9,9,1,99,3,1.0,2,99,2.550983923664635,
202201003976,2023-10-29T11:22:21Z,2023-10-29T11:26:25Z,2,1,1,6,2,2,2,4.0,1.0,1.0,2.0,,,,,,,,,1.0,,,,,,,,,99.0,2.0,1.0,1.0,1.0,5.0,2.0,3.0,5.0,,,4.0,3.0,3.0,6.0,4.0,6.0,,,2.0,2.0,1.0,1.0,1.0,1.0,3.0,5.0,3.0,5.0,4.0,2.0,1.0,2.0,2.0,1.0,1.0,1.0,1.0,1.0,1.0,3.0,1.0,3.0,3.0,1.0,1.0,1.0,1.0,3.0,,2.0,1.0,,0,,0,,0,,,,,,,,,,,,,,,,,,,,,,,,,,,,,,,,,,,,,,,,,,,,,,,,,,,,,,,,,,,,,,,,,,,,,,,,,,,,,1.0,2.0,3.0,1,2,2,1,5,2,,1,2,2,1,6,1,2.0,1,5,2,,2,3,1,3,3,1.0,1,2,0.0622368899574861,
202201004077,2023-10-27T18:25:24Z,2023-10-27T18:40:16Z,2,1,1,6,2,2,2,4.0,2.0,2.0,1.0,2.0,,,,,,,,1.0,1.0,,,,,,,,1.0,1.0,2.0,2.0,2.0,2.0,2.0,2.0,4.0,,,5.0,5.0,5.0,5.0,5.0,5.0,,,1.0,1.0,,,,2.0,1.0,5.0,3.0,4.0,4.0,2.0,1.0,2.0,1.0,1.0,1.0,2.0,1.0,1.0,1.0,2.0,3.0,3.0,3.0,1.0,1.0,3.0,4.0,3.0,,2.0,1.0,,0,,0,,0,,,,,,,,,,,,,,,,,,,,,,,,,,,,,,,,,,,,,,,,,,,,,,,,,,,,,,,,,,,,,,,,,,,,,,,,,,,,,1.0,3.0,5.0,2,1,1,3,2,2,,1,4,4,1,6,12,,3,5,2,,2,4,1,2,4,1.0,2,1,1.504936167795942,
202201004095,2023-11-01T09:17:39Z,2023-11-01T09:22:39Z,2,1,1,1,2,2,1,4.0,2.0,2.0,1.0,2.0,,,,,,,,1.0,1.0,,,,,,,,1.0,2.0,2.0,3.0,1.0,2.0,2.0,2.0,,3.0,,4.0,5.0,4.0,4.0,4.0,,5.0,,3.0,3.0,1.0,2.0,5.0,1.0,,,1.0,3.0,2.0,1.0,2.0,,,,,,2.0,2.0,1.0,2.0,2.0,3.0,3.0,4.0,,,,,,,,,0,,0,,0,,,,,,,,,,,,,,,,,,,,,,,,,,,,,,,,,,,,,,,,,,,,,,,,,,,,,,,,,,,,,,,,,,,,,,,,,,,,,1.0,3.0,5.0,1,2,2,1,5,1,6.0,1,4,3,1,1,1,1.0,1,2,3,2.0,2,3,1,4,3,1.0,1,2,0.029602418957969,
202201004312,2023-10-30T17:12:25Z,2023-10-30T17:18:26Z,1,1,1,6,2,2,2,4.0,3.0,3.0,2.0,1.0,,,,,,,,1.0,2.0,,,,,,,,1.0,2.0,3.0,3.0,3.0,4.0,3.0,3.0,4.0,,,3.0,4.0,5.0,4.0,2.0,4.0,,,3.0,2.0,4.0,2.0,3.0,2.0,3.0,4.0,2.0,4.0,3.0,4.0,2.0,,,,,,1.0,3.0,3.0,3.0,4.0,2.0,1.0,1.0,3.0,2.0,99.0,1.0,,1.0,1.0,,0,,0,,0,,,,,,,,,,,,,,,,,,,,,,,,,,,,,,,,,,,,,,,,,,,,,,,,,,,,,,,,,,,,,,,,,,,,,,,,,,,,,1.0,3.0,7.0,2,1,2,3,2,1,1.0,1,1,3,1,6,12,,3,6,2,,2,4,3,1,4,2.0,2,1,0.4386034186597362,
202201004725,2023-10-28T02:08:57Z,2023-10-28T02:19:49Z,2,1,1,6,2,2,2,2.0,2.0,2.0,1.0,2.0,,,,,,,,1.0,1.0,,,,,,,,1.0,2.0,2.0,3.0,3.0,3.0,3.0,3.0,4.0,,,3.0,3.0,3.0,3.0,3.0,6.0,,,2.0,1.0,,,,2.0,2.0,2.0,2.0,4.0,3.0,3.0,2.0,,,,,,2.0,1.0,1.0,3.0,3.0,3.0,3.0,1.0,2.0,3.0,3.0,3.0,,2.0,2.0,,0,,0,,0,,,,,,,,,,,,,,,,,,,,,,,,,,,,,,,,,,,,,,,,,,,,,,,,,,,,,,,,,,,,,,,,,,,,,,,,,,,,,1.0,3.0,7.0,2,1,2,3,2,2,,1,2,2,1,6,12,,3,6,2,,2,4,1,7,4,1.0,2,2,0.5659321479698096,
202201004764,2023-10-27T19:35:15Z,2023-10-27T19:38:33Z,2,1,1,1,2,2,1,4.0,2.0,2.0,1.0,2.0,,,,,,,,1.0,1.0,,,,,,,,1.0,2.0,2.0,2.0,2.0,2.0,3.0,3.0,,3.0,,3.0,3.0,3.0,3.0,3.0,,3.0,,4.0,3.0,2.0,1.0,5.0,1.0,,,1.0,4.0,1.0,,2.0,,,,,,1.0,1.0,1.0,2.0,1.0,3.0,3.0,4.0,,,,,,,,,0,,0,,0,,,,,,,,,,,,,,,,,,,,,,,,,,,,,,,,,,,,,,,,,,,,,,,,,,,,,,,,,,,,,,,,,,,,,,,,,,,,,1.0,2.0,3.0,2,1,1,1,5,1,2.0,4,99,3,2,1,11,,4,6,2,,2,4,3,1,4,1.0,2,1,0.2154105282508484,
202201005479,2023-10-27T17:12:56Z,2023-10-27T17:18:16Z,2,1,1,6,1,2,2,4.0,1.0,1.0,1.0,,,,,,,,,1.0,,,,,,,,,99.0,1.0,3.0,3.0,3.0,5.0,5.0,5.0,3.0,,2.0,4.0,3.0,5.0,5.0,5.0,3.0,,5.0,3.0,3.0,3.0,2.0,5.0,1.0,3.0,4.0,,,1.0,,1.0,2.0,2.0,2.0,2.0,2.0,2.0,3.0,2.0,3.0,4.0,2.0,3.0,4.0,,,,,,,,,0,,0,,0,,,,,,,,,,,,,,,,,,,,,,,,,,,,,,,,,,,,,,,,,,,,,,,,,,,,,,,,,,,,,,,,,,,,,,,,,,,,,1.0,3.0,5.0,2,2,2,3,2,2,,1,2,2,1,6,12,,3,5,3,2.0,2,4,3,1,5,1.0,2,1,0.1733084587859468,
202201005661,2023-10-27T18:24:58Z,2023-10-27T18:29:28Z,2,1,1,6,2,2,2,4.0,2.0,2.0,2.0,1.0,,,,,,,,1.0,1.0,,,,,,,,1.0,1.0,1.0,1.0,1.0,5.0,5.0,5.0,5.0,,,5.0,5.0,5.0,5.0,5.0,5.0,,,5.0,2.0,5.0,3.0,4.0,1.0,3.0,5.0,2.0,5.0,3.0,1.0,2.0,,,,,,1.0,1.0,1.0,3.0,1.0,3.0,3.0,2.0,1.0,1.0,1.0,1.0,,1.0,1.0,,0,,0,,0,,,,,,,,,,,,,,,,,,,,,,,,,,,,,,,,,,,,,,,,,,,,,,,,,,,,,,,,,,,,,,,,,,,,,,,,,,,,,2.0,3.0,7.0,1,1,1,3,2,2,,1,2,2,1,6,1,2.0,1,4,3,1.0,1,2,1,1,4,1.0,2,1,4.20793447850794,
202201005805,2023-10-27T21:14:17Z,2023-10-27T21:18:53Z,1,1,1,6,2,2,2,4.0,1.0,1.0,2.0,,,,,,,,,1.0,,,,,,,,,99.0,2.0,1.0,4.0,3.0,3.0,4.0,3.0,4.0,,,4.0,4.0,3.0,4.0,3.0,3.0,,,4.0,2.0,2.0,2.0,2.0,3.0,3.0,4.0,2.0,4.0,2.0,1.0,2.0,,,,,,1.0,3.0,3.0,3.0,1.0,1.0,1.0,3.0,3.0,2.0,4.0,4.0,,2.0,1.0,,0,,0,,0,,,,,,,,,,,,,,,,,,,,,,,,,,,,,,,,,,,,,,,,,,,,,,,,,,,,,,,,,,,,,,,,,,,,,,,,,,,,,1.0,4.0,9.0,1,1,1,1,6,2,,1,2,2,1,6,12,,3,6,4,2.0,2,4,3,9,4,1.0,1,3,0.2126254520241347,
202201005996,2023-10-31T12:52:38Z,2023-10-31T12:57:40Z,2,1,1,6,2,2,2,4.0,2.0,2.0,2.0,1.0,,,,,,,,1.0,1.0,,,,,,,,1.0,2.0,4.0,3.0,4.0,5.0,5.0,5.0,5.0,,,4.0,2.0,5.0,3.0,3.0,3.0,,,3.0,1.0,,,,1.0,3.0,3.0,3.0,2.0,3.0,1.0,1.0,2.0,1.0,2.0,1.0,2.0,1.0,3.0,3.0,4.0,2.0,1.0,3.0,1.0,3.0,3.0,4.0,4.0,,1.0,1.0,,0,,0,,0,,,,,,,,,,,,,,,,,,,,,,,,,,,,,,,,,,,,,,,,,,,,,,,,,,,,,,,,,,,,,,,,,,,,,,,,,,,,,1.0,3.0,5.0,3,1,1,2,4,2,,1,2,2,1,6,12,,3,4,2,,2,3,3,2,3,1.0,2,1,1.5514189809651038,
202201006018,2023-10-30T00:49:02Z,2023-10-30T01:01:05Z,2,1,1,6,2,2,2,4.0,2.0,2.0,2.0,1.0,,,,,,,,1.0,2.0,,,,,,,,1.0,2.0,1.0,1.0,1.0,3.0,1.0,1.0,3.0,,,3.0,3.0,4.0,2.0,3.0,3.0,,,1.0,2.0,1.0,2.0,1.0,2.0,3.0,4.0,3.0,4.0,3.0,2.0,1.0,2.0,2.0,2.0,1.0,1.0,1.0,1.0,1.0,2.0,2.0,3.0,3.0,1.0,1.0,2.0,3.0,3.0,,2.0,1.0,,0,,0,,0,,,,,,,,,,,,,,,,,,,,,,,,,,,,,,,,,,,,,,,,,,,,,,,,,,,,,,,,,,,,,,,,,,,,,,,,,,,,,1.0,3.0,5.0,1,1,2,3,2,2,,1,2,2,1,6,12,,3,4,3,2.0,2,4,3,1,4,1.0,2,1,0.7939953515167091,
202201006064,2023-10-27T20:23:48Z,2023-10-27T20:28:48Z,2,1,1,6,1,2,2,4.0,1.0,1.0,2.0,,,,,,,,,1.0,,,,,,,,,99.0,2.0,3.0,4.0,4.0,5.0,5.0,3.0,3.0,,3.0,3.0,5.0,5.0,5.0,5.0,4.0,,5.0,4.0,3.0,3.0,3.0,3.0,1.0,3.0,5.0,,,1.0,,2.0,,,,,,2.0,4.0,1.0,5.0,4.0,2.0,2.0,4.0,,,,,,,,,0,,0,,0,,,,,,,,,,,,,,,,,,,,,,,,,,,,,,,,,,,,,,,,,,,,,,,,,,,,,,,,,,,,,,,,,,,,,,,,,,,,,1.0,3.0,5.0,1,2,2,1,6,2,,1,5,4,1,6,1,2.0,1,6,3,2.0,2,3,2,4,3,1.0,1,2,0.107549704527904,
202201006145,2023-10-27T22:31:39Z,2023-10-27T22:36:00Z,2,1,1,6,2,2,2,4.0,2.0,2.0,2.0,1.0,,,,,,,,1.0,1.0,,,,,,,,1.0,2.0,1.0,3.0,2.0,5.0,3.0,4.0,4.0,,,3.0,4.0,5.0,4.0,5.0,5.0,,,4.0,1.0,,,,1.0,1.0,5.0,2.0,5.0,2.0,1.0,2.0,,,,,,1.0,1.0,2.0,4.0,2.0,3.0,3.0,1.0,1.0,1.0,4.0,3.0,,1.0,1.0,,0,,0,,0,,,,,,,,,,,,,,,,,,,,,,,,,,,,,,,,,,,,,,,,,,,,,,,,,,,,,,,,,,,,,,,,,,,,,,,,,,,,,2.0,3.0,7.0,3,1,2,1,6,1,1.0,4,1,3,4,6,12,,3,5,4,2.0,2,4,1,4,4,1.0,2,2,0.5517218241144093,
202201006607,2023-10-27T16:59:48Z,2023-10-27T17:07:19Z,2,1,1,6,1,2,2,4.0,2.0,2.0,1.0,2.0,,,,,,,,1.0,1.0,,,,,,,,1.0,1.0,5.0,4.0,4.0,5.0,5.0,5.0,5.0,,5.0,5.0,3.0,3.0,3.0,5.0,4.0,,5.0,5.0,3.0,5.0,5.0,6.0,3.0,2.0,5.0,,,1.0,,2.0,,,,,,2.0,5.0,5.0,5.0,5.0,2.0,2.0,4.0,,,,,,,,,0,,0,,0,,,,,,,,,,,,,,,,,,,,,,,,,,,,,,,,,,,,,,,,,,,,,,,,,,,,,,,,,,,,,,,,,,,,,,,,,,,,,1.0,2.0,3.0,2,1,2,3,1,2,,1,1,1,1,6,9,,3,6,4,2.0,2,4,3,4,4,1.0,1,2,1.0032581102704363,
202201006715,2023-10-27T17:33:01Z,2023-10-27T17:40:16Z,2,1,1,1,1,2,1,4.0,2.0,2.0,2.0,1.0,,,,,,,,1.0,2.0,,,,,,,,1.0,2.0,4.0,5.0,5.0,5.0,5.0,5.0,,5.0,5.0,3.0,1.0,1.0,3.0,4.0,,1.0,2.0,5.0,3.0,3.0,2.0,5.0,2.0,,,,,1.0,,2.0,,,,,,1.0,5.0,4.0,4.0,4.0,1.0,3.0,4.0,,,,,,,,,0,,0,,0,,,,,,,,,,,,,,,,,,,,,,,,,,,,,,,,,,,,,,,,,,,,,,,,,,,,,,,,,,,,,,,,,,,,,,,,,,,,,1.0,3.0,7.0,2,2,2,3,2,2,,1,1,1,1,1,10,,3,6,3,1.0,1,2,2,5,3,2.0,2,1,0.9972132184081994,
202201006771,2023-10-27T17:08:54Z,2023-10-27T17:14:20Z,2,2,1,1,1,2,1,4.0,1.0,1.0,2.0,,,,,,,,,1.0,,,,,,,,,99.0,2.0,1.0,3.0,3.0,5.0,2.0,5.0,,3.0,4.0,5.0,5.0,5.0,5.0,4.0,,5.0,3.0,5.0,3.0,2.0,2.0,99.0,1.0,,,,,1.0,,2.0,,,,,,1.0,1.0,99.0,4.0,3.0,2.0,1.0,4.0,,,,,,,,,0,,0,,0,,,,,,,,,,,,,,,,,,,,,,,,,,,,,,,,,,,,,,,,,,,,,,,,,,,,,,,,,,,,,,,,,,,,,,,,,,,,,1.0,3.0,7.0,1,2,2,3,1,1,1.0,2,1,3,3,1,2,2.0,2,4,99,99.0,9,9,3,99,99,1.0,2,99,5.170590985284137,
202201007200,2023-10-27T17:32:37Z,2023-10-27T17:38:20Z,2,1,1,1,1,2,1,4.0,2.0,2.0,2.0,1.0,,,,,,,,1.0,1.0,,,,,,,,1.0,1.0,3.0,1.0,4.0,5.0,3.0,4.0,,5.0,2.0,3.0,5.0,5.0,5.0,3.0,,5.0,2.0,4.0,3.0,1.0,2.0,1.0,3.0,,,,,3.0,1.0,1.0,2.0,2.0,1.0,1.0,1.0,1.0,2.0,3.0,1.0,3.0,1.0,3.0,4.0,,,,,,,,,0,,0,,0,,,,,,,,,,,,,,,,,,,,,,,,,,,,,,,,,,,,,,,,,,,,,,,,,,,,,,,,,,,,,,,,,,,,,,,,,,,,,1.0,4.0,8.0,1,1,2,2,3,1,1.0,1,1,3,1,1,12,,3,6,4,1.0,1,2,2,1,3,1.0,2,1,2.0235772240456398,
202201007550,2023-10-30T16:43:57Z,2023-10-30T17:41:11Z,2,1,1,1,1,2,1,4.0,2.0,2.0,2.0,1.0,,,,,,,,1.0,1.0,,,,,,,,1.0,1.0,1.0,2.0,3.0,3.0,2.0,3.0,,3.0,1.0,4.0,5.0,4.0,4.0,4.0,,5.0,4.0,2.0,3.0,2.0,2.0,3.0,3.0,,,,,1.0,,2.0,,,,,,2.0,1.0,1.0,4.0,2.0,3.0,3.0,4.0,,,,,,,,,0,,0,,0,,,,,,,,,,,,,,,,,,,,,,,,,,,,,,,,,,,,,,,,,,,,,,,,,,,,,,,,,,,,,,,,,,,,,,,,,,,,,1.0,3.0,7.0,2,2,2,1,5,2,,1,1,1,1,1,1,1.0,1,2,1,,1,1,1,9,2,1.0,2,3,0.5763977903803778,
202201007616,2023-10-29T17:16:43Z,2023-10-29T17:21:30Z,2,1,1,1,1,1,1,4.0,2.0,2.0,2.0,1.0,,,,,,,,1.0,1.0,,,,,,,,1.0,1.0,1.0,1.0,1.0,1.0,1.0,1.0,,1.0,1.0,1.0,1.0,1.0,1.0,2.0,,1.0,1.0,1.0,3.0,3.0,3.0,3.0,3.0,,,,,2.0,4.0,1.0,2.0,2.0,1.0,1.0,1.0,1.0,1.0,1.0,1.0,1.0,3.0,3.0,4.0,,,,,,,,,0,,0,,0,,,,,,,,,,,,,,,,,,,,,,,,,,,,,,,,,,,,,,,,,,,,,,,,,,,,,,,,,,,,,,,,,,,,,,,,,,,,,1.0,3.0,5.0,2,2,1,2,3,2,,1,4,4,1,1,12,,3,5,3,1.0,1,2,1,1,3,1.0,2,1,0.1978225872318496,
202201007696,2023-10-27T17:18:24Z,2023-10-27T17:22:38Z,2,1,1,2,2,2,2,2.0,2.0,2.0,2.0,1.0,,,,,,,,1.0,1.0,,,,,,,,1.0,2.0,1.0,4.0,2.0,4.0,4.0,4.0,,5.0,,3.0,1.0,2.0,2.0,3.0,,5.0,,4.0,3.0,3.0,1.0,4.0,1.0,3.0,1.0,2.0,1.0,1.0,,1.0,2.0,1.0,2.0,2.0,2.0,1.0,1.0,1.0,1.0,2.0,3.0,3.0,4.0,,,,,,,,,0,,0,,0,,,,,,,,,,,,,,,,,,,,,,,,,,,,,,,,,,,,,,,,,,,,,,,,,,,,,,,,,,,,,,,,,,,,,,,,,,,,,1.0,3.0,7.0,2,1,2,2,3,1,1.0,1,1,3,1,2,9,,3,6,3,2.0,2,4,1,1,4,1.0,2,1,0.6833052356474882,
202201007710,2023-10-28T08:06:51Z,2023-10-28T08:16:24Z,2,1,1,6,1,2,2,4.0,2.0,2.0,2.0,1.0,,,,,,,,1.0,2.0,,,,,,,,1.0,2.0,5.0,3.0,4.0,4.0,5.0,3.0,3.0,,5.0,5.0,5.0,5.0,5.0,5.0,5.0,,5.0,4.0,3.0,2.0,1.0,3.0,3.0,1.0,5.0,,,1.0,,2.0,,,,,,1.0,3.0,1.0,1.0,1.0,2.0,2.0,4.0,,,,,,,,,0,,0,,0,,,,,,,,,,,,,,,,,,,,,,,,,,,,,,,,,,,,,,,,,,,,,,,,,,,,,,,,,,,,,,,,,,,,,,,,,,,,,1.0,3.0,5.0,2,1,2,3,2,2,,1,2,2,1,6,12,,3,6,4,2.0,2,3,2,1,3,3.0,2,1,1.5429718866094742,
202201008188,2023-10-30T12:46:41Z,2023-10-30T12:51:33Z,1,1,1,6,2,2,2,4.0,2.0,2.0,1.0,2.0,,,,,,,,1.0,1.0,,,,,,,,1.0,2.0,1.0,3.0,3.0,4.0,4.0,4.0,4.0,,,3.0,3.0,99.0,99.0,3.0,3.0,,,3.0,3.0,5.0,3.0,5.0,2.0,1.0,5.0,1.0,5.0,2.0,1.0,1.0,2.0,1.0,2.0,2.0,1.0,2.0,3.0,2.0,4.0,2.0,2.0,2.0,4.0,,,,,,,,,0,,0,,0,,,,,,,,,,,,,,,,,,,,,,,,,,,,,,,,,,,,,,,,,,,,,,,,,,,,,,,,,,,,,,,,,,,,,,,,,,,,,1.0,3.0,7.0,2,1,2,1,5,2,,1,1,1,1,6,2,2.0,2,4,4,1.0,1,2,3,1,3,1.0,1,1,1.0121296863855491,
202201008254,2023-10-27T21:56:45Z,2023-10-27T22:03:52Z,1,1,1,6,2,2,2,3.0,2.0,2.0,1.0,2.0,,,,,,,,1.0,1.0,,,,,,,,1.0,2.0,1.0,2.0,1.0,4.0,3.0,3.0,5.0,,,4.0,5.0,5.0,4.0,3.0,6.0,,,3.0,3.0,3.0,3.0,3.0,1.0,1.0,4.0,1.0,4.0,2.0,1.0,2.0,,,,,,2.0,1.0,2.0,4.0,3.0,3.0,2.0,4.0,,,,,,,,,0,,0,,0,,,,,,,,,,,,,,,,,,,,,,,,,,,,,,,,,,,,,,,,,,,,,,,,,,,,,,,,,,,,,,,,,,,,,,,,,,,,,1.0,3.0,7.0,1,1,2,1,6,2,,1,1,1,1,6,2,2.0,2,1,1,,1,1,2,2,1,1.0,2,2,5.248770798307983,
202201008733,2023-10-30T10:39:00Z,2023-10-30T10:44:23Z,2,1,1,6,2,2,2,4.0,2.0,2.0,1.0,2.0,,,,,,,,1.0,1.0,,,,,,,,1.0,1.0,2.0,3.0,3.0,4.0,4.0,4.0,4.0,,,3.0,4.0,4.0,2.0,3.0,3.0,,,4.0,1.0,,,,4.0,3.0,4.0,3.0,4.0,5.0,3.0,1.0,2.0,1.0,2.0,1.0,1.0,1.0,4.0,4.0,4.0,3.0,3.0,3.0,1.0,3.0,3.0,3.0,3.0,,2.0,1.0,,0,,0,,0,,,,,,,,,,,,,,,,,,,,,,,,,,,,,,,,,,,,,,,,,,,,,,,,,,,,,,,,,,,,,,,,,,,,,,,,,,,,,1.0,3.0,5.0,2,2,1,1,5,2,,1,2,2,1,6,1,2.0,1,5,2,,2,4,1,1,4,2.0,2,1,0.3670078888144276,
202201008883,2023-10-27T17:05:55Z,2023-10-27T17:17:26Z,2,1,1,6,1,2,2,3.0,1.0,1.0,2.0,,,,,,,,,1.0,,,,,,,,,99.0,2.0,1.0,1.0,1.0,1.0,1.0,1.0,1.0,,1.0,4.0,5.0,5.0,3.0,4.0,4.0,,5.0,1.0,3.0,1.0,1.0,1.0,1.0,1.0,3.0,,,2.0,3.0,1.0,1.0,2.0,1.0,1.0,1.0,1.0,1.0,1.0,2.0,1.0,3.0,3.0,4.0,,,,,,,,,0,,0,,0,,,,,,,,,,,,,,,,,,,,,,,,,,,,,,,,,,,,,,,,,,,,,,,,,,,,,,,,,,,,,,,,,,,,,,,,,,,,,1.0,3.0,6.0,1,2,2,2,3,2,,1,2,2,1,6,1,99.0,1,3,2,,2,3,1,2,3,1.0,2,1,0.1123727531586534,
202201009053,2023-10-27T19:49:31Z,2023-10-27T19:59:23Z,2,1,1,6,1,2,2,4.0,2.0,2.0,2.0,1.0,,,,,,,,1.0,1.0,,,,,,,,1.0,1.0,3.0,5.0,5.0,5.0,5.0,5.0,5.0,,5.0,5.0,5.0,5.0,5.0,5.0,5.0,,5.0,2.0,3.0,2.0,5.0,2.0,2.0,1.0,4.0,,,2.0,1.0,2.0,,,,,,2.0,3.0,1.0,5.0,5.0,2.0,2.0,4.0,,,,,,,,,0,,0,,0,,,,,,,,,,,,,,,,,,,,,,,,,,,,,,,,,,,,,,,,,,,,,,,,,,,,,,,,,,,,,,,,,,,,,,,,,,,,,1.0,3.0,6.0,1,2,2,2,3,2,,1,2,2,1,6,1,2.0,1,4,2,,2,3,1,1,3,1.0,2,1,0.124002183778461,
202201009240,2023-10-27T17:44:59Z,2023-10-27T17:49:49Z,2,1,1,2,1,1,2,4.0,2.0,2.0,2.0,1.0,,,,,,,,1.0,1.0,,,,,,,,1.0,2.0,3.0,5.0,5.0,5.0,5.0,5.0,,5.0,5.0,5.0,5.0,5.0,3.0,5.0,,5.0,4.0,5.0,3.0,6.0,6.0,4.0,1.0,1.0,5.0,,,1.0,,2.0,,,,,,2.0,5.0,5.0,5.0,2.0,3.0,3.0,4.0,,,,,,,,,0,,0,,0,,,,,,,,,,,,,,,,,,,,,,,,,,,,,,,,,,,,,,,,,,,,,,,,,,,,,,,,,,,,,,,,,,,,,,,,,,,,,2.0,3.0,7.0,3,2,2,2,3,2,,1,2,2,1,2,1,2.0,1,4,3,1.0,1,2,3,1,3,1.0,1,1,1.1509757700229872,
202201009255,2023-10-27T17:23:49Z,2023-10-27T17:27:24Z,2,1,1,1,1,2,1,4.0,1.0,1.0,1.0,,,,,,,,,1.0,,,,,,,,,99.0,1.0,1.0,5.0,5.0,5.0,5.0,5.0,,5.0,4.0,3.0,3.0,2.0,4.0,3.0,,5.0,4.0,4.0,3.0,3.0,2.0,3.0,1.0,,,,,1.0,,2.0,,,,,,2.0,4.0,3.0,3.0,3.0,2.0,2.0,4.0,,,,,,,,,0,,0,,0,,,,,,,,,,,,,,,,,,,,,,,,,,,,,,,,,,,,,,,,,,,,,,,,,,,,,,,,,,,,,,,,,,,,,,,,,,,,,1.0,4.0,9.0,2,2,2,1,5,1,5.0,1,5,3,1,1,12,,3,4,2,,2,3,1,9,3,1.0,2,2,0.3434815858830564,
202201009647,2023-11-01T08:46:34Z,2023-11-01T08:50:51Z,2,1,1,6,1,2,2,4.0,2.0,2.0,2.0,1.0,,,,,,,,1.0,1.0,,,,,,,,1.0,2.0,1.0,1.0,1.0,2.0,3.0,1.0,4.0,,1.0,3.0,5.0,5.0,5.0,3.0,2.0,,4.0,1.0,3.0,1.0,1.0,5.0,1.0,3.0,5.0,,,3.0,1.0,1.0,2.0,2.0,1.0,1.0,1.0,2.0,1.0,1.0,3.0,1.0,3.0,3.0,4.0,,,,,,,,,0,,0,,0,,,,,,,,,,,,,,,,,,,,,,,,,,,,,,,,,,,,,,,,,,,,,,,,,,,,,,,,,,,,,,,,,,,,,,,,,,,,,1.0,3.0,5.0,1,1,2,1,5,2,,1,2,2,1,6,12,,3,5,3,2.0,2,3,1,4,3,1.0,2,2,0.1190210149574495,
202201009832,2023-10-31T15:59:54Z,2023-10-31T16:05:00Z,2,1,1,6,1,2,2,2.0,2.0,2.0,1.0,2.0,,,,,,,,1.0,1.0,,,,,,,,1.0,2.0,2.0,1.0,1.0,3.0,1.0,1.0,1.0,,1.0,5.0,5.0,5.0,5.0,3.0,3.0,,5.0,1.0,2.0,3.0,2.0,3.0,2.0,1.0,5.0,,,5.0,3.0,1.0,2.0,2.0,2.0,1.0,2.0,2.0,1.0,1.0,3.0,1.0,3.0,3.0,4.0,,,,,,,,,0,,0,,0,,,,,,,,,,,,,,,,,,,,,,,,,,,,,,,,,,,,,,,,,,,,,,,,,,,,,,,,,,,,,,,,,,,,,,,,,,,,,2.0,2.0,3.0,3,2,2,2,3,2,,1,1,1,1,6,1,2.0,1,6,4,1.0,1,2,3,6,3,1.0,2,2,0.7085922845124981,
202201009877,2023-10-27T16:58:00Z,2023-10-27T17:00:37Z,2,1,1,2,1,1,2,2.0,2.0,2.0,2.0,1.0,,,,,,,,1.0,1.0,,,,,,,,1.0,2.0,2.0,3.0,3.0,3.0,3.0,3.0,,3.0,3.0,3.0,3.0,3.0,3.0,3.0,,3.0,3.0,3.0,3.0,1.0,1.0,1.0,2.0,1.0,3.0,,,3.0,3.0,2.0,,,,,,2.0,3.0,2.0,3.0,3.0,3.0,3.0,4.0,,,,,,,,,0,,0,,0,,,,,,,,,,,,,,,,,,,,,,,,,,,,,,,,,,,,,,,,,,,,,,,,,,,,,,,,,,,,,,,,,,,,,,,,,,,,,1.0,3.0,5.0,1,2,1,2,4,1,1.0,1,2,3,1,2,12,,3,5,2,,2,3,1,5,1,1.0,1,2,0.073364268285182,
202201010018,2023-10-29T13:23:35Z,2023-10-29T13:27:19Z,2,1,1,2,2,2,2,4.0,2.0,2.0,2.0,1.0,,,,,,,,1.0,1.0,,,,,,,,1.0,2.0,1.0,3.0,3.0,3.0,3.0,3.0,,3.0,,4.0,5.0,5.0,4.0,5.0,,5.0,,3.0,3.0,1.0,1.0,6.0,4.0,1.0,5.0,1.0,5.0,1.0,,2.0,,,,,,1.0,2.0,1.0,4.0,1.0,3.0,3.0,4.0,,,,,,,,,0,,0,,0,,,,,,,,,,,,,,,,,,,,,,,,,,,,,,,,,,,,,,,,,,,,,,,,,,,,,,,,,,,,,,,,,,,,,,,,,,,,,1.0,1.0,2.0,1,2,1,1,5,2,,1,2,2,1,2,6,,4,5,4,99.0,9,9,1,3,99,2.0,2,99,0.4444553893608479,
202201010030,2023-10-28T01:15:25Z,2023-10-28T01:19:20Z,2,1,1,6,1,1,2,4.0,2.0,2.0,2.0,1.0,,,,,,,,1.0,1.0,,,,,,,,1.0,2.0,2.0,3.0,3.0,3.0,3.0,3.0,3.0,,3.0,3.0,3.0,3.0,3.0,3.0,3.0,,3.0,3.0,3.0,1.0,1.0,1.0,2.0,1.0,3.0,,,3.0,3.0,1.0,1.0,1.0,1.0,1.0,1.0,1.0,1.0,1.0,1.0,1.0,1.0,3.0,4.0,,,,,,,,,0,,0,,0,,,,,,,,,,,,,,,,,,,,,,,,,,,,,,,,,,,,,,,,,,,,,,,,,,,,,,,,,,,,,,,,,,,,,,,,,,,,,1.0,3.0,7.0,1,2,2,3,2,2,,1,2,2,1,6,12,,3,3,4,1.0,1,2,3,1,3,3.0,2,1,0.8563792755453523,
202201010180,2023-10-29T22:04:07Z,2023-10-29T22:07:42Z,2,1,1,1,1,2,1,4.0,2.0,2.0,1.0,2.0,,,,,,,,1.0,1.0,,,,,,,,1.0,1.0,1.0,2.0,3.0,4.0,3.0,2.0,,5.0,3.0,5.0,5.0,5.0,5.0,5.0,,5.0,5.0,2.0,3.0,2.0,2.0,2.0,1.0,,,,,1.0,,2.0,,,,,,2.0,2.0,2.0,5.0,3.0,2.0,2.0,4.0,,,,,,,,,0,,0,,0,,,,,,,,,,,,,,,,,,,,,,,,,,,,,,,,,,,,,,,,,,,,,,,,,,,,,,,,,,,,,,,,,,,,,,,,,,,,,1.0,3.0,5.0,3,2,2,1,5,2,,1,1,1,1,1,1,2.0,1,4,1,,1,2,1,9,3,1.0,2,2,0.5763977903803778,
202201010237,2023-10-27T23:04:36Z,2023-10-27T23:28:48Z,2,1,1,6,1,2,2,4.0,2.0,2.0,1.0,2.0,,,,,,,,1.0,1.0,,,,,,,,1.0,1.0,3.0,1.0,4.0,3.0,3.0,4.0,5.0,,4.0,5.0,3.0,5.0,5.0,5.0,4.0,,2.0,4.0,3.0,2.0,1.0,1.0,1.0,3.0,5.0,,,1.0,,1.0,2.0,2.0,2.0,2.0,2.0,1.0,4.0,3.0,4.0,4.0,3.0,2.0,4.0,,,,,,,,,0,,0,,0,,,,,,,,,,,,,,,,,,,,,,,,,,,,,,,,,,,,,,,,,,,,,,,,,,,,,,,,,,,,,,,,,,,,,,,,,,,,,1.0,2.0,3.0,3,1,2,3,2,2,,1,2,2,1,6,12,,3,6,4,99.0,9,9,3,1,99,1.0,2,99,0.8001806824636396,
202201010393,2023-10-27T17:41:52Z,2023-10-29T11:27:50Z,2,1,1,6,2,2,2,4.0,2.0,2.0,2.0,1.0,,,,,,,,1.0,1.0,,,,,,,,1.0,1.0,2.0,3.0,3.0,2.0,2.0,2.0,3.0,,,2.0,2.0,5.0,3.0,4.0,6.0,,,2.0,2.0,3.0,3.0,5.0,3.0,3.0,4.0,3.0,4.0,4.0,2.0,1.0,2.0,1.0,1.0,1.0,1.0,1.0,5.0,4.0,5.0,5.0,2.0,2.0,4.0,,,,,,,,,0,,0,,0,,,,,,,,,,,,,,,,,,,,,,,,,,,,,,,,,,,,,,,,,,,,,,,,,,,,,,,,,,,,,,,,,,,,,,,,,,,,,1.0,3.0,5.0,1,1,1,3,2,2,,1,4,4,1,6,1,1.0,1,4,2,,2,4,1,2,4,1.0,2,1,1.876040818835596,
202201010474,2023-10-27T18:25:37Z,2023-10-27T18:30:53Z,2,1,1,2,1,2,2,4.0,1.0,1.0,2.0,,,,,,,,,1.0,,,,,,,,,99.0,2.0,4.0,4.0,3.0,2.0,3.0,3.0,,3.0,3.0,5.0,5.0,5.0,6.0,5.0,,3.0,5.0,2.0,3.0,1.0,3.0,2.0,1.0,1.0,2.0,,,1.0,,2.0,,,,,,2.0,1.0,1.0,4.0,2.0,3.0,3.0,4.0,,,,,,,,,0,,0,,0,,,,,,,,,,,,,,,,,,,,,,,,,,,,,,,,,,,,,,,,,,,,,,,,,,,,,,,,,,,,,,,,,,,,,,,,,,,,,1.0,3.0,5.0,1,2,1,3,2,2,,1,2,2,1,2,1,2.0,1,5,3,2.0,2,3,1,1,3,2.0,2,1,0.9576224872504188,
202201010614,2023-10-27T18:35:03Z,2023-10-27T18:55:41Z,2,1,1,6,2,2,2,4.0,2.0,2.0,2.0,1.0,,,,,,,,1.0,2.0,,,,,,,,1.0,2.0,2.0,2.0,3.0,1.0,3.0,2.0,5.0,,,5.0,4.0,5.0,5.0,4.0,5.0,,,2.0,2.0,3.0,2.0,1.0,1.0,2.0,5.0,2.0,5.0,1.0,,1.0,2.0,2.0,2.0,2.0,1.0,1.0,1.0,1.0,3.0,2.0,3.0,3.0,3.0,1.0,4.0,2.0,3.0,,1.0,1.0,,0,,0,,0,,,,,,,,,,,,,,,,,,,,,,,,,,,,,,,,,,,,,,,,,,,,,,,,,,,,,,,,,,,,,,,,,,,,,,,,,,,,,1.0,3.0,6.0,1,1,2,3,2,2,,1,2,2,1,6,9,,3,6,4,2.0,2,4,2,3,4,1.0,2,2,1.1032128747388792,
202201010670,2023-10-27T17:42:57Z,2023-10-27T17:47:28Z,2,1,1,2,1,1,1,4.0,1.0,1.0,2.0,,,,,,,,,1.0,,,,,,,,,99.0,2.0,1.0,4.0,3.0,5.0,3.0,4.0,,3.0,3.0,5.0,5.0,5.0,5.0,5.0,,5.0,5.0,5.0,3.0,5.0,5.0,5.0,1.0,,,,,1.0,,2.0,,,,,,2.0,5.0,4.0,5.0,4.0,2.0,2.0,4.0,,,,,,,,,0,,0,,0,,,,,,,,,,,,,,,,,,,,,,,,,,,,,,,,,,,,,,,,,,,,,,,,,,,,,,,,,,,,,,,,,,,,,,,,,,,,,1.0,3.0,6.0,2,2,2,3,2,2,,1,1,1,1,2,12,,3,5,3,1.0,1,2,3,1,3,1.0,2,1,0.2126817294103945,
202201010695,2023-11-05T18:24:40Z,2023-11-05T18:32:51Z,2,1,1,6,2,2,2,4.0,2.0,2.0,2.0,1.0,,,,,,,,1.0,1.0,,,,,,,,1.0,2.0,2.0,2.0,2.0,4.0,3.0,2.0,4.0,,,4.0,3.0,5.0,5.0,4.0,5.0,,,3.0,2.0,2.0,2.0,2.0,1.0,1.0,5.0,1.0,3.0,2.0,1.0,1.0,2.0,2.0,1.0,2.0,2.0,2.0,2.0,2.0,1.0,2.0,3.0,3.0,4.0,,,,,,,,,0,,0,,0,,,,,,,,,,,,,,,,,,,,,,,,,,,,,,,,,,,,,,,,,,,,,,,,,,,,,,,,,,,,,,,,,,,,,,,,,,,,,1.0,3.0,5.0,2,1,2,1,6,2,,1,2,2,1,6,12,,3,5,2,,2,4,2,7,4,1.0,1,2,0.3612969451818452,
202201010957,2023-10-29T12:50:18Z,2023-10-29T13:06:48Z,2,1,1,6,2,2,2,4.0,2.0,2.0,3.0,3.0,,,,,,,,1.0,1.0,,,,,,,,1.0,3.0,3.0,2.0,4.0,3.0,3.0,3.0,4.0,,,4.0,2.0,4.0,3.0,3.0,4.0,,,3.0,2.0,5.0,4.0,4.0,2.0,1.0,4.0,1.0,5.0,4.0,1.0,1.0,2.0,2.0,1.0,1.0,1.0,1.0,3.0,3.0,2.0,2.0,1.0,3.0,3.0,4.0,3.0,4.0,3.0,,2.0,1.0,,0,,0,,0,,,,,,,,,,,,,,,,,,,,,,,,,,,,,,,,,,,,,,,,,,,,,,,,,,,,,,,,,,,,,,,,,,,,,,,,,,,,,1.0,2.0,3.0,2,1,2,2,3,2,,1,4,4,1,6,1,1.0,1,1,3,1.0,1,1,3,1,2,1.0,1,1,0.4288396845075145,
202201010987,2023-10-27T18:36:22Z,2023-10-27T18:43:55Z,2,1,1,6,2,2,2,3.0,2.0,2.0,2.0,1.0,,,,,,,,1.0,2.0,,,,,,,,1.0,2.0,4.0,3.0,4.0,4.0,4.0,4.0,4.0,,,4.0,5.0,5.0,4.0,5.0,5.0,,,4.0,2.0,1.0,2.0,1.0,3.0,2.0,4.0,2.0,4.0,3.0,1.0,1.0,2.0,2.0,1.0,1.0,1.0,1.0,2.0,2.0,3.0,3.0,3.0,1.0,1.0,2.0,3.0,3.0,4.0,,2.0,1.0,,0,,0,,0,,,,,,,,,,,,,,,,,,,,,,,,,,,,,,,,,,,,,,,,,,,,,,,,,,,,,,,,,,,,,,,,,,,,,,,,,,,,,1.0,1.0,2.0,3,1,3,2,3,1,1.0,1,3,3,1,6,10,,3,6,3,2.0,2,3,1,1,3,1.0,2,1,0.5859121940959385,
202201011039,2023-10-27T17:09:50Z,2023-10-27T17:14:13Z,1,1,1,6,2,2,2,4.0,2.0,2.0,2.0,1.0,,,,,,,,1.0,1.0,,,,,,,,1.0,2.0,2.0,3.0,3.0,4.0,2.0,3.0,3.0,,,2.0,3.0,3.0,2.0,3.0,6.0,,,2.0,2.0,3.0,2.0,1.0,1.0,1.0,3.0,1.0,3.0,3.0,2.0,1.0,1.0,2.0,1.0,1.0,1.0,1.0,2.0,1.0,3.0,1.0,3.0,3.0,1.0,1.0,2.0,1.0,2.0,,1.0,1.0,,0,,0,,0,,,,,,,,,,,,,,,,,,,,,,,,,,,,,,,,,,,,,,,,,,,,,,,,,,,,,,,,,,,,,,,,,,,,,,,,,,,,,1.0,3.0,5.0,2,1,1,1,5,2,,1,2,2,1,6,1,2.0,1,5,2,,2,4,1,9,4,1.0,2,2,0.7797297823311636,
202201011068,2023-10-27T17:18:10Z,2023-10-27T17:22:17Z,2,1,1,3,2,2,1,2.0,2.0,2.0,1.0,2.0,,,,,,,,1.0,1.0,,,,,,,,1.0,1.0,1.0,1.0,1.0,1.0,1.0,1.0,1.0,,,1.0,1.0,1.0,1.0,1.0,1.0,,,1.0,2.0,3.0,1.0,1.0,2.0,,,1.0,2.0,1.0,,1.0,2.0,2.0,2.0,1.0,1.0,1.0,3.0,99.0,4.0,3.0,1.0,1.0,2.0,3.0,2.0,3.0,3.0,,2.0,1.0,,0,,0,,0,,,,,,,,,,,,,,,,,,,,,,,,,,,,,,,,,,,,,,,,,,,,,,,,,,,,,,,,,,,,,,,,,,,,,,,,,,,,,1.0,3.0,6.0,2,1,1,3,2,2,,1,2,2,1,3,1,2.0,1,2,2,,2,3,1,6,2,1.0,1,2,0.7739452634423043,
202201011412,2023-10-27T18:01:14Z,2023-10-27T18:10:06Z,2,1,1,6,1,2,2,4.0,2.0,2.0,1.0,2.0,,,,,,,,1.0,1.0,,,,,,,,1.0,2.0,2.0,3.0,2.0,5.0,4.0,3.0,3.0,,5.0,4.0,4.0,4.0,3.0,5.0,4.0,,5.0,2.0,1.0,,,,3.0,1.0,4.0,,,5.0,1.0,1.0,1.0,1.0,2.0,2.0,1.0,2.0,1.0,2.0,3.0,2.0,3.0,3.0,1.0,1.0,1.0,1.0,3.0,,2.0,2.0,,0,,0,,0,,,,,,,,,,,,,,,,,,,,,,,,,,,,,,,,,,,,,,,,,,,,,,,,,,,,,,,,,,,,,,,,,,,,,,,,,,,,,1.0,4.0,9.0,2,1,1,1,5,1,1.0,1,3,3,1,6,9,,3,6,2,,2,4,1,8,4,1.0,2,2,0.4891034167017313,
202201011589,2023-10-29T19:53:22Z,2023-10-29T20:20:14Z,1,1,1,6,2,2,2,3.0,2.0,2.0,1.0,2.0,,,,,,,,1.0,1.0,,,,,,,,1.0,2.0,2.0,1.0,1.0,1.0,1.0,1.0,1.0,,,5.0,5.0,5.0,5.0,4.0,6.0,,,2.0,1.0,,,,3.0,1.0,5.0,1.0,5.0,4.0,2.0,1.0,1.0,2.0,2.0,2.0,2.0,2.0,1.0,1.0,3.0,2.0,3.0,3.0,1.0,1.0,3.0,2.0,3.0,,2.0,2.0,,0,,0,,0,,,,,,,,,,,,,,,,,,,,,,,,,,,,,,,,,,,,,,,,,,,,,,,,,,,,,,,,,,,,,,,,,,,,,,,,,,,,,1.0,3.0,5.0,2,1,1,2,4,2,,1,2,2,1,6,1,1.0,1,2,3,2.0,2,3,1,99,3,1.0,1,99,0.7168321187637009,
202201012386,2023-10-29T11:10:25Z,2023-10-29T11:15:28Z,2,1,1,6,1,2,2,4.0,2.0,2.0,2.0,1.0,,,,,,,,1.0,1.0,,,,,,,,1.0,1.0,3.0,1.0,1.0,3.0,1.0,2.0,4.0,,1.0,4.0,5.0,4.0,3.0,3.0,5.0,,3.0,1.0,3.0,1.0,1.0,2.0,1.0,3.0,5.0,,,5.0,3.0,1.0,2.0,2.0,2.0,1.0,1.0,1.0,5.0,1.0,5.0,5.0,2.0,2.0,4.0,,,,,,,,,0,,0,,0,,,,,,,,,,,,,,,,,,,,,,,,,,,,,,,,,,,,,,,,,,,,,,,,,,,,,,,,,,,,,,,,,,,,,,,,,,,,,1.0,3.0,7.0,1,2,2,2,4,2,,1,2,2,1,6,12,,3,5,4,1.0,1,2,1,1,3,1.0,1,1,0.1211555012625419,
202201012546,2023-10-29T01:42:32Z,2023-10-29T01:46:50Z,2,1,1,6,2,2,2,3.0,2.0,2.0,2.0,1.0,,,,,,,,1.0,1.0,,,,,,,,1.0,2.0,2.0,2.0,2.0,4.0,2.0,3.0,5.0,,,1.0,5.0,5.0,3.0,3.0,1.0,,,2.0,1.0,,,,2.0,1.0,1.0,1.0,2.0,4.0,1.0,1.0,2.0,2.0,2.0,1.0,2.0,1.0,4.0,2.0,4.0,3.0,1.0,3.0,1.0,4.0,2.0,5.0,3.0,,2.0,1.0,,0,,0,,0,,,,,,,,,,,,,,,,,,,,,,,,,,,,,,,,,,,,,,,,,,,,,,,,,,,,,,,,,,,,,,,,,,,,,,,,,,,,,1.0,1.0,2.0,1,1,2,2,3,2,,1,2,2,1,6,6,,4,5,4,1.0,1,1,3,1,2,1.0,2,1,1.9124731677949636,
202201012660,2023-10-29T13:47:08Z,2023-10-29T13:52:03Z,2,1,1,1,1,2,1,4.0,2.0,2.0,2.0,1.0,,,,,,,,1.0,1.0,,,,,,,,1.0,1.0,3.0,3.0,3.0,3.0,3.0,4.0,,3.0,3.0,4.0,5.0,5.0,5.0,5.0,,5.0,5.0,3.0,3.0,3.0,2.0,6.0,3.0,,,,,1.0,,2.0,,,,,,2.0,5.0,4.0,5.0,5.0,3.0,3.0,4.0,,,,,,,,,0,,0,,0,,,,,,,,,,,,,,,,,,,,,,,,,,,,,,,,,,,,,,,,,,,,,,,,,,,,,,,,,,,,,,,,,,,,,,,,,,,,,2.0,2.0,4.0,3,2,2,2,3,1,8.0,1,1,3,1,1,12,,3,6,2,,2,3,3,4,3,1.0,2,2,0.3850373210799271,
202201012974,2023-10-28T11:23:08Z,2023-10-28T11:25:32Z,1,1,1,1,2,2,1,3.0,1.0,1.0,2.0,,,,,,,,,1.0,,,,,,,,,99.0,2.0,1.0,2.0,2.0,1.0,2.0,2.0,,2.0,,4.0,3.0,4.0,3.0,4.0,,4.0,,2.0,1.0,,,,1.0,,,1.0,4.0,1.0,,2.0,,,,,,2.0,2.0,1.0,3.0,2.0,3.0,2.0,1.0,1.0,2.0,3.0,3.0,3.0,1.0,1.0,,0,,0,,0,,,,,,,,,,,,,,,,,,,,,,,,,,,,,,,,,,,,,,,,,,,,,,,,,,,,,,,,,,,,,,,,,,,,,,,,,,,,,1.0,3.0,7.0,1,2,1,1,6,2,,1,3,5,1,1,6,,4,3,2,,2,4,1,9,5,1.0,1,3,0.2442105573720098,
202201013154,2023-10-27T17:07:51Z,2023-10-27T17:22:25Z,2,1,1,1,2,2,1,4.0,2.0,2.0,2.0,1.0,,,,,,,,1.0,1.0,,,,,,,,1.0,1.0,1.0,3.0,5.0,3.0,4.0,4.0,,3.0,,5.0,3.0,5.0,5.0,4.0,,3.0,,1.0,3.0,2.0,2.0,2.0,4.0,,,1.0,2.0,1.0,,2.0,,,,,,2.0,2.0,2.0,4.0,1.0,2.0,2.0,4.0,,,,,,,,,0,,0,,0,,,,,,,,,,,,,,,,,,,,,,,,,,,,,,,,,,,,,,,,,,,,,,,,,,,,,,,,,,,,,,,,,,,,,,,,,,,,,2.0,3.0,6.0,3,2,2,3,2,2,,1,2,2,1,1,1,1.0,1,5,4,1.0,1,2,1,1,5,3.0,2,1,0.4795890339980653,
202201013246,2023-10-28T10:09:30Z,2023-10-28T10:17:01Z,2,1,1,1,1,2,1,4.0,1.0,1.0,2.0,,,,,,,,,1.0,,,,,,,,,99.0,2.0,1.0,3.0,3.0,3.0,2.0,4.0,,5.0,3.0,2.0,2.0,4.0,3.0,4.0,,1.0,1.0,3.0,2.0,1.0,1.0,1.0,3.0,,,,,3.0,1.0,1.0,2.0,2.0,2.0,1.0,2.0,2.0,1.0,1.0,1.0,2.0,3.0,3.0,1.0,2.0,2.0,2.0,3.0,4.0,2.0,2.0,,0,,0,,0,,,,,,,,,,,,,,,,,,,,,,,,,,,,,,,,,,,,,,,,,,,,,,,,,,,,,,,,,,,,,,,,,,,,,,,,,,,,,1.0,3.0,5.0,2,2,2,2,3,2,,2,2,2,4,1,1,1.0,1,2,2,,2,3,3,1,2,1.0,1,1,0.4709679622673327,
202201013343,2023-10-27T17:26:46Z,2023-10-27T17:30:02Z,1,1,1,6,2,2,2,4.0,2.0,2.0,2.0,1.0,,,,,,,,1.0,1.0,,,,,,,,1.0,1.0,1.0,3.0,3.0,3.0,3.0,3.0,3.0,,,4.0,4.0,4.0,4.0,4.0,4.0,,,2.0,3.0,1.0,1.0,2.0,1.0,1.0,4.0,1.0,3.0,2.0,2.0,1.0,2.0,1.0,2.0,2.0,1.0,2.0,1.0,1.0,3.0,2.0,3.0,3.0,4.0,,,,,,,,,0,,0,,0,,,,,,,,,,,,,,,,,,,,,,,,,,,,,,,,,,,,,,,,,,,,,,,,,,,,,,,,,,,,,,,,,,,,,,,,,,,,,1.0,3.0,5.0,2,2,2,1,6,2,,1,1,1,1,6,2,2.0,2,5,1,,1,2,1,5,3,1.0,1,2,0.1307235625369164,
202201013639,2023-10-28T13:34:44Z,2023-10-28T13:42:25Z,2,1,1,6,1,2,2,4.0,2.0,2.0,2.0,1.0,,,,,,,,1.0,2.0,,,,,,,,1.0,2.0,3.0,3.0,2.0,4.0,3.0,4.0,3.0,,2.0,4.0,5.0,5.0,3.0,5.0,3.0,,5.0,3.0,2.0,2.0,2.0,1.0,1.0,1.0,3.0,,,3.0,2.0,1.0,2.0,2.0,2.0,1.0,2.0,1.0,2.0,3.0,3.0,3.0,3.0,3.0,1.0,3.0,3.0,3.0,3.0,,2.0,1.0,,0,,0,,0,,,,,,,,,,,,,,,,,,,,,,,,,,,,,,,,,,,,,,,,,,,,,,,,,,,,,,,,,,,,,,,,,,,,,,,,,,,,,1.0,3.0,6.0,2,2,1,3,1,2,,1,2,2,1,6,1,2.0,1,5,4,1.0,1,9,1,5,99,1.0,2,2,0.9975144619964932,
202201013683,2023-10-27T17:37:28Z,2023-11-02T12:37:28Z,2,1,1,6,2,2,2,3.0,2.0,2.0,1.0,2.0,,,,,,,,1.0,1.0,,,,,,,,1.0,2.0,2.0,2.0,1.0,3.0,2.0,4.0,4.0,,,2.0,4.0,3.0,2.0,3.0,3.0,,,1.0,2.0,2.0,2.0,5.0,2.0,1.0,4.0,1.0,4.0,3.0,1.0,1.0,1.0,2.0,1.0,1.0,2.0,2.0,1.0,1.0,3.0,3.0,3.0,3.0,1.0,3.0,1.0,2.0,4.0,,2.0,1.0,,0,,0,,0,,,,,,,,,,,,,,,,,,,,,,,,,,,,,,,,,,,,,,,,,,,,,,,,,,,,,,,,,,,,,,,,,,,,,,,,,,,,,1.0,2.0,4.0,1,1,1,2,3,2,,1,4,4,1,6,1,1.0,1,3,3,1.0,1,1,3,7,2,1.0,1,2,0.7220656871044228,
202201013891,2023-10-29T11:12:39Z,2023-10-29T11:27:18Z,2,1,1,6,2,2,2,3.0,2.0,2.0,2.0,1.0,,,,,,,,1.0,1.0,,,,,,,,1.0,1.0,4.0,4.0,4.0,5.0,4.0,5.0,5.0,,,3.0,5.0,5.0,4.0,5.0,6.0,,,2.0,1.0,,,,2.0,1.0,5.0,1.0,5.0,4.0,2.0,2.0,,,,,,1.0,2.0,3.0,5.0,4.0,3.0,2.0,1.0,3.0,4.0,3.0,3.0,,2.0,1.0,,0,,0,,0,,,,,,,,,,,,,,,,,,,,,,,,,,,,,,,,,,,,,,,,,,,,,,,,,,,,,,,,,,,,,,,,,,,,,,,,,,,,,1.0,2.0,3.0,1,1,2,2,3,2,,1,2,2,1,6,1,2.0,1,4,2,,2,4,1,8,4,1.0,2,2,0.6311387977372572,
202201014045,2023-10-30T18:22:35Z,2023-10-30T18:27:16Z,2,1,1,6,1,2,2,4.0,2.0,2.0,2.0,1.0,,,,,,,,1.0,1.0,,,,,,,,1.0,1.0,4.0,2.0,4.0,3.0,3.0,4.0,2.0,,2.0,1.0,5.0,5.0,4.0,4.0,2.0,,1.0,4.0,3.0,2.0,2.0,2.0,1.0,1.0,4.0,,,1.0,,2.0,,,,,,1.0,5.0,4.0,4.0,5.0,2.0,2.0,4.0,,,,,,,,,0,,0,,0,,,,,,,,,,,,,,,,,,,,,,,,,,,,,,,,,,,,,,,,,,,,,,,,,,,,,,,,,,,,,,,,,,,,,,,,,,,,,1.0,3.0,5.0,1,2,2,2,3,2,,1,2,2,1,6,1,2.0,1,6,2,,2,4,1,1,4,2.0,2,1,0.3404939436808455,
202201014374,2023-10-27T16:57:40Z,2023-10-27T17:01:55Z,2,1,1,6,2,2,2,3.0,2.0,2.0,2.0,2.0,,,,,,,,1.0,1.0,,,,,,,,1.0,2.0,3.0,4.0,3.0,4.0,3.0,3.0,5.0,,,2.0,5.0,5.0,2.0,3.0,5.0,,,4.0,1.0,,,,3.0,3.0,5.0,3.0,5.0,3.0,1.0,2.0,,,,,,2.0,2.0,3.0,2.0,3.0,3.0,3.0,1.0,2.0,3.0,2.0,2.0,,2.0,1.0,,0,,0,,0,,,,,,,,,,,,,,,,,,,,,,,,,,,,,,,,,,,,,,,,,,,,,,,,,,,,,,,,,,,,,,,,,,,,,,,,,,,,,1.0,3.0,5.0,1,1,2,3,2,2,,1,2,2,1,6,12,,3,3,3,2.0,2,4,1,2,4,1.0,1,1,0.3060434073070791,
202201014665,2023-10-30T13:37:17Z,2023-10-30T13:41:18Z,2,1,1,6,2,2,2,4.0,1.0,1.0,2.0,,,,,,,,,1.0,,,,,,,,,99.0,2.0,1.0,4.0,2.0,4.0,2.0,4.0,4.0,,,5.0,5.0,3.0,3.0,5.0,6.0,,,4.0,3.0,4.0,5.0,5.0,1.0,3.0,5.0,1.0,5.0,1.0,,2.0,,,,,,1.0,3.0,1.0,1.0,2.0,3.0,2.0,4.0,,,,,,,,,0,,0,,0,,,,,,,,,,,,,,,,,,,,,,,,,,,,,,,,,,,,,,,,,,,,,,,,,,,,,,,,,,,,,,,,,,,,,,,,,,,,,1.0,3.0,5.0,1,2,1,1,5,2,,1,2,2,1,6,12,,3,5,4,2.0,2,3,1,2,3,1.0,1,1,0.1259143870851591,
202201014738,2023-10-27T17:17:04Z,2023-10-27T17:23:22Z,1,1,1,6,2,2,2,4.0,2.0,2.0,1.0,2.0,,,,,,,,1.0,1.0,,,,,,,,1.0,1.0,4.0,4.0,4.0,4.0,4.0,5.0,5.0,,,3.0,2.0,3.0,2.0,3.0,6.0,,,3.0,3.0,5.0,5.0,5.0,4.0,1.0,4.0,3.0,4.0,5.0,4.0,1.0,2.0,2.0,2.0,2.0,2.0,2.0,5.0,4.0,4.0,3.0,2.0,2.0,4.0,,,,,,,,,0,,0,,0,,,,,,,,,,,,,,,,,,,,,,,,,,,,,,,,,,,,,,,,,,,,,,,,,,,,,,,,,,,,,,,,,,,,,,,,,,,,,2.0,3.0,6.0,3,2,1,3,2,2,,1,4,4,1,6,9,,3,6,3,2.0,2,3,3,1,3,1.0,2,1,3.5799665276134385,
202201015029,2023-10-29T11:12:21Z,2023-10-29T11:17:35Z,2,1,1,2,1,2,2,4.0,2.0,2.0,1.0,2.0,,,,,,,,1.0,1.0,,,,,,,,1.0,2.0,2.0,3.0,4.0,4.0,3.0,4.0,,3.0,3.0,4.0,4.0,2.0,5.0,4.0,,4.0,5.0,3.0,3.0,3.0,3.0,5.0,1.0,1.0,4.0,,,1.0,,2.0,,,,,,2.0,2.0,2.0,4.0,4.0,2.0,2.0,4.0,,,,,,,,,0,,0,,0,,,,,,,,,,,,,,,,,,,,,,,,,,,,,,,,,,,,,,,,,,,,,,,,,,,,,,,,,,,,,,,,,,,,,,,,,,,,,1.0,3.0,7.0,2,2,1,1,6,2,,1,1,1,1,2,12,,3,5,1,,1,2,2,9,3,1.0,2,3,0.397892414329074,
202201015281,2023-10-28T10:42:02Z,2023-10-28T10:45:27Z,2,1,1,6,1,2,2,4.0,2.0,2.0,2.0,,,,,,,,,1.0,,,,,,,,,1.0,2.0,4.0,5.0,5.0,3.0,3.0,3.0,2.0,,4.0,5.0,3.0,2.0,5.0,5.0,5.0,,3.0,3.0,3.0,1.0,1.0,1.0,1.0,3.0,5.0,,,1.0,,2.0,,,,,,1.0,2.0,1.0,3.0,1.0,3.0,3.0,4.0,,,,,,,,,0,,0,,0,,,,,,,,,,,,,,,,,,,,,,,,,,,,,,,,,,,,,,,,,,,,,,,,,,,,,,,,,,,,,,,,,,,,,,,,,,,,,1.0,3.0,7.0,1,2,2,3,2,2,,1,2,2,1,6,1,2.0,1,4,2,,2,3,1,1,3,1.0,1,1,0.0649477664954403,
202201015312,2023-10-31T22:36:04Z,2023-10-31T22:39:22Z,2,1,1,4,1,1,1,3.0,2.0,2.0,2.0,1.0,,,,,,,,1.0,1.0,,,,,,,,1.0,1.0,1.0,3.0,1.0,3.0,2.0,4.0,2.0,,2.0,3.0,4.0,3.0,3.0,4.0,2.0,,3.0,3.0,1.0,,,,1.0,,,,,4.0,3.0,2.0,,,,,,2.0,2.0,2.0,5.0,2.0,2.0,2.0,1.0,1.0,2.0,1.0,1.0,,1.0,1.0,,0,,0,,0,,,,,,,,,,,,,,,,,,,,,,,,,,,,,,,,,,,,,,,,,,,,,,,,,,,,,,,,,,,,,,,,,,,,,,,,,,,,,1.0,3.0,5.0,2,1,2,1,5,1,2.0,1,2,3,1,4,5,,4,4,2,,2,4,2,4,4,4.0,1,1,0.3377934982509907,
202201015581,2023-10-29T11:23:02Z,2023-10-29T11:27:33Z,2,1,1,4,2,2,1,4.0,2.0,2.0,1.0,2.0,,,,,,,,1.0,1.0,,,,,,,,1.0,2.0,3.0,4.0,3.0,4.0,4.0,4.0,4.0,,,4.0,3.0,3.0,4.0,3.0,3.0,,,3.0,3.0,2.0,3.0,6.0,2.0,,,1.0,2.0,1.0,,1.0,2.0,2.0,2.0,2.0,2.0,2.0,2.0,2.0,3.0,3.0,3.0,3.0,4.0,,,,,,,,,0,,0,,0,,,,,,,,,,,,,,,,,,,,,,,,,,,,,,,,,,,,,,,,,,,,,,,,,,,,,,,,,,,,,,,,,,,,,,,,,,,,,1.0,2.0,3.0,1,2,1,1,6,2,,2,2,2,4,4,1,1.0,1,3,3,2.0,2,3,3,1,3,1.0,2,1,0.2266773860408143,
202201015699,2023-10-27T17:14:06Z,2023-10-27T17:57:36Z,2,1,1,6,2,2,2,2.0,2.0,2.0,2.0,1.0,,,,,,,,1.0,1.0,,,,,,,,1.0,2.0,4.0,4.0,3.0,5.0,3.0,5.0,4.0,,,3.0,3.0,4.0,2.0,2.0,6.0,,,4.0,1.0,,,,2.0,1.0,4.0,3.0,5.0,4.0,4.0,2.0,,,,,,2.0,3.0,3.0,4.0,3.0,3.0,3.0,1.0,4.0,3.0,4.0,4.0,,2.0,2.0,,0,,0,,0,,,,,,,,,,,,,,,,,,,,,,,,,,,,,,,,,,,,,,,,,,,,,,,,,,,,,,,,,,,,,,,,,,,,,,,,,,,,,1.0,3.0,5.0,2,1,2,2,3,1,4.0,4,2,3,4,6,1,1.0,1,4,2,,2,4,1,4,4,1.0,2,1,0.4147715014274803,
202201015776,2023-11-01T11:31:33Z,2023-11-01T11:35:48Z,2,2,1,1,1,1,1,4.0,1.0,1.0,2.0,,,,,,,,,1.0,,,,,,,,,99.0,2.0,1.0,1.0,1.0,1.0,1.0,5.0,,5.0,3.0,2.0,5.0,5.0,5.0,5.0,,5.0,3.0,2.0,3.0,1.0,3.0,2.0,1.0,,,,,2.0,1.0,1.0,1.0,2.0,1.0,1.0,2.0,1.0,1.0,1.0,3.0,1.0,2.0,3.0,4.0,,,,,,,,,0,,0,,0,,,,,,,,,,,,,,,,,,,,,,,,,,,,,,,,,,,,,,,,,,,,,,,,,,,,,,,,,,,,,,,,,,,,,,,,,,,,,1.0,3.0,7.0,2,2,1,2,3,1,1.0,1,1,3,1,1,12,,3,1,3,2.0,2,3,1,2,3,2.0,2,1,0.5122657181769559,
202201015924,2023-10-27T18:32:52Z,2023-10-27T18:35:38Z,2,1,1,1,1,2,1,3.0,2.0,2.0,2.0,1.0,,,,,,,,1.0,1.0,,,,,,,,1.0,1.0,2.0,4.0,4.0,5.0,4.0,4.0,,3.0,3.0,3.0,1.0,5.0,3.0,4.0,,5.0,4.0,4.0,3.0,3.0,2.0,2.0,1.0,,,,,1.0,,2.0,,,,,,2.0,2.0,3.0,4.0,4.0,3.0,3.0,4.0,,,,,,,,,0,,0,,0,,,,,,,,,,,,,,,,,,,,,,,,,,,,,,,,,,,,,,,,,,,,,,,,,,,,,,,,,,,,,,,,,,,,,,,,,,,,,1.0,3.0,5.0,1,2,2,1,6,2,,1,2,2,1,1,9,,3,6,2,,2,4,1,8,5,1.0,1,2,0.115167144201251,
202201015930,2023-10-27T16:57:36Z,2023-10-27T17:02:27Z,2,1,1,6,2,2,2,4.0,2.0,2.0,1.0,2.0,,,,,,,,1.0,1.0,,,,,,,,1.0,1.0,1.0,3.0,3.0,3.0,3.0,3.0,3.0,,,4.0,4.0,4.0,4.0,4.0,5.0,,,4.0,3.0,3.0,3.0,5.0,1.0,1.0,2.0,1.0,2.0,1.0,,2.0,,,,,,1.0,2.0,2.0,3.0,1.0,3.0,3.0,4.0,,,,,,,,,0,,0,,0,,,,,,,,,,,,,,,,,,,,,,,,,,,,,,,,,,,,,,,,,,,,,,,,,,,,,,,,,,,,,,,,,,,,,,,,,,,,,1.0,3.0,5.0,2,1,2,1,5,2,,1,2,2,1,6,1,1.0,1,2,3,2.0,2,3,1,6,3,1.0,1,2,0.1064094653424027,
202201015980,2023-10-27T16:58:50Z,2023-10-27T17:01:23Z,2,1,1,6,2,2,2,3.0,2.0,2.0,2.0,1.0,,,,,,,,1.0,1.0,,,,,,,,1.0,1.0,3.0,3.0,2.0,4.0,3.0,3.0,4.0,,,5.0,3.0,2.0,3.0,4.0,2.0,,,2.0,2.0,2.0,1.0,3.0,3.0,3.0,1.0,3.0,1.0,5.0,3.0,1.0,1.0,1.0,1.0,1.0,1.0,2.0,2.0,2.0,5.0,3.0,2.0,3.0,4.0,,,,,,,,,0,,0,,0,,,,,,,,,,,,,,,,,,,,,,,,,,,,,,,,,,,,,,,,,,,,,,,,,,,,,,,,,,,,,,,,,,,,,,,,,,,,,1.0,1.0,1.0,2,1,2,3,2,2,,2,3,5,4,6,10,,3,6,2,,2,4,3,1,4,1.0,2,1,2.7869089444295625,
202201016046,2023-10-27T19:34:26Z,2023-10-27T19:47:14Z,2,1,1,2,1,2,2,4.0,2.0,2.0,2.0,1.0,,,,,,,,1.0,1.0,,,,,,,,1.0,2.0,2.0,5.0,2.0,4.0,3.0,5.0,,5.0,3.0,5.0,3.0,1.0,1.0,5.0,,5.0,3.0,5.0,3.0,3.0,5.0,3.0,2.0,1.0,5.0,,,1.0,,2.0,,,,,,1.0,3.0,1.0,4.0,2.0,1.0,2.0,4.0,,,,,,,,,0,,0,,0,,,,,,,,,,,,,,,,,,,,,,,,,,,,,,,,,,,,,,,,,,,,,,,,,,,,,,,,,,,,,,,,,,,,,,,,,,,,,1.0,3.0,6.0,1,2,2,3,2,2,,1,2,2,1,2,1,2.0,1,6,2,,2,4,3,1,5,1.0,2,1,0.5097910028939181,
202201016125,2023-10-29T12:37:57Z,2023-11-01T10:22:48Z,3,1,1,6,2,2,2,3.0,2.0,2.0,2.0,1.0,,,,,,,,1.0,1.0,,,,,,,,1.0,2.0,1.0,2.0,3.0,5.0,4.0,3.0,5.0,,,4.0,1.0,2.0,2.0,3.0,2.0,,,3.0,2.0,4.0,3.0,5.0,2.0,3.0,3.0,2.0,3.0,2.0,1.0,1.0,1.0,2.0,2.0,1.0,1.0,1.0,3.0,3.0,3.0,3.0,3.0,2.0,3.0,2.0,2.0,2.0,2.0,,2.0,2.0,,0,,0,,0,,,,,,,,,,,,,,,,,,,,,,,,,,,,,,,,,,,,,,,,,,,,,,,,,,,,,,,,,,,,,,,,,,,,,,,,,,,,,1.0,4.0,9.0,3,1,2,2,3,1,1.0,1,1,3,1,6,10,,3,6,2,,2,4,1,3,5,1.0,1,1,0.4499864088479657,
202201016250,2023-10-29T11:12:20Z,2023-10-29T11:17:31Z,2,1,1,1,1,2,1,2.0,2.0,2.0,2.0,1.0,,,,,,,,1.0,1.0,,,,,,,,1.0,2.0,3.0,4.0,5.0,5.0,4.0,5.0,,5.0,4.0,4.0,3.0,3.0,5.0,5.0,,1.0,3.0,4.0,1.0,,,,1.0,,,,,3.0,2.0,2.0,,,,,,2.0,1.0,1.0,2.0,2.0,3.0,3.0,1.0,3.0,3.0,4.0,3.0,5.0,2.0,1.0,,0,,0,,0,,,,,,,,,,,,,,,,,,,,,,,,,,,,,,,,,,,,,,,,,,,,,,,,,,,,,,,,,,,,,,,,,,,,,,,,,,,,,1.0,3.0,5.0,3,2,2,2,3,2,,1,1,1,1,1,12,,3,6,2,,2,4,1,2,4,1.0,2,1,0.2939236428912288,
202201016309,2023-10-30T15:44:38Z,2023-10-30T16:08:34Z,2,1,1,6,2,2,2,3.0,2.0,2.0,2.0,1.0,,,,,,,,1.0,1.0,,,,,,,,1.0,1.0,4.0,4.0,5.0,5.0,5.0,5.0,5.0,,,4.0,3.0,5.0,4.0,5.0,5.0,,,4.0,2.0,6.0,5.0,6.0,3.0,1.0,5.0,1.0,5.0,5.0,3.0,1.0,2.0,1.0,1.0,1.0,1.0,2.0,5.0,1.0,5.0,5.0,2.0,2.0,4.0,,,,,,,,,0,,0,,0,,,,,,,,,,,,,,,,,,,,,,,,,,,,,,,,,,,,,,,,,,,,,,,,,,,,,,,,,,,,,,,,,,,,,,,,,,,,,1.0,1.0,2.0,1,1,1,2,3,1,4.0,1,4,3,1,6,10,,3,6,2,,2,4,1,4,4,2.0,2,1,0.5165780998287354,
202201016353,2023-10-27T17:05:04Z,2023-10-28T17:20:00Z,2,1,1,6,2,2,2,3.0,2.0,2.0,2.0,1.0,,,,,,,,1.0,1.0,,,,,,,,1.0,2.0,1.0,1.0,1.0,1.0,1.0,1.0,1.0,,,3.0,5.0,5.0,6.0,5.0,6.0,,,1.0,2.0,2.0,2.0,5.0,3.0,1.0,5.0,1.0,5.0,2.0,1.0,1.0,1.0,2.0,2.0,2.0,1.0,2.0,1.0,1.0,1.0,1.0,3.0,3.0,1.0,3.0,3.0,3.0,3.0,,1.0,1.0,,0,,0,,0,,,,,,,,,,,,,,,,,,,,,,,,,,,,,,,,,,,,,,,,,,,,,,,,,,,,,,,,,,,,,,,,,,,,,,,,,,,,,1.0,1.0,2.0,1,1,1,1,5,2,,1,2,2,1,6,1,2.0,1,5,2,,2,4,1,1,5,1.0,2,99,0.7134181003215936,
202201016550,2023-10-29T15:19:47Z,2023-10-29T15:25:29Z,2,1,1,6,2,2,2,4.0,2.0,2.0,2.0,1.0,,,,,,,,1.0,1.0,,,,,,,,1.0,1.0,3.0,2.0,2.0,3.0,2.0,3.0,2.0,,,3.0,4.0,4.0,3.0,3.0,3.0,,,3.0,1.0,,,,1.0,1.0,4.0,3.0,5.0,3.0,2.0,2.0,,,,,,2.0,4.0,3.0,3.0,3.0,3.0,3.0,1.0,2.0,1.0,4.0,4.0,,2.0,1.0,,0,,0,,0,,,,,,,,,,,,,,,,,,,,,,,,,,,,,,,,,,,,,,,,,,,,,,,,,,,,,,,,,,,,,,,,,,,,,,,,,,,,,1.0,3.0,5.0,3,2,1,2,4,2,,1,1,1,1,6,1,1.0,1,1,1,,1,1,1,3,2,1.0,1,1,0.5171500381867403,
202201016779,2023-10-29T14:12:16Z,2023-10-29T14:17:18Z,2,1,1,2,1,2,2,4.0,2.0,2.0,2.0,1.0,,,,,,,,1.0,1.0,,,,,,,,1.0,1.0,2.0,4.0,2.0,1.0,2.0,3.0,,2.0,2.0,4.0,5.0,5.0,5.0,5.0,,4.0,4.0,1.0,3.0,1.0,1.0,5.0,3.0,3.0,5.0,,,1.0,,2.0,,,,,,2.0,1.0,5.0,2.0,1.0,3.0,3.0,4.0,,,,,,,,,0,,0,,0,,,,,,,,,,,,,,,,,,,,,,,,,,,,,,,,,,,,,,,,,,,,,,,,,,,,,,,,,,,,,,,,,,,,,,,,,,,,,1.0,2.0,3.0,2,1,2,2,3,1,2.0,3,5,3,2,2,1,1.0,1,3,4,1.0,1,2,2,1,5,1.0,1,1,0.5221365099802934,
202201016800,2023-10-27T17:19:16Z,2023-10-27T17:23:04Z,2,1,1,3,1,1,1,4.0,2.0,2.0,2.0,1.0,,,,,,,,1.0,1.0,,,,,,,,1.0,1.0,1.0,3.0,3.0,3.0,1.0,5.0,3.0,,3.0,5.0,5.0,5.0,4.0,5.0,4.0,,4.0,2.0,3.0,1.0,1.0,1.0,1.0,,,,,1.0,,2.0,,,,,,2.0,1.0,1.0,3.0,2.0,3.0,3.0,4.0,,,,,,,,,0,,0,,0,,,,,,,,,,,,,,,,,,,,,,,,,,,,,,,,,,,,,,,,,,,,,,,,,,,,,,,,,,,,,,,,,,,,,,,,,,,,,1.0,3.0,5.0,3,2,2,3,2,2,,1,1,1,1,3,12,,3,6,1,,1,2,3,3,4,2.0,2,1,0.5109670405837146,
202201016860,2023-10-29T14:20:40Z,2023-10-29T14:26:51Z,2,1,1,2,1,1,2,4.0,2.0,2.0,2.0,1.0,,,,,,,,1.0,1.0,,,,,,,,1.0,2.0,1.0,2.0,2.0,2.0,3.0,2.0,,2.0,3.0,3.0,4.0,4.0,4.0,4.0,,4.0,4.0,2.0,3.0,1.0,1.0,2.0,1.0,1.0,4.0,,,1.0,,1.0,2.0,2.0,2.0,2.0,2.0,1.0,2.0,1.0,2.0,2.0,3.0,3.0,4.0,,,,,,,,,0,,0,,0,,,,,,,,,,,,,,,,,,,,,,,,,,,,,,,,,,,,,,,,,,,,,,,,,,,,,,,,,,,,,,,,,,,,,,,,,,,,,1.0,3.0,5.0,3,1,2,1,5,2,,1,2,2,1,2,1,1.0,1,5,2,,2,3,1,7,3,1.0,2,2,0.3359200260461012,
202201017543,2023-10-27T16:58:59Z,2023-10-27T17:06:19Z,2,1,1,1,2,2,1,4.0,1.0,1.0,2.0,,,,,,,,,1.0,,,,,,,,,99.0,2.0,1.0,2.0,3.0,2.0,2.0,2.0,,2.0,,3.0,5.0,4.0,4.0,4.0,,3.0,,2.0,2.0,1.0,2.0,1.0,1.0,,,1.0,2.0,1.0,,2.0,,,,,,1.0,1.0,2.0,2.0,4.0,3.0,3.0,2.0,1.0,1.0,2.0,1.0,1.0,1.0,1.0,,0,,0,,0,,,,,,,,,,,,,,,,,,,,,,,,,,,,,,,,,,,,,,,,,,,,,,,,,,,,,,,,,,,,,,,,,,,,,,,,,,,,,1.0,3.0,5.0,3,2,1,1,6,2,,2,3,5,4,1,8,,4,3,3,2.0,2,4,3,4,4,1.0,2,2,0.4170136989685054,
202201017548,2023-10-27T17:29:36Z,2023-10-27T17:34:17Z,2,1,1,6,2,2,2,4.0,2.0,2.0,1.0,2.0,,,,,,,,1.0,1.0,,,,,,,,1.0,1.0,3.0,4.0,1.0,3.0,3.0,3.0,4.0,,,3.0,2.0,1.0,1.0,3.0,6.0,,,2.0,1.0,,,,1.0,1.0,4.0,1.0,4.0,3.0,3.0,1.0,2.0,1.0,2.0,1.0,2.0,1.0,2.0,2.0,3.0,3.0,3.0,3.0,1.0,3.0,5.0,3.0,3.0,,2.0,1.0,,0,,0,,0,,,,,,,,,,,,,,,,,,,,,,,,,,,,,,,,,,,,,,,,,,,,,,,,,,,,,,,,,,,,,,,,,,,,,,,,,,,,,1.0,4.0,9.0,2,1,1,2,3,2,,1,4,4,1,6,1,2.0,1,5,4,99.0,9,9,1,99,1,1.0,2,99,6.314159461681934,
202201017812,2023-10-27T16:57:37Z,2023-10-27T17:01:43Z,2,1,1,6,2,2,2,3.0,2.0,2.0,1.0,2.0,,,,,,,,1.0,1.0,,,,,,,,1.0,1.0,2.0,2.0,4.0,5.0,4.0,5.0,5.0,,,2.0,5.0,5.0,6.0,1.0,6.0,,,5.0,1.0,,,,2.0,1.0,1.0,1.0,1.0,5.0,1.0,1.0,1.0,2.0,2.0,2.0,1.0,2.0,3.0,2.0,4.0,2.0,2.0,2.0,1.0,4.0,3.0,5.0,4.0,,2.0,2.0,,0,,0,,0,,,,,,,,,,,,,,,,,,,,,,,,,,,,,,,,,,,,,,,,,,,,,,,,,,,,,,,,,,,,,,,,,,,,,,,,,,,,,1.0,2.0,3.0,2,1,2,2,3,2,,1,2,2,1,6,1,1.0,1,2,4,2.0,2,3,3,4,3,1.0,1,1,0.8477650838913326,
202201017836,2023-10-29T16:13:50Z,2023-10-29T16:18:44Z,2,1,1,2,2,2,2,4.0,2.0,2.0,1.0,2.0,,,,,,,,1.0,1.0,,,,,,,,1.0,2.0,2.0,3.0,1.0,3.0,2.0,2.0,,3.0,,2.0,3.0,4.0,2.0,3.0,,3.0,,3.0,3.0,2.0,2.0,5.0,1.0,1.0,4.0,3.0,4.0,1.0,,1.0,2.0,2.0,2.0,2.0,1.0,2.0,2.0,2.0,2.0,2.0,3.0,3.0,4.0,,,,,,,,,0,,0,,0,,,,,,,,,,,,,,,,,,,,,,,,,,,,,,,,,,,,,,,,,,,,,,,,,,,,,,,,,,,,,,,,,,,,,,,,,,,,,1.0,2.0,4.0,2,1,2,2,3,2,,1,1,1,1,2,2,2.0,2,4,1,,1,2,1,5,3,1.0,2,2,1.0951332593423322,
202201017861,2023-10-29T22:58:03Z,2023-10-29T23:01:28Z,2,1,1,1,1,2,1,4.0,1.0,1.0,1.0,,,,,,,,,1.0,,,,,,,,,99.0,1.0,1.0,4.0,3.0,4.0,4.0,4.0,,4.0,4.0,5.0,5.0,5.0,5.0,5.0,,5.0,5.0,4.0,3.0,3.0,6.0,5.0,1.0,,,,,1.0,,2.0,,,,,,2.0,2.0,1.0,4.0,3.0,2.0,2.0,4.0,,,,,,,,,0,,0,,0,,,,,,,,,,,,,,,,,,,,,,,,,,,,,,,,,,,,,,,,,,,,,,,,,,,,,,,,,,,,,,,,,,,,,,,,,,,,,1.0,3.0,6.0,3,2,2,3,2,2,,1,1,1,1,1,1,2.0,1,6,3,2.0,2,3,3,8,3,1.0,1,2,0.3627994853330591,
202201018565,2023-11-02T20:06:04Z,2023-11-02T20:08:55Z,2,1,1,6,1,2,2,4.0,1.0,1.0,2.0,,,,,,,,,1.0,,,,,,,,,99.0,2.0,2.0,3.0,4.0,5.0,3.0,5.0,5.0,,5.0,1.0,1.0,5.0,6.0,1.0,1.0,,1.0,5.0,3.0,1.0,1.0,3.0,2.0,2.0,5.0,,,1.0,,2.0,,,,,,1.0,1.0,1.0,1.0,1.0,1.0,3.0,4.0,,,,,,,,,0,,0,,0,,,,,,,,,,,,,,,,,,,,,,,,,,,,,,,,,,,,,,,,,,,,,,,,,,,,,,,,,,,,,,,,,,,,,,,,,,,,,1.0,3.0,5.0,1,1,2,3,2,2,,1,2,2,1,6,12,,3,6,4,1.0,1,2,1,1,3,1.0,2,1,0.3261532041544448,
202201018927,2023-10-28T08:54:46Z,2023-10-28T09:05:32Z,2,1,1,2,1,2,2,4.0,1.0,1.0,2.0,,,,,,,,,1.0,,,,,,,,,99.0,2.0,1.0,3.0,4.0,4.0,3.0,4.0,,3.0,1.0,3.0,3.0,2.0,3.0,4.0,,2.0,1.0,3.0,3.0,1.0,1.0,2.0,1.0,3.0,4.0,,,1.0,,2.0,,,,,,1.0,1.0,1.0,1.0,2.0,3.0,3.0,4.0,,,,,,,,,0,,0,,0,,,,,,,,,,,,,,,,,,,,,,,,,,,,,,,,,,,,,,,,,,,,,,,,,,,,,,,,,,,,,,,,,,,,,,,,,,,,,1.0,1.0,2.0,1,2,1,1,6,2,,1,2,2,1,2,1,1.0,1,1,2,,2,4,1,9,4,2.0,1,3,0.1396964467169823,
202201019016,2023-10-29T11:13:58Z,2023-10-29T11:24:13Z,2,1,1,1,1,2,1,2.0,2.0,2.0,1.0,2.0,,,,,,,,1.0,1.0,,,,,,,,1.0,1.0,3.0,5.0,4.0,3.0,3.0,4.0,,3.0,4.0,4.0,3.0,4.0,4.0,4.0,,3.0,3.0,4.0,2.0,3.0,2.0,5.0,3.0,,,,,1.0,,2.0,,,,,,2.0,3.0,2.0,5.0,3.0,3.0,3.0,3.0,2.0,2.0,3.0,3.0,2.0,1.0,1.0,,0,,0,,0,,,,,,,,,,,,,,,,,,,,,,,,,,,,,,,,,,,,,,,,,,,,,,,,,,,,,,,,,,,,,,,,,,,,,,,,,,,,,1.0,4.0,9.0,1,1,1,2,3,1,1.0,1,4,3,1,1,12,,3,6,3,1.0,1,1,1,1,2,1.0,2,1,0.8699834376750157,
202201019208,2023-10-27T17:35:32Z,2023-10-27T17:38:50Z,2,1,1,6,2,2,2,4.0,2.0,2.0,1.0,2.0,,,,,,,,2.0,1.0,,,,,,,,1.0,2.0,4.0,1.0,1.0,1.0,3.0,1.0,1.0,,,4.0,2.0,4.0,5.0,4.0,4.0,,,1.0,3.0,1.0,3.0,5.0,1.0,3.0,5.0,1.0,5.0,2.0,1.0,2.0,,,,,,2.0,1.0,1.0,4.0,2.0,3.0,3.0,4.0,,,,,,,,,0,,0,,0,,,,,,,,,,,,,,,,,,,,,,,,,,,,,,,,,,,,,,,,,,,,,,,,,,,,,,,,,,,,,,,,,,,,,,,,,,,,,1.0,1.0,1.0,1,2,1,1,6,2,,1,2,2,1,6,10,,3,6,3,2.0,2,4,1,5,5,2.0,1,2,0.2122101251546964,
202201019368,2023-10-27T19:53:55Z,2023-10-27T19:59:29Z,2,1,1,6,1,2,2,4.0,2.0,2.0,2.0,1.0,,,,,,,,1.0,1.0,,,,,,,,1.0,1.0,3.0,1.0,1.0,1.0,1.0,1.0,1.0,,1.0,3.0,4.0,4.0,6.0,3.0,2.0,,3.0,1.0,3.0,1.0,1.0,5.0,3.0,1.0,4.0,,,3.0,2.0,1.0,2.0,2.0,1.0,1.0,1.0,1.0,5.0,4.0,5.0,5.0,3.0,3.0,4.0,,,,,,,,,0,,0,,0,,,,,,,,,,,,,,,,,,,,,,,,,,,,,,,,,,,,,,,,,,,,,,,,,,,,,,,,,,,,,,,,,,,,,,,,,,,,,1.0,3.0,5.0,1,2,2,2,3,2,,1,2,2,1,6,1,2.0,1,5,3,2.0,2,4,3,1,4,1.0,2,1,1.046704649748395,
202201019587,2023-10-27T21:13:19Z,2023-10-27T21:18:29Z,2,1,1,1,1,2,1,4.0,1.0,1.0,1.0,,,,,,,,,1.0,,,,,,,,,99.0,1.0,1.0,5.0,3.0,3.0,5.0,4.0,,4.0,2.0,5.0,5.0,3.0,5.0,4.0,,4.0,4.0,4.0,3.0,2.0,3.0,5.0,1.0,,,,,1.0,,1.0,2.0,2.0,1.0,2.0,2.0,2.0,3.0,2.0,3.0,2.0,2.0,2.0,4.0,,,,,,,,,0,,0,,0,,,,,,,,,,,,,,,,,,,,,,,,,,,,,,,,,,,,,,,,,,,,,,,,,,,,,,,,,,,,,,,,,,,,,,,,,,,,,1.0,3.0,5.0,2,1,1,1,5,2,,1,2,2,1,1,1,1.0,1,2,3,1.0,1,1,2,3,2,2.0,2,1,3.0466133751269777,
202201019690,2023-10-27T16:57:55Z,2023-10-27T17:02:35Z,2,1,1,6,2,2,2,3.0,2.0,2.0,2.0,1.0,,,,,,,,1.0,1.0,,,,,,,,1.0,1.0,4.0,5.0,5.0,5.0,5.0,5.0,5.0,,,4.0,5.0,5.0,3.0,2.0,3.0,,,5.0,2.0,3.0,3.0,5.0,2.0,1.0,5.0,1.0,4.0,2.0,1.0,1.0,2.0,2.0,2.0,2.0,1.0,1.0,4.0,4.0,4.0,4.0,2.0,3.0,4.0,,,,,,,,,0,,0,,0,,,,,,,,,,,,,,,,,,,,,,,,,,,,,,,,,,,,,,,,,,,,,,,,,,,,,,,,,,,,,,,,,,,,,,,,,,,,,1.0,3.0,5.0,1,1,2,1,5,2,,1,2,2,1,6,1,2.0,1,6,2,,2,4,1,1,4,1.0,1,1,0.0757019221520196,
202201019851,2023-10-27T19:44:58Z,2023-10-27T19:48:29Z,2,1,1,6,2,2,2,4.0,2.0,2.0,2.0,1.0,,,,,,,,1.0,1.0,,,,,,,,1.0,1.0,2.0,2.0,2.0,3.0,3.0,4.0,4.0,,,3.0,4.0,4.0,4.0,4.0,4.0,,,2.0,3.0,2.0,1.0,3.0,1.0,1.0,4.0,1.0,4.0,3.0,2.0,1.0,2.0,2.0,1.0,2.0,1.0,1.0,3.0,2.0,4.0,3.0,2.0,2.0,4.0,,,,,,,,,0,,0,,0,,,,,,,,,,,,,,,,,,,,,,,,,,,,,,,,,,,,,,,,,,,,,,,,,,,,,,,,,,,,,,,,,,,,,,,,,,,,,1.0,3.0,5.0,1,1,1,1,6,2,,1,1,1,1,6,2,2.0,2,4,1,,1,1,1,4,2,1.0,2,2,1.3057169330934135,
202201020416,2023-10-27T17:29:39Z,2023-10-27T17:32:11Z,2,1,1,6,2,2,2,3.0,2.0,2.0,1.0,2.0,,,,,,,,1.0,1.0,,,,,,,,1.0,1.0,3.0,3.0,3.0,3.0,3.0,3.0,3.0,,,3.0,3.0,3.0,2.0,3.0,2.0,,,4.0,1.0,,,,2.0,1.0,3.0,1.0,3.0,3.0,3.0,1.0,2.0,2.0,2.0,1.0,2.0,2.0,3.0,3.0,4.0,3.0,1.0,1.0,2.0,3.0,3.0,3.0,3.0,,2.0,2.0,,0,,0,,0,,,,,,,,,,,,,,,,,,,,,,,,,,,,,,,,,,,,,,,,,,,,,,,,,,,,,,,,,,,,,,,,,,,,,,,,,,,,,1.0,3.0,5.0,2,1,2,2,4,2,,1,1,1,1,6,12,,3,6,2,,2,3,1,6,3,3.0,2,99,1.9108104351007635,
202201020540,2023-10-28T15:22:15Z,2023-10-28T15:28:17Z,2,1,1,1,1,2,1,4.0,2.0,2.0,1.0,2.0,,,,,,,,2.0,1.0,,,,,,,,1.0,2.0,3.0,5.0,5.0,3.0,3.0,5.0,,5.0,5.0,5.0,3.0,5.0,5.0,5.0,,5.0,4.0,4.0,3.0,4.0,2.0,2.0,3.0,,,,,1.0,,2.0,,,,,,2.0,2.0,1.0,4.0,2.0,3.0,3.0,4.0,,,,,,,,,0,,0,,0,,,,,,,,,,,,,,,,,,,,,,,,,,,,,,,,,,,,,,,,,,,,,,,,,,,,,,,,,,,,,,,,,,,,,,,,,,,,,1.0,2.0,4.0,1,2,2,1,5,2,,1,1,1,1,1,1,1.0,1,2,3,2.0,2,3,1,9,3,1.0,1,2,0.2460022603203626,
202201020594,2023-10-29T16:23:04Z,2023-10-29T16:30:42Z,2,1,1,1,2,2,1,4.0,1.0,1.0,1.0,,,,,,,,,1.0,,,,,,,,,99.0,1.0,3.0,3.0,3.0,3.0,3.0,3.0,,3.0,,4.0,4.0,4.0,3.0,3.0,,3.0,,4.0,3.0,2.0,2.0,5.0,1.0,,,1.0,5.0,1.0,,2.0,,,,,,1.0,2.0,2.0,4.0,2.0,3.0,3.0,4.0,,,,,,,,,0,,0,,0,,,,,,,,,,,,,,,,,,,,,,,,,,,,,,,,,,,,,,,,,,,,,,,,,,,,,,,,,,,,,,,,,,,,,,,,,,,,,1.0,3.0,7.0,1,1,1,2,3,2,,3,2,2,4,1,12,,3,3,3,2.0,2,3,3,5,3,2.0,2,2,1.4201611224833115,
202201020643,2023-10-28T00:42:10Z,2023-10-28T00:51:29Z,2,1,1,6,2,2,2,4.0,2.0,2.0,1.0,2.0,,,,,,,,1.0,1.0,,,,,,,,1.0,2.0,2.0,4.0,3.0,5.0,4.0,5.0,2.0,,,4.0,4.0,4.0,5.0,5.0,5.0,,,4.0,3.0,5.0,4.0,5.0,1.0,1.0,4.0,1.0,4.0,1.0,,2.0,,,,,,2.0,1.0,2.0,5.0,3.0,2.0,2.0,4.0,,,,,,,,,0,,0,,0,,,,,,,,,,,,,,,,,,,,,,,,,,,,,,,,,,,,,,,,,,,,,,,,,,,,,,,,,,,,,,,,,,,,,,,,,,,,,1.0,4.0,9.0,1,1,1,1,6,2,,1,3,5,1,6,1,1.0,1,2,1,,1,1,1,2,2,1.0,1,1,0.6449740727011792,
202201020753,2023-10-27T17:08:44Z,2023-10-27T17:13:16Z,2,1,1,2,2,2,2,4.0,2.0,2.0,1.0,2.0,,,,,,,,1.0,1.0,,,,,,,,1.0,1.0,3.0,5.0,5.0,4.0,5.0,3.0,,3.0,,5.0,3.0,3.0,5.0,3.0,,5.0,,5.0,3.0,4.0,3.0,4.0,1.0,2.0,5.0,2.0,5.0,1.0,,2.0,,,,,,2.0,4.0,2.0,4.0,4.0,2.0,3.0,4.0,,,,,,,,,0,,0,,0,,,,,,,,,,,,,,,,,,,,,,,,,,,,,,,,,,,,,,,,,,,,,,,,,,,,,,,,,,,,,,,,,,,,,,,,,,,,,1.0,2.0,3.0,2,1,1,3,2,2,,1,2,2,1,2,10,,3,5,4,1.0,1,1,2,2,2,1.0,2,2,3.736546896190336,
202201021231,2023-10-27T17:17:36Z,2023-10-27T21:42:39Z,1,1,1,6,2,2,2,4.0,2.0,2.0,1.0,2.0,,,,,,,,1.0,1.0,,,,,,,,1.0,1.0,2.0,3.0,3.0,3.0,4.0,4.0,5.0,,,3.0,4.0,3.0,4.0,5.0,6.0,,,4.0,3.0,4.0,3.0,5.0,1.0,1.0,5.0,1.0,5.0,1.0,,2.0,,,,,,2.0,3.0,2.0,4.0,3.0,3.0,3.0,4.0,,,,,,,,,0,,0,,0,,,,,,,,,,,,,,,,,,,,,,,,,,,,,,,,,,,,,,,,,,,,,,,,,,,,,,,,,,,,,,,,,,,,,,,,,,,,,1.0,4.0,8.0,2,2,1,1,5,2,,1,1,1,1,6,1,1.0,1,4,4,2.0,2,3,1,9,3,1.0,1,3,0.2301496945635998,
202201021280,2023-10-29T22:59:59Z,2023-10-29T23:03:53Z,2,1,1,2,2,2,2,4.0,2.0,2.0,1.0,2.0,,,,,,,,1.0,1.0,,,,,,,,1.0,1.0,4.0,5.0,5.0,5.0,5.0,5.0,,5.0,,1.0,3.0,2.0,1.0,1.0,,3.0,,5.0,3.0,2.0,1.0,3.0,1.0,1.0,1.0,1.0,1.0,2.0,1.0,1.0,1.0,1.0,1.0,2.0,1.0,2.0,5.0,5.0,4.0,2.0,1.0,1.0,4.0,,,,,,,,,0,,0,,0,,,,,,,,,,,,,,,,,,,,,,,,,,,,,,,,,,,,,,,,,,,,,,,,,,,,,,,,,,,,,,,,,,,,,,,,,,,,,1.0,2.0,3.0,2,1,2,1,5,1,3.0,1,1,3,1,2,5,,4,3,2,,2,3,1,7,3,1.0,1,2,0.1648418649146223,
202201021463,2023-10-27T17:03:22Z,2023-10-27T17:09:37Z,2,1,1,1,1,2,1,4.0,2.0,2.0,1.0,2.0,,,,,,,,1.0,1.0,,,,,,,,1.0,1.0,1.0,3.0,2.0,3.0,3.0,3.0,,3.0,2.0,2.0,2.0,2.0,1.0,2.0,,1.0,2.0,2.0,3.0,2.0,2.0,4.0,1.0,,,,,1.0,,2.0,,,,,,2.0,2.0,1.0,1.0,1.0,3.0,3.0,4.0,,,,,,,,,0,,0,,0,,,,,,,,,,,,,,,,,,,,,,,,,,,,,,,,,,,,,,,,,,,,,,,,,,,,,,,,,,,,,,,,,,,,,,,,,,,,,1.0,3.0,7.0,2,1,1,1,5,2,,1,2,2,1,1,1,1.0,1,2,2,,2,3,1,5,3,1.0,1,2,0.2298276155388371,
202201021505,2023-10-27T18:40:01Z,2023-10-27T18:44:03Z,2,1,1,6,2,2,2,4.0,2.0,2.0,2.0,1.0,,,,,,,,1.0,1.0,,,,,,,,1.0,1.0,2.0,3.0,3.0,4.0,3.0,3.0,4.0,,,4.0,5.0,5.0,5.0,5.0,4.0,,,1.0,3.0,3.0,1.0,3.0,1.0,3.0,5.0,3.0,5.0,2.0,1.0,1.0,2.0,2.0,2.0,2.0,1.0,2.0,2.0,1.0,3.0,1.0,3.0,3.0,4.0,,,,,,,,,0,,0,,0,,,,,,,,,,,,,,,,,,,,,,,,,,,,,,,,,,,,,,,,,,,,,,,,,,,,,,,,,,,,,,,,,,,,,,,,,,,,,1.0,1.0,1.0,2,2,2,1,6,2,,1,1,1,1,6,10,,3,6,2,,2,4,1,1,4,1.0,2,1,0.092438480805561,
202201021677,2023-10-29T22:17:59Z,2023-10-29T22:20:32Z,2,1,1,3,2,1,1,3.0,4.0,4.0,1.0,2.0,2.0,2.0,,,,,,1.0,1.0,1.0,1.0,,,,,,1.0,2.0,4.0,3.0,3.0,4.0,3.0,3.0,3.0,,4.0,4.0,3.0,3.0,3.0,3.0,3.0,,5.0,4.0,1.0,,,,99.0,,,,,2.0,3.0,1.0,1.0,1.0,1.0,2.0,2.0,1.0,1.0,5.0,4.0,4.0,3.0,3.0,2.0,3.0,2.0,3.0,2.0,,1.0,1.0,,0,,0,,0,,,,,,,,,,,,,,,,,,,,,,,,,,,,,,,,,,,,,,,,,,,,,,,,,,,,,,,,,,,,,,,,,,,,,,,,,,,,,1.0,3.0,5.0,1,2,2,3,1,1,2.0,1,3,3,1,3,2,1.0,2,3,2,,2,4,3,4,4,2.0,1,2,0.4742549787552244,
202201021747,2023-10-29T14:49:11Z,2023-10-29T14:53:21Z,2,1,1,1,1,2,1,4.0,2.0,2.0,1.0,2.0,,,,,,,,1.0,1.0,,,,,,,,1.0,1.0,2.0,3.0,3.0,4.0,4.0,5.0,,4.0,2.0,4.0,5.0,5.0,4.0,5.0,,5.0,5.0,3.0,3.0,3.0,3.0,5.0,2.0,,,,,1.0,,2.0,,,,,,2.0,2.0,2.0,4.0,3.0,3.0,3.0,4.0,,,,,,,,,0,,0,,0,,,,,,,,,,,,,,,,,,,,,,,,,,,,,,,,,,,,,,,,,,,,,,,,,,,,,,,,,,,,,,,,,,,,,,,,,,,,,1.0,2.0,3.0,2,2,2,2,3,2,,1,1,1,1,1,1,1.0,1,4,4,1.0,1,1,1,4,2,1.0,1,2,0.0715690033159955,
202201021899,2023-10-27T17:25:17Z,2023-10-27T17:29:53Z,2,1,1,1,2,2,1,4.0,2.0,2.0,1.0,2.0,,,,,,,,1.0,1.0,,,,,,,,1.0,1.0,2.0,2.0,4.0,5.0,3.0,4.0,,5.0,,4.0,5.0,5.0,3.0,5.0,,4.0,,1.0,3.0,3.0,1.0,5.0,1.0,,,2.0,3.0,2.0,1.0,1.0,1.0,2.0,2.0,2.0,1.0,2.0,2.0,4.0,2.0,3.0,3.0,3.0,4.0,,,,,,,,,0,,0,,0,,,,,,,,,,,,,,,,,,,,,,,,,,,,,,,,,,,,,,,,,,,,,,,,,,,,,,,,,,,,,,,,,,,,,,,,,,,,,1.0,3.0,5.0,1,1,1,1,6,2,,1,1,1,1,1,12,,3,6,2,,2,4,1,6,5,1.0,1,2,0.459302701731284,
202201021943,2023-10-27T17:03:49Z,2023-10-27T17:09:48Z,2,1,1,3,1,1,1,4.0,2.0,2.0,2.0,1.0,,,,,,,,1.0,1.0,,,,,,,,1.0,2.0,2.0,4.0,1.0,1.0,1.0,99.0,1.0,,1.0,1.0,1.0,1.0,3.0,1.0,3.0,,1.0,3.0,3.0,3.0,4.0,6.0,3.0,,,,,2.0,1.0,1.0,2.0,2.0,2.0,2.0,2.0,2.0,3.0,2.0,99.0,3.0,2.0,2.0,4.0,,,,,,,,,0,,0,,0,,,,,,,,,,,,,,,,,,,,,,,,,,,,,,,,,,,,,,,,,,,,,,,,,,,,,,,,,,,,,,,,,,,,,,,,,,,,,1.0,2.0,3.0,1,2,2,2,3,2,,1,2,2,1,3,1,2.0,1,4,2,,2,3,2,1,3,1.0,2,1,0.3072864235505219,
202201021981,2023-10-29T15:01:15Z,2023-10-29T15:06:12Z,2,1,1,1,1,2,1,4.0,2.0,2.0,2.0,1.0,,,,,,,,1.0,1.0,,,,,,,,1.0,1.0,1.0,4.0,3.0,4.0,3.0,4.0,,1.0,2.0,2.0,5.0,5.0,3.0,3.0,,4.0,4.0,2.0,3.0,2.0,2.0,2.0,1.0,,,,,1.0,,2.0,,,,,,2.0,2.0,2.0,5.0,2.0,2.0,2.0,4.0,,,,,,,,,0,,0,,0,,,,,,,,,,,,,,,,,,,,,,,,,,,,,,,,,,,,,,,,,,,,,,,,,,,,,,,,,,,,,,,,,,,,,,,,,,,,,1.0,3.0,7.0,1,2,2,1,5,1,1.0,1,1,3,1,1,2,2.0,2,4,2,,2,4,1,6,4,1.0,1,2,0.1232246738237104,
202201022315,2023-10-27T22:26:30Z,2023-10-27T22:40:06Z,2,1,1,6,2,99,2,3.0,1.0,1.0,2.0,,,,,,,,,1.0,,,,,,,,,99.0,2.0,1.0,2.0,3.0,4.0,3.0,4.0,5.0,,,3.0,5.0,3.0,3.0,2.0,6.0,,,4.0,2.0,1.0,1.0,1.0,2.0,1.0,5.0,,,3.0,1.0,1.0,1.0,2.0,2.0,1.0,2.0,1.0,2.0,2.0,2.0,1.0,1.0,1.0,1.0,1.0,2.0,2.0,2.0,,1.0,1.0,,0,,0,,0,,,,,,,,,,,,,,,,,,,,,,,,,,,,,,,,,,,,,,,,,,,,,,,,,,,,,,,,,,,,,,,,,,,,,,,,,,,,,1.0,3.0,5.0,1,1,2,2,4,2,,2,2,2,4,6,1,1.0,1,4,4,1.0,1,1,3,1,1,1.0,1,1,0.948926483481002,
202201022356,2023-10-27T17:16:53Z,2023-10-27T17:19:20Z,2,1,1,1,1,1,1,3.0,1.0,1.0,2.0,,,,,,,,,1.0,,,,,,,,,99.0,2.0,4.0,4.0,4.0,3.0,4.0,4.0,,5.0,4.0,4.0,2.0,4.0,4.0,3.0,,4.0,4.0,3.0,3.0,6.0,1.0,4.0,1.0,,,,,1.0,,2.0,,,,,,2.0,3.0,3.0,4.0,3.0,2.0,2.0,4.0,,,,,,,,,0,,0,,0,,,,,,,,,,,,,,,,,,,,,,,,,,,,,,,,,,,,,,,,,,,,,,,,,,,,,,,,,,,,,,,,,,,,,,,,,,,,,1.0,3.0,5.0,3,2,2,2,4,2,,1,2,2,1,1,1,1.0,1,5,2,,2,3,1,4,2,1.0,1,1,0.2169973422549357,
202201022496,2023-10-29T13:54:25Z,2023-10-29T13:57:00Z,2,1,1,1,2,2,1,4.0,2.0,2.0,2.0,1.0,,,,,,,,1.0,1.0,,,,,,,,1.0,1.0,1.0,3.0,4.0,5.0,5.0,4.0,,4.0,,5.0,5.0,1.0,5.0,5.0,,5.0,,4.0,3.0,3.0,2.0,5.0,1.0,,,1.0,5.0,1.0,,2.0,,,,,,2.0,2.0,2.0,4.0,2.0,3.0,3.0,4.0,,,,,,,,,0,,0,,0,,,,,,,,,,,,,,,,,,,,,,,,,,,,,,,,,,,,,,,,,,,,,,,,,,,,,,,,,,,,,,,,,,,,,,,,,,,,,1.0,3.0,5.0,1,1,1,1,5,2,,1,1,1,1,1,12,,3,6,2,,2,3,1,9,3,1.0,2,3,0.5328108061731315,
202201022509,2023-10-31T17:42:54Z,2023-10-31T17:45:25Z,2,1,1,2,2,2,2,4.0,2.0,2.0,2.0,1.0,,,,,,,,1.0,1.0,,,,,,,,1.0,2.0,2.0,4.0,2.0,4.0,3.0,5.0,,3.0,,3.0,4.0,2.0,4.0,3.0,,4.0,,2.0,3.0,2.0,2.0,5.0,1.0,1.0,4.0,2.0,4.0,1.0,,2.0,,,,,,2.0,3.0,3.0,2.0,3.0,3.0,3.0,4.0,,,,,,,,,0,,0,,0,,,,,,,,,,,,,,,,,,,,,,,,,,,,,,,,,,,,,,,,,,,,,,,,,,,,,,,,,,,,,,,,,,,,,,,,,,,,,1.0,4.0,9.0,1,1,1,1,5,2,,1,1,1,1,2,9,,3,6,2,,2,4,1,9,4,1.0,2,3,0.3181369096044567,
202201022560,2023-10-29T12:33:16Z,2023-10-29T12:46:45Z,2,1,1,1,1,2,1,4.0,2.0,2.0,1.0,2.0,,,,,,,,1.0,1.0,,,,,,,,1.0,1.0,1.0,5.0,5.0,5.0,5.0,5.0,,5.0,5.0,5.0,5.0,5.0,5.0,5.0,,5.0,5.0,5.0,3.0,2.0,2.0,3.0,1.0,,,,,1.0,,2.0,,,,,,2.0,4.0,3.0,5.0,3.0,3.0,3.0,4.0,,,,,,,,,0,,0,,0,,,,,,,,,,,,,,,,,,,,,,,,,,,,,,,,,,,,,,,,,,,,,,,,,,,,,,,,,,,,,,,,,,,,,,,,,,,,,1.0,3.0,5.0,2,2,1,1,6,2,,1,4,4,1,1,9,,3,6,3,2.0,2,3,1,8,3,2.0,1,2,0.117172585070825,
202201023319,2023-10-28T17:11:47Z,2023-10-28T17:15:25Z,1,1,1,6,2,2,2,4.0,1.0,1.0,2.0,,,,,,,,,1.0,,,,,,,,,99.0,2.0,2.0,4.0,1.0,3.0,2.0,4.0,4.0,,,5.0,2.0,5.0,4.0,4.0,4.0,,,2.0,1.0,,,,1.0,1.0,4.0,1.0,4.0,4.0,1.0,2.0,,,,,,1.0,2.0,2.0,1.0,1.0,1.0,3.0,1.0,3.0,1.0,4.0,4.0,,1.0,1.0,,0,,0,,0,,,,,,,,,,,,,,,,,,,,,,,,,,,,,,,,,,,,,,,,,,,,,,,,,,,,,,,,,,,,,,,,,,,,,,,,,,,,,1.0,3.0,7.0,2,1,1,2,3,1,1.0,1,1,3,1,6,10,,3,6,2,,2,4,1,2,4,1.0,2,1,1.2300974995352505,
202201023454,2023-10-27T21:01:40Z,2023-10-27T21:04:26Z,2,1,1,2,1,2,2,4.0,2.0,2.0,2.0,1.0,,,,,,,,1.0,2.0,,,,,,,,1.0,2.0,1.0,1.0,1.0,1.0,1.0,4.0,,1.0,1.0,1.0,1.0,1.0,1.0,1.0,,1.0,1.0,1.0,3.0,1.0,1.0,2.0,1.0,2.0,1.0,,,1.0,,1.0,1.0,1.0,1.0,1.0,1.0,1.0,3.0,2.0,1.0,3.0,1.0,1.0,4.0,,,,,,,,,0,,0,,0,,,,,,,,,,,,,,,,,,,,,,,,,,,,,,,,,,,,,,,,,,,,,,,,,,,,,,,,,,,,,,,,,,,,,,,,,,,,,1.0,3.0,5.0,2,2,2,3,2,2,,1,2,2,1,2,1,1.0,1,3,2,,2,3,1,1,2,2.0,1,1,0.3036560693534262,
202201023539,2023-10-29T09:05:43Z,2023-10-29T09:08:33Z,2,1,1,6,2,2,2,3.0,2.0,2.0,2.0,1.0,,,,,,,,1.0,1.0,,,,,,,,1.0,2.0,2.0,2.0,2.0,3.0,2.0,2.0,3.0,,,3.0,5.0,5.0,6.0,3.0,6.0,,,3.0,3.0,2.0,1.0,2.0,2.0,1.0,3.0,3.0,3.0,3.0,4.0,2.0,,,,,,2.0,3.0,3.0,3.0,3.0,3.0,3.0,4.0,,,,,,,,,0,,0,,0,,,,,,,,,,,,,,,,,,,,,,,,,,,,,,,,,,,,,,,,,,,,,,,,,,,,,,,,,,,,,,,,,,,,,,,,,,,,,1.0,2.0,3.0,3,1,2,3,1,2,,1,1,1,1,6,10,,3,4,1,,1,2,1,8,3,1.0,1,2,0.382748375950873,
202201023564,2023-10-27T17:15:04Z,2023-10-27T17:17:41Z,2,1,1,6,1,2,2,4.0,1.0,1.0,2.0,,,,,,,,,1.0,,,,,,,,,99.0,2.0,1.0,1.0,1.0,3.0,3.0,3.0,4.0,,1.0,2.0,4.0,99.0,1.0,3.0,4.0,,1.0,3.0,3.0,1.0,1.0,1.0,1.0,1.0,4.0,,,1.0,,2.0,,,,,,1.0,2.0,1.0,3.0,1.0,3.0,3.0,4.0,,,,,,,,,0,,0,,0,,,,,,,,,,,,,,,,,,,,,,,,,,,,,,,,,,,,,,,,,,,,,,,,,,,,,,,,,,,,,,,,,,,,,,,,,,,,,1.0,1.0,2.0,1,2,2,3,2,2,,1,2,2,1,6,1,2.0,1,5,1,,1,2,2,2,3,2.0,2,1,0.5206972209533002,
202201023643,2023-10-28T07:44:10Z,2023-10-28T07:47:27Z,2,1,1,2,1,2,1,3.0,1.0,1.0,2.0,,,,,,,,,1.0,,,,,,,,,99.0,2.0,1.0,1.0,1.0,1.0,1.0,1.0,,1.0,1.0,4.0,3.0,5.0,5.0,5.0,,4.0,4.0,2.0,3.0,1.0,1.0,5.0,1.0,,,,,1.0,,1.0,1.0,2.0,2.0,2.0,2.0,1.0,1.0,1.0,2.0,1.0,3.0,3.0,4.0,,,,,,,,,0,,0,,0,,,,,,,,,,,,,,,,,,,,,,,,,,,,,,,,,,,,,,,,,,,,,,,,,,,,,,,,,,,,,,,,,,,,,,,,,,,,,1.0,3.0,5.0,2,1,2,2,3,2,,1,2,2,1,2,12,,3,6,2,,2,3,1,1,3,1.0,1,1,0.2391334682609578,
202201023737,2023-10-28T12:45:00Z,2023-10-28T12:50:59Z,2,1,1,2,1,2,2,4.0,1.0,1.0,2.0,,,,,,,,,1.0,,,,,,,,,99.0,2.0,3.0,4.0,3.0,2.0,3.0,4.0,,5.0,1.0,2.0,5.0,5.0,4.0,3.0,,3.0,3.0,2.0,3.0,2.0,2.0,2.0,2.0,1.0,5.0,,,4.0,2.0,1.0,2.0,2.0,2.0,1.0,2.0,1.0,3.0,3.0,3.0,3.0,3.0,3.0,4.0,,,,,,,,,0,,0,,0,,,,,,,,,,,,,,,,,,,,,,,,,,,,,,,,,,,,,,,,,,,,,,,,,,,,,,,,,,,,,,,,,,,,,,,,,,,,,1.0,3.0,5.0,1,2,2,3,2,2,,1,2,2,1,2,1,1.0,1,3,2,,2,4,1,1,4,2.0,2,1,0.4078081789383578,
202201023806,2023-10-28T20:43:09Z,2023-10-28T21:00:21Z,2,1,1,6,2,2,2,4.0,2.0,2.0,2.0,1.0,,,,,,,,1.0,1.0,,,,,,,,1.0,2.0,1.0,1.0,1.0,1.0,1.0,1.0,1.0,,,5.0,5.0,5.0,6.0,5.0,5.0,,,1.0,1.0,,,,1.0,1.0,4.0,1.0,5.0,4.0,1.0,1.0,2.0,2.0,2.0,1.0,1.0,2.0,1.0,2.0,4.0,1.0,3.0,3.0,1.0,1.0,1.0,1.0,1.0,,2.0,2.0,,0,,0,,0,,,,,,,,,,,,,,,,,,,,,,,,,,,,,,,,,,,,,,,,,,,,,,,,,,,,,,,,,,,,,,,,,,,,,,,,,,,,,2.0,3.0,5.0,3,1,2,3,2,2,,1,2,2,1,6,1,99.0,1,5,4,99.0,9,9,3,99,1,1.0,2,99,2.4717280693600583,
202201023966,2023-10-27T17:30:32Z,2023-10-27T17:36:50Z,2,1,1,6,2,2,2,4.0,3.0,3.0,1.0,2.0,2.0,,,,,,,1.0,1.0,1.0,,,,,,,1.0,2.0,2.0,1.0,1.0,2.0,2.0,3.0,3.0,,,3.0,4.0,3.0,3.0,3.0,2.0,,,1.0,3.0,1.0,1.0,5.0,1.0,3.0,5.0,3.0,5.0,4.0,1.0,1.0,1.0,2.0,2.0,2.0,1.0,1.0,2.0,2.0,3.0,3.0,3.0,3.0,4.0,,,,,,,,,0,,0,,0,,,,,,,,,,,,,,,,,,,,,,,,,,,,,,,,,,,,,,,,,,,,,,,,,,,,,,,,,,,,,,,,,,,,,,,,,,,,,1.0,3.0,7.0,2,1,2,1,5,2,,1,1,1,1,6,1,2.0,1,4,3,1.0,1,2,3,3,3,1.0,1,2,0.2519756058746145,
202201024350,2023-10-28T18:24:29Z,2023-10-28T18:30:58Z,2,1,1,6,2,2,2,4.0,2.0,2.0,2.0,1.0,,,,,,,,1.0,1.0,,,,,,,,1.0,2.0,1.0,2.0,2.0,4.0,2.0,2.0,4.0,,,5.0,3.0,5.0,5.0,5.0,5.0,,,1.0,3.0,1.0,5.0,4.0,1.0,3.0,4.0,3.0,3.0,1.0,,2.0,,,,,,1.0,1.0,2.0,2.0,3.0,3.0,3.0,4.0,,,,,,,,,0,,0,,0,,,,,,,,,,,,,,,,,,,,,,,,,,,,,,,,,,,,,,,,,,,,,,,,,,,,,,,,,,,,,,,,,,,,,,,,,,,,,1.0,3.0,5.0,3,2,1,1,6,2,,1,2,2,1,6,1,1.0,1,1,2,,2,3,1,4,3,2.0,2,2,0.3030604618760229,
202201024523,2023-10-27T18:47:33Z,2023-10-28T12:23:25Z,2,1,1,2,1,2,2,4.0,2.0,2.0,2.0,1.0,,,,,,,,1.0,2.0,,,,,,,,1.0,2.0,3.0,3.0,5.0,3.0,3.0,4.0,,4.0,3.0,3.0,4.0,4.0,4.0,4.0,,4.0,3.0,3.0,3.0,2.0,2.0,2.0,2.0,1.0,5.0,,,1.0,,1.0,2.0,2.0,2.0,2.0,1.0,1.0,3.0,1.0,3.0,2.0,3.0,3.0,4.0,,,,,,,,,0,,0,,0,,,,,,,,,,,,,,,,,,,,,,,,,,,,,,,,,,,,,,,,,,,,,,,,,,,,,,,,,,,,,,,,,,,,,,,,,,,,,1.0,3.0,5.0,1,2,2,3,2,2,,1,2,2,1,2,12,,3,5,4,2.0,2,3,1,1,2,1.0,2,1,0.2211206610528048,
202201024584,2023-10-27T18:32:53Z,2023-10-27T18:39:37Z,1,1,1,6,1,2,2,2.0,2.0,2.0,2.0,1.0,,,,,,,,1.0,1.0,,,,,,,,1.0,2.0,3.0,4.0,3.0,3.0,2.0,2.0,3.0,,2.0,4.0,5.0,5.0,5.0,5.0,4.0,,5.0,4.0,3.0,3.0,2.0,3.0,1.0,3.0,5.0,,,1.0,,2.0,,,,,,1.0,4.0,2.0,3.0,3.0,2.0,3.0,4.0,,,,,,,,,0,,0,,0,,,,,,,,,,,,,,,,,,,,,,,,,,,,,,,,,,,,,,,,,,,,,,,,,,,,,,,,,,,,,,,,,,,,,,,,,,,,,1.0,2.0,3.0,2,2,2,2,3,2,,1,2,2,1,6,1,1.0,1,5,2,,2,3,2,1,3,1.0,1,1,0.1746246302858811,
202201024644,2023-10-27T16:59:45Z,2023-10-27T17:09:27Z,2,1,1,2,2,2,2,4.0,2.0,2.0,1.0,2.0,,,,,,,,2.0,1.0,,,,,,,,1.0,2.0,5.0,5.0,5.0,5.0,5.0,5.0,,5.0,,2.0,2.0,3.0,5.0,5.0,,5.0,,5.0,3.0,5.0,4.0,4.0,1.0,1.0,5.0,2.0,5.0,1.0,,2.0,,,,,,2.0,2.0,3.0,4.0,3.0,3.0,3.0,4.0,,,,,,,,,0,,0,,0,,,,,,,,,,,,,,,,,,,,,,,,,,,,,,,,,,,,,,,,,,,,,,,,,,,,,,,,,,,,,,,,,,,,,,,,,,,,,1.0,2.0,3.0,2,2,1,2,3,2,,1,1,1,1,2,9,,3,6,4,2.0,2,4,3,4,5,1.0,2,2,0.8133656591681223,
202201024949,2023-10-29T11:14:15Z,2023-10-29T11:17:57Z,2,1,1,6,1,2,2,4.0,2.0,2.0,2.0,1.0,,,,,,,,1.0,1.0,,,,,,,,1.0,2.0,3.0,2.0,2.0,3.0,2.0,2.0,2.0,,2.0,3.0,5.0,5.0,5.0,3.0,3.0,,4.0,1.0,3.0,1.0,1.0,1.0,1.0,1.0,5.0,,,2.0,1.0,1.0,2.0,2.0,1.0,1.0,2.0,1.0,1.0,1.0,2.0,1.0,3.0,3.0,4.0,,,,,,,,,0,,0,,0,,,,,,,,,,,,,,,,,,,,,,,,,,,,,,,,,,,,,,,,,,,,,,,,,,,,,,,,,,,,,,,,,,,,,,,,,,,,,1.0,2.0,3.0,2,1,2,3,2,2,,1,4,4,1,6,12,,3,4,3,2.0,2,3,1,1,3,1.0,2,1,0.2729051037626042,
202201024982,2023-10-27T19:21:45Z,2023-10-27T19:25:25Z,2,1,1,6,2,2,2,3.0,1.0,1.0,2.0,,,,,,,,,1.0,,,,,,,,,99.0,2.0,4.0,3.0,2.0,3.0,2.0,2.0,1.0,,,1.0,2.0,1.0,4.0,3.0,3.0,,,2.0,2.0,4.0,1.0,1.0,3.0,1.0,2.0,1.0,2.0,4.0,3.0,2.0,,,,,,1.0,1.0,2.0,5.0,3.0,1.0,3.0,3.0,4.0,3.0,3.0,3.0,,1.0,2.0,,0,,0,,0,,,,,,,,,,,,,,,,,,,,,,,,,,,,,,,,,,,,,,,,,,,,,,,,,,,,,,,,,,,,,,,,,,,,,,,,,,,,,1.0,4.0,9.0,3,1,1,3,1,2,,1,5,4,1,6,12,,3,3,3,2.0,2,4,3,1,4,4.0,1,1,6.314159461681934,
202201025054,2023-10-27T22:25:53Z,2023-10-27T22:33:29Z,2,1,1,6,2,2,2,4.0,2.0,2.0,1.0,2.0,,,,,,,,1.0,1.0,,,,,,,,1.0,1.0,2.0,3.0,4.0,3.0,5.0,3.0,3.0,,,3.0,5.0,5.0,5.0,4.0,5.0,,,4.0,1.0,,,,1.0,1.0,5.0,1.0,3.0,3.0,1.0,2.0,,,,,,1.0,4.0,4.0,5.0,5.0,2.0,2.0,1.0,3.0,2.0,4.0,3.0,,1.0,2.0,,0,,0,,0,,,,,,,,,,,,,,,,,,,,,,,,,,,,,,,,,,,,,,,,,,,,,,,,,,,,,,,,,,,,,,,,,,,,,,,,,,,,,1.0,3.0,5.0,1,1,2,1,5,2,,1,2,2,1,6,12,,3,6,2,,2,4,1,9,4,2.0,1,2,0.3498385983579126,
202201025075,2023-10-27T18:55:38Z,2023-10-27T18:59:08Z,2,1,1,6,2,2,2,3.0,1.0,1.0,2.0,,,,,,,,,1.0,,,,,,,,,99.0,2.0,1.0,3.0,1.0,3.0,3.0,1.0,3.0,,,1.0,3.0,1.0,1.0,1.0,2.0,,,1.0,3.0,2.0,1.0,5.0,3.0,1.0,5.0,1.0,5.0,1.0,,2.0,,,,,,1.0,1.0,1.0,2.0,4.0,3.0,3.0,4.0,,,,,,,,,0,,0,,0,,,,,,,,,,,,,,,,,,,,,,,,,,,,,,,,,,,,,,,,,,,,,,,,,,,,,,,,,,,,,,,,,,,,,,,,,,,,,1.0,1.0,2.0,1,1,2,1,5,2,,1,2,2,1,6,2,2.0,2,5,2,,2,4,3,2,4,1.0,1,2,0.1985114495122249,
202201025098,2023-10-27T20:29:28Z,2023-10-27T20:33:31Z,1,1,1,6,2,2,2,4.0,1.0,1.0,2.0,,,,,,,,,1.0,,,,,,,,,99.0,2.0,2.0,3.0,2.0,3.0,3.0,4.0,4.0,,,4.0,4.0,4.0,6.0,4.0,6.0,,,3.0,2.0,1.0,6.0,1.0,1.0,3.0,4.0,1.0,4.0,2.0,2.0,2.0,,,,,,1.0,2.0,2.0,3.0,2.0,3.0,3.0,3.0,2.0,3.0,3.0,4.0,,1.0,1.0,,0,,0,,0,,,,,,,,,,,,,,,,,,,,,,,,,,,,,,,,,,,,,,,,,,,,,,,,,,,,,,,,,,,,,,,,,,,,,,,,,,,,,1.0,2.0,4.0,2,2,2,1,6,2,,1,2,2,1,6,12,,3,6,2,,2,3,1,3,3,1.0,2,2,0.1864033398063467,
202201025151,2023-10-28T20:10:00Z,2023-10-28T20:14:09Z,2,1,1,1,2,2,1,4.0,2.0,2.0,1.0,2.0,,,,,,,,1.0,1.0,,,,,,,,1.0,1.0,2.0,4.0,4.0,3.0,3.0,4.0,,4.0,,5.0,2.0,4.0,5.0,5.0,,5.0,,4.0,3.0,3.0,2.0,5.0,1.0,,,3.0,3.0,1.0,,2.0,,,,,,2.0,2.0,1.0,3.0,1.0,3.0,3.0,4.0,,,,,,,,,0,,0,,0,,,,,,,,,,,,,,,,,,,,,,,,,,,,,,,,,,,,,,,,,,,,,,,,,,,,,,,,,,,,,,,,,,,,,,,,,,,,,1.0,4.0,8.0,2,2,1,1,5,2,,1,1,1,1,1,10,,3,6,3,1.0,1,2,1,9,3,1.0,1,3,0.1452719964759277,
202201025162,2023-10-28T10:40:11Z,2023-10-28T10:45:37Z,2,1,1,1,1,2,1,4.0,2.0,2.0,2.0,1.0,,,,,,,,1.0,1.0,,,,,,,,1.0,2.0,3.0,3.0,3.0,4.0,3.0,4.0,,2.0,3.0,2.0,3.0,3.0,4.0,3.0,,1.0,3.0,3.0,3.0,2.0,1.0,2.0,1.0,,,,,2.0,1.0,2.0,,,,,,2.0,3.0,3.0,4.0,4.0,1.0,1.0,4.0,,,,,,,,,0,,0,,0,,,,,,,,,,,,,,,,,,,,,,,,,,,,,,,,,,,,,,,,,,,,,,,,,,,,,,,,,,,,,,,,,,,,,,,,,,,,,2.0,2.0,3.0,3,2,2,1,6,2,,1,1,1,1,1,1,2.0,1,4,4,1.0,1,2,3,8,3,1.0,1,2,0.1866338623321388,
202201025300,2023-10-27T16:58:25Z,2023-10-27T17:06:36Z,2,1,1,6,2,2,2,4.0,2.0,2.0,1.0,2.0,,,,,,,,1.0,1.0,,,,,,,,1.0,1.0,5.0,5.0,5.0,3.0,5.0,5.0,4.0,,,5.0,5.0,5.0,5.0,5.0,5.0,,,4.0,3.0,6.0,3.0,5.0,3.0,1.0,5.0,1.0,5.0,1.0,,2.0,,,,,,1.0,5.0,5.0,5.0,5.0,2.0,2.0,4.0,,,,,,,,,0,,0,,0,,,,,,,,,,,,,,,,,,,,,,,,,,,,,,,,,,,,,,,,,,,,,,,,,,,,,,,,,,,,,,,,,,,,,,,,,,,,,1.0,2.0,3.0,2,1,2,3,2,2,,1,1,1,1,6,12,,3,6,3,2.0,2,3,3,1,3,2.0,2,1,1.723513787681098,
202201026021,2023-10-27T17:39:22Z,2023-10-29T13:59:38Z,2,1,1,6,2,2,2,3.0,2.0,2.0,2.0,1.0,,,,,,,,1.0,2.0,,,,,,,,1.0,2.0,3.0,3.0,3.0,4.0,5.0,3.0,5.0,,,2.0,5.0,3.0,1.0,2.0,3.0,,,4.0,2.0,2.0,2.0,3.0,3.0,3.0,4.0,3.0,2.0,4.0,1.0,1.0,1.0,2.0,2.0,1.0,2.0,1.0,4.0,3.0,3.0,2.0,2.0,2.0,4.0,,,,,,,,,0,,0,,0,,,,,,,,,,,,,,,,,,,,,,,,,,,,,,,,,,,,,,,,,,,,,,,,,,,,,,,,,,,,,,,,,,,,,,,,,,,,,1.0,3.0,5.0,1,1,2,3,2,2,,1,2,2,1,6,12,,3,6,4,2.0,2,4,3,1,4,1.0,2,1,1.4608044574488608,
202201026873,2023-10-28T00:02:05Z,2023-10-28T00:05:12Z,2,1,1,6,2,2,2,3.0,1.0,1.0,2.0,,,,,,,,,1.0,,,,,,,,,99.0,2.0,2.0,2.0,3.0,3.0,3.0,3.0,5.0,,,4.0,4.0,4.0,4.0,3.0,6.0,,,4.0,1.0,,,,3.0,1.0,3.0,3.0,3.0,4.0,2.0,1.0,2.0,2.0,2.0,1.0,1.0,1.0,2.0,2.0,4.0,3.0,3.0,3.0,1.0,1.0,2.0,2.0,2.0,,2.0,2.0,,0,,0,,0,,,,,,,,,,,,,,,,,,,,,,,,,,,,,,,,,,,,,,,,,,,,,,,,,,,,,,,,,,,,,,,,,,,,,,,,,,,,,1.0,3.0,5.0,2,1,2,3,2,2,,1,2,2,1,6,2,2.0,2,3,2,,2,4,1,1,4,1.0,1,1,0.3984377268266004,
202201026918,2023-10-27T17:26:41Z,2023-10-27T17:33:57Z,2,1,1,6,2,2,2,4.0,2.0,2.0,2.0,1.0,,,,,,,,1.0,2.0,,,,,,,,1.0,2.0,2.0,1.0,2.0,1.0,3.0,3.0,3.0,,,4.0,4.0,5.0,5.0,5.0,5.0,,,1.0,3.0,1.0,1.0,5.0,1.0,1.0,4.0,1.0,4.0,1.0,,1.0,2.0,2.0,2.0,2.0,1.0,2.0,1.0,1.0,3.0,2.0,3.0,3.0,4.0,,,,,,,,,0,,0,,0,,,,,,,,,,,,,,,,,,,,,,,,,,,,,,,,,,,,,,,,,,,,,,,,,,,,,,,,,,,,,,,,,,,,,,,,,,,,,1.0,3.0,5.0,1,1,2,1,5,2,,1,2,2,1,6,10,,3,5,2,,2,4,3,4,5,1.0,2,2,0.6094635407221801,
202201027049,2023-10-27T16:57:53Z,2023-10-27T17:01:28Z,2,1,1,6,2,2,2,4.0,2.0,2.0,2.0,1.0,,,,,,,,1.0,1.0,,,,,,,,1.0,1.0,1.0,3.0,4.0,5.0,2.0,5.0,5.0,,,4.0,4.0,4.0,4.0,4.0,6.0,,,4.0,2.0,3.0,2.0,3.0,1.0,3.0,4.0,3.0,3.0,3.0,1.0,1.0,2.0,1.0,2.0,1.0,2.0,1.0,2.0,2.0,4.0,3.0,3.0,3.0,4.0,,,,,,,,,0,,0,,0,,,,,,,,,,,,,,,,,,,,,,,,,,,,,,,,,,,,,,,,,,,,,,,,,,,,,,,,,,,,,,,,,,,,,,,,,,,,,1.0,3.0,5.0,1,1,2,1,5,2,,1,4,4,1,6,6,,4,2,3,1.0,1,2,1,4,3,2.0,2,1,0.3764095835656257,
202201027263,2023-10-27T17:18:10Z,2023-10-27T17:22:10Z,2,1,1,2,1,2,2,4.0,2.0,2.0,2.0,1.0,,,,,,,,1.0,2.0,,,,,,,,1.0,2.0,2.0,2.0,4.0,4.0,3.0,5.0,,4.0,4.0,2.0,5.0,5.0,4.0,5.0,,3.0,2.0,3.0,3.0,3.0,3.0,3.0,1.0,2.0,5.0,,,2.0,1.0,1.0,2.0,2.0,1.0,1.0,2.0,1.0,2.0,2.0,3.0,3.0,2.0,2.0,4.0,,,,,,,,,0,,0,,0,,,,,,,,,,,,,,,,,,,,,,,,,,,,,,,,,,,,,,,,,,,,,,,,,,,,,,,,,,,,,,,,,,,,,,,,,,,,,1.0,3.0,5.0,2,2,2,2,3,2,,1,1,1,1,2,12,,3,5,3,1.0,1,2,1,3,3,1.0,1,1,0.1678623738735214,
202201027291,2023-10-31T15:30:08Z,2023-10-31T15:34:14Z,1,1,1,6,2,2,2,4.0,2.0,2.0,1.0,2.0,,,,,,,,1.0,1.0,,,,,,,,1.0,2.0,1.0,4.0,4.0,4.0,4.0,3.0,3.0,,,2.0,3.0,3.0,3.0,2.0,4.0,,,3.0,1.0,,,,1.0,1.0,4.0,1.0,4.0,1.0,,2.0,,,,,,1.0,1.0,1.0,1.0,1.0,3.0,3.0,2.0,1.0,3.0,2.0,2.0,,1.0,1.0,,0,,0,,0,,,,,,,,,,,,,,,,,,,,,,,,,,,,,,,,,,,,,,,,,,,,,,,,,,,,,,,,,,,,,,,,,,,,,,,,,,,,,1.0,4.0,9.0,2,1,1,1,5,1,1.0,1,5,3,1,6,2,2.0,2,4,2,,2,3,1,5,2,4.0,1,1,1.0140442374087548,
202201027472,2023-10-27T17:02:51Z,2023-10-27T17:11:29Z,1,1,1,6,2,2,2,4.0,2.0,2.0,2.0,1.0,,,,,,,,1.0,1.0,,,,,,,,1.0,2.0,3.0,3.0,2.0,3.0,4.0,5.0,4.0,,,4.0,3.0,3.0,4.0,3.0,5.0,,,4.0,3.0,3.0,2.0,1.0,1.0,1.0,2.0,3.0,1.0,2.0,1.0,2.0,,,,,,2.0,3.0,3.0,4.0,3.0,3.0,3.0,4.0,,,,,,,,,0,,0,,0,,,,,,,,,,,,,,,,,,,,,,,,,,,,,,,,,,,,,,,,,,,,,,,,,,,,,,,,,,,,,,,,,,,,,,,,,,,,,1.0,1.0,2.0,1,1,2,1,5,2,,1,1,1,1,6,5,,4,4,4,2.0,2,4,3,5,4,1.0,2,2,0.4438936182105757,
202201027542,2023-10-27T20:57:16Z,2023-10-27T21:01:27Z,2,1,1,2,2,2,2,4.0,2.0,2.0,2.0,1.0,,,,,,,,1.0,1.0,,,,,,,,1.0,2.0,1.0,1.0,1.0,3.0,1.0,2.0,,2.0,,3.0,5.0,4.0,5.0,5.0,,5.0,,3.0,3.0,2.0,1.0,3.0,1.0,1.0,5.0,1.0,3.0,1.0,,2.0,,,,,,2.0,1.0,1.0,3.0,2.0,3.0,3.0,4.0,,,,,,,,,0,,0,,0,,,,,,,,,,,,,,,,,,,,,,,,,,,,,,,,,,,,,,,,,,,,,,,,,,,,,,,,,,,,,,,,,,,,,,,,,,,,,1.0,3.0,5.0,2,1,1,3,2,1,3.0,1,2,3,1,2,10,,3,6,2,,2,4,1,3,5,1.0,1,2,0.2747608390256557,
202201027661,2023-10-27T23:23:26Z,2023-10-27T23:39:49Z,2,1,1,1,1,2,1,4.0,2.0,2.0,1.0,2.0,,,,,,,,1.0,1.0,,,,,,,,1.0,2.0,1.0,2.0,3.0,5.0,2.0,4.0,,3.0,4.0,4.0,2.0,4.0,3.0,4.0,,4.0,3.0,2.0,3.0,3.0,3.0,5.0,1.0,,,,,1.0,,2.0,,,,,,1.0,2.0,2.0,4.0,2.0,3.0,3.0,4.0,,,,,,,,,0,,0,,0,,,,,,,,,,,,,,,,,,,,,,,,,,,,,,,,,,,,,,,,,,,,,,,,,,,,,,,,,,,,,,,,,,,,,,,,,,,,,2.0,2.0,4.0,3,2,1,1,6,2,,3,2,2,4,1,1,1.0,1,2,3,1.0,1,1,3,5,1,1.0,2,2,1.204996520981587,
202201027848,2023-11-03T13:45:11Z,2023-11-05T12:41:35Z,2,1,1,4,1,2,1,4.0,4.0,4.0,2.0,1.0,2.0,1.0,,,,,,1.0,1.0,1.0,2.0,,,,,,1.0,1.0,5.0,1.0,3.0,1.0,1.0,4.0,4.0,,1.0,1.0,1.0,5.0,1.0,1.0,1.0,,3.0,1.0,3.0,2.0,1.0,3.0,2.0,,,,,5.0,4.0,1.0,2.0,2.0,2.0,1.0,2.0,2.0,1.0,3.0,3.0,4.0,2.0,2.0,4.0,,,,,,,,,0,,0,,0,,,,,,,,,,,,,,,,,,,,,,,,,,,,,,,,,,,,,,,,,,,,,,,,,,,,,,,,,,,,,,,,,,,,,,,,,,,,,2.0,3.0,5.0,3,1,2,3,1,2,,1,2,2,1,4,12,,3,5,3,2.0,2,3,1,1,1,1.0,2,1,0.5850431317903542,
202201027896,2023-10-27T17:06:23Z,2023-10-27T17:14:24Z,2,1,1,2,2,2,2,4.0,1.0,1.0,2.0,,,,,,,,,1.0,,,,,,,,,99.0,2.0,2.0,4.0,5.0,5.0,5.0,5.0,,5.0,,3.0,4.0,3.0,5.0,4.0,,5.0,,5.0,3.0,5.0,3.0,3.0,1.0,1.0,5.0,1.0,5.0,2.0,1.0,2.0,,,,,,2.0,3.0,3.0,5.0,3.0,1.0,3.0,4.0,,,,,,,,,0,,0,,0,,,,,,,,,,,,,,,,,,,,,,,,,,,,,,,,,,,,,,,,,,,,,,,,,,,,,,,,,,,,,,,,,,,,,,,,,,,,,1.0,1.0,2.0,2,2,1,2,3,2,,1,1,1,1,2,9,,3,6,2,,2,4,1,9,4,1.0,2,3,0.2818479849266564,
202201028084,2023-10-27T18:11:02Z,2023-10-27T18:16:16Z,2,1,1,6,2,2,2,2.0,2.0,2.0,2.0,1.0,,,,,,,,1.0,1.0,,,,,,,,1.0,2.0,2.0,1.0,2.0,2.0,2.0,3.0,4.0,,,1.0,3.0,4.0,2.0,4.0,3.0,,,1.0,2.0,2.0,2.0,6.0,4.0,2.0,5.0,2.0,5.0,4.0,1.0,1.0,2.0,1.0,1.0,1.0,1.0,1.0,1.0,1.0,1.0,1.0,1.0,3.0,3.0,1.0,2.0,2.0,3.0,,2.0,1.0,,0,,0,,0,,,,,,,,,,,,,,,,,,,,,,,,,,,,,,,,,,,,,,,,,,,,,,,,,,,,,,,,,,,,,,,,,,,,,,,,,,,,,1.0,3.0,6.0,2,1,2,2,3,2,,1,4,4,1,6,11,,4,6,4,2.0,2,4,2,1,5,2.0,2,1,0.771126749814218,
202201028835,2023-10-27T17:22:23Z,2023-10-27T21:23:36Z,2,1,1,2,1,2,2,4.0,2.0,2.0,2.0,1.0,,,,,,,,1.0,1.0,,,,,,,,1.0,2.0,2.0,1.0,2.0,3.0,3.0,4.0,,3.0,2.0,3.0,4.0,5.0,4.0,3.0,,3.0,4.0,3.0,2.0,3.0,1.0,3.0,3.0,1.0,5.0,,,3.0,3.0,1.0,2.0,2.0,2.0,2.0,1.0,1.0,1.0,1.0,4.0,2.0,3.0,1.0,1.0,2.0,2.0,2.0,2.0,2.0,1.0,1.0,,0,,0,,0,,,,,,,,,,,,,,,,,,,,,,,,,,,,,,,,,,,,,,,,,,,,,,,,,,,,,,,,,,,,,,,,,,,,,,,,,,,,,2.0,3.0,6.0,1,1,2,2,4,2,,1,2,2,1,2,1,2.0,1,4,4,2.0,2,3,2,1,2,3.0,2,99,2.454374544077578,
202201029619,2023-10-30T09:24:55Z,2023-10-30T09:30:03Z,2,1,1,2,1,2,2,4.0,2.0,2.0,2.0,1.0,,,,,,,,1.0,1.0,,,,,,,,1.0,2.0,2.0,3.0,4.0,4.0,4.0,4.0,,3.0,5.0,4.0,4.0,5.0,3.0,5.0,,3.0,5.0,3.0,3.0,1.0,1.0,6.0,4.0,1.0,4.0,,,5.0,5.0,1.0,2.0,2.0,1.0,1.0,1.0,2.0,1.0,1.0,3.0,1.0,3.0,3.0,4.0,,,,,,,,,0,,0,,0,,,,,,,,,,,,,,,,,,,,,,,,,,,,,,,,,,,,,,,,,,,,,,,,,,,,,,,,,,,,,,,,,,,,,,,,,,,,,1.0,2.0,4.0,3,2,2,3,2,2,,1,4,4,1,2,1,1.0,1,5,1,,1,2,1,1,3,1.0,1,1,0.0961173885539734,
202201029810,2023-10-31T01:04:21Z,2023-10-31T01:26:56Z,2,1,1,6,1,2,2,4.0,2.0,2.0,2.0,1.0,,,,,,,,1.0,1.0,,,,,,,,1.0,1.0,4.0,3.0,3.0,1.0,3.0,3.0,4.0,,3.0,3.0,3.0,4.0,6.0,3.0,3.0,,3.0,4.0,3.0,3.0,2.0,5.0,5.0,1.0,3.0,,,1.0,,1.0,2.0,2.0,2.0,2.0,1.0,2.0,5.0,1.0,4.0,1.0,3.0,3.0,4.0,,,,,,,,,0,,0,,0,,,,,,,,,,,,,,,,,,,,,,,,,,,,,,,,,,,,,,,,,,,,,,,,,,,,,,,,,,,,,,,,,,,,,,,,,,,,,1.0,3.0,5.0,1,2,2,3,2,2,,4,4,4,4,6,12,,3,6,4,2.0,2,3,2,1,3,1.0,1,1,0.4119553482038725,
202201030027,2023-10-30T14:17:33Z,2023-10-30T14:20:31Z,2,1,1,6,1,2,2,4.0,2.0,2.0,1.0,2.0,,,,,,,,1.0,1.0,,,,,,,,1.0,2.0,1.0,2.0,2.0,4.0,3.0,3.0,5.0,,2.0,4.0,4.0,4.0,3.0,4.0,2.0,,4.0,2.0,3.0,3.0,3.0,3.0,1.0,1.0,5.0,,,1.0,,2.0,,,,,,2.0,2.0,2.0,3.0,3.0,3.0,3.0,4.0,,,,,,,,,0,,0,,0,,,,,,,,,,,,,,,,,,,,,,,,,,,,,,,,,,,,,,,,,,,,,,,,,,,,,,,,,,,,,,,,,,,,,,,,,,,,,1.0,2.0,4.0,2,2,2,2,4,2,,1,1,1,1,6,12,,3,6,4,1.0,1,2,1,2,3,1.0,2,1,0.1598292690441186,
202201030057,2023-10-29T22:28:08Z,2023-10-29T22:36:41Z,1,1,1,6,2,2,2,4.0,2.0,2.0,2.0,1.0,,,,,,,,1.0,1.0,,,,,,,,1.0,1.0,1.0,2.0,3.0,4.0,3.0,4.0,4.0,,,4.0,3.0,5.0,4.0,4.0,5.0,,,3.0,1.0,,,,3.0,1.0,4.0,1.0,3.0,5.0,1.0,1.0,2.0,2.0,2.0,1.0,1.0,2.0,3.0,3.0,3.0,3.0,1.0,3.0,1.0,2.0,3.0,5.0,5.0,,2.0,2.0,,0,,0,,0,,,,,,,,,,,,,,,,,,,,,,,,,,,,,,,,,,,,,,,,,,,,,,,,,,,,,,,,,,,,,,,,,,,,,,,,,,,,,1.0,3.0,5.0,2,1,2,1,5,2,,1,2,2,1,6,12,,3,3,2,,2,4,1,7,5,1.0,1,2,0.2255599359931419,
202201030062,2023-10-28T08:44:22Z,2023-10-28T09:17:15Z,2,1,1,6,2,2,2,4.0,2.0,2.0,1.0,2.0,,,,,,,,1.0,1.0,,,,,,,,1.0,2.0,3.0,5.0,5.0,4.0,5.0,5.0,5.0,,,3.0,3.0,5.0,4.0,3.0,6.0,,,5.0,3.0,2.0,4.0,5.0,4.0,2.0,5.0,2.0,5.0,1.0,,2.0,,,,,,1.0,3.0,2.0,5.0,3.0,3.0,3.0,4.0,,,,,,,,,0,,0,,0,,,,,,,,,,,,,,,,,,,,,,,,,,,,,,,,,,,,,,,,,,,,,,,,,,,,,,,,,,,,,,,,,,,,,,,,,,,,,1.0,1.0,2.0,1,1,1,2,3,2,,1,2,2,1,6,1,1.0,1,1,4,1.0,1,1,2,5,2,4.0,2,2,5.248541545664863,
202201030170,2023-11-01T11:07:05Z,2023-11-01T11:12:10Z,2,1,1,6,2,2,2,3.0,2.0,2.0,2.0,1.0,,,,,,,,1.0,1.0,,,,,,,,1.0,2.0,3.0,4.0,3.0,4.0,2.0,4.0,5.0,,,5.0,5.0,5.0,3.0,4.0,5.0,,,2.0,2.0,1.0,1.0,1.0,3.0,1.0,5.0,1.0,5.0,3.0,1.0,2.0,,,,,,1.0,1.0,2.0,4.0,3.0,3.0,3.0,1.0,1.0,1.0,2.0,2.0,,2.0,2.0,,0,,0,,0,,,,,,,,,,,,,,,,,,,,,,,,,,,,,,,,,,,,,,,,,,,,,,,,,,,,,,,,,,,,,,,,,,,,,,,,,,,,,1.0,3.0,7.0,1,1,2,1,5,2,,1,2,2,1,6,11,,4,3,2,,2,3,1,1,3,1.0,1,1,0.1220222730539212,
202201030221,2023-10-31T10:28:09Z,2023-10-31T10:36:52Z,2,1,1,1,2,2,1,3.0,2.0,2.0,2.0,1.0,,,,,,,,1.0,2.0,,,,,,,,1.0,2.0,5.0,5.0,5.0,5.0,5.0,5.0,,5.0,,5.0,5.0,5.0,6.0,5.0,,5.0,,5.0,3.0,3.0,3.0,4.0,1.0,,,1.0,5.0,1.0,,2.0,,,,,,2.0,3.0,4.0,5.0,4.0,3.0,3.0,4.0,,,,,,,,,0,,0,,0,,,,,,,,,,,,,,,,,,,,,,,,,,,,,,,,,,,,,,,,,,,,,,,,,,,,,,,,,,,,,,,,,,,,,,,,,,,,,1.0,3.0,5.0,1,2,2,2,4,2,,1,2,2,1,1,12,,3,5,3,2.0,2,3,1,4,3,1.0,1,2,0.11730997443715,
202201030295,2023-10-27T19:19:51Z,2023-10-27T19:45:50Z,2,1,1,6,2,2,2,4.0,2.0,2.0,2.0,1.0,,,,,,,,1.0,2.0,,,,,,,,1.0,2.0,3.0,3.0,3.0,2.0,3.0,3.0,4.0,,,3.0,5.0,4.0,4.0,4.0,4.0,,,3.0,3.0,3.0,3.0,3.0,1.0,1.0,5.0,1.0,5.0,1.0,,2.0,,,,,,1.0,2.0,2.0,2.0,3.0,2.0,2.0,4.0,,,,,,,,,0,,0,,0,,,,,,,,,,,,,,,,,,,,,,,,,,,,,,,,,,,,,,,,,,,,,,,,,,,,,,,,,,,,,,,,,,,,,,,,,,,,,1.0,2.0,3.0,1,2,1,1,5,2,,1,2,2,1,6,12,,3,5,2,,2,3,1,6,3,1.0,2,2,0.0853300782514631,
202201030581,2023-10-27T21:16:00Z,2023-10-27T21:19:11Z,1,1,1,6,2,2,2,4.0,2.0,2.0,1.0,2.0,,,,,,,,1.0,1.0,,,,,,,,1.0,1.0,1.0,3.0,3.0,2.0,3.0,2.0,2.0,,,4.0,4.0,4.0,3.0,3.0,3.0,,,1.0,3.0,3.0,2.0,2.0,1.0,1.0,3.0,3.0,4.0,1.0,,2.0,,,,,,1.0,2.0,2.0,2.0,3.0,3.0,3.0,4.0,,,,,,,,,0,,0,,0,,,,,,,,,,,,,,,,,,,,,,,,,,,,,,,,,,,,,,,,,,,,,,,,,,,,,,,,,,,,,,,,,,,,,,,,,,,,,1.0,1.0,2.0,1,2,1,1,5,2,,1,2,2,1,6,1,2.0,1,4,2,,2,4,1,9,4,1.0,1,3,0.064552985808414,
202201030667,2023-10-27T19:30:39Z,2023-10-27T19:45:15Z,2,1,1,6,2,2,2,3.0,2.0,2.0,1.0,2.0,,,,,,,,1.0,1.0,,,,,,,,1.0,1.0,2.0,4.0,3.0,4.0,3.0,3.0,5.0,,,3.0,1.0,4.0,3.0,3.0,4.0,,,4.0,1.0,,,,2.0,1.0,4.0,1.0,4.0,5.0,1.0,1.0,2.0,2.0,2.0,1.0,1.0,2.0,2.0,3.0,5.0,4.0,3.0,2.0,1.0,2.0,3.0,2.0,3.0,,2.0,2.0,,0,,0,,0,,,,,,,,,,,,,,,,,,,,,,,,,,,,,,,,,,,,,,,,,,,,,,,,,,,,,,,,,,,,,,,,,,,,,,,,,,,,,1.0,1.0,2.0,1,1,1,2,3,2,,2,2,2,4,6,1,1.0,1,1,3,2.0,2,3,1,2,3,1.0,2,1,1.7765545978094754,
202201030683,2023-10-28T20:40:44Z,2023-10-28T20:46:52Z,2,1,1,2,1,2,1,4.0,2.0,2.0,1.0,2.0,,,,,,,,1.0,1.0,,,,,,,,1.0,1.0,4.0,3.0,3.0,5.0,4.0,4.0,,3.0,3.0,3.0,2.0,3.0,2.0,3.0,,3.0,3.0,5.0,3.0,2.0,3.0,3.0,1.0,,,,,2.0,2.0,2.0,,,,,,2.0,3.0,1.0,3.0,3.0,2.0,2.0,4.0,,,,,,,,,0,,0,,0,,,,,,,,,,,,,,,,,,,,,,,,,,,,,,,,,,,,,,,,,,,,,,,,,,,,,,,,,,,,,,,,,,,,,,,,,,,,,2.0,3.0,6.0,1,1,2,2,3,1,99.0,1,2,3,1,2,1,1.0,1,3,99,2.0,2,3,1,1,3,1.0,2,1,0.2201576578721044,
202201030849,2023-10-28T12:21:04Z,2023-10-28T12:25:24Z,2,1,1,1,1,2,1,4.0,1.0,1.0,1.0,,,,,,,,,1.0,,,,,,,,,99.0,1.0,2.0,4.0,4.0,4.0,4.0,4.0,,4.0,3.0,4.0,4.0,4.0,4.0,4.0,,2.0,3.0,3.0,3.0,4.0,6.0,5.0,1.0,,,,,2.0,2.0,2.0,,,,,,2.0,4.0,1.0,3.0,2.0,2.0,3.0,4.0,,,,,,,,,0,,0,,0,,,,,,,,,,,,,,,,,,,,,,,,,,,,,,,,,,,,,,,,,,,,,,,,,,,,,,,,,,,,,,,,,,,,,,,,,,,,,2.0,3.0,5.0,1,2,2,3,1,2,,4,2,2,3,1,12,,3,4,3,1.0,1,2,3,1,3,1.0,2,1,1.3655448657725555,
202201031073,2023-11-05T17:26:46Z,2023-11-05T17:34:44Z,2,1,1,6,2,2,2,3.0,2.0,2.0,2.0,1.0,,,,,,,,1.0,1.0,,,,,,,,1.0,1.0,1.0,2.0,2.0,3.0,1.0,2.0,3.0,,,4.0,5.0,5.0,5.0,5.0,5.0,,,2.0,2.0,2.0,1.0,2.0,3.0,1.0,3.0,1.0,4.0,3.0,1.0,1.0,1.0,1.0,2.0,2.0,1.0,2.0,5.0,4.0,5.0,4.0,2.0,2.0,4.0,,,,,,,,,0,,0,,0,,,,,,,,,,,,,,,,,,,,,,,,,,,,,,,,,,,,,,,,,,,,,,,,,,,,,,,,,,,,,,,,,,,,,,,,,,,,,1.0,2.0,3.0,1,1,2,2,3,2,,1,4,4,1,6,1,1.0,1,6,3,2.0,2,4,1,9,5,1.0,1,2,0.2458058709890082,
202201031145,2023-10-28T11:09:17Z,2023-10-28T11:13:06Z,1,1,1,3,2,2,1,4.0,2.0,2.0,2.0,1.0,,,,,,,,1.0,1.0,,,,,,,,1.0,1.0,1.0,4.0,3.0,4.0,4.0,3.0,5.0,,,3.0,4.0,3.0,3.0,3.0,4.0,,,3.0,3.0,2.0,2.0,5.0,1.0,,,1.0,3.0,1.0,,1.0,2.0,2.0,2.0,1.0,2.0,1.0,4.0,3.0,4.0,3.0,2.0,2.0,4.0,,,,,,,,,0,,0,,0,,,,,,,,,,,,,,,,,,,,,,,,,,,,,,,,,,,,,,,,,,,,,,,,,,,,,,,,,,,,,,,,,,,,,,,,,,,,,1.0,3.0,5.0,1,1,1,3,2,2,,1,2,2,1,3,1,2.0,1,4,2,,2,3,1,1,2,1.0,1,2,1.149014633882136,
202201031271,2023-10-27T17:46:01Z,2023-10-28T02:56:20Z,2,1,1,6,2,2,2,4.0,2.0,2.0,2.0,1.0,,,,,,,,1.0,2.0,,,,,,,,1.0,2.0,1.0,5.0,4.0,5.0,4.0,3.0,4.0,,,5.0,3.0,4.0,3.0,3.0,2.0,,,4.0,2.0,6.0,6.0,6.0,1.0,1.0,1.0,1.0,1.0,1.0,,2.0,,,,,,1.0,3.0,3.0,2.0,4.0,1.0,3.0,2.0,4.0,5.0,3.0,5.0,,1.0,1.0,,0,,0,,0,,,,,,,,,,,,,,,,,,,,,,,,,,,,,,,,,,,,,,,,,,,,,,,,,,,,,,,,,,,,,,,,,,,,,,,,,,,,,2.0,4.0,8.0,2,2,2,3,2,1,1.0,3,1,3,4,6,12,,3,5,1,,1,2,3,1,3,1.0,2,1,1.7191864985071814,
202201031788,2023-10-27T17:19:31Z,2023-10-27T17:20:47Z,2,1,1,3,1,1,1,2.0,2.0,2.0,3.0,2.0,,,,,,,,1.0,1.0,,,,,,,,1.0,3.0,4.0,1.0,1.0,3.0,2.0,3.0,1.0,,1.0,3.0,1.0,1.0,1.0,1.0,1.0,,2.0,3.0,2.0,5.0,5.0,5.0,3.0,,,,,3.0,4.0,1.0,1.0,1.0,1.0,2.0,2.0,2.0,2.0,3.0,4.0,4.0,2.0,3.0,2.0,4.0,3.0,3.0,5.0,,2.0,2.0,,0,,0,,0,,,,,,,,,,,,,,,,,,,,,,,,,,,,,,,,,,,,,,,,,,,,,,,,,,,,,,,,,,,,,,,,,,,,,,,,,,,,,1.0,2.0,3.0,2,1,1,3,1,2,,99,2,2,3,3,3,1.0,4,2,2,,2,3,3,1,2,4.0,1,99,3.820700841162676,
202201032016,2023-11-05T16:56:35Z,2023-11-05T17:00:31Z,2,1,1,6,2,2,2,3.0,2.0,2.0,2.0,1.0,,,,,,,,1.0,1.0,,,,,,,,1.0,2.0,2.0,1.0,2.0,4.0,2.0,3.0,3.0,,,3.0,5.0,5.0,5.0,5.0,5.0,,,4.0,1.0,,,,1.0,1.0,5.0,1.0,5.0,2.0,1.0,2.0,,,,,,1.0,1.0,1.0,1.0,1.0,3.0,3.0,1.0,1.0,1.0,1.0,1.0,,1.0,1.0,,0,,0,,0,,,,,,,,,,,,,,,,,,,,,,,,,,,,,,,,,,,,,,,,,,,,,,,,,,,,,,,,,,,,,,,,,,,,,,,,,,,,,1.0,1.0,1.0,2,1,2,1,5,2,,1,2,2,1,6,2,2.0,2,6,4,99.0,9,9,1,2,3,1.0,2,1,1.2970145967865303,
202201032043,2023-10-27T20:54:36Z,2023-10-27T21:00:07Z,2,1,1,6,2,2,2,4.0,2.0,2.0,1.0,2.0,,,,,,,,1.0,1.0,,,,,,,,1.0,2.0,2.0,4.0,4.0,5.0,5.0,5.0,5.0,,,3.0,5.0,5.0,5.0,5.0,4.0,,,5.0,3.0,2.0,2.0,5.0,1.0,1.0,4.0,1.0,4.0,1.0,,2.0,,,,,,2.0,1.0,1.0,5.0,3.0,3.0,2.0,4.0,,,,,,,,,0,,0,,0,,,,,,,,,,,,,,,,,,,,,,,,,,,,,,,,,,,,,,,,,,,,,,,,,,,,,,,,,,,,,,,,,,,,,,,,,,,,,1.0,3.0,5.0,2,2,1,1,5,2,,1,1,1,1,6,1,1.0,1,1,1,,1,1,1,3,1,2.0,1,2,0.3344779222539014,
202201032054,2023-10-27T19:14:21Z,2023-10-27T19:20:18Z,2,1,1,6,2,2,2,3.0,2.0,2.0,2.0,1.0,,,,,,,,1.0,1.0,,,,,,,,1.0,1.0,3.0,1.0,2.0,3.0,3.0,4.0,5.0,,,3.0,4.0,5.0,4.0,4.0,6.0,,,2.0,3.0,2.0,1.0,2.0,2.0,1.0,4.0,3.0,3.0,4.0,3.0,1.0,1.0,1.0,1.0,1.0,1.0,2.0,3.0,2.0,5.0,3.0,3.0,3.0,4.0,,,,,,,,,0,,0,,0,,,,,,,,,,,,,,,,,,,,,,,,,,,,,,,,,,,,,,,,,,,,,,,,,,,,,,,,,,,,,,,,,,,,,,,,,,,,,1.0,2.0,3.0,2,1,2,1,5,2,,1,2,2,1,6,2,1.0,2,5,2,,2,4,1,99,5,1.0,1,99,0.20004688747692,
202201032133,2023-10-27T17:47:22Z,2023-10-27T17:51:05Z,2,1,1,4,1,2,1,4.0,2.0,2.0,2.0,1.0,,,,,,,,1.0,1.0,,,,,,,,1.0,2.0,1.0,4.0,3.0,3.0,3.0,4.0,3.0,,2.0,3.0,2.0,2.0,3.0,3.0,1.0,,1.0,2.0,3.0,2.0,2.0,2.0,3.0,,,,,3.0,3.0,2.0,,,,,,2.0,4.0,4.0,4.0,3.0,1.0,1.0,4.0,,,,,,,,,0,,0,,0,,,,,,,,,,,,,,,,,,,,,,,,,,,,,,,,,,,,,,,,,,,,,,,,,,,,,,,,,,,,,,,,,,,,,,,,,,,,,2.0,3.0,5.0,1,2,2,3,2,2,,1,2,2,1,4,12,,3,1,4,1.0,1,2,1,1,3,4.0,1,1,0.1261528866531366,
202201032653,2023-10-28T00:12:02Z,2023-10-28T00:19:30Z,2,1,1,2,2,2,2,4.0,1.0,1.0,2.0,,,,,,,,,1.0,,,,,,,,,99.0,2.0,3.0,3.0,3.0,3.0,3.0,2.0,,3.0,,4.0,4.0,3.0,3.0,4.0,,3.0,,3.0,3.0,1.0,4.0,3.0,1.0,1.0,4.0,1.0,3.0,3.0,1.0,1.0,2.0,2.0,2.0,1.0,2.0,1.0,1.0,2.0,1.0,2.0,1.0,3.0,4.0,,,,,,,,,0,,0,,0,,,,,,,,,,,,,,,,,,,,,,,,,,,,,,,,,,,,,,,,,,,,,,,,,,,,,,,,,,,,,,,,,,,,,,,,,,,,,1.0,2.0,3.0,1,2,1,2,3,2,,1,2,2,1,2,6,,4,5,99,99.0,9,9,3,3,99,2.0,2,2,0.8982997708046649,
202201032838,2023-10-28T08:22:53Z,2023-10-28T08:26:24Z,2,1,1,1,1,2,1,4.0,2.0,2.0,1.0,2.0,,,,,,,,1.0,1.0,,,,,,,,1.0,1.0,1.0,4.0,4.0,3.0,4.0,4.0,,4.0,4.0,4.0,4.0,4.0,4.0,4.0,,4.0,4.0,3.0,3.0,1.0,1.0,5.0,1.0,,,,,1.0,,2.0,,,,,,2.0,2.0,2.0,2.0,3.0,2.0,3.0,4.0,,,,,,,,,0,,0,,0,,,,,,,,,,,,,,,,,,,,,,,,,,,,,,,,,,,,,,,,,,,,,,,,,,,,,,,,,,,,,,,,,,,,,,,,,,,,,1.0,1.0,1.0,2,2,1,1,6,2,,3,4,4,4,1,7,,4,6,2,,2,4,3,9,4,1.0,2,3,0.4950129321105043,
202201033431,2023-10-29T12:39:26Z,2023-10-29T14:11:33Z,2,1,1,1,2,2,1,4.0,2.0,2.0,2.0,1.0,,,,,,,,1.0,1.0,,,,,,,,1.0,2.0,1.0,1.0,1.0,1.0,1.0,1.0,,1.0,,4.0,5.0,5.0,5.0,3.0,,5.0,,1.0,1.0,,,,1.0,,,1.0,4.0,2.0,1.0,1.0,2.0,2.0,2.0,1.0,2.0,1.0,1.0,2.0,3.0,2.0,3.0,3.0,3.0,1.0,1.0,2.0,3.0,1.0,1.0,1.0,,0,,0,,0,,,,,,,,,,,,,,,,,,,,,,,,,,,,,,,,,,,,,,,,,,,,,,,,,,,,,,,,,,,,,,,,,,,,,,,,,,,,,2.0,3.0,6.0,1,1,2,1,5,2,,1,2,2,1,1,1,1.0,1,5,4,1.0,1,2,1,3,3,1.0,2,1,0.1905368914604655,
202201033626,2023-10-27T17:23:38Z,2023-10-29T11:23:28Z,2,1,1,6,1,1,2,2.0,5.0,5.0,2.0,2.0,1.0,2.0,,,,,,1.0,1.0,1.0,1.0,,,,,,1.0,1.0,1.0,1.0,3.0,3.0,3.0,1.0,1.0,,1.0,1.0,1.0,1.0,1.0,1.0,1.0,,1.0,2.0,2.0,1.0,3.0,2.0,1.0,1.0,4.0,,,5.0,1.0,1.0,1.0,2.0,1.0,1.0,1.0,2.0,2.0,1.0,1.0,1.0,1.0,1.0,2.0,3.0,3.0,3.0,3.0,,1.0,1.0,,0,,0,,0,,,,,,,,,,,,,,,,,,,,,,,,,,,,,,,,,,,,,,,,,,,,,,,,,,,,,,,,,,,,,,,,,,,,,,,,,,,,,1.0,3.0,5.0,2,1,2,3,2,2,,1,2,2,1,6,1,1.0,1,2,2,,2,3,1,1,3,2.0,1,1,1.1192204872546834,
202201033760,2023-10-28T14:38:21Z,2023-10-28T14:42:40Z,2,1,1,1,1,2,1,4.0,2.0,2.0,2.0,1.0,,,,,,,,1.0,1.0,,,,,,,,1.0,2.0,2.0,3.0,3.0,2.0,2.0,3.0,,3.0,3.0,3.0,4.0,3.0,4.0,4.0,,4.0,4.0,4.0,3.0,1.0,2.0,5.0,2.0,,,,,1.0,,2.0,,,,,,2.0,3.0,99.0,1.0,2.0,3.0,3.0,4.0,,,,,,,,,0,,0,,0,,,,,,,,,,,,,,,,,,,,,,,,,,,,,,,,,,,,,,,,,,,,,,,,,,,,,,,,,,,,,,,,,,,,,,,,,,,,,1.0,3.0,5.0,1,2,2,2,3,2,,1,2,2,1,1,1,2.0,1,4,2,,2,3,1,1,3,2.0,1,1,0.1857523725765901,
202201034233,2023-10-29T11:13:07Z,2023-10-29T11:21:58Z,2,1,1,2,1,2,2,3.0,1.0,1.0,2.0,,,,,,,,,1.0,,,,,,,,,99.0,2.0,1.0,1.0,1.0,1.0,3.0,1.0,,3.0,1.0,3.0,5.0,5.0,5.0,3.0,,4.0,4.0,1.0,2.0,1.0,1.0,1.0,3.0,1.0,5.0,,,3.0,1.0,1.0,2.0,2.0,1.0,1.0,1.0,1.0,1.0,1.0,2.0,1.0,3.0,3.0,1.0,1.0,2.0,2.0,3.0,3.0,1.0,1.0,,0,,0,,0,,,,,,,,,,,,,,,,,,,,,,,,,,,,,,,,,,,,,,,,,,,,,,,,,,,,,,,,,,,,,,,,,,,,,,,,,,,,,1.0,3.0,6.0,1,1,2,2,3,2,,1,2,2,1,2,1,1.0,1,2,2,,2,3,1,1,2,1.0,2,1,0.7500967937040777,
202201034486,2023-11-02T19:50:49Z,2023-11-02T20:01:04Z,2,1,1,6,2,2,2,2.0,2.0,2.0,2.0,1.0,,,,,,,,1.0,1.0,,,,,,,,1.0,2.0,3.0,2.0,3.0,2.0,3.0,3.0,3.0,,,3.0,3.0,3.0,4.0,4.0,4.0,,,2.0,2.0,3.0,3.0,4.0,2.0,3.0,5.0,3.0,3.0,3.0,2.0,1.0,2.0,1.0,2.0,2.0,2.0,1.0,3.0,2.0,2.0,3.0,2.0,2.0,1.0,3.0,2.0,4.0,3.0,,2.0,1.0,,0,,0,,0,,,,,,,,,,,,,,,,,,,,,,,,,,,,,,,,,,,,,,,,,,,,,,,,,,,,,,,,,,,,,,,,,,,,,,,,,,,,,1.0,3.0,7.0,1,1,3,2,3,1,1.0,1,1,3,1,6,9,,3,6,2,,2,4,1,2,4,1.0,2,1,0.2937196948098805,
202201035001,2023-10-27T17:45:58Z,2023-10-27T17:48:24Z,1,1,1,1,2,2,1,4.0,2.0,2.0,2.0,1.0,,,,,,,,1.0,1.0,,,,,,,,1.0,2.0,2.0,5.0,4.0,5.0,5.0,5.0,,5.0,,5.0,3.0,3.0,5.0,3.0,,5.0,,4.0,3.0,3.0,2.0,5.0,1.0,,,3.0,5.0,1.0,,2.0,,,,,,2.0,3.0,4.0,3.0,2.0,3.0,3.0,4.0,,,,,,,,,0,,0,,0,,,,,,,,,,,,,,,,,,,,,,,,,,,,,,,,,,,,,,,,,,,,,,,,,,,,,,,,,,,,,,,,,,,,,,,,,,,,,1.0,3.0,5.0,1,2,1,1,6,2,,1,1,1,1,1,9,,3,6,2,,2,4,1,9,5,1.0,2,3,0.6179400461448964,
202201035069,2023-11-03T01:57:41Z,2023-11-03T02:01:52Z,1,1,1,2,2,2,2,3.0,2.0,2.0,1.0,2.0,,,,,,,,1.0,2.0,,,,,,,,1.0,1.0,4.0,5.0,5.0,4.0,5.0,4.0,,4.0,,4.0,4.0,2.0,5.0,4.0,,4.0,,5.0,3.0,5.0,5.0,5.0,1.0,3.0,5.0,2.0,5.0,1.0,,2.0,,,,,,1.0,4.0,3.0,3.0,2.0,2.0,2.0,4.0,,,,,,,,,0,,0,,0,,,,,,,,,,,,,,,,,,,,,,,,,,,,,,,,,,,,,,,,,,,,,,,,,,,,,,,,,,,,,,,,,,,,,,,,,,,,,2.0,2.0,4.0,3,1,2,2,3,2,,1,1,1,1,2,12,,3,6,2,,2,4,1,1,4,1.0,2,1,0.6758064316959574,
202201035271,2023-11-03T09:05:58Z,2023-11-03T09:21:46Z,1,1,1,3,1,2,1,3.0,2.0,2.0,2.0,1.0,,,,,,,,1.0,1.0,,,,,,,,1.0,2.0,5.0,5.0,5.0,5.0,4.0,5.0,5.0,,4.0,1.0,3.0,5.0,3.0,5.0,3.0,,3.0,5.0,3.0,4.0,2.0,5.0,2.0,,,,,1.0,,2.0,,,,,,2.0,3.0,1.0,2.0,3.0,3.0,3.0,4.0,,,,,,,,,0,,0,,0,,,,,,,,,,,,,,,,,,,,,,,,,,,,,,,,,,,,,,,,,,,,,,,,,,,,,,,,,,,,,,,,,,,,,,,,,,,,,1.0,3.0,5.0,2,1,2,3,1,2,,1,2,2,1,3,1,1.0,1,1,2,,2,4,2,1,4,2.0,2,1,1.6797907125925386,
202201035792,2023-11-01T11:16:27Z,2023-11-01T11:22:05Z,2,1,1,6,2,2,2,4.0,2.0,2.0,2.0,1.0,,,,,,,,1.0,2.0,,,,,,,,1.0,2.0,4.0,4.0,4.0,5.0,5.0,4.0,5.0,,,4.0,3.0,4.0,4.0,3.0,1.0,,,5.0,3.0,1.0,1.0,5.0,1.0,1.0,1.0,3.0,1.0,1.0,,2.0,,,,,,1.0,3.0,2.0,5.0,2.0,2.0,3.0,4.0,,,,,,,,,0,,0,,0,,,,,,,,,,,,,,,,,,,,,,,,,,,,,,,,,,,,,,,,,,,,,,,,,,,,,,,,,,,,,,,,,,,,,,,,,,,,,1.0,3.0,5.0,1,1,2,2,3,2,,1,2,2,1,6,1,1.0,1,5,3,1.0,1,2,1,6,4,1.0,1,2,0.3026248539110535,
202201035983,2023-10-27T17:01:45Z,2023-10-27T17:05:33Z,2,1,1,2,1,2,1,4.0,1.0,1.0,2.0,,,,,,,,,1.0,,,,,,,,,99.0,2.0,5.0,5.0,5.0,5.0,5.0,5.0,,5.0,5.0,1.0,1.0,5.0,4.0,4.0,,5.0,1.0,5.0,3.0,6.0,2.0,2.0,1.0,,,,,1.0,,2.0,,,,,,1.0,5.0,4.0,3.0,5.0,3.0,3.0,4.0,,,,,,,,,0,,0,,0,,,,,,,,,,,,,,,,,,,,,,,,,,,,,,,,,,,,,,,,,,,,,,,,,,,,,,,,,,,,,,,,,,,,,,,,,,,,,1.0,3.0,5.0,2,2,2,3,2,2,,1,2,2,1,2,12,,3,6,4,1.0,1,2,1,1,3,1.0,2,1,0.2553526419524761,
202201036076,2023-10-29T11:37:56Z,2023-10-29T11:44:44Z,2,1,1,1,1,2,1,4.0,2.0,2.0,2.0,1.0,,,,,,,,1.0,1.0,,,,,,,,1.0,2.0,3.0,5.0,5.0,5.0,5.0,5.0,,5.0,5.0,5.0,4.0,3.0,5.0,4.0,,5.0,4.0,3.0,3.0,3.0,3.0,5.0,1.0,,,,,1.0,,2.0,,,,,,2.0,3.0,3.0,3.0,3.0,3.0,3.0,4.0,,,,,,,,,0,,0,,0,,,,,,,,,,,,,,,,,,,,,,,,,,,,,,,,,,,,,,,,,,,,,,,,,,,,,,,,,,,,,,,,,,,,,,,,,,,,,1.0,3.0,5.0,2,2,2,1,6,1,1.0,2,5,3,4,1,10,,3,6,2,,2,4,3,3,4,1.0,1,1,0.1510043597907441,
202201036436,2023-10-29T14:44:57Z,2023-10-29T14:48:45Z,2,1,1,6,2,2,2,4.0,1.0,1.0,2.0,,,,,,,,,1.0,,,,,,,,,99.0,2.0,1.0,4.0,5.0,4.0,4.0,5.0,4.0,,,5.0,5.0,4.0,5.0,5.0,5.0,,,4.0,3.0,3.0,3.0,5.0,1.0,3.0,4.0,3.0,4.0,1.0,,2.0,,,,,,1.0,3.0,1.0,3.0,3.0,3.0,3.0,4.0,,,,,,,,,0,,0,,0,,,,,,,,,,,,,,,,,,,,,,,,,,,,,,,,,,,,,,,,,,,,,,,,,,,,,,,,,,,,,,,,,,,,,,,,,,,,,1.0,1.0,2.0,1,2,1,1,6,2,,1,4,4,1,6,10,,3,5,4,2.0,2,4,1,9,5,1.0,1,2,0.0658229198353675,
202201036459,2023-10-28T23:38:12Z,2023-10-28T23:43:37Z,2,1,1,2,1,2,2,3.0,3.0,3.0,2.0,1.0,1.0,,,,,,,1.0,1.0,1.0,,,,,,,1.0,2.0,2.0,1.0,1.0,1.0,1.0,1.0,,1.0,1.0,1.0,1.0,4.0,3.0,1.0,,2.0,2.0,1.0,3.0,1.0,1.0,2.0,1.0,3.0,5.0,,,2.0,4.0,1.0,2.0,2.0,1.0,1.0,1.0,1.0,1.0,1.0,3.0,1.0,1.0,3.0,4.0,,,,,,,,,0,,0,,0,,,,,,,,,,,,,,,,,,,,,,,,,,,,,,,,,,,,,,,,,,,,,,,,,,,,,,,,,,,,,,,,,,,,,,,,,,,,,1.0,2.0,3.0,1,2,2,2,3,2,,1,2,2,1,2,1,1.0,1,4,2,,2,4,1,1,4,1.0,1,1,0.0557527342046621,
202201036517,2023-10-30T09:40:42Z,2023-10-30T09:46:29Z,2,1,1,6,2,2,2,4.0,2.0,2.0,2.0,1.0,,,,,,,,1.0,2.0,,,,,,,,1.0,2.0,1.0,2.0,2.0,3.0,2.0,2.0,2.0,,,3.0,4.0,4.0,3.0,3.0,3.0,,,2.0,2.0,3.0,1.0,1.0,1.0,3.0,5.0,1.0,4.0,2.0,2.0,2.0,,,,,,1.0,2.0,2.0,3.0,3.0,3.0,3.0,1.0,2.0,2.0,2.0,2.0,,2.0,1.0,,0,,0,,0,,,,,,,,,,,,,,,,,,,,,,,,,,,,,,,,,,,,,,,,,,,,,,,,,,,,,,,,,,,,,,,,,,,,,,,,,,,,,1.0,2.0,3.0,1,1,2,1,6,2,,1,2,2,1,6,1,1.0,1,1,2,,2,9,1,4,99,1.0,2,2,0.2224611999433756,
202201036524,2023-10-29T12:48:40Z,2023-10-29T12:53:01Z,2,1,1,1,1,2,1,4.0,2.0,2.0,2.0,2.0,,,,,,,,1.0,1.0,,,,,,,,1.0,2.0,3.0,4.0,4.0,5.0,5.0,5.0,,5.0,5.0,5.0,5.0,5.0,5.0,4.0,,5.0,5.0,1.0,3.0,5.0,1.0,5.0,3.0,,,,,5.0,5.0,2.0,,,,,,2.0,1.0,1.0,1.0,1.0,3.0,1.0,4.0,,,,,,,,,0,,0,,0,,,,,,,,,,,,,,,,,,,,,,,,,,,,,,,,,,,,,,,,,,,,,,,,,,,,,,,,,,,,,,,,,,,,,,,,,,,,,1.0,2.0,3.0,3,1,2,3,1,2,,1,2,2,1,1,12,,3,1,4,99.0,9,9,3,1,2,1.0,1,1,0.4016987482856656,
202201036720,2023-10-27T22:43:14Z,2023-10-27T22:46:51Z,2,1,1,1,1,2,1,4.0,2.0,2.0,2.0,1.0,,,,,,,,1.0,1.0,,,,,,,,1.0,2.0,1.0,2.0,3.0,3.0,3.0,4.0,,4.0,3.0,5.0,5.0,5.0,5.0,5.0,,5.0,5.0,2.0,3.0,4.0,3.0,5.0,3.0,,,,,2.0,1.0,2.0,,,,,,2.0,2.0,1.0,3.0,2.0,2.0,2.0,4.0,,,,,,,,,0,,0,,0,,,,,,,,,,,,,,,,,,,,,,,,,,,,,,,,,,,,,,,,,,,,,,,,,,,,,,,,,,,,,,,,,,,,,,,,,,,,,2.0,2.0,3.0,3,2,2,2,3,1,3.0,1,4,3,1,1,1,2.0,1,5,4,2.0,2,3,1,3,3,2.0,2,1,0.3779684483797867,
202201036786,2023-10-28T12:42:13Z,2023-10-28T12:48:27Z,2,1,1,1,1,2,1,4.0,2.0,2.0,2.0,1.0,,,,,,,,1.0,1.0,,,,,,,,1.0,2.0,2.0,4.0,4.0,3.0,2.0,4.0,,4.0,3.0,3.0,3.0,3.0,4.0,2.0,,1.0,2.0,2.0,2.0,3.0,3.0,4.0,1.0,,,,,1.0,,1.0,2.0,2.0,1.0,1.0,2.0,1.0,3.0,4.0,3.0,3.0,2.0,2.0,2.0,4.0,3.0,4.0,4.0,5.0,1.0,1.0,,0,,0,,0,,,,,,,,,,,,,,,,,,,,,,,,,,,,,,,,,,,,,,,,,,,,,,,,,,,,,,,,,,,,,,,,,,,,,,,,,,,,,1.0,1.0,2.0,1,2,1,2,4,2,,4,2,2,4,1,8,,4,5,2,,2,3,3,9,3,1.0,2,2,1.654322578134,
202201036800,2023-10-28T09:16:00Z,2023-10-28T10:10:15Z,2,1,1,6,2,2,2,2.0,2.0,2.0,1.0,2.0,,,,,,,,1.0,1.0,,,,,,,,1.0,2.0,4.0,3.0,4.0,5.0,4.0,3.0,5.0,,,5.0,5.0,5.0,5.0,3.0,5.0,,,4.0,1.0,,,,3.0,1.0,4.0,1.0,4.0,3.0,1.0,1.0,2.0,2.0,2.0,1.0,1.0,2.0,3.0,3.0,3.0,3.0,2.0,2.0,1.0,2.0,1.0,5.0,2.0,,2.0,2.0,,0,,0,,0,,,,,,,,,,,,,,,,,,,,,,,,,,,,,,,,,,,,,,,,,,,,,,,,,,,,,,,,,,,,,,,,,,,,,,,,,,,,,1.0,2.0,3.0,3,1,2,2,3,2,,1,1,1,1,6,2,2.0,2,2,1,,1,1,1,1,2,1.0,1,1,0.2611006186682459,
202201036846,2023-10-29T11:51:03Z,2023-10-29T11:57:25Z,2,1,1,1,1,2,1,4.0,2.0,2.0,2.0,1.0,,,,,,,,1.0,1.0,,,,,,,,1.0,2.0,2.0,1.0,3.0,2.0,2.0,3.0,,3.0,1.0,5.0,5.0,5.0,6.0,5.0,,5.0,5.0,1.0,3.0,3.0,2.0,4.0,3.0,,,,,1.0,,2.0,,,,,,2.0,1.0,1.0,2.0,2.0,3.0,3.0,4.0,,,,,,,,,0,,0,,0,,,,,,,,,,,,,,,,,,,,,,,,,,,,,,,,,,,,,,,,,,,,,,,,,,,,,,,,,,,,,,,,,,,,,,,,,,,,,1.0,3.0,7.0,3,2,2,3,2,1,1.0,4,99,3,4,1,2,2.0,2,4,4,99.0,9,9,3,99,99,2.0,2,99,3.377866884663617,
202201037024,2023-10-27T17:39:29Z,2023-10-27T17:42:14Z,1,1,1,6,2,2,2,4.0,2.0,2.0,1.0,2.0,,,,,,,,1.0,1.0,,,,,,,,1.0,2.0,2.0,4.0,3.0,3.0,3.0,3.0,4.0,,,4.0,5.0,4.0,5.0,5.0,5.0,,,3.0,3.0,5.0,1.0,3.0,1.0,2.0,5.0,2.0,5.0,1.0,,2.0,,,,,,2.0,2.0,2.0,3.0,2.0,3.0,3.0,4.0,,,,,,,,,0,,0,,0,,,,,,,,,,,,,,,,,,,,,,,,,,,,,,,,,,,,,,,,,,,,,,,,,,,,,,,,,,,,,,,,,,,,,,,,,,,,,1.0,4.0,9.0,3,2,1,2,3,2,,1,1,1,1,6,12,,3,6,3,2.0,2,4,1,3,5,1.0,2,2,0.3100550566575755,
202201037226,2023-10-29T11:12:06Z,2023-10-29T11:24:55Z,2,1,1,2,2,2,2,4.0,2.0,2.0,2.0,1.0,,,,,,,,1.0,1.0,,,,,,,,1.0,2.0,1.0,1.0,3.0,4.0,2.0,2.0,,1.0,,2.0,2.0,2.0,3.0,4.0,,2.0,,1.0,3.0,3.0,2.0,3.0,1.0,3.0,5.0,3.0,4.0,2.0,2.0,1.0,1.0,2.0,2.0,1.0,1.0,2.0,1.0,1.0,1.0,1.0,3.0,3.0,4.0,,,,,,,,,0,,0,,0,,,,,,,,,,,,,,,,,,,,,,,,,,,,,,,,,,,,,,,,,,,,,,,,,,,,,,,,,,,,,,,,,,,,,,,,,,,,,1.0,3.0,6.0,2,2,1,1,6,2,,1,2,2,1,2,1,1.0,1,4,2,,2,3,1,8,3,1.0,1,2,0.0880104356277886,
202201037273,2023-10-30T22:07:51Z,2023-10-30T22:11:49Z,2,1,1,6,1,2,2,4.0,2.0,2.0,2.0,1.0,,,,,,,,1.0,2.0,,,,,,,,1.0,2.0,1.0,3.0,3.0,5.0,3.0,3.0,5.0,,3.0,5.0,5.0,5.0,6.0,5.0,6.0,,5.0,4.0,3.0,2.0,3.0,5.0,1.0,2.0,5.0,,,1.0,,1.0,2.0,2.0,2.0,2.0,2.0,1.0,4.0,5.0,4.0,2.0,3.0,3.0,4.0,,,,,,,,,0,,0,,0,,,,,,,,,,,,,,,,,,,,,,,,,,,,,,,,,,,,,,,,,,,,,,,,,,,,,,,,,,,,,,,,,,,,,,,,,,,,,1.0,2.0,3.0,1,2,2,1,5,2,,1,2,2,1,6,12,,3,6,3,2.0,2,3,1,2,3,1.0,2,1,0.1264177205729901,
202201037280,2023-10-28T06:40:28Z,2023-10-28T17:33:10Z,2,1,1,3,1,2,1,4.0,1.0,1.0,1.0,,,,,,,,,1.0,,,,,,,,,99.0,1.0,1.0,2.0,3.0,2.0,2.0,4.0,3.0,,2.0,4.0,5.0,5.0,5.0,5.0,5.0,,5.0,3.0,3.0,2.0,2.0,4.0,1.0,,,,,1.0,,2.0,,,,,,2.0,1.0,1.0,5.0,1.0,3.0,3.0,4.0,,,,,,,,,0,,0,,0,,,,,,,,,,,,,,,,,,,,,,,,,,,,,,,,,,,,,,,,,,,,,,,,,,,,,,,,,,,,,,,,,,,,,,,,,,,,,1.0,3.0,5.0,2,2,2,1,5,1,4.0,1,4,3,1,3,12,,3,4,3,2.0,2,9,1,7,99,2.0,1,2,0.0828758256911887,
202201037671,2023-10-29T20:24:27Z,2023-10-29T20:29:55Z,2,1,1,1,2,2,1,4.0,2.0,2.0,2.0,1.0,,,,,,,,1.0,2.0,,,,,,,,1.0,2.0,2.0,3.0,3.0,3.0,4.0,4.0,,4.0,,5.0,3.0,2.0,5.0,4.0,,5.0,,2.0,3.0,3.0,3.0,4.0,1.0,,,3.0,4.0,1.0,,2.0,,,,,,1.0,2.0,2.0,5.0,2.0,3.0,3.0,4.0,,,,,,,,,0,,0,,0,,,,,,,,,,,,,,,,,,,,,,,,,,,,,,,,,,,,,,,,,,,,,,,,,,,,,,,,,,,,,,,,,,,,,,,,,,,,,1.0,2.0,4.0,2,2,1,1,5,2,,1,1,1,1,1,1,1.0,1,2,4,2.0,2,3,1,9,3,1.0,1,3,0.0846299330646426,
202201037730,2023-10-29T22:54:32Z,2023-10-29T23:07:30Z,2,1,1,6,2,2,2,4.0,2.0,2.0,1.0,2.0,,,,,,,,1.0,1.0,,,,,,,,1.0,2.0,5.0,4.0,4.0,5.0,5.0,5.0,5.0,,,5.0,1.0,3.0,4.0,4.0,6.0,,,5.0,3.0,5.0,5.0,5.0,1.0,3.0,5.0,2.0,5.0,2.0,2.0,1.0,2.0,2.0,2.0,2.0,2.0,2.0,5.0,4.0,3.0,5.0,3.0,3.0,4.0,,,,,,,,,0,,0,,0,,,,,,,,,,,,,,,,,,,,,,,,,,,,,,,,,,,,,,,,,,,,,,,,,,,,,,,,,,,,,,,,,,,,,,,,,,,,,1.0,1.0,2.0,1,2,3,3,2,1,3.0,1,2,3,1,6,10,,3,6,4,2.0,2,4,3,1,5,1.0,2,1,0.4373413219763747,
202201038379,2023-10-28T12:37:27Z,2023-10-28T12:40:23Z,2,1,1,1,1,2,1,3.0,2.0,2.0,1.0,2.0,,,,,,,,1.0,1.0,,,,,,,,1.0,2.0,2.0,2.0,4.0,3.0,3.0,4.0,,3.0,4.0,4.0,3.0,3.0,3.0,4.0,,3.0,3.0,2.0,2.0,2.0,3.0,2.0,1.0,,,,,3.0,3.0,2.0,,,,,,2.0,2.0,3.0,3.0,4.0,3.0,1.0,2.0,4.0,2.0,3.0,3.0,3.0,1.0,1.0,,0,,0,,0,,,,,,,,,,,,,,,,,,,,,,,,,,,,,,,,,,,,,,,,,,,,,,,,,,,,,,,,,,,,,,,,,,,,,,,,,,,,,1.0,3.0,5.0,2,1,1,2,4,2,,1,2,2,1,1,12,,3,6,4,1.0,1,1,1,1,2,4.0,1,1,0.9055068268150004,
202201038387,2023-10-30T13:18:17Z,2023-10-30T13:23:21Z,2,1,1,6,2,2,2,4.0,2.0,2.0,1.0,2.0,,,,,,,,1.0,1.0,,,,,,,,1.0,2.0,1.0,1.0,1.0,3.0,1.0,3.0,4.0,,,5.0,5.0,3.0,5.0,4.0,6.0,,,1.0,1.0,,,,1.0,1.0,3.0,1.0,3.0,4.0,3.0,1.0,2.0,1.0,2.0,1.0,2.0,1.0,1.0,1.0,1.0,1.0,3.0,3.0,1.0,1.0,1.0,1.0,1.0,,1.0,1.0,,0,,0,,0,,,,,,,,,,,,,,,,,,,,,,,,,,,,,,,,,,,,,,,,,,,,,,,,,,,,,,,,,,,,,,,,,,,,,,,,,,,,,1.0,4.0,9.0,1,2,1,1,5,2,,1,3,5,1,6,7,,4,5,3,1.0,1,2,1,6,3,1.0,2,2,0.6914742421436161,
202201038814,2023-10-29T23:27:57Z,2023-10-29T23:32:41Z,2,1,1,2,1,2,2,2.0,2.0,2.0,1.0,2.0,,,,,,,,1.0,1.0,,,,,,,,1.0,2.0,4.0,3.0,5.0,5.0,5.0,5.0,,5.0,5.0,5.0,3.0,5.0,5.0,5.0,,5.0,5.0,3.0,3.0,1.0,2.0,2.0,1.0,3.0,5.0,,,2.0,1.0,1.0,2.0,2.0,2.0,1.0,2.0,2.0,4.0,3.0,5.0,3.0,2.0,2.0,4.0,,,,,,,,,0,,0,,0,,,,,,,,,,,,,,,,,,,,,,,,,,,,,,,,,,,,,,,,,,,,,,,,,,,,,,,,,,,,,,,,,,,,,,,,,,,,,2.0,3.0,5.0,3,1,2,2,3,2,,1,2,2,1,2,1,1.0,1,3,4,2.0,2,3,3,1,3,1.0,2,1,0.6560858360148712,
202201038863,2023-10-27T21:58:30Z,2023-10-27T22:02:49Z,2,1,1,1,1,2,1,4.0,2.0,2.0,2.0,1.0,,,,,,,,1.0,1.0,,,,,,,,1.0,1.0,2.0,4.0,4.0,4.0,4.0,4.0,,4.0,3.0,5.0,5.0,5.0,5.0,5.0,,5.0,4.0,4.0,3.0,3.0,2.0,5.0,3.0,,,,,1.0,,2.0,,,,,,2.0,1.0,1.0,5.0,3.0,3.0,3.0,4.0,,,,,,,,,0,,0,,0,,,,,,,,,,,,,,,,,,,,,,,,,,,,,,,,,,,,,,,,,,,,,,,,,,,,,,,,,,,,,,,,,,,,,,,,,,,,,2.0,1.0,2.0,3,2,2,2,3,2,,1,1,1,1,1,1,1.0,1,6,1,,1,1,1,6,2,3.0,2,2,0.8704495218516937,
202201039132,2023-10-27T17:18:42Z,2023-10-27T17:26:30Z,2,1,1,1,1,2,1,4.0,2.0,2.0,2.0,1.0,,,,,,,,1.0,1.0,,,,,,,,1.0,1.0,4.0,5.0,5.0,5.0,5.0,5.0,,5.0,5.0,5.0,5.0,5.0,6.0,5.0,,5.0,5.0,3.0,3.0,6.0,3.0,5.0,3.0,,,,,1.0,,2.0,,,,,,2.0,4.0,4.0,4.0,5.0,2.0,2.0,4.0,,,,,,,,,0,,0,,0,,,,,,,,,,,,,,,,,,,,,,,,,,,,,,,,,,,,,,,,,,,,,,,,,,,,,,,,,,,,,,,,,,,,,,,,,,,,,1.0,3.0,5.0,3,1,2,3,2,2,,1,1,1,1,1,1,1.0,1,4,3,1.0,1,2,3,2,3,1.0,1,1,0.5877423527439041,
202201039180,2023-10-29T16:22:06Z,2023-10-29T16:27:28Z,1,1,1,6,2,2,2,2.0,1.0,1.0,2.0,,,,,,,,,1.0,,,,,,,,,99.0,2.0,4.0,5.0,5.0,3.0,1.0,2.0,3.0,,,5.0,3.0,5.0,5.0,5.0,5.0,,,2.0,2.0,4.0,5.0,1.0,2.0,2.0,5.0,2.0,5.0,5.0,3.0,1.0,2.0,2.0,1.0,1.0,2.0,1.0,2.0,1.0,1.0,3.0,3.0,3.0,3.0,3.0,4.0,5.0,3.0,,1.0,1.0,,0,,0,,0,,,,,,,,,,,,,,,,,,,,,,,,,,,,,,,,,,,,,,,,,,,,,,,,,,,,,,,,,,,,,,,,,,,,,,,,,,,,,1.0,4.0,9.0,1,2,2,1,6,2,,1,2,2,1,6,12,,3,6,2,,2,4,1,2,5,2.0,2,1,0.5089024971421663,
202201039309,2023-10-27T16:57:53Z,2023-10-27T17:01:43Z,2,1,1,1,1,2,1,4.0,2.0,2.0,2.0,1.0,,,,,,,,1.0,1.0,,,,,,,,1.0,2.0,1.0,4.0,4.0,5.0,4.0,5.0,,5.0,3.0,3.0,3.0,5.0,5.0,5.0,,5.0,4.0,5.0,3.0,4.0,3.0,5.0,1.0,,,,,1.0,,2.0,,,,,,2.0,4.0,4.0,4.0,3.0,2.0,2.0,4.0,,,,,,,,,0,,0,,0,,,,,,,,,,,,,,,,,,,,,,,,,,,,,,,,,,,,,,,,,,,,,,,,,,,,,,,,,,,,,,,,,,,,,,,,,,,,,1.0,3.0,5.0,2,2,2,1,5,2,,1,1,1,1,1,1,1.0,1,3,1,,1,1,1,6,2,1.0,1,2,0.0661382645935713,
202201039452,2023-11-01T11:16:36Z,2023-11-01T11:22:46Z,2,1,1,1,1,2,1,4.0,2.0,2.0,1.0,2.0,,,,,,,,1.0,1.0,,,,,,,,1.0,2.0,1.0,1.0,1.0,1.0,1.0,1.0,,1.0,1.0,1.0,1.0,1.0,1.0,1.0,,1.0,1.0,1.0,2.0,1.0,1.0,3.0,1.0,,,,,1.0,,2.0,,,,,,2.0,1.0,1.0,1.0,1.0,3.0,3.0,2.0,1.0,1.0,1.0,1.0,1.0,1.0,1.0,,0,,0,,0,,,,,,,,,,,,,,,,,,,,,,,,,,,,,,,,,,,,,,,,,,,,,,,,,,,,,,,,,,,,,,,,,,,,,,,,,,,,,1.0,4.0,9.0,2,2,2,2,3,1,1.0,1,1,3,1,1,2,2.0,2,3,4,1.0,1,1,1,2,2,1.0,2,1,0.4139006518845323,
202201039465,2023-10-28T14:30:57Z,2023-10-28T14:38:04Z,2,1,1,6,2,2,2,3.0,2.0,2.0,1.0,2.0,,,,,,,,1.0,1.0,,,,,,,,1.0,1.0,1.0,1.0,1.0,3.0,2.0,3.0,4.0,,,4.0,5.0,4.0,6.0,5.0,6.0,,,2.0,1.0,,,,2.0,1.0,2.0,1.0,2.0,5.0,1.0,1.0,1.0,1.0,2.0,1.0,1.0,1.0,2.0,2.0,4.0,3.0,2.0,2.0,1.0,2.0,1.0,1.0,3.0,,2.0,2.0,,0,,0,,0,,,,,,,,,,,,,,,,,,,,,,,,,,,,,,,,,,,,,,,,,,,,,,,,,,,,,,,,,,,,,,,,,,,,,,,,,,,,,1.0,3.0,5.0,1,1,2,3,2,1,4.0,1,2,3,1,6,1,1.0,1,1,2,,2,3,1,5,3,1.0,1,1,0.184786981144711,
202201039500,2023-11-02T11:30:08Z,2023-11-02T11:35:25Z,2,1,1,2,2,2,2,4.0,2.0,2.0,2.0,1.0,,,,,,,,1.0,1.0,,,,,,,,1.0,2.0,2.0,4.0,3.0,3.0,3.0,5.0,,3.0,,3.0,3.0,2.0,2.0,3.0,,4.0,,4.0,3.0,5.0,3.0,5.0,1.0,3.0,5.0,3.0,5.0,1.0,,2.0,,,,,,2.0,4.0,1.0,5.0,4.0,3.0,3.0,4.0,,,,,,,,,0,,0,,0,,,,,,,,,,,,,,,,,,,,,,,,,,,,,,,,,,,,,,,,,,,,,,,,,,,,,,,,,,,,,,,,,,,,,,,,,,,,,1.0,3.0,5.0,1,2,1,3,2,2,,1,2,2,1,2,12,,3,5,2,,2,4,1,3,4,1.0,2,2,0.6221019652660964,
202201039551,2023-11-01T11:22:47Z,2023-11-01T11:28:33Z,2,1,1,6,1,2,2,4.0,2.0,2.0,2.0,1.0,,,,,,,,1.0,2.0,,,,,,,,1.0,2.0,3.0,3.0,5.0,4.0,3.0,4.0,4.0,,4.0,4.0,2.0,5.0,4.0,5.0,5.0,,4.0,4.0,3.0,1.0,3.0,1.0,1.0,1.0,5.0,,,1.0,,1.0,2.0,2.0,2.0,1.0,2.0,2.0,3.0,3.0,2.0,2.0,2.0,3.0,4.0,,,,,,,,,0,,0,,0,,,,,,,,,,,,,,,,,,,,,,,,,,,,,,,,,,,,,,,,,,,,,,,,,,,,,,,,,,,,,,,,,,,,,,,,,,,,,1.0,2.0,4.0,1,2,2,3,2,2,,1,2,2,1,6,1,1.0,1,2,2,,2,3,3,1,3,1.0,2,1,0.1813077017160065,
202201039841,2023-10-29T11:09:59Z,2023-10-29T11:16:09Z,2,1,1,6,2,2,2,4.0,2.0,2.0,1.0,2.0,,,,,,,,1.0,1.0,,,,,,,,1.0,2.0,2.0,3.0,4.0,4.0,3.0,3.0,5.0,,,4.0,5.0,5.0,5.0,5.0,6.0,,,3.0,1.0,,,,2.0,1.0,4.0,1.0,5.0,5.0,1.0,1.0,2.0,2.0,1.0,1.0,1.0,2.0,1.0,2.0,2.0,2.0,3.0,3.0,1.0,2.0,2.0,3.0,3.0,,2.0,1.0,,0,,0,,0,,,,,,,,,,,,,,,,,,,,,,,,,,,,,,,,,,,,,,,,,,,,,,,,,,,,,,,,,,,,,,,,,,,,,,,,,,,,,1.0,1.0,2.0,2,1,1,1,5,2,,1,2,2,1,6,6,,4,4,3,2.0,2,4,1,1,5,1.0,1,1,0.8415254913378235,
202201040180,2023-10-28T09:01:59Z,2023-10-28T09:06:08Z,2,1,1,6,2,2,2,4.0,2.0,2.0,2.0,1.0,,,,,,,,1.0,1.0,,,,,,,,1.0,2.0,2.0,2.0,2.0,5.0,2.0,3.0,3.0,,,3.0,5.0,5.0,2.0,3.0,4.0,,,2.0,3.0,2.0,1.0,3.0,2.0,1.0,1.0,1.0,2.0,2.0,1.0,1.0,2.0,1.0,1.0,1.0,2.0,1.0,1.0,1.0,2.0,2.0,3.0,3.0,4.0,,,,,,,,,0,,0,,0,,,,,,,,,,,,,,,,,,,,,,,,,,,,,,,,,,,,,,,,,,,,,,,,,,,,,,,,,,,,,,,,,,,,,,,,,,,,,1.0,3.0,5.0,3,1,2,2,3,2,,1,1,1,1,6,1,2.0,1,3,3,1.0,1,2,1,7,3,2.0,1,2,0.7582821190897499,
202201040432,2023-10-27T17:40:30Z,2023-10-27T20:26:17Z,2,1,1,6,2,2,2,2.0,2.0,2.0,2.0,1.0,,,,,,,,1.0,1.0,,,,,,,,1.0,1.0,1.0,2.0,2.0,2.0,2.0,2.0,3.0,,,5.0,2.0,4.0,3.0,5.0,5.0,,,2.0,3.0,3.0,3.0,2.0,1.0,3.0,3.0,3.0,4.0,1.0,,2.0,,,,,,2.0,1.0,2.0,5.0,2.0,3.0,3.0,4.0,,,,,,,,,0,,0,,0,,,,,,,,,,,,,,,,,,,,,,,,,,,,,,,,,,,,,,,,,,,,,,,,,,,,,,,,,,,,,,,,,,,,,,,,,,,,,1.0,2.0,3.0,2,1,1,2,3,2,,1,1,1,1,6,10,,3,6,3,1.0,1,2,2,3,3,1.0,1,1,1.2817125406804022,
202201040510,2023-10-29T15:46:18Z,2023-10-29T15:50:56Z,2,1,1,1,1,2,1,4.0,2.0,2.0,2.0,1.0,,,,,,,,1.0,1.0,,,,,,,,1.0,2.0,2.0,3.0,3.0,4.0,3.0,3.0,,2.0,2.0,4.0,5.0,5.0,4.0,3.0,,4.0,3.0,3.0,3.0,1.0,1.0,2.0,1.0,,,,,1.0,,2.0,,,,,,2.0,2.0,2.0,4.0,3.0,3.0,3.0,4.0,,,,,,,,,0,,0,,0,,,,,,,,,,,,,,,,,,,,,,,,,,,,,,,,,,,,,,,,,,,,,,,,,,,,,,,,,,,,,,,,,,,,,,,,,,,,,1.0,3.0,7.0,3,2,2,2,4,1,1.0,1,1,3,1,1,2,2.0,2,4,2,,2,3,1,8,3,1.0,1,2,0.166076973546242,
202201040772,2023-10-27T18:11:12Z,2023-10-27T18:13:52Z,2,1,1,2,1,1,2,4.0,1.0,1.0,2.0,,,,,,,,,1.0,,,,,,,,,99.0,2.0,2.0,2.0,3.0,1.0,2.0,1.0,,2.0,3.0,2.0,2.0,2.0,5.0,1.0,,5.0,2.0,3.0,2.0,2.0,2.0,5.0,2.0,2.0,2.0,,,3.0,4.0,2.0,,,,,,1.0,2.0,2.0,2.0,4.0,3.0,2.0,3.0,1.0,1.0,1.0,1.0,1.0,1.0,1.0,,0,,0,,0,,,,,,,,,,,,,,,,,,,,,,,,,,,,,,,,,,,,,,,,,,,,,,,,,,,,,,,,,,,,,,,,,,,,,,,,,,,,,1.0,3.0,5.0,1,2,2,3,1,2,,1,2,2,1,2,1,1.0,1,3,3,1.0,1,1,2,2,1,3.0,1,1,0.6885713143464498,
202201040901,2023-10-30T13:16:49Z,2023-10-30T13:18:42Z,2,1,1,99,1,2,99,4.0,2.0,2.0,2.0,1.0,,,,,,,,1.0,1.0,,,,,,,,1.0,1.0,1.0,3.0,2.0,3.0,3.0,4.0,,,3.0,3.0,3.0,3.0,4.0,3.0,,,2.0,3.0,99.0,,,,1.0,,,,,3.0,2.0,1.0,2.0,1.0,2.0,1.0,1.0,2.0,3.0,99.0,99.0,99.0,99.0,99.0,,,,,,,,,,0,,0,,0,,,,,,,,,,,,,,,,,,,,,,,,,,,,,,,,,,,,,,,,,,,,,,,,,,,,,,,,,,,,,,,,,,,,,,,,,,,,,1.0,3.0,6.0,2,1,2,3,2,2,,1,3,5,1,99,7,,4,99,3,99.0,9,9,1,2,3,3.0,1,1,0.7443014805340421,
202201041138,2023-10-27T19:43:25Z,2023-10-29T11:14:42Z,2,1,1,6,2,2,2,3.0,2.0,2.0,2.0,1.0,,,,,,,,1.0,1.0,,,,,,,,1.0,2.0,3.0,3.0,3.0,4.0,3.0,3.0,4.0,,,3.0,3.0,4.0,3.0,4.0,4.0,,,4.0,2.0,4.0,5.0,4.0,3.0,1.0,4.0,1.0,4.0,4.0,2.0,1.0,2.0,1.0,1.0,1.0,1.0,2.0,1.0,1.0,4.0,3.0,2.0,2.0,1.0,4.0,3.0,2.0,3.0,,2.0,2.0,,0,,0,,0,,,,,,,,,,,,,,,,,,,,,,,,,,,,,,,,,,,,,,,,,,,,,,,,,,,,,,,,,,,,,,,,,,,,,,,,,,,,,1.0,1.0,1.0,1,1,2,3,2,2,,1,2,2,1,6,1,2.0,1,2,2,,2,4,1,3,5,1.0,1,1,0.3648225558320984,
202201041303,2023-10-29T15:10:33Z,2023-10-29T19:23:54Z,1,1,1,6,2,2,2,3.0,2.0,2.0,2.0,1.0,,,,,,,,1.0,1.0,,,,,,,,1.0,1.0,2.0,4.0,3.0,5.0,4.0,5.0,3.0,,,5.0,4.0,5.0,5.0,5.0,5.0,,,4.0,1.0,,,,1.0,1.0,5.0,1.0,5.0,2.0,1.0,1.0,2.0,1.0,2.0,2.0,2.0,1.0,4.0,1.0,5.0,3.0,3.0,2.0,1.0,3.0,1.0,4.0,4.0,,1.0,2.0,,0,,0,,0,,,,,,,,,,,,,,,,,,,,,,,,,,,,,,,,,,,,,,,,,,,,,,,,,,,,,,,,,,,,,,,,,,,,,,,,,,,,,1.0,1.0,2.0,1,2,1,2,4,2,,1,2,2,1,6,1,1.0,1,5,3,2.0,2,3,1,3,2,1.0,2,1,0.4538363226095462,
202201041480,2023-10-28T08:12:34Z,2023-10-28T08:16:33Z,1,1,1,3,2,1,1,3.0,1.0,1.0,2.0,,,,,,,,,1.0,,,,,,,,,99.0,2.0,1.0,3.0,4.0,3.0,5.0,4.0,5.0,,3.0,3.0,5.0,5.0,5.0,4.0,4.0,,4.0,2.0,3.0,3.0,6.0,5.0,1.0,,,,,1.0,,2.0,,,,,,2.0,1.0,3.0,3.0,2.0,2.0,2.0,4.0,,,,,,,,,0,,0,,0,,,,,,,,,,,,,,,,,,,,,,,,,,,,,,,,,,,,,,,,,,,,,,,,,,,,,,,,,,,,,,,,,,,,,,,,,,,,,1.0,2.0,3.0,1,2,1,2,3,2,,2,2,2,4,3,1,1.0,1,3,2,,2,4,1,6,4,1.0,2,2,1.220425877998751,
202201041662,2023-10-27T18:22:42Z,2023-10-27T18:26:02Z,2,1,1,4,1,2,1,4.0,2.0,2.0,2.0,1.0,,,,,,,,1.0,1.0,,,,,,,,1.0,1.0,1.0,1.0,1.0,1.0,1.0,1.0,5.0,,1.0,1.0,5.0,1.0,1.0,1.0,5.0,,5.0,1.0,3.0,2.0,2.0,2.0,1.0,,,,,2.0,1.0,1.0,2.0,2.0,2.0,1.0,2.0,1.0,1.0,1.0,5.0,1.0,3.0,1.0,4.0,,,,,,,,,0,,0,,0,,,,,,,,,,,,,,,,,,,,,,,,,,,,,,,,,,,,,,,,,,,,,,,,,,,,,,,,,,,,,,,,,,,,,,,,,,,,,2.0,3.0,6.0,3,2,2,3,2,2,,1,2,2,1,4,1,2.0,1,2,2,,2,3,2,1,2,2.0,1,1,0.8317196236849519,
202201041681,2023-10-30T10:14:12Z,2023-10-30T10:17:15Z,2,1,1,1,1,1,1,2.0,2.0,2.0,2.0,1.0,,,,,,,,1.0,1.0,,,,,,,,1.0,2.0,4.0,3.0,5.0,3.0,5.0,4.0,,3.0,5.0,3.0,5.0,3.0,5.0,3.0,,2.0,5.0,5.0,3.0,3.0,3.0,5.0,1.0,,,,,1.0,,2.0,,,,,,2.0,5.0,1.0,3.0,1.0,2.0,2.0,4.0,,,,,,,,,0,,0,,0,,,,,,,,,,,,,,,,,,,,,,,,,,,,,,,,,,,,,,,,,,,,,,,,,,,,,,,,,,,,,,,,,,,,,,,,,,,,,1.0,3.0,5.0,3,2,2,3,2,2,,1,4,4,1,1,1,1.0,1,4,2,,2,3,2,2,2,2.0,1,1,0.248809995266445,
202201041876,2023-10-30T04:39:01Z,2023-10-30T04:43:11Z,2,1,1,6,2,2,2,3.0,2.0,2.0,1.0,2.0,,,,,,,,1.0,1.0,,,,,,,,1.0,2.0,1.0,1.0,1.0,3.0,3.0,2.0,3.0,,,1.0,3.0,3.0,2.0,2.0,4.0,,,1.0,1.0,,,,2.0,3.0,3.0,3.0,2.0,2.0,3.0,1.0,1.0,1.0,1.0,1.0,1.0,1.0,1.0,3.0,2.0,2.0,3.0,3.0,1.0,2.0,2.0,2.0,2.0,,1.0,1.0,,0,,0,,0,,,,,,,,,,,,,,,,,,,,,,,,,,,,,,,,,,,,,,,,,,,,,,,,,,,,,,,,,,,,,,,,,,,,,,,,,,,,,1.0,4.0,9.0,2,1,1,1,5,2,,3,3,5,4,6,2,2.0,2,3,2,,2,4,1,4,4,1.0,1,2,1.6841492720118465,
202201042107,2023-10-29T20:54:43Z,2023-10-29T21:05:32Z,2,1,1,6,1,2,2,4.0,2.0,2.0,2.0,1.0,,,,,,,,1.0,1.0,,,,,,,,1.0,1.0,4.0,5.0,5.0,3.0,3.0,5.0,3.0,,5.0,3.0,5.0,5.0,3.0,4.0,2.0,,3.0,5.0,3.0,3.0,3.0,3.0,3.0,1.0,5.0,,,1.0,,1.0,2.0,2.0,2.0,2.0,1.0,2.0,3.0,2.0,3.0,3.0,1.0,3.0,4.0,,,,,,,,,0,,0,,0,,,,,,,,,,,,,,,,,,,,,,,,,,,,,,,,,,,,,,,,,,,,,,,,,,,,,,,,,,,,,,,,,,,,,,,,,,,,,1.0,2.0,3.0,3,1,2,3,1,2,,1,1,1,1,6,11,,4,6,4,2.0,2,3,2,1,3,1.0,2,1,0.2619080375018767,
202201042569,2023-10-28T12:58:52Z,2023-11-01T16:37:46Z,2,1,1,6,1,2,2,4.0,2.0,2.0,2.0,1.0,,,,,,,,1.0,1.0,,,,,,,,1.0,1.0,1.0,3.0,1.0,1.0,1.0,1.0,1.0,,1.0,1.0,1.0,1.0,1.0,1.0,1.0,,1.0,2.0,3.0,1.0,1.0,1.0,1.0,2.0,5.0,,,1.0,,2.0,,,,,,2.0,1.0,1.0,3.0,99.0,99.0,99.0,4.0,,,,,,,,,0,,0,,0,,,,,,,,,,,,,,,,,,,,,,,,,,,,,,,,,,,,,,,,,,,,,,,,,,,,,,,,,,,,,,,,,,,,,,,,,,,,,1.0,3.0,5.0,2,1,2,2,3,2,,1,2,2,1,6,12,,3,6,2,,2,4,1,1,5,1.0,2,1,0.2337859667721355,
202201042603,2023-10-29T21:42:18Z,2023-10-29T21:45:17Z,1,1,1,6,2,2,2,4.0,2.0,2.0,1.0,2.0,,,,,,,,1.0,1.0,,,,,,,,1.0,2.0,1.0,3.0,3.0,4.0,2.0,2.0,4.0,,,3.0,4.0,3.0,4.0,4.0,4.0,,,1.0,1.0,,,,1.0,1.0,4.0,1.0,3.0,1.0,,1.0,1.0,2.0,2.0,2.0,2.0,2.0,1.0,1.0,3.0,2.0,3.0,3.0,1.0,1.0,2.0,1.0,1.0,,1.0,1.0,,0,,0,,0,,,,,,,,,,,,,,,,,,,,,,,,,,,,,,,,,,,,,,,,,,,,,,,,,,,,,,,,,,,,,,,,,,,,,,,,,,,,,1.0,1.0,2.0,2,1,2,1,5,2,,1,2,2,1,6,12,,3,6,4,2.0,2,3,1,6,3,1.0,2,2,0.4427938996646597,
202201042846,2023-10-29T11:09:52Z,2023-10-29T11:12:49Z,2,1,1,1,2,2,1,3.0,2.0,2.0,2.0,1.0,,,,,,,,1.0,2.0,,,,,,,,1.0,2.0,5.0,5.0,5.0,5.0,4.0,5.0,,5.0,,5.0,5.0,2.0,5.0,5.0,,5.0,,5.0,3.0,4.0,4.0,5.0,1.0,,,1.0,5.0,1.0,,2.0,,,,,,2.0,5.0,3.0,5.0,3.0,3.0,3.0,4.0,,,,,,,,,0,,0,,0,,,,,,,,,,,,,,,,,,,,,,,,,,,,,,,,,,,,,,,,,,,,,,,,,,,,,,,,,,,,,,,,,,,,,,,,,,,,,1.0,4.0,9.0,2,1,2,2,3,1,1.0,1,5,3,1,1,1,1.0,1,1,2,,2,4,3,4,4,2.0,1,2,0.2198150451631353,
202201042967,2023-10-27T22:41:15Z,2023-10-27T22:45:03Z,2,1,1,2,2,2,2,4.0,2.0,2.0,1.0,2.0,,,,,,,,1.0,1.0,,,,,,,,1.0,1.0,2.0,3.0,2.0,4.0,3.0,4.0,,5.0,,2.0,5.0,5.0,5.0,5.0,,5.0,,3.0,3.0,1.0,2.0,2.0,1.0,1.0,2.0,1.0,2.0,2.0,1.0,1.0,2.0,2.0,1.0,2.0,2.0,1.0,2.0,2.0,3.0,4.0,3.0,3.0,4.0,,,,,,,,,0,,0,,0,,,,,,,,,,,,,,,,,,,,,,,,,,,,,,,,,,,,,,,,,,,,,,,,,,,,,,,,,,,,,,,,,,,,,,,,,,,,,1.0,1.0,2.0,2,2,2,1,5,2,,1,3,5,1,2,7,,4,6,3,2.0,2,4,3,9,4,1.0,2,3,0.0972666443462576,
202201043080,2023-10-27T18:26:38Z,2023-10-27T18:31:06Z,2,1,1,1,1,2,1,2.0,2.0,2.0,2.0,1.0,,,,,,,,1.0,1.0,,,,,,,,1.0,1.0,1.0,1.0,1.0,1.0,1.0,1.0,,1.0,1.0,1.0,1.0,1.0,1.0,1.0,,1.0,1.0,3.0,3.0,1.0,1.0,1.0,3.0,,,,,1.0,,1.0,2.0,2.0,1.0,1.0,1.0,1.0,1.0,1.0,1.0,1.0,2.0,2.0,4.0,,,,,,,,,0,,0,,0,,,,,,,,,,,,,,,,,,,,,,,,,,,,,,,,,,,,,,,,,,,,,,,,,,,,,,,,,,,,,,,,,,,,,,,,,,,,,1.0,3.0,6.0,1,1,2,2,3,2,,4,2,2,3,1,1,1.0,1,1,3,1.0,1,2,1,3,4,1.0,1,2,0.3100825489819258,
202201043111,2023-10-28T23:00:06Z,2023-10-28T23:04:37Z,2,1,1,6,2,2,2,4.0,2.0,2.0,1.0,2.0,,,,,,,,1.0,1.0,,,,,,,,1.0,2.0,2.0,3.0,2.0,4.0,2.0,4.0,5.0,,,2.0,2.0,3.0,2.0,3.0,4.0,,,2.0,1.0,,,,1.0,1.0,5.0,1.0,5.0,2.0,2.0,1.0,2.0,2.0,2.0,1.0,2.0,1.0,2.0,2.0,2.0,3.0,3.0,3.0,1.0,2.0,2.0,3.0,3.0,,1.0,2.0,,0,,0,,0,,,,,,,,,,,,,,,,,,,,,,,,,,,,,,,,,,,,,,,,,,,,,,,,,,,,,,,,,,,,,,,,,,,,,,,,,,,,,1.0,4.0,9.0,2,1,2,1,5,1,5.0,3,1,3,4,6,1,1.0,1,3,2,,2,3,1,2,3,1.0,2,1,0.9460761613378954,
202201043196,2023-10-27T17:26:08Z,2023-10-27T17:30:44Z,2,1,1,6,2,2,2,4.0,2.0,2.0,2.0,1.0,,,,,,,,1.0,1.0,,,,,,,,1.0,2.0,1.0,5.0,5.0,5.0,5.0,5.0,3.0,,,3.0,5.0,5.0,5.0,3.0,3.0,,,5.0,3.0,2.0,2.0,3.0,2.0,3.0,5.0,1.0,5.0,1.0,,2.0,,,,,,1.0,3.0,1.0,2.0,3.0,3.0,2.0,4.0,,,,,,,,,0,,0,,0,,,,,,,,,,,,,,,,,,,,,,,,,,,,,,,,,,,,,,,,,,,,,,,,,,,,,,,,,,,,,,,,,,,,,,,,,,,,,1.0,2.0,3.0,1,1,1,2,3,2,,1,4,4,1,6,1,2.0,1,4,2,,2,3,1,4,3,1.0,2,2,0.3039276261724581,
202201043808,2023-10-27T17:01:49Z,2023-10-27T17:05:00Z,2,1,1,2,1,2,2,4.0,2.0,2.0,2.0,1.0,,,,,,,,1.0,1.0,,,,,,,,1.0,2.0,2.0,4.0,2.0,4.0,3.0,3.0,,3.0,2.0,3.0,3.0,4.0,5.0,4.0,,3.0,4.0,3.0,3.0,1.0,1.0,2.0,1.0,1.0,5.0,,,4.0,2.0,1.0,2.0,2.0,1.0,2.0,2.0,2.0,2.0,2.0,5.0,2.0,2.0,3.0,4.0,,,,,,,,,0,,0,,0,,,,,,,,,,,,,,,,,,,,,,,,,,,,,,,,,,,,,,,,,,,,,,,,,,,,,,,,,,,,,,,,,,,,,,,,,,,,,2.0,3.0,6.0,3,1,2,2,3,2,,1,1,1,1,2,10,,3,5,3,1.0,1,2,1,2,3,1.0,2,1,0.2991683396552967,
202201043881,2023-10-27T21:25:51Z,2023-10-27T21:29:19Z,2,1,1,2,1,2,1,4.0,2.0,2.0,1.0,2.0,,,,,,,,1.0,1.0,,,,,,,,1.0,2.0,2.0,4.0,4.0,3.0,4.0,3.0,,2.0,3.0,4.0,2.0,3.0,3.0,3.0,,3.0,3.0,2.0,3.0,2.0,2.0,3.0,2.0,,,,,1.0,,2.0,,,,,,1.0,3.0,1.0,1.0,2.0,3.0,2.0,4.0,,,,,,,,,0,,0,,0,,,,,,,,,,,,,,,,,,,,,,,,,,,,,,,,,,,,,,,,,,,,,,,,,,,,,,,,,,,,,,,,,,,,,,,,,,,,,1.0,3.0,7.0,1,2,2,2,3,1,8.0,1,2,3,1,2,1,2.0,1,3,3,2.0,2,3,2,1,3,2.0,1,1,0.064332598776619,
202201044115,2023-10-27T17:30:48Z,2023-10-27T17:38:35Z,1,1,1,2,2,2,2,4.0,4.0,4.0,1.0,2.0,2.0,1.0,,,,,,1.0,1.0,1.0,1.0,,,,,,1.0,2.0,1.0,3.0,2.0,3.0,4.0,3.0,,4.0,,4.0,4.0,3.0,4.0,5.0,,5.0,,4.0,3.0,5.0,2.0,3.0,1.0,1.0,5.0,2.0,4.0,3.0,1.0,2.0,,,,,,2.0,4.0,2.0,5.0,5.0,3.0,3.0,4.0,,,,,,,,,0,,0,,0,,,,,,,,,,,,,,,,,,,,,,,,,,,,,,,,,,,,,,,,,,,,,,,,,,,,,,,,,,,,,,,,,,,,,,,,,,,,,1.0,3.0,5.0,1,2,1,1,5,2,,1,2,2,1,2,10,,3,5,3,1.0,1,1,1,4,2,1.0,2,2,0.198591616140592,
202201044256,2023-10-27T23:08:17Z,2023-10-27T23:11:34Z,2,1,1,5,2,99,1,3.0,1.0,1.0,2.0,,,,,,,,,1.0,,,,,,,,,99.0,2.0,2.0,4.0,3.0,4.0,3.0,5.0,5.0,,,5.0,3.0,5.0,3.0,5.0,5.0,,,4.0,2.0,3.0,2.0,1.0,2.0,,,,,3.0,3.0,2.0,,,,,,2.0,2.0,99.0,2.0,99.0,1.0,99.0,1.0,3.0,3.0,99.0,99.0,,99.0,99.0,,0,,0,,0,,,,,,,,,,,,,,,,,,,,,,,,,,,,,,,,,,,,,,,,,,,,,,,,,,,,,,,,,,,,,,,,,,,,,,,,,,,,,2.0,2.0,4.0,2,1,1,2,3,1,99.0,99,4,3,99,5,12,,3,99,3,2.0,2,9,2,2,99,99.0,2,1,1.062808306170531,
202201044352,2023-10-27T16:57:45Z,2023-10-27T17:03:59Z,1,1,1,6,1,2,2,4.0,2.0,2.0,2.0,1.0,,,,,,,,1.0,1.0,,,,,,,,1.0,1.0,1.0,3.0,3.0,3.0,3.0,3.0,3.0,,3.0,3.0,3.0,3.0,3.0,3.0,3.0,,3.0,3.0,3.0,1.0,1.0,2.0,1.0,1.0,4.0,,,4.0,4.0,2.0,,,,,,2.0,2.0,2.0,4.0,3.0,3.0,3.0,4.0,,,,,,,,,0,,0,,0,,,,,,,,,,,,,,,,,,,,,,,,,,,,,,,,,,,,,,,,,,,,,,,,,,,,,,,,,,,,,,,,,,,,,,,,,,,,,1.0,3.0,5.0,1,2,2,3,2,2,,1,2,2,1,6,12,,3,5,2,,2,3,1,2,3,1.0,2,2,0.094885898355892,
202201044354,2023-10-27T17:07:50Z,2023-10-27T17:12:27Z,2,1,1,6,1,2,2,4.0,2.0,2.0,2.0,1.0,,,,,,,,1.0,1.0,,,,,,,,1.0,1.0,3.0,2.0,4.0,4.0,4.0,5.0,5.0,,4.0,2.0,2.0,3.0,2.0,2.0,2.0,,2.0,5.0,3.0,5.0,3.0,6.0,1.0,1.0,5.0,,,1.0,,1.0,2.0,2.0,2.0,1.0,2.0,2.0,3.0,3.0,4.0,3.0,2.0,2.0,4.0,,,,,,,,,0,,0,,0,,,,,,,,,,,,,,,,,,,,,,,,,,,,,,,,,,,,,,,,,,,,,,,,,,,,,,,,,,,,,,,,,,,,,,,,,,,,,1.0,3.0,7.0,1,2,2,1,5,2,,1,2,2,1,6,6,,4,6,1,,1,1,3,1,2,1.0,2,1,0.2289900589028239,
202201044454,2023-10-29T12:03:58Z,2023-10-29T12:06:27Z,2,1,1,3,1,1,1,4.0,2.0,2.0,2.0,1.0,,,,,,,,1.0,1.0,,,,,,,,1.0,2.0,3.0,4.0,4.0,4.0,4.0,4.0,4.0,,4.0,4.0,4.0,4.0,4.0,4.0,4.0,,4.0,4.0,3.0,2.0,2.0,2.0,1.0,,,,,1.0,,2.0,,,,,,2.0,3.0,3.0,3.0,3.0,3.0,3.0,4.0,,,,,,,,,0,,0,,0,,,,,,,,,,,,,,,,,,,,,,,,,,,,,,,,,,,,,,,,,,,,,,,,,,,,,,,,,,,,,,,,,,,,,,,,,,,,,1.0,3.0,7.0,2,1,2,3,2,2,,1,1,1,1,3,1,1.0,1,3,1,,1,2,1,9,5,3.0,1,2,0.2202367825683462,
202201045076,2023-10-30T10:43:54Z,2023-10-30T10:47:32Z,2,1,1,4,2,2,1,2.0,2.0,2.0,2.0,2.0,,,,,,,,1.0,1.0,,,,,,,,1.0,2.0,2.0,5.0,3.0,4.0,1.0,5.0,3.0,,,3.0,4.0,5.0,3.0,5.0,3.0,,,3.0,2.0,5.0,4.0,5.0,3.0,,,2.0,3.0,99.0,,1.0,2.0,2.0,1.0,2.0,1.0,2.0,4.0,3.0,2.0,2.0,2.0,3.0,1.0,5.0,3.0,4.0,4.0,,1.0,2.0,,0,,0,,0,,,,,,,,,,,,,,,,,,,,,,,,,,,,,,,,,,,,,,,,,,,,,,,,,,,,,,,,,,,,,,,,,,,,,,,,,,,,,1.0,2.0,3.0,3,1,2,2,3,2,,1,1,1,1,4,9,,3,3,1,,1,1,3,2,2,3.0,1,2,1.2583398182714192,
202201045392,2023-10-28T09:57:30Z,2023-10-28T10:03:03Z,2,1,1,6,1,2,2,4.0,2.0,2.0,2.0,1.0,,,,,,,,1.0,2.0,,,,,,,,1.0,2.0,4.0,5.0,5.0,5.0,4.0,5.0,5.0,,5.0,5.0,5.0,5.0,5.0,5.0,5.0,,5.0,5.0,2.0,2.0,1.0,1.0,1.0,3.0,99.0,,,2.0,3.0,1.0,2.0,2.0,1.0,2.0,2.0,1.0,3.0,1.0,2.0,3.0,2.0,3.0,2.0,2.0,3.0,3.0,3.0,,1.0,1.0,,0,,0,,0,,,,,,,,,,,,,,,,,,,,,,,,,,,,,,,,,,,,,,,,,,,,,,,,,,,,,,,,,,,,,,,,,,,,,,,,,,,,,1.0,2.0,3.0,1,1,1,3,2,2,,1,1,1,1,6,10,,3,6,2,,2,4,1,1,4,1.0,1,1,1.0744302001687054,
202201045923,2023-10-28T11:32:59Z,2023-10-28T11:42:05Z,1,1,1,1,2,2,1,4.0,2.0,2.0,1.0,2.0,,,,,,,,1.0,1.0,,,,,,,,1.0,1.0,1.0,2.0,1.0,1.0,2.0,1.0,,1.0,,5.0,5.0,5.0,5.0,4.0,,5.0,,1.0,3.0,2.0,2.0,5.0,1.0,,,1.0,5.0,1.0,,2.0,,,,,,1.0,1.0,1.0,2.0,1.0,3.0,3.0,4.0,,,,,,,,,0,,0,,0,,,,,,,,,,,,,,,,,,,,,,,,,,,,,,,,,,,,,,,,,,,,,,,,,,,,,,,,,,,,,,,,,,,,,,,,,,,,,1.0,2.0,3.0,2,2,1,1,6,2,,2,2,2,4,1,1,1.0,1,1,2,,2,3,3,9,3,1.0,1,2,0.2423333199305394,
202201046110,2023-11-01T11:08:07Z,2023-11-01T11:13:00Z,2,1,1,6,2,2,2,3.0,2.0,2.0,2.0,1.0,,,,,,,,1.0,1.0,,,,,,,,1.0,1.0,2.0,2.0,2.0,3.0,3.0,3.0,4.0,,,4.0,5.0,4.0,5.0,4.0,5.0,,,2.0,1.0,,,,2.0,1.0,4.0,1.0,4.0,5.0,1.0,1.0,1.0,2.0,1.0,1.0,1.0,2.0,1.0,3.0,4.0,1.0,3.0,3.0,1.0,3.0,1.0,4.0,4.0,,2.0,2.0,,0,,0,,0,,,,,,,,,,,,,,,,,,,,,,,,,,,,,,,,,,,,,,,,,,,,,,,,,,,,,,,,,,,,,,,,,,,,,,,,,,,,,1.0,4.0,8.0,2,1,1,2,3,1,1.0,1,1,3,1,6,2,2.0,2,4,4,1.0,1,1,2,9,1,1.0,2,2,5.554759390118034,
202201046121,2023-10-30T14:47:32Z,2023-10-30T14:49:46Z,2,1,1,1,2,2,1,4.0,2.0,2.0,2.0,1.0,,,,,,,,1.0,1.0,,,,,,,,1.0,2.0,1.0,3.0,2.0,1.0,2.0,3.0,,3.0,,3.0,1.0,3.0,2.0,4.0,,3.0,,3.0,3.0,4.0,2.0,3.0,1.0,,,1.0,5.0,4.0,99.0,2.0,,,,,,1.0,1.0,1.0,1.0,2.0,3.0,3.0,4.0,,,,,,,,,0,,0,,0,,,,,,,,,,,,,,,,,,,,,,,,,,,,,,,,,,,,,,,,,,,,,,,,,,,,,,,,,,,,,,,,,,,,,,,,,,,,,1.0,3.0,6.0,1,1,2,1,6,2,,1,2,2,1,1,1,1.0,1,3,2,,2,3,1,3,3,2.0,2,2,0.6282190228207921,
202201046141,2023-10-29T13:51:15Z,2023-10-29T13:55:07Z,2,1,1,6,1,2,2,4.0,2.0,2.0,2.0,1.0,,,,,,,,1.0,1.0,,,,,,,,1.0,2.0,3.0,4.0,5.0,5.0,5.0,5.0,4.0,,5.0,3.0,5.0,5.0,5.0,5.0,3.0,,5.0,5.0,3.0,2.0,2.0,3.0,1.0,1.0,5.0,,,2.0,1.0,1.0,2.0,2.0,2.0,1.0,2.0,2.0,4.0,3.0,5.0,3.0,2.0,2.0,4.0,,,,,,,,,0,,0,,0,,,,,,,,,,,,,,,,,,,,,,,,,,,,,,,,,,,,,,,,,,,,,,,,,,,,,,,,,,,,,,,,,,,,,,,,,,,,,1.0,3.0,6.0,1,1,2,1,5,2,,1,2,2,1,6,1,2.0,1,5,3,2.0,2,3,3,1,3,1.0,2,1,0.2359468371227719,
202201046214,2023-10-27T17:13:11Z,2023-10-27T17:17:05Z,2,1,1,1,2,2,1,4.0,2.0,2.0,1.0,2.0,,,,,,,,1.0,1.0,,,,,,,,1.0,2.0,1.0,1.0,1.0,2.0,3.0,2.0,,1.0,,4.0,5.0,5.0,5.0,5.0,,4.0,,1.0,1.0,,,,1.0,,,1.0,4.0,1.0,,2.0,,,,,,1.0,1.0,1.0,2.0,1.0,3.0,3.0,1.0,1.0,1.0,1.0,1.0,1.0,1.0,1.0,,0,,0,,0,,,,,,,,,,,,,,,,,,,,,,,,,,,,,,,,,,,,,,,,,,,,,,,,,,,,,,,,,,,,,,,,,,,,,,,,,,,,,1.0,3.0,5.0,2,2,2,2,3,1,1.0,4,5,3,4,1,1,1.0,1,1,2,,2,3,3,4,2,1.0,1,2,0.6956058111244695,
202201046899,2023-10-27T17:27:53Z,2023-10-27T18:16:04Z,2,1,1,6,2,2,2,4.0,2.0,2.0,2.0,1.0,,,,,,,,1.0,1.0,,,,,,,,1.0,1.0,2.0,3.0,1.0,3.0,2.0,2.0,1.0,,,2.0,5.0,5.0,3.0,4.0,3.0,,,1.0,3.0,1.0,1.0,2.0,1.0,1.0,4.0,1.0,4.0,1.0,,1.0,2.0,2.0,2.0,2.0,2.0,1.0,4.0,3.0,4.0,3.0,3.0,3.0,4.0,,,,,,,,,0,,0,,0,,,,,,,,,,,,,,,,,,,,,,,,,,,,,,,,,,,,,,,,,,,,,,,,,,,,,,,,,,,,,,,,,,,,,,,,,,,,,1.0,1.0,2.0,1,1,2,1,5,2,,1,2,2,1,6,1,2.0,1,6,2,,2,3,3,3,3,1.0,1,2,0.4117746180624833,
202201047212,2023-11-03T19:15:41Z,2023-11-03T19:19:02Z,2,1,1,1,1,2,1,4.0,2.0,2.0,1.0,2.0,,,,,,,,1.0,1.0,,,,,,,,1.0,2.0,2.0,3.0,4.0,3.0,5.0,4.0,,3.0,3.0,5.0,5.0,5.0,5.0,5.0,,5.0,5.0,4.0,3.0,3.0,3.0,3.0,1.0,,,,,1.0,,2.0,,,,,,2.0,2.0,2.0,4.0,2.0,2.0,2.0,4.0,,,,,,,,,0,,0,,0,,,,,,,,,,,,,,,,,,,,,,,,,,,,,,,,,,,,,,,,,,,,,,,,,,,,,,,,,,,,,,,,,,,,,,,,,,,,,1.0,4.0,8.0,3,1,1,1,5,2,,1,1,1,1,1,3,2.0,4,2,1,,1,1,1,8,2,1.0,1,2,0.3637753475695465,
202201047245,2023-10-28T15:08:13Z,2023-10-28T15:12:51Z,2,1,1,2,1,2,2,4.0,1.0,1.0,2.0,,,,,,,,,1.0,,,,,,,,,99.0,2.0,1.0,2.0,1.0,1.0,1.0,2.0,,3.0,1.0,5.0,4.0,5.0,5.0,5.0,,99.0,5.0,1.0,3.0,1.0,1.0,6.0,1.0,1.0,5.0,,,1.0,,2.0,,,,,,2.0,1.0,1.0,2.0,3.0,3.0,2.0,4.0,,,,,,,,,0,,0,,0,,,,,,,,,,,,,,,,,,,,,,,,,,,,,,,,,,,,,,,,,,,,,,,,,,,,,,,,,,,,,,,,,,,,,,,,,,,,,1.0,1.0,2.0,1,2,2,3,1,1,3.0,1,5,3,1,2,12,,3,6,3,2.0,2,3,3,4,3,1.0,2,2,0.2821048567491015,
202201047306,2023-10-28T19:44:32Z,2023-10-28T19:48:46Z,2,1,1,2,1,1,1,3.0,2.0,2.0,2.0,1.0,,,,,,,,1.0,1.0,,,,,,,,1.0,2.0,1.0,3.0,3.0,2.0,2.0,3.0,,5.0,2.0,5.0,5.0,5.0,5.0,4.0,,5.0,5.0,2.0,3.0,1.0,1.0,2.0,1.0,,,,,1.0,,2.0,,,,,,2.0,2.0,1.0,1.0,1.0,3.0,3.0,4.0,,,,,,,,,0,,0,,0,,,,,,,,,,,,,,,,,,,,,,,,,,,,,,,,,,,,,,,,,,,,,,,,,,,,,,,,,,,,,,,,,,,,,,,,,,,,,1.0,2.0,3.0,2,2,2,3,1,1,1.0,99,2,3,99,2,1,1.0,1,3,1,,1,1,1,1,1,1.0,1,1,0.2463718660707028,
202201047348,2023-10-29T17:34:57Z,2023-10-29T17:56:48Z,2,1,1,6,2,2,2,4.0,2.0,2.0,2.0,1.0,,,,,,,,1.0,1.0,,,,,,,,1.0,1.0,1.0,2.0,1.0,2.0,3.0,3.0,2.0,,,3.0,4.0,4.0,4.0,4.0,3.0,,,2.0,3.0,3.0,1.0,5.0,1.0,1.0,4.0,1.0,4.0,2.0,1.0,1.0,2.0,1.0,2.0,2.0,2.0,1.0,2.0,2.0,3.0,2.0,3.0,2.0,4.0,,,,,,,,,0,,0,,0,,,,,,,,,,,,,,,,,,,,,,,,,,,,,,,,,,,,,,,,,,,,,,,,,,,,,,,,,,,,,,,,,,,,,,,,,,,,,1.0,3.0,6.0,1,2,1,1,6,2,,1,2,2,1,6,1,1.0,1,4,3,2.0,2,4,1,4,4,2.0,1,2,0.086363618400744,
202201047665,2023-10-27T19:30:17Z,2023-10-27T19:55:55Z,2,1,1,6,2,2,2,3.0,2.0,2.0,2.0,1.0,,,,,,,,1.0,1.0,,,,,,,,1.0,2.0,1.0,3.0,3.0,3.0,3.0,3.0,3.0,,,2.0,3.0,3.0,3.0,3.0,2.0,,,4.0,1.0,,,,3.0,3.0,2.0,3.0,2.0,4.0,2.0,1.0,2.0,2.0,2.0,1.0,1.0,1.0,3.0,3.0,4.0,3.0,3.0,3.0,1.0,2.0,2.0,3.0,3.0,,2.0,1.0,,0,,0,,0,,,,,,,,,,,,,,,,,,,,,,,,,,,,,,,,,,,,,,,,,,,,,,,,,,,,,,,,,,,,,,,,,,,,,,,,,,,,,1.0,3.0,5.0,2,1,2,1,5,2,,1,2,2,1,6,6,,4,4,3,2.0,2,4,2,9,4,1.0,1,2,0.4845246377591277,
202201047958,2023-10-29T17:18:15Z,2023-10-29T17:20:05Z,2,1,1,2,1,1,2,2.0,2.0,2.0,2.0,3.0,,,,,,,,1.0,2.0,,,,,,,,1.0,2.0,2.0,2.0,1.0,5.0,3.0,1.0,,3.0,3.0,3.0,5.0,4.0,2.0,2.0,,2.0,4.0,2.0,2.0,4.0,4.0,5.0,1.0,3.0,3.0,,,3.0,2.0,2.0,,,,,,2.0,2.0,2.0,3.0,4.0,3.0,3.0,3.0,2.0,3.0,3.0,5.0,2.0,2.0,1.0,,0,,0,,0,,,,,,,,,,,,,,,,,,,,,,,,,,,,,,,,,,,,,,,,,,,,,,,,,,,,,,,,,,,,,,,,,,,,,,,,,,,,,1.0,1.0,2.0,2,1,2,3,1,1,5.0,2,5,3,3,2,2,1.0,2,2,1,,1,1,1,6,1,4.0,1,2,2.987071302224099,
202201048032,2023-10-27T18:33:46Z,2023-10-27T18:37:59Z,2,1,1,1,1,2,1,4.0,2.0,2.0,2.0,1.0,,,,,,,,1.0,1.0,,,,,,,,1.0,1.0,1.0,2.0,2.0,3.0,4.0,3.0,,3.0,3.0,3.0,5.0,3.0,5.0,3.0,,5.0,5.0,3.0,3.0,1.0,1.0,1.0,1.0,,,,,1.0,,2.0,,,,,,2.0,2.0,1.0,1.0,2.0,3.0,3.0,4.0,,,,,,,,,0,,0,,0,,,,,,,,,,,,,,,,,,,,,,,,,,,,,,,,,,,,,,,,,,,,,,,,,,,,,,,,,,,,,,,,,,,,,,,,,,,,,1.0,2.0,3.0,2,2,1,1,5,2,,1,1,1,1,1,1,1.0,1,3,3,2.0,2,4,1,9,4,2.0,2,3,0.3752047341973155,
202201048081,2023-10-27T20:33:13Z,2023-10-29T17:25:53Z,2,1,1,6,2,2,2,4.0,2.0,2.0,2.0,1.0,,,,,,,,1.0,1.0,,,,,,,,1.0,1.0,3.0,3.0,1.0,3.0,3.0,2.0,2.0,,,4.0,5.0,5.0,3.0,4.0,4.0,,,1.0,2.0,3.0,5.0,3.0,1.0,3.0,4.0,3.0,3.0,4.0,5.0,1.0,2.0,2.0,1.0,1.0,2.0,1.0,3.0,1.0,3.0,3.0,3.0,3.0,4.0,,,,,,,,,0,,0,,0,,,,,,,,,,,,,,,,,,,,,,,,,,,,,,,,,,,,,,,,,,,,,,,,,,,,,,,,,,,,,,,,,,,,,,,,,,,,,1.0,3.0,6.0,1,2,2,1,5,2,,1,2,2,1,6,12,,3,5,3,1.0,1,2,1,3,3,2.0,2,2,0.1820292282001033,
202201048309,2023-10-27T17:23:29Z,2023-10-27T17:27:51Z,2,1,1,2,1,2,2,3.0,2.0,2.0,2.0,1.0,,,,,,,,1.0,1.0,,,,,,,,1.0,2.0,1.0,2.0,3.0,2.0,1.0,4.0,,4.0,1.0,5.0,3.0,2.0,4.0,5.0,,5.0,4.0,1.0,3.0,3.0,1.0,4.0,3.0,1.0,1.0,,,4.0,4.0,1.0,2.0,1.0,2.0,1.0,1.0,2.0,1.0,1.0,3.0,2.0,3.0,3.0,4.0,,,,,,,,,0,,0,,0,,,,,,,,,,,,,,,,,,,,,,,,,,,,,,,,,,,,,,,,,,,,,,,,,,,,,,,,,,,,,,,,,,,,,,,,,,,,,1.0,2.0,4.0,2,1,2,1,5,2,,1,1,1,1,2,1,1.0,1,2,3,1.0,1,2,3,1,3,1.0,1,1,0.2325027697462951,
202201048582,2023-10-27T21:49:44Z,2023-10-27T21:52:38Z,2,1,1,6,2,2,2,4.0,2.0,2.0,2.0,1.0,,,,,,,,1.0,1.0,,,,,,,,1.0,1.0,2.0,3.0,3.0,3.0,3.0,3.0,4.0,,,5.0,5.0,5.0,4.0,3.0,5.0,,,3.0,3.0,3.0,3.0,5.0,1.0,1.0,5.0,1.0,5.0,1.0,,2.0,,,,,,2.0,3.0,3.0,3.0,3.0,3.0,3.0,4.0,,,,,,,,,0,,0,,0,,,,,,,,,,,,,,,,,,,,,,,,,,,,,,,,,,,,,,,,,,,,,,,,,,,,,,,,,,,,,,,,,,,,,,,,,,,,,1.0,3.0,5.0,1,2,1,2,4,2,,1,2,2,1,6,12,,3,5,3,2.0,2,3,1,3,3,1.0,2,2,0.1805150574993287,
202201048747,2023-10-27T17:08:53Z,2023-10-27T17:13:01Z,1,1,1,6,2,2,2,3.0,2.0,2.0,2.0,1.0,,,,,,,,1.0,1.0,,,,,,,,1.0,1.0,2.0,1.0,3.0,3.0,2.0,3.0,2.0,,,4.0,3.0,3.0,4.0,4.0,4.0,,,3.0,1.0,,,,3.0,1.0,4.0,3.0,3.0,5.0,3.0,1.0,1.0,1.0,1.0,1.0,1.0,2.0,2.0,2.0,5.0,3.0,3.0,2.0,1.0,2.0,1.0,2.0,3.0,,2.0,2.0,,0,,0,,0,,,,,,,,,,,,,,,,,,,,,,,,,,,,,,,,,,,,,,,,,,,,,,,,,,,,,,,,,,,,,,,,,,,,,,,,,,,,,1.0,1.0,2.0,2,1,2,2,3,2,,1,1,1,1,6,9,,3,6,2,,2,4,1,9,4,1.0,2,2,1.1221008496582547,
202201048914,2023-10-29T20:46:03Z,2023-10-29T20:51:29Z,2,1,1,6,2,2,2,3.0,2.0,2.0,2.0,1.0,,,,,,,,1.0,1.0,,,,,,,,1.0,2.0,1.0,3.0,2.0,4.0,5.0,5.0,4.0,,,3.0,5.0,5.0,3.0,5.0,5.0,,,2.0,2.0,1.0,1.0,4.0,3.0,1.0,5.0,3.0,5.0,4.0,3.0,1.0,1.0,2.0,2.0,2.0,1.0,1.0,1.0,2.0,2.0,2.0,2.0,3.0,1.0,2.0,2.0,2.0,2.0,,2.0,1.0,,0,,0,,0,,,,,,,,,,,,,,,,,,,,,,,,,,,,,,,,,,,,,,,,,,,,,,,,,,,,,,,,,,,,,,,,,,,,,,,,,,,,,2.0,3.0,6.0,1,1,1,2,3,2,,1,2,2,1,6,12,,3,5,2,,2,3,1,4,3,1.0,2,2,1.4335381509568144,
202201048982,2023-10-27T20:25:43Z,2023-10-27T20:34:37Z,1,1,1,6,2,2,2,3.0,2.0,2.0,2.0,1.0,,,,,,,,1.0,1.0,,,,,,,,1.0,1.0,1.0,2.0,3.0,3.0,3.0,3.0,3.0,,,4.0,4.0,3.0,3.0,4.0,4.0,,,2.0,3.0,3.0,2.0,2.0,1.0,1.0,4.0,1.0,4.0,2.0,2.0,1.0,2.0,2.0,2.0,2.0,1.0,1.0,1.0,2.0,2.0,2.0,3.0,3.0,4.0,,,,,,,,,0,,0,,0,,,,,,,,,,,,,,,,,,,,,,,,,,,,,,,,,,,,,,,,,,,,,,,,,,,,,,,,,,,,,,,,,,,,,,,,,,,,,1.0,1.0,2.0,1,1,1,1,5,2,,1,2,2,1,6,10,,3,5,2,,2,4,1,5,5,1.0,1,2,0.2793786650908015,
202201049235,2023-10-30T22:18:34Z,2023-10-30T22:21:05Z,2,1,1,1,2,2,1,4.0,1.0,1.0,2.0,,,,,,,,,1.0,,,,,,,,,99.0,2.0,3.0,5.0,5.0,5.0,4.0,5.0,,5.0,,3.0,2.0,1.0,3.0,5.0,,5.0,,5.0,3.0,3.0,2.0,5.0,1.0,,,1.0,4.0,1.0,,2.0,,,,,,1.0,3.0,3.0,1.0,4.0,2.0,2.0,4.0,,,,,,,,,0,,0,,0,,,,,,,,,,,,,,,,,,,,,,,,,,,,,,,,,,,,,,,,,,,,,,,,,,,,,,,,,,,,,,,,,,,,,,,,,,,,,1.0,1.0,2.0,1,2,2,1,6,2,,4,3,5,4,1,12,,3,5,2,,2,4,1,9,4,1.0,1,3,0.1495667327563932,
202201049424,2023-10-27T20:51:01Z,2023-10-27T20:54:09Z,3,1,1,1,1,2,1,4.0,2.0,2.0,2.0,1.0,,,,,,,,1.0,1.0,,,,,,,,1.0,1.0,3.0,5.0,5.0,5.0,5.0,5.0,,5.0,5.0,3.0,4.0,3.0,3.0,3.0,,3.0,3.0,5.0,3.0,3.0,3.0,5.0,4.0,,,,,2.0,3.0,2.0,,,,,,2.0,4.0,4.0,5.0,3.0,2.0,2.0,4.0,,,,,,,,,0,,0,,0,,,,,,,,,,,,,,,,,,,,,,,,,,,,,,,,,,,,,,,,,,,,,,,,,,,,,,,,,,,,,,,,,,,,,,,,,,,,,1.0,3.0,5.0,1,1,1,3,2,1,2.0,99,1,3,2,1,1,1.0,1,4,3,1.0,1,1,1,4,2,1.0,2,1,2.6184821784788728,
202201049642,2023-10-27T17:37:03Z,2023-10-27T17:39:53Z,2,1,1,2,2,2,2,3.0,2.0,2.0,2.0,1.0,,,,,,,,1.0,1.0,,,,,,,,1.0,1.0,1.0,2.0,2.0,3.0,3.0,2.0,,3.0,,3.0,5.0,3.0,3.0,5.0,,4.0,,3.0,3.0,2.0,2.0,5.0,1.0,1.0,5.0,2.0,5.0,2.0,1.0,1.0,2.0,2.0,2.0,2.0,1.0,2.0,2.0,1.0,4.0,2.0,3.0,3.0,4.0,,,,,,,,,0,,0,,0,,,,,,,,,,,,,,,,,,,,,,,,,,,,,,,,,,,,,,,,,,,,,,,,,,,,,,,,,,,,,,,,,,,,,,,,,,,,,1.0,2.0,3.0,2,1,2,1,5,1,6.0,1,1,3,1,2,12,,3,6,2,,2,4,3,9,4,1.0,2,2,0.5226248556982233,
202201049875,2023-10-29T11:28:30Z,2023-10-29T11:34:08Z,2,1,1,1,1,2,1,4.0,2.0,2.0,2.0,1.0,,,,,,,,1.0,1.0,,,,,,,,1.0,1.0,1.0,3.0,3.0,3.0,3.0,3.0,,2.0,3.0,5.0,5.0,5.0,4.0,5.0,,4.0,4.0,1.0,1.0,,,,2.0,,,,,2.0,1.0,1.0,2.0,1.0,1.0,1.0,2.0,1.0,1.0,1.0,1.0,1.0,3.0,3.0,2.0,1.0,2.0,2.0,1.0,1.0,1.0,1.0,,0,,0,,0,,,,,,,,,,,,,,,,,,,,,,,,,,,,,,,,,,,,,,,,,,,,,,,,,,,,,,,,,,,,,,,,,,,,,,,,,,,,,1.0,3.0,5.0,2,2,2,2,3,2,,3,2,2,4,1,1,2.0,1,4,2,,2,3,3,2,3,1.0,1,1,0.5559100938086132,
202201050218,2023-10-31T12:35:44Z,2023-10-31T12:39:25Z,2,1,1,6,2,2,2,4.0,2.0,2.0,2.0,1.0,,,,,,,,1.0,1.0,,,,,,,,1.0,2.0,4.0,4.0,4.0,5.0,5.0,5.0,4.0,,,5.0,5.0,5.0,5.0,5.0,5.0,,,5.0,3.0,4.0,3.0,3.0,1.0,1.0,4.0,1.0,5.0,2.0,1.0,2.0,,,,,,2.0,2.0,3.0,4.0,3.0,2.0,2.0,4.0,,,,,,,,,0,,0,,0,,,,,,,,,,,,,,,,,,,,,,,,,,,,,,,,,,,,,,,,,,,,,,,,,,,,,,,,,,,,,,,,,,,,,,,,,,,,,2.0,2.0,3.0,1,1,1,2,3,1,1.0,1,5,3,1,6,1,2.0,1,4,3,1.0,1,2,2,6,3,1.0,2,2,1.4291358216419712,
202201050480,2023-11-01T13:14:47Z,2023-11-01T13:24:25Z,2,1,1,6,1,2,2,4.0,2.0,2.0,2.0,1.0,,,,,,,,1.0,1.0,,,,,,,,1.0,2.0,1.0,2.0,2.0,2.0,3.0,2.0,2.0,,1.0,2.0,2.0,2.0,2.0,2.0,2.0,,2.0,2.0,2.0,2.0,2.0,2.0,3.0,1.0,2.0,,,2.0,2.0,1.0,2.0,2.0,1.0,1.0,2.0,2.0,1.0,1.0,3.0,1.0,3.0,3.0,1.0,3.0,4.0,3.0,3.0,,2.0,1.0,,0,,0,,0,,,,,,,,,,,,,,,,,,,,,,,,,,,,,,,,,,,,,,,,,,,,,,,,,,,,,,,,,,,,,,,,,,,,,,,,,,,,,1.0,2.0,3.0,1,2,2,3,1,2,,99,2,2,99,6,12,,3,4,4,99.0,9,9,1,1,99,1.0,2,1,0.300785049074042,
202201051057,2023-10-27T17:58:33Z,2023-10-27T18:03:18Z,2,1,1,99,2,2,99,4.0,2.0,2.0,2.0,1.0,,,,,,,,1.0,1.0,,,,,,,,1.0,1.0,3.0,3.0,3.0,5.0,3.0,2.0,,,,3.0,5.0,5.0,3.0,3.0,,,,5.0,3.0,2.0,1.0,3.0,4.0,,,1.0,5.0,1.0,,2.0,,,,,,2.0,3.0,1.0,5.0,5.0,2.0,2.0,4.0,,,,,,,,,0,,0,,0,,,,,,,,,,,,,,,,,,,,,,,,,,,,,,,,,,,,,,,,,,,,,,,,,,,,,,,,,,,,,,,,,,,,,,,,,,,,,1.0,2.0,3.0,3,1,99,3,2,99,,99,99,99,99,99,12,,3,6,99,99.0,9,9,3,99,99,2.0,2,99,4.686489659959571,
202201051229,2023-10-27T17:29:43Z,2023-10-27T17:38:16Z,2,1,1,6,2,2,2,4.0,1.0,1.0,2.0,,,,,,,,,1.0,,,,,,,,,99.0,2.0,4.0,3.0,3.0,5.0,5.0,5.0,5.0,,,5.0,5.0,5.0,5.0,5.0,5.0,,,5.0,1.0,,,,3.0,2.0,5.0,3.0,5.0,3.0,1.0,1.0,2.0,1.0,1.0,2.0,2.0,1.0,4.0,5.0,5.0,5.0,3.0,1.0,1.0,3.0,3.0,3.0,3.0,,2.0,1.0,,0,,0,,0,,,,,,,,,,,,,,,,,,,,,,,,,,,,,,,,,,,,,,,,,,,,,,,,,,,,,,,,,,,,,,,,,,,,,,,,,,,,,1.0,1.0,2.0,1,1,1,3,1,2,,3,2,2,4,6,10,,3,6,3,2.0,2,3,3,1,3,1.0,1,1,1.8478600573774449,
202201051940,2023-10-27T18:19:31Z,2023-10-27T18:25:37Z,1,1,1,1,1,2,1,3.0,1.0,1.0,2.0,,,,,,,,,1.0,,,,,,,,,99.0,2.0,1.0,1.0,1.0,2.0,1.0,3.0,,3.0,1.0,3.0,3.0,2.0,3.0,3.0,,3.0,3.0,1.0,3.0,2.0,2.0,5.0,1.0,,,,,2.0,1.0,2.0,,,,,,1.0,1.0,1.0,1.0,2.0,3.0,3.0,4.0,,,,,,,,,0,,0,,0,,,,,,,,,,,,,,,,,,,,,,,,,,,,,,,,,,,,,,,,,,,,,,,,,,,,,,,,,,,,,,,,,,,,,,,,,,,,,1.0,2.0,3.0,1,2,1,1,6,2,,2,2,2,4,1,2,2.0,2,2,4,2.0,2,3,3,4,3,1.0,1,2,0.2377294350313165,
202201051964,2023-10-27T18:07:47Z,2023-10-27T18:12:48Z,2,1,1,1,2,2,1,4.0,2.0,2.0,2.0,1.0,,,,,,,,1.0,1.0,,,,,,,,1.0,2.0,1.0,2.0,1.0,4.0,1.0,1.0,,3.0,,4.0,5.0,5.0,5.0,4.0,,3.0,,2.0,3.0,2.0,2.0,2.0,1.0,,,3.0,3.0,3.0,3.0,1.0,2.0,2.0,1.0,1.0,2.0,2.0,1.0,2.0,3.0,1.0,3.0,3.0,4.0,,,,,,,,,0,,0,,0,,,,,,,,,,,,,,,,,,,,,,,,,,,,,,,,,,,,,,,,,,,,,,,,,,,,,,,,,,,,,,,,,,,,,,,,,,,,,1.0,4.0,9.0,2,2,2,1,6,2,,3,3,5,4,1,12,,3,6,2,,2,4,3,9,4,1.0,1,3,0.142412906878713,
202201051965,2023-11-02T07:14:13Z,2023-11-02T07:17:26Z,2,1,1,2,2,2,2,3.0,2.0,2.0,2.0,1.0,,,,,,,,1.0,1.0,,,,,,,,1.0,1.0,3.0,1.0,1.0,1.0,2.0,2.0,,3.0,,4.0,2.0,2.0,4.0,4.0,,4.0,,1.0,3.0,4.0,2.0,3.0,1.0,1.0,3.0,2.0,2.0,2.0,2.0,1.0,2.0,1.0,2.0,1.0,1.0,2.0,2.0,2.0,3.0,3.0,3.0,3.0,4.0,,,,,,,,,0,,0,,0,,,,,,,,,,,,,,,,,,,,,,,,,,,,,,,,,,,,,,,,,,,,,,,,,,,,,,,,,,,,,,,,,,,,,,,,,,,,,1.0,2.0,3.0,2,1,2,2,3,1,1.0,1,1,3,1,2,10,,3,5,2,,2,4,2,1,4,1.0,2,1,0.5610959283643947,
202201051982,2023-10-29T15:40:59Z,2023-10-29T15:45:14Z,2,1,1,2,2,2,2,4.0,2.0,2.0,1.0,2.0,,,,,,,,1.0,1.0,,,,,,,,1.0,2.0,3.0,5.0,5.0,5.0,5.0,5.0,,5.0,,5.0,5.0,5.0,5.0,5.0,,5.0,,5.0,3.0,5.0,3.0,4.0,1.0,3.0,5.0,2.0,5.0,1.0,,2.0,,,,,,2.0,5.0,5.0,1.0,5.0,2.0,2.0,4.0,,,,,,,,,0,,0,,0,,,,,,,,,,,,,,,,,,,,,,,,,,,,,,,,,,,,,,,,,,,,,,,,,,,,,,,,,,,,,,,,,,,,,,,,,,,,,1.0,2.0,3.0,2,1,2,2,4,2,,1,1,1,1,2,10,,3,6,3,2.0,2,3,3,2,3,1.0,2,1,1.3083643549311648,
202201052032,2023-11-04T11:12:11Z,2023-11-04T11:20:26Z,2,1,1,1,1,2,1,2.0,2.0,2.0,1.0,2.0,,,,,,,,1.0,1.0,,,,,,,,1.0,2.0,2.0,4.0,2.0,3.0,5.0,2.0,,4.0,2.0,5.0,5.0,5.0,5.0,5.0,,5.0,5.0,3.0,3.0,1.0,1.0,5.0,2.0,,,,,1.0,,2.0,,,,,,2.0,1.0,1.0,2.0,1.0,3.0,2.0,4.0,,,,,,,,,0,,0,,0,,,,,,,,,,,,,,,,,,,,,,,,,,,,,,,,,,,,,,,,,,,,,,,,,,,,,,,,,,,,,,,,,,,,,,,,,,,,,1.0,3.0,7.0,3,2,2,2,4,2,,1,1,1,1,1,3,2.0,4,4,1,,1,1,1,7,2,1.0,1,2,0.1925406737756243,
202201052046,2023-11-03T22:42:46Z,2023-11-03T22:47:14Z,2,1,1,1,1,2,1,4.0,2.0,2.0,1.0,2.0,,,,,,,,1.0,1.0,,,,,,,,1.0,2.0,1.0,4.0,2.0,5.0,5.0,5.0,,5.0,4.0,4.0,5.0,1.0,3.0,2.0,,5.0,4.0,2.0,3.0,1.0,2.0,2.0,1.0,,,,,1.0,,2.0,,,,,,2.0,4.0,1.0,5.0,2.0,3.0,3.0,4.0,,,,,,,,,0,,0,,0,,,,,,,,,,,,,,,,,,,,,,,,,,,,,,,,,,,,,,,,,,,,,,,,,,,,,,,,,,,,,,,,,,,,,,,,,,,,,1.0,1.0,1.0,2,2,1,2,3,2,,1,1,1,1,1,10,,3,6,1,,1,2,1,9,3,1.0,2,3,0.5914985880984449,
202201052080,2023-10-27T16:57:35Z,2023-10-29T00:59:41Z,2,1,1,1,1,2,1,4.0,2.0,2.0,1.0,2.0,,,,,,,,1.0,1.0,,,,,,,,1.0,1.0,3.0,3.0,3.0,4.0,3.0,3.0,,2.0,3.0,3.0,3.0,1.0,3.0,1.0,,3.0,3.0,2.0,2.0,3.0,3.0,4.0,1.0,,,,,4.0,4.0,1.0,2.0,2.0,1.0,1.0,1.0,2.0,2.0,2.0,2.0,3.0,2.0,2.0,2.0,3.0,3.0,3.0,2.0,3.0,1.0,2.0,,0,,0,,0,,,,,,,,,,,,,,,,,,,,,,,,,,,,,,,,,,,,,,,,,,,,,,,,,,,,,,,,,,,,,,,,,,,,,,,,,,,,,1.0,3.0,5.0,1,1,2,2,3,1,1.0,1,2,3,1,1,12,,3,3,2,,2,3,1,3,3,3.0,1,1,0.1236912992060653,
202201052227,2023-11-01T12:52:28Z,2023-11-01T12:55:59Z,2,1,1,6,2,2,2,2.0,5.0,5.0,1.0,2.0,,,,,,,,1.0,1.0,,,,,,,,1.0,1.0,2.0,2.0,4.0,4.0,4.0,4.0,4.0,,,3.0,5.0,4.0,3.0,4.0,3.0,,,2.0,3.0,1.0,1.0,5.0,2.0,3.0,4.0,1.0,4.0,4.0,4.0,1.0,1.0,2.0,2.0,2.0,1.0,1.0,2.0,1.0,3.0,1.0,2.0,3.0,4.0,,,,,,,,,0,,0,,0,,,,,,,,,,,,,,,,,,,,,,,,,,,,,,,,,,,,,,,,,,,,,,,,,,,,,,,,,,,,,,,,,,,,,,,,,,,,,1.0,2.0,3.0,2,1,2,2,4,1,1.0,1,1,3,1,6,2,2.0,2,2,2,,2,3,3,3,2,1.0,1,1,0.3861810870321846,
202201052268,2023-10-28T10:33:38Z,2023-10-28T10:36:52Z,1,1,1,1,1,2,1,4.0,2.0,2.0,1.0,2.0,,,,,,,,1.0,1.0,,,,,,,,1.0,2.0,3.0,3.0,3.0,3.0,3.0,3.0,,3.0,3.0,3.0,2.0,2.0,4.0,4.0,,4.0,4.0,3.0,3.0,3.0,3.0,3.0,1.0,,,,,2.0,2.0,1.0,2.0,2.0,2.0,2.0,1.0,2.0,3.0,2.0,3.0,3.0,3.0,3.0,4.0,,,,,,,,,0,,0,,0,,,,,,,,,,,,,,,,,,,,,,,,,,,,,,,,,,,,,,,,,,,,,,,,,,,,,,,,,,,,,,,,,,,,,,,,,,,,,2.0,1.0,1.0,3,2,1,2,4,2,,1,1,1,1,1,12,,3,6,2,,2,4,1,3,4,1.0,2,1,0.65377017219896,
202201052326,2023-10-27T16:58:37Z,2023-10-27T17:03:56Z,2,1,1,6,2,2,2,4.0,2.0,2.0,1.0,2.0,,,,,,,,1.0,1.0,,,,,,,,1.0,1.0,1.0,3.0,3.0,2.0,3.0,2.0,3.0,,,5.0,4.0,4.0,5.0,5.0,4.0,,,1.0,3.0,4.0,2.0,3.0,1.0,1.0,4.0,3.0,3.0,2.0,1.0,1.0,1.0,2.0,2.0,2.0,1.0,2.0,2.0,2.0,4.0,2.0,3.0,3.0,4.0,,,,,,,,,0,,0,,0,,,,,,,,,,,,,,,,,,,,,,,,,,,,,,,,,,,,,,,,,,,,,,,,,,,,,,,,,,,,,,,,,,,,,,,,,,,,,1.0,2.0,3.0,1,1,1,1,5,2,,1,1,1,1,6,10,,3,5,2,,2,4,1,6,5,1.0,2,2,0.7311506957311431,
202201052438,2023-10-27T19:24:45Z,2023-10-27T19:28:49Z,2,1,1,1,2,2,1,4.0,2.0,2.0,2.0,1.0,,,,,,,,1.0,1.0,,,,,,,,1.0,2.0,1.0,3.0,1.0,2.0,1.0,1.0,,2.0,,5.0,3.0,4.0,5.0,5.0,,5.0,,1.0,3.0,1.0,1.0,5.0,1.0,,,3.0,4.0,1.0,,2.0,,,,,,2.0,1.0,1.0,2.0,2.0,3.0,3.0,4.0,,,,,,,,,0,,0,,0,,,,,,,,,,,,,,,,,,,,,,,,,,,,,,,,,,,,,,,,,,,,,,,,,,,,,,,,,,,,,,,,,,,,,,,,,,,,,1.0,3.0,6.0,2,1,2,1,5,2,,1,1,1,1,1,12,,3,6,3,1.0,1,1,3,5,2,1.0,2,2,0.2556140293310382,
202201052570,2023-10-27T22:52:34Z,2023-10-27T22:58:11Z,2,1,1,1,1,2,1,4.0,2.0,2.0,1.0,2.0,,,,,,,,1.0,1.0,,,,,,,,1.0,2.0,2.0,2.0,3.0,3.0,2.0,5.0,,2.0,1.0,3.0,5.0,3.0,2.0,3.0,,3.0,3.0,2.0,3.0,4.0,3.0,5.0,1.0,,,,,1.0,,2.0,,,,,,2.0,1.0,1.0,2.0,4.0,3.0,3.0,4.0,,,,,,,,,0,,0,,0,,,,,,,,,,,,,,,,,,,,,,,,,,,,,,,,,,,,,,,,,,,,,,,,,,,,,,,,,,,,,,,,,,,,,,,,,,,,,1.0,4.0,9.0,2,2,1,2,3,2,,1,1,1,1,1,12,,3,6,4,2.0,2,4,1,3,5,1.0,2,1,0.5952360180724138,
202201052679,2023-10-27T17:51:34Z,2023-10-27T17:55:23Z,2,1,1,6,2,2,2,4.0,2.0,2.0,2.0,1.0,,,,,,,,1.0,1.0,,,,,,,,1.0,1.0,1.0,2.0,2.0,3.0,3.0,3.0,4.0,,,4.0,3.0,3.0,4.0,5.0,6.0,,,2.0,1.0,,,,1.0,1.0,4.0,3.0,3.0,4.0,2.0,1.0,1.0,1.0,1.0,1.0,1.0,2.0,2.0,2.0,5.0,2.0,1.0,3.0,1.0,3.0,1.0,5.0,4.0,,2.0,2.0,,0,,0,,0,,,,,,,,,,,,,,,,,,,,,,,,,,,,,,,,,,,,,,,,,,,,,,,,,,,,,,,,,,,,,,,,,,,,,,,,,,,,,1.0,3.0,5.0,2,1,2,1,5,2,,1,1,1,1,6,10,,3,4,2,,2,4,1,7,4,1.0,1,2,0.2756798883705289,
202201052745,2023-10-28T10:26:03Z,2023-10-28T10:29:17Z,2,1,1,1,2,2,1,4.0,2.0,2.0,2.0,1.0,,,,,,,,1.0,1.0,,,,,,,,1.0,1.0,1.0,3.0,3.0,3.0,3.0,2.0,,3.0,,4.0,4.0,4.0,5.0,3.0,,5.0,,1.0,3.0,2.0,1.0,5.0,3.0,,,1.0,3.0,1.0,,2.0,,,,,,1.0,1.0,2.0,5.0,2.0,2.0,2.0,4.0,,,,,,,,,0,,0,,0,,,,,,,,,,,,,,,,,,,,,,,,,,,,,,,,,,,,,,,,,,,,,,,,,,,,,,,,,,,,,,,,,,,,,,,,,,,,,1.0,2.0,4.0,2,1,2,1,5,2,,1,1,1,1,1,1,1.0,1,1,1,,1,1,1,7,2,1.0,2,2,0.4248246380680317,
202201052804,2023-10-28T23:37:20Z,2023-10-28T23:44:24Z,1,1,1,3,1,2,1,4.0,2.0,2.0,2.0,1.0,,,,,,,,1.0,1.0,,,,,,,,1.0,2.0,1.0,2.0,2.0,2.0,4.0,3.0,2.0,,2.0,2.0,3.0,4.0,2.0,3.0,3.0,,2.0,2.0,1.0,,,,1.0,,,,,5.0,5.0,1.0,2.0,2.0,2.0,1.0,1.0,2.0,1.0,1.0,2.0,1.0,3.0,3.0,1.0,1.0,1.0,4.0,4.0,,2.0,2.0,,0,,0,,0,,,,,,,,,,,,,,,,,,,,,,,,,,,,,,,,,,,,,,,,,,,,,,,,,,,,,,,,,,,,,,,,,,,,,,,,,,,,,1.0,1.0,2.0,1,2,1,3,2,2,,1,2,2,1,3,6,,4,4,3,2.0,2,4,1,2,5,1.0,1,1,0.2893170384919152,
202201052867,2023-10-29T16:49:54Z,2023-10-29T17:12:59Z,1,1,1,6,2,2,2,3.0,2.0,2.0,2.0,1.0,,,,,,,,1.0,1.0,,,,,,,,1.0,1.0,3.0,3.0,2.0,3.0,3.0,4.0,2.0,,,2.0,3.0,4.0,4.0,3.0,2.0,,,2.0,3.0,2.0,1.0,3.0,1.0,1.0,2.0,3.0,2.0,2.0,1.0,2.0,,,,,,2.0,4.0,3.0,3.0,3.0,3.0,2.0,4.0,,,,,,,,,0,,0,,0,,,,,,,,,,,,,,,,,,,,,,,,,,,,,,,,,,,,,,,,,,,,,,,,,,,,,,,,,,,,,,,,,,,,,,,,,,,,,1.0,3.0,7.0,2,2,2,1,6,1,1.0,1,2,3,1,6,1,1.0,1,4,2,,2,4,1,4,5,1.0,2,2,0.0611577365349077,
202201053298,2023-10-27T18:05:17Z,2023-10-27T18:25:04Z,2,1,1,1,1,2,1,4.0,2.0,2.0,2.0,1.0,,,,,,,,1.0,1.0,,,,,,,,1.0,2.0,2.0,4.0,3.0,5.0,4.0,2.0,,3.0,2.0,5.0,4.0,4.0,3.0,3.0,,4.0,3.0,2.0,3.0,2.0,1.0,2.0,2.0,,,,,1.0,,2.0,,,,,,2.0,1.0,1.0,4.0,2.0,3.0,3.0,4.0,,,,,,,,,0,,0,,0,,,,,,,,,,,,,,,,,,,,,,,,,,,,,,,,,,,,,,,,,,,,,,,,,,,,,,,,,,,,,,,,,,,,,,,,,,,,,1.0,4.0,8.0,1,1,2,2,4,1,1.0,1,1,3,1,1,2,2.0,2,5,2,,2,4,1,4,4,1.0,2,1,1.1759040837622154,
202201053326,2023-10-27T17:29:10Z,2023-10-27T17:36:06Z,2,1,1,6,2,2,2,4.0,2.0,2.0,1.0,2.0,,,,,,,,2.0,1.0,,,,,,,,1.0,2.0,1.0,1.0,1.0,1.0,1.0,1.0,4.0,,,1.0,5.0,5.0,1.0,1.0,5.0,,,1.0,2.0,1.0,1.0,1.0,3.0,1.0,5.0,2.0,3.0,4.0,3.0,1.0,2.0,2.0,1.0,1.0,1.0,1.0,1.0,1.0,1.0,1.0,3.0,1.0,1.0,1.0,3.0,1.0,1.0,,1.0,1.0,,0,,0,,0,,,,,,,,,,,,,,,,,,,,,,,,,,,,,,,,,,,,,,,,,,,,,,,,,,,,,,,,,,,,,,,,,,,,,,,,,,,,,1.0,3.0,5.0,1,1,1,3,2,2,,1,2,2,1,6,11,,4,6,2,,2,4,1,2,5,1.0,1,1,0.9001365624929912,
202201053422,2023-10-28T07:58:01Z,2023-10-28T08:06:34Z,1,1,1,1,1,2,1,4.0,2.0,2.0,2.0,1.0,,,,,,,,1.0,1.0,,,,,,,,1.0,1.0,1.0,3.0,5.0,5.0,5.0,5.0,,5.0,5.0,5.0,5.0,5.0,5.0,5.0,,5.0,5.0,5.0,3.0,5.0,5.0,5.0,1.0,,,,,1.0,,2.0,,,,,,1.0,2.0,2.0,5.0,2.0,2.0,2.0,4.0,,,,,,,,,0,,0,,0,,,,,,,,,,,,,,,,,,,,,,,,,,,,,,,,,,,,,,,,,,,,,,,,,,,,,,,,,,,,,,,,,,,,,,,,,,,,,1.0,3.0,5.0,2,2,1,1,5,2,,3,2,2,4,1,1,2.0,1,5,3,2.0,2,3,1,9,3,1.0,2,2,0.2249639027013037,
202201053556,2023-10-27T17:18:58Z,2023-10-27T17:25:25Z,2,1,1,6,2,2,2,3.0,2.0,2.0,2.0,1.0,,,,,,,,1.0,1.0,,,,,,,,1.0,2.0,2.0,2.0,2.0,2.0,1.0,3.0,3.0,,,2.0,5.0,1.0,3.0,2.0,2.0,,,2.0,1.0,,,,2.0,1.0,4.0,1.0,4.0,5.0,2.0,1.0,1.0,1.0,1.0,2.0,1.0,2.0,1.0,2.0,2.0,2.0,3.0,3.0,1.0,3.0,2.0,4.0,3.0,,2.0,1.0,,0,,0,,0,,,,,,,,,,,,,,,,,,,,,,,,,,,,,,,,,,,,,,,,,,,,,,,,,,,,,,,,,,,,,,,,,,,,,,,,,,,,,1.0,1.0,2.0,2,1,2,3,2,1,2.0,1,1,3,1,6,10,,3,6,2,,2,4,1,9,4,2.0,2,2,1.8475520671151744,
202201053787,2023-11-05T03:25:03Z,2023-11-05T03:29:06Z,2,1,1,2,2,2,2,2.0,1.0,1.0,2.0,,,,,,,,,1.0,,,,,,,,,99.0,2.0,1.0,1.0,1.0,1.0,1.0,1.0,,3.0,,5.0,5.0,5.0,4.0,5.0,,5.0,,1.0,2.0,2.0,2.0,3.0,1.0,1.0,5.0,1.0,5.0,3.0,1.0,1.0,2.0,2.0,1.0,2.0,2.0,1.0,1.0,1.0,1.0,1.0,3.0,3.0,1.0,1.0,1.0,1.0,1.0,1.0,1.0,1.0,,0,,0,,0,,,,,,,,,,,,,,,,,,,,,,,,,,,,,,,,,,,,,,,,,,,,,,,,,,,,,,,,,,,,,,,,,,,,,,,,,,,,,1.0,3.0,5.0,2,1,2,2,3,2,,1,2,2,1,2,12,,3,3,2,,2,3,1,1,3,4.0,1,1,0.7266604927679685,
202301000005,2023-10-27T16:58:21Z,2023-10-27T17:03:22Z,2,1,1,2,2,2,2,3.0,2.0,2.0,1.0,2.0,,,,,,,,1.0,1.0,,,,,,,,1.0,2.0,2.0,1.0,4.0,4.0,3.0,5.0,,5.0,,3.0,4.0,2.0,3.0,3.0,,1.0,,4.0,3.0,2.0,3.0,5.0,3.0,1.0,4.0,2.0,3.0,5.0,1.0,1.0,1.0,1.0,1.0,1.0,2.0,2.0,2.0,4.0,2.0,3.0,3.0,3.0,4.0,,,,,,,,,0,,0,,0,,,,,,,,,,,,,,,,,,,,,,,,,,,,,,,,,,,,,,,,,,,,,,,,,,,,,,,,,,,,,,,,,,,,,,,,,,,,,1.0,1.0,1.0,1,1,3,1,6,2,,2,3,5,4,2,12,,3,6,3,2.0,2,4,3,7,4,1.0,1,2,0.4667617834066525,
202301000022,2023-10-29T15:12:36Z,2023-10-29T15:54:03Z,1,1,1,6,2,2,2,4.0,2.0,2.0,1.0,2.0,,,,,,,,1.0,1.0,,,,,,,,1.0,1.0,3.0,4.0,3.0,4.0,3.0,3.0,3.0,,,3.0,4.0,2.0,3.0,3.0,3.0,,,3.0,1.0,,,,1.0,3.0,4.0,3.0,3.0,2.0,1.0,2.0,,,,,,1.0,1.0,1.0,4.0,2.0,3.0,3.0,1.0,1.0,3.0,2.0,2.0,,1.0,1.0,,0,,0,,0,,,,,,,,,,,,,,,,,,,,,,,,,,,,,,,,,,,,,,,,,,,,,,,,,,,,,,,,,,,,,,,,,,,,,,,,,,,,,1.0,1.0,2.0,1,1,2,1,5,2,,1,3,5,1,6,7,,4,6,2,,2,4,1,6,5,1.0,1,2,0.2322412261161067,
202301000036,2023-10-27T17:04:42Z,2023-10-27T17:11:02Z,2,1,1,6,2,2,2,4.0,2.0,2.0,2.0,1.0,,,,,,,,1.0,1.0,,,,,,,,1.0,2.0,4.0,5.0,4.0,5.0,5.0,5.0,5.0,,,2.0,5.0,4.0,2.0,5.0,5.0,,,4.0,1.0,,,,1.0,1.0,4.0,1.0,4.0,3.0,1.0,1.0,1.0,2.0,1.0,1.0,2.0,1.0,2.0,1.0,4.0,2.0,3.0,3.0,1.0,2.0,1.0,4.0,3.0,,2.0,1.0,,0,,0,,0,,,,,,,,,,,,,,,,,,,,,,,,,,,,,,,,,,,,,,,,,,,,,,,,,,,,,,,,,,,,,,,,,,,,,,,,,,,,,1.0,3.0,7.0,2,1,1,1,5,2,,3,3,5,4,6,7,,4,6,4,2.0,2,3,1,2,3,1.0,2,1,1.0540529525501172,
202301000038,2023-10-27T18:59:53Z,2023-10-27T19:05:52Z,1,1,1,6,2,2,2,4.0,2.0,2.0,2.0,1.0,,,,,,,,1.0,1.0,,,,,,,,1.0,1.0,2.0,3.0,2.0,2.0,2.0,3.0,4.0,,,3.0,5.0,5.0,3.0,4.0,4.0,,,2.0,3.0,3.0,2.0,5.0,1.0,1.0,2.0,1.0,2.0,2.0,2.0,2.0,,,,,,2.0,3.0,2.0,4.0,3.0,3.0,3.0,4.0,,,,,,,,,0,,0,,0,,,,,,,,,,,,,,,,,,,,,,,,,,,,,,,,,,,,,,,,,,,,,,,,,,,,,,,,,,,,,,,,,,,,,,,,,,,,,1.0,4.0,9.0,2,2,2,3,2,2,,2,3,5,4,6,9,,3,6,3,2.0,2,3,3,9,3,1.0,1,2,0.2466962735708178,
202301000050,2023-10-28T01:16:28Z,2023-10-28T01:30:28Z,2,1,1,6,2,2,2,2.0,2.0,2.0,1.0,2.0,,,,,,,,1.0,1.0,,,,,,,,1.0,2.0,2.0,3.0,3.0,4.0,4.0,4.0,2.0,,,3.0,4.0,5.0,3.0,3.0,2.0,,,5.0,3.0,3.0,3.0,5.0,1.0,3.0,1.0,1.0,1.0,2.0,1.0,1.0,2.0,2.0,2.0,1.0,2.0,2.0,1.0,2.0,3.0,3.0,3.0,2.0,4.0,,,,,,,,,0,,0,,0,,,,,,,,,,,,,,,,,,,,,,,,,,,,,,,,,,,,,,,,,,,,,,,,,,,,,,,,,,,,,,,,,,,,,,,,,,,,,1.0,4.0,9.0,2,2,1,2,3,1,5.0,1,4,3,1,6,9,,3,5,4,1.0,1,2,1,4,3,2.0,2,2,0.7846621966999969,
202301000075,2023-11-02T20:46:47Z,2023-11-02T20:57:00Z,2,1,1,6,2,2,2,2.0,2.0,2.0,2.0,1.0,,,,,,,,1.0,1.0,,,,,,,,1.0,2.0,3.0,2.0,3.0,3.0,2.0,3.0,4.0,,,3.0,3.0,4.0,3.0,3.0,4.0,,,3.0,1.0,,,,2.0,1.0,3.0,1.0,3.0,2.0,3.0,2.0,,,,,,1.0,3.0,2.0,3.0,3.0,3.0,3.0,1.0,2.0,3.0,3.0,3.0,,2.0,1.0,,0,,0,,0,,,,,,,,,,,,,,,,,,,,,,,,,,,,,,,,,,,,,,,,,,,,,,,,,,,,,,,,,,,,,,,,,,,,,,,,,,,,,1.0,3.0,7.0,2,1,2,2,3,2,,2,3,5,4,6,2,99.0,2,2,99,99.0,9,9,3,5,3,2.0,2,2,5.8448453979114,
202301000084,2023-10-30T08:58:49Z,2023-10-30T09:08:05Z,2,1,1,1,1,2,1,4.0,2.0,2.0,2.0,1.0,,,,,,,,1.0,1.0,,,,,,,,1.0,2.0,2.0,3.0,3.0,3.0,2.0,3.0,,3.0,3.0,4.0,5.0,5.0,5.0,3.0,,2.0,2.0,3.0,3.0,2.0,2.0,6.0,1.0,,,,,1.0,,2.0,,,,,,2.0,3.0,2.0,2.0,2.0,3.0,1.0,4.0,,,,,,,,,0,,0,,0,,,,,,,,,,,,,,,,,,,,,,,,,,,,,,,,,,,,,,,,,,,,,,,,,,,,,,,,,,,,,,,,,,,,,,,,,,,,,1.0,1.0,1.0,2,1,2,1,5,2,,4,3,5,4,1,6,,4,5,2,,2,3,3,6,3,1.0,1,2,0.8710802807494871,
202301000120,2023-10-27T18:17:03Z,2023-10-27T18:22:47Z,1,1,1,6,2,2,2,4.0,2.0,2.0,2.0,1.0,,,,,,,,1.0,1.0,,,,,,,,1.0,1.0,4.0,5.0,5.0,5.0,3.0,5.0,5.0,,,3.0,3.0,5.0,5.0,4.0,2.0,,,1.0,3.0,1.0,3.0,5.0,1.0,1.0,2.0,3.0,2.0,1.0,,2.0,,,,,,1.0,1.0,2.0,1.0,2.0,3.0,3.0,4.0,,,,,,,,,0,,0,,0,,,,,,,,,,,,,,,,,,,,,,,,,,,,,,,,,,,,,,,,,,,,,,,,,,,,,,,,,,,,,,,,,,,,,,,,,,,,,1.0,3.0,5.0,2,2,1,1,6,2,,2,3,5,4,6,8,,4,5,3,2.0,2,4,3,9,5,1.0,2,3,0.8224614247731998,
202301000125,2023-10-30T00:00:07Z,2023-10-30T00:05:19Z,2,1,1,1,2,2,1,3.0,2.0,2.0,2.0,1.0,,,,,,,,1.0,1.0,,,,,,,,1.0,2.0,2.0,3.0,5.0,5.0,5.0,5.0,,5.0,,2.0,5.0,1.0,3.0,2.0,,2.0,,5.0,3.0,6.0,5.0,5.0,2.0,,,2.0,1.0,1.0,,2.0,,,,,,2.0,4.0,4.0,5.0,5.0,2.0,2.0,4.0,,,,,,,,,0,,0,,0,,,,,,,,,,,,,,,,,,,,,,,,,,,,,,,,,,,,,,,,,,,,,,,,,,,,,,,,,,,,,,,,,,,,,,,,,,,,,1.0,4.0,9.0,2,1,2,1,5,2,,1,4,4,1,1,10,,3,6,4,1.0,1,2,1,6,3,2.0,2,2,1.4148906398097112,
202301000128,2023-10-28T05:02:56Z,2023-10-28T05:06:00Z,2,1,1,2,2,2,2,4.0,2.0,2.0,1.0,2.0,,,,,,,,1.0,1.0,,,,,,,,1.0,1.0,1.0,1.0,1.0,4.0,3.0,3.0,,3.0,,4.0,4.0,4.0,4.0,4.0,,4.0,,4.0,3.0,2.0,1.0,5.0,1.0,1.0,1.0,1.0,2.0,1.0,,2.0,,,,,,2.0,1.0,1.0,4.0,2.0,3.0,3.0,4.0,,,,,,,,,0,,0,,0,,,,,,,,,,,,,,,,,,,,,,,,,,,,,,,,,,,,,,,,,,,,,,,,,,,,,,,,,,,,,,,,,,,,,,,,,,,,,1.0,4.0,9.0,1,1,1,1,5,2,,1,3,5,1,2,8,,4,4,2,,2,4,2,9,4,1.0,1,3,0.7005059888245216,
202301000129,2023-10-29T12:06:07Z,2023-10-29T12:12:59Z,2,1,1,1,2,2,1,4.0,2.0,2.0,2.0,1.0,,,,,,,,1.0,1.0,,,,,,,,1.0,2.0,2.0,4.0,3.0,3.0,3.0,2.0,,3.0,,4.0,3.0,4.0,4.0,4.0,,4.0,,3.0,3.0,3.0,2.0,5.0,1.0,,,1.0,1.0,1.0,,2.0,,,,,,2.0,2.0,2.0,1.0,2.0,3.0,3.0,4.0,,,,,,,,,0,,0,,0,,,,,,,,,,,,,,,,,,,,,,,,,,,,,,,,,,,,,,,,,,,,,,,,,,,,,,,,,,,,,,,,,,,,,,,,,,,,,1.0,4.0,9.0,1,2,2,1,6,2,,3,3,5,4,1,9,,3,6,2,,2,4,3,9,4,1.0,2,3,0.5112040158032083,
202301000132,2023-10-29T11:18:08Z,2023-10-29T11:22:39Z,1,1,1,6,2,2,2,4.0,2.0,2.0,1.0,2.0,,,,,,,,1.0,1.0,,,,,,,,1.0,2.0,1.0,2.0,4.0,5.0,4.0,4.0,4.0,,,3.0,4.0,3.0,4.0,4.0,6.0,,,2.0,3.0,3.0,3.0,5.0,1.0,1.0,5.0,1.0,3.0,2.0,1.0,1.0,2.0,2.0,2.0,2.0,1.0,2.0,2.0,2.0,3.0,3.0,3.0,3.0,4.0,,,,,,,,,0,,0,,0,,,,,,,,,,,,,,,,,,,,,,,,,,,,,,,,,,,,,,,,,,,,,,,,,,,,,,,,,,,,,,,,,,,,,,,,,,,,,1.0,1.0,1.0,1,1,1,1,6,2,,1,3,5,1,6,1,1.0,1,2,2,,2,3,1,6,3,1.0,1,2,0.34962820302915,
202301000133,2023-10-29T19:04:43Z,2023-10-29T19:12:16Z,2,1,1,6,2,2,2,3.0,2.0,2.0,2.0,1.0,,,,,,,,1.0,1.0,,,,,,,,1.0,2.0,1.0,4.0,4.0,2.0,3.0,2.0,3.0,,,4.0,2.0,4.0,3.0,3.0,4.0,,,1.0,3.0,2.0,2.0,5.0,1.0,1.0,3.0,1.0,4.0,2.0,3.0,2.0,,,,,,2.0,1.0,2.0,2.0,1.0,3.0,3.0,4.0,,,,,,,,,0,,0,,0,,,,,,,,,,,,,,,,,,,,,,,,,,,,,,,,,,,,,,,,,,,,,,,,,,,,,,,,,,,,,,,,,,,,,,,,,,,,,1.0,4.0,9.0,1,1,2,1,6,2,,2,3,5,4,6,1,1.0,1,1,4,1.0,1,1,3,1,2,1.0,1,1,1.012951336164133,
202301000143,2023-10-27T18:11:08Z,2023-10-27T18:17:19Z,1,1,1,6,2,2,2,3.0,1.0,1.0,1.0,,,,,,,,,1.0,,,,,,,,,99.0,1.0,3.0,3.0,4.0,5.0,4.0,5.0,5.0,,,4.0,5.0,5.0,4.0,3.0,3.0,,,5.0,2.0,3.0,3.0,2.0,2.0,1.0,4.0,3.0,4.0,3.0,1.0,1.0,2.0,2.0,2.0,1.0,2.0,2.0,4.0,4.0,5.0,4.0,2.0,2.0,1.0,4.0,1.0,3.0,4.0,,2.0,2.0,,0,,0,,0,,,,,,,,,,,,,,,,,,,,,,,,,,,,,,,,,,,,,,,,,,,,,,,,,,,,,,,,,,,,,,,,,,,,,,,,,,,,,1.0,1.0,2.0,2,1,2,2,3,2,,1,3,5,1,6,12,,3,6,3,2.0,2,4,2,2,4,1.0,1,1,1.7708712575410062,
202301000144,2023-10-27T17:17:49Z,2023-10-27T17:21:06Z,2,1,1,2,2,2,2,4.0,2.0,2.0,2.0,1.0,,,,,,,,1.0,1.0,,,,,,,,1.0,1.0,2.0,1.0,1.0,2.0,1.0,3.0,,3.0,,3.0,4.0,4.0,1.0,5.0,,5.0,,3.0,3.0,3.0,2.0,5.0,1.0,1.0,5.0,1.0,5.0,2.0,2.0,1.0,2.0,2.0,2.0,2.0,1.0,2.0,3.0,4.0,5.0,3.0,3.0,3.0,4.0,,,,,,,,,0,,0,,0,,,,,,,,,,,,,,,,,,,,,,,,,,,,,,,,,,,,,,,,,,,,,,,,,,,,,,,,,,,,,,,,,,,,,,,,,,,,,1.0,4.0,9.0,2,1,1,1,5,2,,1,3,5,1,2,10,,3,5,2,,2,4,1,1,5,1.0,1,1,0.3152059073292581,
202301000155,2023-10-27T17:50:32Z,2023-10-27T17:57:55Z,2,1,1,1,2,2,1,4.0,2.0,2.0,2.0,1.0,,,,,,,,1.0,1.0,,,,,,,,1.0,2.0,1.0,3.0,4.0,4.0,3.0,4.0,,4.0,,4.0,5.0,5.0,4.0,4.0,,4.0,,2.0,3.0,4.0,1.0,5.0,1.0,,,1.0,1.0,1.0,,2.0,,,,,,2.0,1.0,2.0,2.0,2.0,3.0,3.0,4.0,,,,,,,,,0,,0,,0,,,,,,,,,,,,,,,,,,,,,,,,,,,,,,,,,,,,,,,,,,,,,,,,,,,,,,,,,,,,,,,,,,,,,,,,,,,,,1.0,1.0,1.0,2,2,2,1,6,2,,3,3,5,4,1,7,,4,5,4,1.0,1,9,3,9,99,1.0,2,3,0.6817698941195298,
202301000160,2023-10-27T22:44:05Z,2023-10-27T22:53:07Z,2,1,1,1,1,2,1,4.0,2.0,2.0,1.0,2.0,,,,,,,,1.0,1.0,,,,,,,,1.0,1.0,1.0,2.0,2.0,5.0,3.0,3.0,,5.0,3.0,4.0,5.0,5.0,5.0,5.0,,4.0,3.0,2.0,3.0,1.0,1.0,2.0,1.0,,,,,1.0,,2.0,,,,,,2.0,1.0,2.0,3.0,2.0,3.0,3.0,4.0,,,,,,,,,0,,0,,0,,,,,,,,,,,,,,,,,,,,,,,,,,,,,,,,,,,,,,,,,,,,,,,,,,,,,,,,,,,,,,,,,,,,,,,,,,,,,1.0,1.0,2.0,1,2,2,1,5,2,,4,4,4,4,1,9,,3,6,3,1.0,1,2,1,7,3,1.0,2,2,0.452776112798498,
202301000162,2023-10-27T16:57:34Z,2023-10-27T17:01:05Z,2,1,1,2,2,2,2,3.0,2.0,2.0,2.0,1.0,,,,,,,,1.0,1.0,,,,,,,,1.0,2.0,1.0,1.0,3.0,5.0,3.0,2.0,,5.0,,1.0,4.0,5.0,3.0,3.0,,1.0,,3.0,1.0,,,,2.0,1.0,3.0,1.0,2.0,3.0,2.0,1.0,1.0,2.0,2.0,2.0,1.0,2.0,2.0,2.0,3.0,2.0,1.0,3.0,1.0,2.0,1.0,3.0,3.0,4.0,2.0,2.0,,0,,0,,0,,,,,,,,,,,,,,,,,,,,,,,,,,,,,,,,,,,,,,,,,,,,,,,,,,,,,,,,,,,,,,,,,,,,,,,,,,,,,1.0,3.0,5.0,1,1,2,2,3,2,,1,3,5,1,2,7,,4,3,2,,2,3,2,7,3,1.0,1,2,0.336164919412104,
202301000167,2023-10-27T17:05:45Z,2023-10-27T17:09:07Z,2,1,1,1,1,2,1,4.0,2.0,2.0,2.0,1.0,,,,,,,,1.0,1.0,,,,,,,,1.0,2.0,1.0,2.0,1.0,3.0,2.0,4.0,,3.0,2.0,3.0,5.0,3.0,3.0,4.0,,3.0,2.0,1.0,3.0,2.0,2.0,3.0,1.0,,,,,2.0,1.0,1.0,2.0,2.0,1.0,1.0,1.0,2.0,1.0,2.0,3.0,1.0,3.0,3.0,4.0,,,,,,,,,0,,0,,0,,,,,,,,,,,,,,,,,,,,,,,,,,,,,,,,,,,,,,,,,,,,,,,,,,,,,,,,,,,,,,,,,,,,,,,,,,,,,1.0,3.0,7.0,2,1,2,1,6,2,,4,3,5,4,1,1,1.0,1,1,2,,2,4,1,9,4,1.0,1,3,0.4585785458200533,
202301000203,2023-10-27T17:08:31Z,2023-10-27T17:14:05Z,2,1,1,2,2,2,2,4.0,2.0,2.0,2.0,1.0,,,,,,,,1.0,1.0,,,,,,,,1.0,1.0,1.0,4.0,3.0,3.0,4.0,4.0,,2.0,,5.0,5.0,5.0,5.0,3.0,,5.0,,3.0,3.0,4.0,3.0,4.0,1.0,1.0,3.0,1.0,3.0,2.0,1.0,1.0,2.0,2.0,1.0,2.0,1.0,2.0,2.0,2.0,5.0,2.0,3.0,3.0,4.0,,,,,,,,,0,,0,,0,,,,,,,,,,,,,,,,,,,,,,,,,,,,,,,,,,,,,,,,,,,,,,,,,,,,,,,,,,,,,,,,,,,,,,,,,,,,,1.0,4.0,9.0,2,1,2,1,5,2,,1,4,4,1,2,10,,3,6,4,2.0,2,3,1,8,3,1.0,1,2,0.3595197221845889,
202301000221,2023-10-30T15:59:44Z,2023-10-30T16:02:27Z,1,1,1,6,2,2,2,4.0,2.0,2.0,1.0,2.0,,,,,,,,1.0,1.0,,,,,,,,1.0,1.0,3.0,3.0,2.0,3.0,3.0,4.0,5.0,,,3.0,4.0,4.0,3.0,2.0,1.0,,,2.0,1.0,,,,1.0,1.0,3.0,3.0,4.0,3.0,2.0,1.0,2.0,2.0,2.0,1.0,1.0,2.0,1.0,2.0,3.0,2.0,2.0,3.0,1.0,2.0,1.0,3.0,3.0,,2.0,1.0,,0,,0,,0,,,,,,,,,,,,,,,,,,,,,,,,,,,,,,,,,,,,,,,,,,,,,,,,,,,,,,,,,,,,,,,,,,,,,,,,,,,,,1.0,4.0,9.0,2,1,2,1,5,2,,4,3,5,4,6,8,,4,4,2,,2,4,1,9,5,1.0,1,3,0.496224412438482,
202301000244,2023-10-27T18:40:32Z,2023-10-27T18:46:36Z,2,1,1,6,2,2,2,3.0,2.0,2.0,1.0,2.0,,,,,,,,1.0,1.0,,,,,,,,1.0,1.0,3.0,3.0,4.0,5.0,3.0,5.0,5.0,,,3.0,3.0,3.0,4.0,3.0,6.0,,,5.0,2.0,6.0,4.0,6.0,3.0,2.0,3.0,2.0,2.0,5.0,3.0,1.0,2.0,2.0,2.0,1.0,1.0,2.0,2.0,2.0,5.0,3.0,3.0,3.0,1.0,2.0,1.0,3.0,3.0,,2.0,1.0,,0,,0,,0,,,,,,,,,,,,,,,,,,,,,,,,,,,,,,,,,,,,,,,,,,,,,,,,,,,,,,,,,,,,,,,,,,,,,,,,,,,,,1.0,2.0,4.0,2,1,3,3,2,2,,1,3,5,1,6,9,,3,6,2,,2,4,1,4,5,1.0,1,2,0.120468281263188,
202301000262,2023-10-27T16:58:43Z,2023-10-27T17:02:47Z,2,1,1,1,2,2,1,4.0,2.0,2.0,1.0,2.0,,,,,,,,1.0,1.0,,,,,,,,1.0,1.0,1.0,4.0,5.0,4.0,3.0,3.0,,4.0,,3.0,4.0,4.0,3.0,4.0,,4.0,,3.0,3.0,2.0,1.0,5.0,1.0,,,3.0,2.0,1.0,,1.0,2.0,2.0,2.0,2.0,2.0,1.0,2.0,3.0,2.0,3.0,3.0,2.0,4.0,,,,,,,,,0,,0,,0,,,,,,,,,,,,,,,,,,,,,,,,,,,,,,,,,,,,,,,,,,,,,,,,,,,,,,,,,,,,,,,,,,,,,,,,,,,,,1.0,4.0,9.0,1,1,2,1,6,2,,2,3,5,4,1,1,1.0,1,2,3,1.0,1,2,3,9,3,1.0,2,3,2.057370381024295,
202301000267,2023-10-28T12:42:37Z,2023-10-28T17:00:33Z,2,1,1,6,2,2,2,4.0,2.0,2.0,2.0,1.0,,,,,,,,1.0,1.0,,,,,,,,1.0,2.0,2.0,3.0,3.0,3.0,3.0,4.0,3.0,,,4.0,5.0,4.0,3.0,4.0,3.0,,,2.0,2.0,3.0,2.0,5.0,1.0,1.0,4.0,1.0,3.0,3.0,3.0,1.0,2.0,2.0,2.0,1.0,1.0,1.0,2.0,3.0,2.0,3.0,3.0,3.0,2.0,2.0,2.0,2.0,3.0,,1.0,1.0,,0,,0,,0,,,,,,,,,,,,,,,,,,,,,,,,,,,,,,,,,,,,,,,,,,,,,,,,,,,,,,,,,,,,,,,,,,,,,,,,,,,,,1.0,4.0,9.0,3,2,2,2,3,2,,1,4,4,1,6,1,1.0,1,5,2,,2,4,1,2,4,1.0,2,1,0.2903877505911866,
202301000275,2023-10-28T09:18:07Z,2023-10-28T09:21:11Z,1,1,1,6,2,2,2,4.0,2.0,2.0,2.0,2.0,,,,,,,,1.0,1.0,,,,,,,,1.0,2.0,1.0,3.0,3.0,5.0,3.0,5.0,5.0,,,5.0,3.0,4.0,5.0,3.0,4.0,,,4.0,3.0,2.0,2.0,4.0,1.0,1.0,4.0,3.0,4.0,2.0,1.0,2.0,,,,,,2.0,3.0,2.0,2.0,3.0,3.0,3.0,4.0,,,,,,,,,0,,0,,0,,,,,,,,,,,,,,,,,,,,,,,,,,,,,,,,,,,,,,,,,,,,,,,,,,,,,,,,,,,,,,,,,,,,,,,,,,,,,1.0,1.0,2.0,1,1,2,1,5,2,,1,4,4,1,6,1,2.0,1,5,2,,2,4,1,8,5,1.0,2,3,0.7997596335559105,
202301000278,2023-10-27T17:26:59Z,2023-10-27T17:32:00Z,2,1,1,6,2,2,2,4.0,2.0,2.0,2.0,1.0,,,,,,,,1.0,1.0,,,,,,,,1.0,1.0,3.0,4.0,2.0,4.0,2.0,2.0,5.0,,,4.0,4.0,3.0,4.0,5.0,6.0,,,1.0,1.0,,,,1.0,2.0,4.0,3.0,4.0,4.0,2.0,1.0,2.0,1.0,2.0,1.0,1.0,1.0,4.0,3.0,1.0,2.0,3.0,3.0,1.0,1.0,3.0,3.0,3.0,,2.0,2.0,,0,,0,,0,,,,,,,,,,,,,,,,,,,,,,,,,,,,,,,,,,,,,,,,,,,,,,,,,,,,,,,,,,,,,,,,,,,,,,,,,,,,,1.0,4.0,9.0,2,1,3,1,5,1,7.0,1,3,3,1,6,2,2.0,2,4,2,,2,4,1,7,5,1.0,1,2,0.3328857288892184,
202301000279,2023-10-27T18:55:32Z,2023-10-27T19:13:28Z,1,1,1,6,2,2,2,4.0,2.0,2.0,2.0,1.0,,,,,,,,1.0,1.0,,,,,,,,1.0,2.0,2.0,4.0,4.0,5.0,5.0,5.0,5.0,,,5.0,5.0,3.0,4.0,5.0,6.0,,,5.0,3.0,4.0,4.0,5.0,1.0,1.0,4.0,3.0,5.0,1.0,,2.0,,,,,,2.0,4.0,3.0,4.0,4.0,3.0,2.0,4.0,,,,,,,,,0,,0,,0,,,,,,,,,,,,,,,,,,,,,,,,,,,,,,,,,,,,,,,,,,,,,,,,,,,,,,,,,,,,,,,,,,,,,,,,,,,,,1.0,2.0,3.0,1,1,1,1,5,2,,1,3,5,1,6,10,,3,6,2,,2,4,1,9,4,1.0,2,3,0.4989335833857737,
202301000308,2023-10-27T18:34:38Z,2023-10-27T18:39:13Z,2,1,1,6,2,2,2,4.0,2.0,2.0,2.0,,,,,,,,,1.0,,,,,,,,,1.0,2.0,3.0,3.0,4.0,4.0,4.0,4.0,5.0,,,3.0,4.0,5.0,3.0,4.0,6.0,,,3.0,2.0,3.0,3.0,1.0,2.0,3.0,4.0,3.0,4.0,4.0,3.0,1.0,1.0,2.0,1.0,1.0,2.0,1.0,4.0,2.0,3.0,3.0,3.0,3.0,1.0,3.0,2.0,3.0,3.0,,1.0,1.0,,0,,0,,0,,,,,,,,,,,,,,,,,,,,,,,,,,,,,,,,,,,,,,,,,,,,,,,,,,,,,,,,,,,,,,,,,,,,,,,,,,,,,1.0,3.0,5.0,2,1,2,1,5,2,,1,3,5,1,6,1,2.0,1,5,3,2.0,2,4,1,1,4,1.0,2,1,0.3401745361889837,
202301000326,2023-10-29T12:28:08Z,2023-10-29T12:53:42Z,1,1,1,6,2,2,2,3.0,2.0,2.0,1.0,2.0,,,,,,,,1.0,1.0,,,,,,,,1.0,2.0,2.0,4.0,2.0,5.0,3.0,4.0,5.0,,,3.0,3.0,4.0,2.0,4.0,5.0,,,4.0,1.0,,,,1.0,3.0,2.0,3.0,3.0,5.0,3.0,2.0,,,,,,1.0,2.0,3.0,4.0,4.0,2.0,3.0,1.0,4.0,2.0,5.0,5.0,,1.0,1.0,,0,,0,,0,,,,,,,,,,,,,,,,,,,,,,,,,,,,,,,,,,,,,,,,,,,,,,,,,,,,,,,,,,,,,,,,,,,,,,,,,,,,,1.0,1.0,2.0,2,2,1,2,4,2,,1,3,5,1,6,6,,4,4,3,2.0,2,3,1,2,3,1.0,2,1,0.3799223918861139,
202301000333,2023-10-28T15:12:35Z,2023-10-28T15:19:22Z,1,1,1,6,2,2,2,4.0,2.0,2.0,1.0,2.0,,,,,,,,1.0,1.0,,,,,,,,1.0,2.0,2.0,2.0,3.0,2.0,2.0,5.0,5.0,,,2.0,4.0,4.0,2.0,2.0,3.0,,,2.0,3.0,3.0,3.0,6.0,1.0,3.0,3.0,3.0,2.0,1.0,,2.0,,,,,,2.0,1.0,2.0,3.0,2.0,2.0,3.0,4.0,,,,,,,,,0,,0,,0,,,,,,,,,,,,,,,,,,,,,,,,,,,,,,,,,,,,,,,,,,,,,,,,,,,,,,,,,,,,,,,,,,,,,,,,,,,,,1.0,4.0,9.0,1,2,1,2,3,2,,3,4,4,4,6,2,2.0,2,6,3,2.0,2,4,1,3,4,1.0,2,2,0.8940000897209975,
202301000344,2023-11-05T17:58:55Z,2023-11-05T18:02:12Z,1,1,1,6,2,2,2,4.0,2.0,2.0,2.0,1.0,,,,,,,,1.0,1.0,,,,,,,,1.0,2.0,2.0,2.0,3.0,4.0,3.0,3.0,5.0,,,3.0,2.0,4.0,3.0,3.0,3.0,,,3.0,3.0,3.0,1.0,5.0,3.0,3.0,4.0,2.0,5.0,2.0,1.0,2.0,,,,,,2.0,1.0,2.0,2.0,2.0,3.0,3.0,4.0,,,,,,,,,0,,0,,0,,,,,,,,,,,,,,,,,,,,,,,,,,,,,,,,,,,,,,,,,,,,,,,,,,,,,,,,,,,,,,,,,,,,,,,,,,,,,1.0,2.0,3.0,1,1,1,1,6,2,,1,3,5,1,6,10,,3,6,2,,2,4,1,9,4,1.0,1,3,0.2547836347902614,
202301000350,2023-10-27T17:25:04Z,2023-10-27T17:33:30Z,1,1,1,6,2,2,2,4.0,2.0,2.0,1.0,2.0,,,,,,,,1.0,1.0,,,,,,,,1.0,1.0,1.0,5.0,4.0,4.0,4.0,4.0,5.0,,,4.0,2.0,3.0,3.0,3.0,6.0,,,3.0,1.0,,,,1.0,1.0,4.0,3.0,4.0,3.0,4.0,1.0,2.0,2.0,1.0,1.0,2.0,1.0,3.0,4.0,3.0,3.0,3.0,3.0,2.0,4.0,1.0,4.0,4.0,,1.0,1.0,,0,,0,,0,,,,,,,,,,,,,,,,,,,,,,,,,,,,,,,,,,,,,,,,,,,,,,,,,,,,,,,,,,,,,,,,,,,,,,,,,,,,,1.0,4.0,9.0,2,2,2,1,5,2,,3,3,5,4,6,10,,3,6,2,,2,3,1,6,3,1.0,2,2,1.233360248484161,
202301000420,2023-11-02T00:05:24Z,2023-11-02T00:11:39Z,3,1,1,6,2,2,2,4.0,2.0,2.0,2.0,1.0,,,,,,,,1.0,2.0,,,,,,,,1.0,2.0,2.0,3.0,4.0,3.0,3.0,4.0,4.0,,,4.0,4.0,5.0,4.0,4.0,4.0,,,4.0,3.0,2.0,2.0,5.0,1.0,1.0,2.0,1.0,2.0,1.0,,2.0,,,,,,1.0,3.0,2.0,2.0,3.0,3.0,3.0,4.0,,,,,,,,,0,,0,,0,,,,,,,,,,,,,,,,,,,,,,,,,,,,,,,,,,,,,,,,,,,,,,,,,,,,,,,,,,,,,,,,,,,,,,,,,,,,,1.0,4.0,9.0,1,2,2,1,5,2,,2,3,5,4,6,1,1.0,1,5,3,1.0,1,2,3,5,3,1.0,2,2,0.6236019524748375,
202301000432,2023-10-29T11:16:45Z,2023-10-29T11:21:42Z,1,1,1,2,2,2,2,4.0,2.0,2.0,1.0,2.0,,,,,,,,1.0,1.0,,,,,,,,1.0,1.0,1.0,3.0,3.0,4.0,3.0,4.0,,3.0,,3.0,2.0,3.0,4.0,3.0,,4.0,,3.0,3.0,3.0,3.0,5.0,1.0,1.0,3.0,1.0,4.0,1.0,,2.0,,,,,,2.0,2.0,2.0,4.0,3.0,3.0,3.0,4.0,,,,,,,,,0,,0,,0,,,,,,,,,,,,,,,,,,,,,,,,,,,,,,,,,,,,,,,,,,,,,,,,,,,,,,,,,,,,,,,,,,,,,,,,,,,,,1.0,1.0,2.0,1,2,1,1,6,2,,2,3,5,4,2,12,,3,5,4,2.0,2,4,3,9,4,1.0,2,2,0.7378093698336902,
202301000459,2023-10-29T21:56:37Z,2023-10-29T22:17:10Z,1,1,1,1,1,2,1,3.0,2.0,2.0,1.0,2.0,,,,,,,,1.0,1.0,,,,,,,,1.0,2.0,1.0,5.0,4.0,5.0,3.0,5.0,,5.0,5.0,5.0,5.0,4.0,5.0,5.0,,4.0,4.0,2.0,3.0,2.0,2.0,5.0,2.0,,,,,1.0,,2.0,,,,,,1.0,1.0,2.0,2.0,1.0,3.0,2.0,4.0,,,,,,,,,0,,0,,0,,,,,,,,,,,,,,,,,,,,,,,,,,,,,,,,,,,,,,,,,,,,,,,,,,,,,,,,,,,,,,,,,,,,,,,,,,,,,1.0,1.0,2.0,2,2,1,1,5,2,,2,3,5,4,1,6,,4,1,4,1.0,1,1,3,1,1,1.0,1,1,0.5431171800571515,
202301000468,2023-10-27T20:05:48Z,2023-11-04T11:10:25Z,2,1,1,6,2,2,2,3.0,2.0,2.0,1.0,2.0,,,,,,,,1.0,1.0,,,,,,,,1.0,2.0,1.0,1.0,1.0,1.0,1.0,1.0,5.0,,,2.0,5.0,4.0,3.0,5.0,2.0,,,2.0,1.0,,,,1.0,3.0,5.0,2.0,5.0,3.0,2.0,2.0,,,,,,1.0,1.0,1.0,1.0,1.0,3.0,3.0,1.0,1.0,2.0,2.0,1.0,,1.0,1.0,,0,,0,,0,,,,,,,,,,,,,,,,,,,,,,,,,,,,,,,,,,,,,,,,,,,,,,,,,,,,,,,,,,,,,,,,,,,,,,,,,,,,,1.0,4.0,9.0,2,1,2,1,5,2,,3,3,5,4,6,2,1.0,2,3,4,2.0,2,4,1,1,4,1.0,1,1,0.5787227532419938,
202301000474,2023-10-27T17:18:06Z,2023-10-27T17:24:07Z,2,1,1,6,2,2,2,4.0,2.0,2.0,2.0,1.0,,,,,,,,1.0,1.0,,,,,,,,1.0,1.0,1.0,3.0,4.0,3.0,2.0,2.0,3.0,,,4.0,5.0,3.0,5.0,5.0,4.0,,,2.0,3.0,2.0,1.0,5.0,1.0,1.0,4.0,3.0,5.0,2.0,1.0,1.0,2.0,2.0,2.0,2.0,1.0,2.0,1.0,1.0,4.0,2.0,3.0,3.0,4.0,,,,,,,,,0,,0,,0,,,,,,,,,,,,,,,,,,,,,,,,,,,,,,,,,,,,,,,,,,,,,,,,,,,,,,,,,,,,,,,,,,,,,,,,,,,,,1.0,3.0,5.0,2,1,2,1,5,2,,4,3,5,4,6,1,1.0,1,2,3,2.0,2,3,1,2,3,2.0,1,1,0.7070004487861793,
202301000485,2023-10-27T17:01:47Z,2023-10-27T17:07:03Z,2,1,1,1,1,2,1,4.0,2.0,2.0,2.0,1.0,,,,,,,,1.0,1.0,,,,,,,,1.0,1.0,3.0,2.0,3.0,5.0,4.0,5.0,,4.0,5.0,4.0,3.0,99.0,3.0,5.0,,3.0,4.0,3.0,3.0,5.0,3.0,5.0,3.0,,,,,4.0,3.0,1.0,2.0,2.0,2.0,2.0,2.0,2.0,5.0,5.0,4.0,4.0,3.0,3.0,4.0,,,,,,,,,0,,0,,0,,,,,,,,,,,,,,,,,,,,,,,,,,,,,,,,,,,,,,,,,,,,,,,,,,,,,,,,,,,,,,,,,,,,,,,,,,,,,1.0,4.0,9.0,2,2,2,1,5,2,,3,3,5,4,1,1,2.0,1,3,3,2.0,2,4,3,9,5,2.0,2,2,0.9754317936170622,
202301000488,2023-10-27T18:08:26Z,2023-10-27T18:19:32Z,2,1,1,6,2,2,2,3.0,2.0,2.0,2.0,1.0,,,,,,,,1.0,1.0,,,,,,,,1.0,1.0,2.0,3.0,3.0,5.0,3.0,3.0,5.0,,,2.0,3.0,3.0,4.0,3.0,4.0,,,3.0,3.0,3.0,3.0,3.0,2.0,2.0,3.0,2.0,3.0,4.0,3.0,1.0,1.0,1.0,1.0,1.0,1.0,1.0,3.0,4.0,5.0,4.0,3.0,3.0,4.0,,,,,,,,,0,,0,,0,,,,,,,,,,,,,,,,,,,,,,,,,,,,,,,,,,,,,,,,,,,,,,,,,,,,,,,,,,,,,,,,,,,,,,,,,,,,,1.0,2.0,3.0,2,1,2,1,5,2,,1,3,5,1,6,2,2.0,2,4,2,,2,4,1,9,4,1.0,1,2,0.2809518151946927,
202301000504,2023-10-27T17:04:52Z,2023-10-27T17:11:33Z,2,1,1,6,2,2,2,4.0,2.0,2.0,1.0,2.0,,,,,,,,1.0,1.0,,,,,,,,1.0,2.0,3.0,3.0,5.0,4.0,4.0,5.0,4.0,,,2.0,4.0,3.0,6.0,2.0,6.0,,,2.0,1.0,,,,1.0,1.0,2.0,1.0,3.0,2.0,1.0,1.0,2.0,2.0,2.0,1.0,1.0,1.0,3.0,2.0,3.0,3.0,1.0,3.0,3.0,2.0,1.0,4.0,3.0,,1.0,1.0,,0,,0,,0,,,,,,,,,,,,,,,,,,,,,,,,,,,,,,,,,,,,,,,,,,,,,,,,,,,,,,,,,,,,,,,,,,,,,,,,,,,,,1.0,1.0,2.0,1,1,1,1,5,2,,3,3,5,4,6,12,,3,6,2,,2,3,3,9,3,1.0,2,2,1.8594951692271209,
202301000511,2023-10-27T17:08:49Z,2023-10-27T17:13:53Z,2,1,1,1,2,2,1,4.0,2.0,2.0,1.0,2.0,,,,,,,,1.0,1.0,,,,,,,,1.0,1.0,1.0,3.0,2.0,3.0,1.0,4.0,,4.0,,4.0,5.0,5.0,5.0,4.0,,4.0,,1.0,3.0,5.0,2.0,5.0,1.0,,,1.0,2.0,2.0,2.0,2.0,,,,,,2.0,3.0,2.0,4.0,1.0,3.0,3.0,4.0,,,,,,,,,0,,0,,0,,,,,,,,,,,,,,,,,,,,,,,,,,,,,,,,,,,,,,,,,,,,,,,,,,,,,,,,,,,,,,,,,,,,,,,,,,,,,1.0,1.0,2.0,1,2,2,1,6,2,,2,3,5,4,1,7,,4,5,3,1.0,1,2,3,9,3,1.0,2,3,0.6866701053693833,
202301000522,2023-10-29T11:18:33Z,2023-10-29T11:45:26Z,2,1,1,2,2,2,2,4.0,2.0,2.0,2.0,1.0,,,,,,,,1.0,1.0,,,,,,,,1.0,1.0,1.0,3.0,3.0,5.0,5.0,4.0,,4.0,,5.0,5.0,4.0,5.0,5.0,,5.0,,3.0,3.0,1.0,1.0,3.0,1.0,1.0,4.0,1.0,2.0,2.0,1.0,1.0,2.0,2.0,1.0,2.0,1.0,2.0,1.0,2.0,2.0,2.0,3.0,3.0,4.0,,,,,,,,,0,,0,,0,,,,,,,,,,,,,,,,,,,,,,,,,,,,,,,,,,,,,,,,,,,,,,,,,,,,,,,,,,,,,,,,,,,,,,,,,,,,,1.0,4.0,9.0,1,1,2,1,5,2,,4,3,5,4,2,12,,3,6,2,,2,3,1,9,3,1.0,1,3,0.4288222638947288,
202301000539,2023-10-31T21:22:17Z,2023-10-31T21:29:48Z,2,1,1,2,2,2,2,4.0,2.0,2.0,1.0,2.0,,,,,,,,1.0,1.0,,,,,,,,1.0,1.0,3.0,5.0,4.0,5.0,5.0,4.0,,4.0,,4.0,5.0,5.0,4.0,5.0,,3.0,,5.0,3.0,5.0,5.0,6.0,1.0,2.0,5.0,2.0,5.0,1.0,,2.0,,,,,,2.0,5.0,2.0,5.0,4.0,2.0,2.0,4.0,,,,,,,,,0,,0,,0,,,,,,,,,,,,,,,,,,,,,,,,,,,,,,,,,,,,,,,,,,,,,,,,,,,,,,,,,,,,,,,,,,,,,,,,,,,,,1.0,3.0,5.0,2,2,2,2,4,2,,1,4,4,1,2,2,2.0,2,5,3,2.0,2,3,1,2,2,1.0,1,1,0.2815483490594734,
202301000615,2023-10-27T18:26:09Z,2023-10-27T18:30:39Z,2,1,1,1,1,2,1,4.0,2.0,2.0,2.0,1.0,,,,,,,,1.0,1.0,,,,,,,,1.0,2.0,4.0,5.0,4.0,5.0,5.0,5.0,,5.0,5.0,3.0,5.0,5.0,3.0,2.0,,5.0,2.0,4.0,3.0,3.0,4.0,5.0,1.0,,,,,1.0,,2.0,,,,,,2.0,5.0,3.0,4.0,5.0,3.0,3.0,4.0,,,,,,,,,0,,0,,0,,,,,,,,,,,,,,,,,,,,,,,,,,,,,,,,,,,,,,,,,,,,,,,,,,,,,,,,,,,,,,,,,,,,,,,,,,,,,1.0,4.0,9.0,2,2,2,1,6,2,,2,3,5,4,1,10,,3,6,3,2.0,2,3,3,9,3,1.0,2,2,0.5140016354196796,
202301000629,2023-10-27T18:01:05Z,2023-10-27T18:03:29Z,2,1,1,1,2,2,1,4.0,2.0,2.0,2.0,1.0,,,,,,,,1.0,1.0,,,,,,,,1.0,2.0,1.0,4.0,4.0,2.0,1.0,4.0,,4.0,,3.0,3.0,4.0,3.0,2.0,,3.0,,4.0,3.0,4.0,3.0,3.0,3.0,,,2.0,2.0,5.0,2.0,2.0,,,,,,1.0,3.0,1.0,1.0,1.0,3.0,3.0,4.0,,,,,,,,,0,,0,,0,,,,,,,,,,,,,,,,,,,,,,,,,,,,,,,,,,,,,,,,,,,,,,,,,,,,,,,,,,,,,,,,,,,,,,,,,,,,,1.0,4.0,8.0,1,2,1,2,4,2,,2,3,5,4,1,2,2.0,2,2,2,,2,3,1,6,3,1.0,2,2,0.9009228658988656,
202301000634,2023-10-27T21:24:57Z,2023-10-27T22:11:24Z,1,1,1,6,2,2,2,4.0,1.0,1.0,2.0,,,,,,,,,1.0,,,,,,,,,99.0,2.0,3.0,4.0,5.0,5.0,5.0,5.0,5.0,,,3.0,1.0,3.0,2.0,3.0,6.0,,,4.0,2.0,2.0,2.0,1.0,3.0,1.0,1.0,2.0,1.0,3.0,2.0,1.0,2.0,2.0,1.0,1.0,2.0,1.0,5.0,5.0,2.0,3.0,1.0,3.0,1.0,5.0,2.0,4.0,4.0,,1.0,1.0,,0,,0,,0,,,,,,,,,,,,,,,,,,,,,,,,,,,,,,,,,,,,,,,,,,,,,,,,,,,,,,,,,,,,,,,,,,,,,,,,,,,,,1.0,1.0,2.0,1,1,1,2,3,2,,1,3,5,1,6,9,,3,6,3,2.0,2,4,1,1,5,1.0,1,1,0.2800754296382239,
202301000646,2023-10-27T16:57:59Z,2023-10-27T17:01:01Z,1,1,1,6,2,2,2,4.0,2.0,2.0,2.0,1.0,,,,,,,,1.0,1.0,,,,,,,,1.0,2.0,1.0,2.0,3.0,5.0,4.0,4.0,4.0,,,4.0,4.0,3.0,3.0,3.0,4.0,,,4.0,3.0,4.0,3.0,3.0,1.0,1.0,3.0,1.0,3.0,1.0,,2.0,,,,,,2.0,3.0,3.0,3.0,4.0,1.0,2.0,4.0,,,,,,,,,0,,0,,0,,,,,,,,,,,,,,,,,,,,,,,,,,,,,,,,,,,,,,,,,,,,,,,,,,,,,,,,,,,,,,,,,,,,,,,,,,,,,1.0,4.0,9.0,1,1,1,1,5,2,,1,3,5,1,6,10,,3,5,2,,2,4,3,1,5,1.0,1,1,0.6037271906481151,
202301000653,2023-10-28T00:38:50Z,2023-10-28T00:43:03Z,2,1,1,6,2,2,2,3.0,2.0,2.0,1.0,2.0,,,,,,,,1.0,1.0,,,,,,,,1.0,2.0,2.0,1.0,2.0,4.0,2.0,4.0,5.0,,,4.0,3.0,5.0,4.0,4.0,6.0,,,3.0,3.0,1.0,1.0,3.0,3.0,1.0,2.0,1.0,1.0,5.0,1.0,1.0,1.0,1.0,1.0,1.0,1.0,2.0,2.0,2.0,3.0,4.0,3.0,3.0,4.0,,,,,,,,,0,,0,,0,,,,,,,,,,,,,,,,,,,,,,,,,,,,,,,,,,,,,,,,,,,,,,,,,,,,,,,,,,,,,,,,,,,,,,,,,,,,,1.0,4.0,9.0,2,1,2,3,1,2,,1,3,5,1,6,8,,4,3,2,,2,4,3,9,4,2.0,1,3,2.832384061989662,
202301000661,2023-10-27T17:20:03Z,2023-10-27T17:32:58Z,2,1,1,6,2,2,2,3.0,2.0,2.0,2.0,1.0,,,,,,,,1.0,1.0,,,,,,,,1.0,1.0,3.0,2.0,2.0,4.0,2.0,3.0,5.0,,,2.0,2.0,5.0,2.0,2.0,4.0,,,4.0,1.0,,,,3.0,1.0,2.0,1.0,4.0,4.0,2.0,1.0,1.0,2.0,2.0,1.0,1.0,2.0,3.0,3.0,4.0,4.0,2.0,3.0,1.0,3.0,2.0,4.0,4.0,,2.0,2.0,,0,,0,,0,,,,,,,,,,,,,,,,,,,,,,,,,,,,,,,,,,,,,,,,,,,,,,,,,,,,,,,,,,,,,,,,,,,,,,,,,,,,,1.0,3.0,5.0,2,1,2,3,2,2,,1,3,5,1,6,6,,4,4,2,,2,3,1,1,3,1.0,2,1,0.3773045239318999,
202301000662,2023-10-30T00:55:21Z,2023-10-30T01:39:43Z,2,1,1,6,2,2,2,4.0,2.0,2.0,2.0,1.0,,,,,,,,1.0,1.0,,,,,,,,1.0,1.0,2.0,3.0,2.0,3.0,3.0,2.0,3.0,,,4.0,4.0,3.0,4.0,4.0,4.0,,,3.0,2.0,3.0,1.0,2.0,1.0,1.0,4.0,1.0,4.0,2.0,1.0,1.0,2.0,2.0,1.0,1.0,1.0,1.0,2.0,2.0,2.0,2.0,3.0,3.0,4.0,,,,,,,,,0,,0,,0,,,,,,,,,,,,,,,,,,,,,,,,,,,,,,,,,,,,,,,,,,,,,,,,,,,,,,,,,,,,,,,,,,,,,,,,,,,,,1.0,4.0,9.0,2,1,1,1,5,2,,1,3,5,1,6,2,2.0,2,2,2,,2,4,1,6,4,1.0,2,2,0.9271666675146084,
202301000667,2023-10-27T17:32:03Z,2023-10-27T17:38:47Z,2,1,1,6,2,2,2,4.0,2.0,2.0,1.0,2.0,,,,,,,,1.0,1.0,,,,,,,,1.0,1.0,4.0,2.0,3.0,5.0,4.0,4.0,5.0,,,3.0,3.0,3.0,4.0,4.0,6.0,,,5.0,3.0,3.0,5.0,5.0,2.0,3.0,3.0,3.0,4.0,5.0,3.0,1.0,2.0,2.0,1.0,2.0,2.0,2.0,3.0,2.0,5.0,3.0,3.0,3.0,4.0,,,,,,,,,0,,0,,0,,,,,,,,,,,,,,,,,,,,,,,,,,,,,,,,,,,,,,,,,,,,,,,,,,,,,,,,,,,,,,,,,,,,,,,,,,,,,1.0,4.0,9.0,1,2,2,2,4,2,,1,3,5,1,6,10,,3,6,2,,2,4,1,3,4,1.0,2,2,0.1476064995560792,
202301000668,2023-10-29T11:50:46Z,2023-10-29T11:53:39Z,2,1,1,6,2,2,2,4.0,2.0,2.0,1.0,2.0,,,,,,,,1.0,1.0,,,,,,,,1.0,2.0,2.0,4.0,4.0,4.0,4.0,4.0,5.0,,,5.0,5.0,5.0,5.0,5.0,5.0,,,3.0,3.0,2.0,3.0,5.0,1.0,1.0,1.0,1.0,1.0,1.0,,2.0,,,,,,2.0,3.0,4.0,4.0,3.0,3.0,3.0,4.0,,,,,,,,,0,,0,,0,,,,,,,,,,,,,,,,,,,,,,,,,,,,,,,,,,,,,,,,,,,,,,,,,,,,,,,,,,,,,,,,,,,,,,,,,,,,,1.0,4.0,9.0,2,2,2,1,6,2,,1,3,5,1,6,8,,4,4,3,1.0,1,2,1,9,3,1.0,1,3,0.1390149003683617,
202301000681,2023-10-27T17:43:27Z,2023-10-27T17:46:40Z,2,1,1,1,2,2,1,4.0,2.0,2.0,1.0,2.0,,,,,,,,1.0,1.0,,,,,,,,1.0,2.0,2.0,3.0,3.0,5.0,4.0,5.0,,3.0,,4.0,5.0,5.0,5.0,5.0,,4.0,,3.0,3.0,5.0,2.0,5.0,1.0,,,3.0,4.0,4.0,2.0,1.0,2.0,1.0,2.0,1.0,2.0,2.0,3.0,4.0,4.0,3.0,3.0,3.0,4.0,,,,,,,,,0,,0,,0,,,,,,,,,,,,,,,,,,,,,,,,,,,,,,,,,,,,,,,,,,,,,,,,,,,,,,,,,,,,,,,,,,,,,,,,,,,,,1.0,3.0,5.0,1,2,1,1,6,2,,1,4,4,1,1,10,,3,6,2,,2,4,3,9,4,1.0,2,3,0.6989021318045887,
202301000684,2023-10-30T15:50:07Z,2023-10-30T15:57:09Z,2,1,1,6,2,2,2,3.0,2.0,2.0,2.0,1.0,,,,,,,,1.0,1.0,,,,,,,,1.0,2.0,4.0,4.0,4.0,3.0,3.0,2.0,3.0,,,5.0,4.0,4.0,3.0,4.0,3.0,,,3.0,3.0,3.0,2.0,5.0,2.0,3.0,2.0,1.0,1.0,4.0,1.0,1.0,1.0,2.0,1.0,1.0,1.0,2.0,4.0,3.0,3.0,4.0,3.0,3.0,4.0,,,,,,,,,0,,0,,0,,,,,,,,,,,,,,,,,,,,,,,,,,,,,,,,,,,,,,,,,,,,,,,,,,,,,,,,,,,,,,,,,,,,,,,,,,,,,1.0,1.0,2.0,1,1,2,1,5,2,,3,3,5,4,6,12,,3,6,2,,2,3,2,1,3,1.0,1,1,0.5791657804234644,
202301000688,2023-10-28T03:59:04Z,2023-10-28T04:01:55Z,1,1,1,6,2,2,2,4.0,2.0,2.0,1.0,2.0,,,,,,,,1.0,1.0,,,,,,,,1.0,2.0,2.0,4.0,4.0,5.0,4.0,5.0,5.0,,,5.0,4.0,5.0,5.0,5.0,6.0,,,4.0,3.0,3.0,3.0,4.0,1.0,1.0,1.0,2.0,3.0,1.0,,2.0,,,,,,2.0,1.0,2.0,5.0,2.0,3.0,3.0,4.0,,,,,,,,,0,,0,,0,,,,,,,,,,,,,,,,,,,,,,,,,,,,,,,,,,,,,,,,,,,,,,,,,,,,,,,,,,,,,,,,,,,,,,,,,,,,,1.0,4.0,9.0,2,1,1,1,5,2,,1,3,5,1,6,9,,3,5,3,2.0,2,4,1,9,5,1.0,1,3,0.3152059073292582,
202301000702,2023-10-27T17:25:40Z,2023-10-27T18:38:48Z,1,1,1,6,2,2,2,4.0,2.0,2.0,2.0,1.0,,,,,,,,1.0,1.0,,,,,,,,1.0,2.0,2.0,4.0,4.0,3.0,4.0,3.0,3.0,,,5.0,5.0,5.0,5.0,5.0,5.0,,,2.0,1.0,,,,1.0,1.0,3.0,2.0,4.0,1.0,,2.0,,,,,,2.0,3.0,2.0,2.0,2.0,1.0,3.0,2.0,2.0,2.0,3.0,3.0,,1.0,1.0,,0,,0,,0,,,,,,,,,,,,,,,,,,,,,,,,,,,,,,,,,,,,,,,,,,,,,,,,,,,,,,,,,,,,,,,,,,,,,,,,,,,,,1.0,1.0,2.0,2,2,2,1,6,2,,3,3,5,4,6,1,2.0,1,2,3,2.0,2,3,1,8,3,1.0,2,2,0.2976872207858684,
202301000703,2023-10-27T17:41:39Z,2023-10-27T17:49:37Z,2,1,1,6,2,2,2,3.0,2.0,2.0,1.0,2.0,,,,,,,,1.0,1.0,,,,,,,,1.0,1.0,3.0,4.0,4.0,2.0,2.0,1.0,4.0,,,4.0,4.0,4.0,4.0,4.0,4.0,,,2.0,3.0,2.0,1.0,5.0,3.0,3.0,4.0,3.0,3.0,5.0,2.0,1.0,1.0,1.0,1.0,1.0,1.0,2.0,3.0,2.0,3.0,3.0,3.0,3.0,4.0,,,,,,,,,0,,0,,0,,,,,,,,,,,,,,,,,,,,,,,,,,,,,,,,,,,,,,,,,,,,,,,,,,,,,,,,,,,,,,,,,,,,,,,,,,,,,1.0,1.0,2.0,1,1,1,3,2,2,,2,3,5,4,6,12,,3,2,4,1.0,1,2,3,6,3,1.0,2,2,4.859783116186624,
202301000715,2023-10-27T17:29:14Z,2023-10-27T17:34:25Z,1,1,1,6,2,2,2,3.0,2.0,2.0,1.0,2.0,,,,,,,,1.0,1.0,,,,,,,,1.0,1.0,1.0,2.0,3.0,4.0,4.0,4.0,5.0,,,3.0,5.0,5.0,3.0,3.0,6.0,,,4.0,1.0,,,,3.0,1.0,5.0,1.0,5.0,3.0,1.0,1.0,1.0,2.0,2.0,1.0,2.0,2.0,3.0,3.0,5.0,3.0,2.0,3.0,1.0,3.0,2.0,2.0,4.0,,2.0,2.0,,0,,0,,0,,,,,,,,,,,,,,,,,,,,,,,,,,,,,,,,,,,,,,,,,,,,,,,,,,,,,,,,,,,,,,,,,,,,,,,,,,,,,1.0,1.0,2.0,1,1,3,3,2,2,,1,3,5,1,6,9,,3,6,3,2.0,2,3,1,3,3,1.0,1,1,0.7177819692418458,
202301000717,2023-10-29T09:48:40Z,2023-10-29T09:53:23Z,2,1,1,6,2,2,2,4.0,2.0,2.0,2.0,1.0,,,,,,,,1.0,1.0,,,,,,,,1.0,1.0,2.0,1.0,3.0,4.0,4.0,4.0,4.0,,,5.0,5.0,3.0,3.0,5.0,5.0,,,3.0,1.0,,,,1.0,1.0,1.0,1.0,1.0,2.0,1.0,1.0,2.0,1.0,2.0,2.0,1.0,1.0,3.0,2.0,2.0,3.0,2.0,2.0,1.0,2.0,1.0,3.0,3.0,,2.0,2.0,,0,,0,,0,,,,,,,,,,,,,,,,,,,,,,,,,,,,,,,,,,,,,,,,,,,,,,,,,,,,,,,,,,,,,,,,,,,,,,,,,,,,,1.0,3.0,7.0,2,1,1,1,5,2,,1,4,4,1,6,2,2.0,2,2,3,1.0,1,2,1,9,3,1.0,1,2,0.923205690766668,
202301000725,2023-10-27T18:15:29Z,2023-10-27T18:19:41Z,2,1,1,6,2,2,2,3.0,2.0,2.0,2.0,1.0,,,,,,,,1.0,1.0,,,,,,,,1.0,1.0,1.0,2.0,1.0,4.0,3.0,3.0,3.0,,,4.0,5.0,5.0,5.0,5.0,5.0,,,3.0,3.0,2.0,2.0,5.0,2.0,1.0,5.0,2.0,5.0,4.0,1.0,1.0,2.0,2.0,1.0,1.0,1.0,2.0,2.0,2.0,5.0,3.0,3.0,3.0,4.0,,,,,,,,,0,,0,,0,,,,,,,,,,,,,,,,,,,,,,,,,,,,,,,,,,,,,,,,,,,,,,,,,,,,,,,,,,,,,,,,,,,,,,,,,,,,,1.0,4.0,9.0,2,1,1,1,5,2,,1,3,5,1,6,9,,3,6,2,,2,4,1,1,5,1.0,1,1,0.4626881426476034,
202301000743,2023-10-28T19:36:05Z,2023-10-28T19:40:39Z,1,1,1,2,2,2,2,4.0,2.0,2.0,2.0,1.0,,,,,,,,1.0,1.0,,,,,,,,1.0,1.0,3.0,4.0,2.0,2.0,3.0,2.0,,4.0,,3.0,5.0,5.0,2.0,3.0,,3.0,,1.0,3.0,1.0,1.0,5.0,1.0,3.0,2.0,2.0,4.0,1.0,,2.0,,,,,,1.0,3.0,3.0,5.0,4.0,3.0,2.0,4.0,,,,,,,,,0,,0,,0,,,,,,,,,,,,,,,,,,,,,,,,,,,,,,,,,,,,,,,,,,,,,,,,,,,,,,,,,,,,,,,,,,,,,,,,,,,,,1.0,1.0,2.0,1,2,2,1,6,2,,3,3,5,4,2,9,,3,5,3,2.0,2,3,1,9,2,1.0,2,3,0.2450674046275828,
202301000765,2023-10-27T23:07:21Z,2023-10-27T23:16:01Z,1,1,1,6,2,2,2,3.0,2.0,2.0,1.0,2.0,,,,,,,,1.0,1.0,,,,,,,,1.0,1.0,1.0,1.0,1.0,1.0,1.0,3.0,4.0,,,2.0,3.0,4.0,2.0,3.0,5.0,,,1.0,1.0,,,,3.0,3.0,3.0,3.0,3.0,4.0,2.0,1.0,1.0,1.0,1.0,1.0,1.0,1.0,1.0,1.0,2.0,2.0,3.0,2.0,1.0,1.0,1.0,2.0,2.0,,2.0,2.0,,0,,0,,0,,,,,,,,,,,,,,,,,,,,,,,,,,,,,,,,,,,,,,,,,,,,,,,,,,,,,,,,,,,,,,,,,,,,,,,,,,,,,1.0,1.0,2.0,2,1,2,3,2,2,,3,3,5,4,6,2,2.0,2,3,3,1.0,1,2,1,9,4,1.0,1,2,2.322022562869668,
202301000772,2023-10-27T23:55:47Z,2023-10-28T00:01:51Z,2,1,1,2,2,2,2,4.0,1.0,1.0,2.0,,,,,,,,,1.0,,,,,,,,,99.0,2.0,1.0,3.0,5.0,4.0,4.0,4.0,,4.0,,4.0,4.0,4.0,3.0,3.0,,4.0,,4.0,3.0,3.0,3.0,5.0,2.0,3.0,3.0,1.0,2.0,1.0,,2.0,,,,,,2.0,4.0,3.0,4.0,3.0,3.0,3.0,4.0,,,,,,,,,0,,0,,0,,,,,,,,,,,,,,,,,,,,,,,,,,,,,,,,,,,,,,,,,,,,,,,,,,,,,,,,,,,,,,,,,,,,,,,,,,,,,1.0,3.0,5.0,2,2,2,1,5,2,,4,3,5,4,2,1,2.0,1,5,2,,2,4,1,7,4,2.0,1,2,0.2887023972855251,
202301000782,2023-11-02T11:25:03Z,2023-11-02T11:29:00Z,2,1,1,1,2,2,1,4.0,2.0,2.0,1.0,2.0,,,,,,,,1.0,1.0,,,,,,,,1.0,2.0,1.0,4.0,2.0,2.0,2.0,2.0,,3.0,,4.0,4.0,4.0,4.0,5.0,,5.0,,1.0,3.0,2.0,2.0,5.0,3.0,,,1.0,3.0,1.0,,2.0,,,,,,2.0,1.0,1.0,2.0,2.0,3.0,3.0,4.0,,,,,,,,,0,,0,,0,,,,,,,,,,,,,,,,,,,,,,,,,,,,,,,,,,,,,,,,,,,,,,,,,,,,,,,,,,,,,,,,,,,,,,,,,,,,,1.0,4.0,9.0,2,2,2,1,5,2,,1,3,5,1,1,1,1.0,1,2,4,2.0,2,3,1,8,3,1.0,2,2,0.2183919293855194,
202301000787,2023-10-27T18:22:41Z,2023-10-29T22:27:51Z,2,1,1,6,2,2,2,3.0,2.0,2.0,2.0,1.0,,,,,,,,1.0,1.0,,,,,,,,1.0,1.0,2.0,4.0,4.0,4.0,3.0,4.0,5.0,,,4.0,5.0,2.0,3.0,2.0,6.0,,,4.0,3.0,3.0,4.0,5.0,2.0,3.0,4.0,3.0,4.0,4.0,1.0,1.0,1.0,1.0,1.0,1.0,1.0,2.0,4.0,3.0,5.0,4.0,2.0,2.0,4.0,,,,,,,,,0,,0,,0,,,,,,,,,,,,,,,,,,,,,,,,,,,,,,,,,,,,,,,,,,,,,,,,,,,,,,,,,,,,,,,,,,,,,,,,,,,,,1.0,4.0,9.0,2,1,2,2,3,2,,1,3,5,1,6,10,,3,6,2,,2,4,1,9,4,1.0,2,2,0.5018191290390789,
202301000800,2023-10-27T17:28:39Z,2023-10-27T17:32:36Z,2,1,1,6,2,2,2,3.0,2.0,2.0,1.0,2.0,,,,,,,,1.0,1.0,,,,,,,,1.0,2.0,3.0,3.0,3.0,4.0,2.0,4.0,5.0,,,5.0,5.0,3.0,3.0,3.0,6.0,,,3.0,1.0,,,,3.0,1.0,4.0,3.0,4.0,3.0,3.0,1.0,2.0,1.0,2.0,1.0,1.0,1.0,3.0,3.0,4.0,2.0,3.0,3.0,1.0,2.0,1.0,3.0,4.0,,1.0,1.0,,0,,0,,0,,,,,,,,,,,,,,,,,,,,,,,,,,,,,,,,,,,,,,,,,,,,,,,,,,,,,,,,,,,,,,,,,,,,,,,,,,,,,1.0,2.0,3.0,1,1,1,2,3,2,,1,3,5,1,6,7,,4,2,3,2.0,2,3,3,1,3,1.0,2,1,4.50649793422372,
202301000821,2023-10-27T22:28:50Z,2023-10-27T22:37:28Z,2,1,1,1,1,2,1,4.0,2.0,2.0,1.0,2.0,,,,,,,,1.0,1.0,,,,,,,,1.0,2.0,2.0,1.0,2.0,2.0,2.0,3.0,,3.0,2.0,4.0,4.0,3.0,3.0,4.0,,4.0,3.0,1.0,3.0,2.0,1.0,2.0,3.0,,,,,3.0,3.0,1.0,2.0,2.0,1.0,1.0,2.0,1.0,1.0,1.0,2.0,1.0,3.0,3.0,4.0,,,,,,,,,0,,0,,0,,,,,,,,,,,,,,,,,,,,,,,,,,,,,,,,,,,,,,,,,,,,,,,,,,,,,,,,,,,,,,,,,,,,,,,,,,,,,1.0,1.0,2.0,3,2,2,3,2,2,,2,3,5,4,1,1,2.0,1,3,1,,1,1,3,3,2,2.0,2,1,3.1847144923841952,
202301000843,2023-10-28T16:03:42Z,2023-10-28T16:07:00Z,1,1,1,6,2,2,2,4.0,2.0,2.0,1.0,2.0,,,,,,,,1.0,1.0,,,,,,,,1.0,2.0,4.0,3.0,3.0,4.0,3.0,4.0,4.0,,,4.0,5.0,4.0,3.0,3.0,5.0,,,4.0,2.0,4.0,4.0,5.0,1.0,1.0,4.0,3.0,4.0,3.0,2.0,2.0,,,,,,2.0,3.0,3.0,4.0,4.0,3.0,3.0,1.0,2.0,2.0,3.0,3.0,,2.0,1.0,,0,,0,,0,,,,,,,,,,,,,,,,,,,,,,,,,,,,,,,,,,,,,,,,,,,,,,,,,,,,,,,,,,,,,,,,,,,,,,,,,,,,,1.0,1.0,2.0,2,1,1,1,5,2,,1,3,5,1,6,1,1.0,1,5,2,,2,3,1,9,3,1.0,2,3,0.6947331871147333,
202301000844,2023-10-28T12:20:44Z,2023-10-28T12:25:11Z,2,1,1,6,2,2,2,4.0,2.0,2.0,1.0,2.0,,,,,,,,1.0,1.0,,,,,,,,1.0,1.0,2.0,2.0,4.0,3.0,2.0,3.0,5.0,,,2.0,5.0,5.0,3.0,3.0,6.0,,,3.0,1.0,,,,1.0,2.0,5.0,2.0,5.0,3.0,2.0,2.0,,,,,,1.0,2.0,2.0,5.0,2.0,3.0,3.0,1.0,2.0,2.0,3.0,3.0,,1.0,1.0,,0,,0,,0,,,,,,,,,,,,,,,,,,,,,,,,,,,,,,,,,,,,,,,,,,,,,,,,,,,,,,,,,,,,,,,,,,,,,,,,,,,,,1.0,4.0,9.0,2,2,2,1,5,2,,1,3,5,1,6,12,,3,6,2,,2,4,1,5,4,1.0,1,2,0.0930318112151827,
202301000858,2023-10-27T18:06:35Z,2023-10-27T18:09:40Z,2,1,1,6,2,2,2,3.0,2.0,2.0,1.0,2.0,,,,,,,,1.0,1.0,,,,,,,,1.0,1.0,1.0,1.0,1.0,3.0,1.0,3.0,3.0,,,3.0,5.0,4.0,3.0,5.0,5.0,,,3.0,1.0,,,,3.0,1.0,3.0,3.0,2.0,5.0,1.0,1.0,1.0,2.0,2.0,2.0,1.0,2.0,1.0,1.0,4.0,2.0,3.0,3.0,1.0,1.0,2.0,1.0,2.0,,2.0,2.0,,0,,0,,0,,,,,,,,,,,,,,,,,,,,,,,,,,,,,,,,,,,,,,,,,,,,,,,,,,,,,,,,,,,,,,,,,,,,,,,,,,,,,1.0,4.0,9.0,2,1,1,2,3,2,,1,3,5,1,6,1,2.0,1,4,3,1.0,1,2,2,6,3,1.0,2,2,2.796253714977756,
202301000871,2023-10-28T00:01:08Z,2023-10-28T00:07:23Z,1,1,1,6,2,99,2,2.0,2.0,2.0,1.0,2.0,,,,,,,,1.0,1.0,,,,,,,,1.0,1.0,1.0,2.0,1.0,3.0,2.0,4.0,4.0,,,3.0,4.0,4.0,3.0,3.0,4.0,,,2.0,1.0,,,,3.0,3.0,4.0,,,4.0,3.0,1.0,2.0,2.0,99.0,2.0,1.0,1.0,3.0,3.0,2.0,3.0,3.0,2.0,1.0,3.0,99.0,3.0,5.0,,99.0,1.0,,0,,0,,0,,,,,,,,,,,,,,,,,,,,,,,,,,,,,,,,,,,,,,,,,,,,,,,,,,,,,,,,,,,,,,,,,,,,,,,,,,,,,1.0,4.0,9.0,2,1,1,2,3,2,,1,3,5,1,6,99,,99,5,4,2.0,2,3,1,7,3,2.0,2,2,1.6240027183463852,
202301000879,2023-10-28T17:33:05Z,2023-10-28T17:36:16Z,2,1,1,1,1,1,1,4.0,2.0,2.0,2.0,1.0,,,,,,,,1.0,1.0,,,,,,,,1.0,1.0,2.0,4.0,3.0,3.0,3.0,4.0,,3.0,4.0,4.0,4.0,4.0,4.0,4.0,,4.0,4.0,3.0,3.0,2.0,2.0,5.0,1.0,,,,,1.0,,2.0,,,,,,1.0,3.0,3.0,3.0,3.0,3.0,3.0,4.0,,,,,,,,,0,,0,,0,,,,,,,,,,,,,,,,,,,,,,,,,,,,,,,,,,,,,,,,,,,,,,,,,,,,,,,,,,,,,,,,,,,,,,,,,,,,,1.0,3.0,5.0,2,2,2,1,6,2,,2,3,5,4,1,7,,4,4,3,1.0,1,1,3,9,2,2.0,2,3,1.0234611547245998,
202301000888,2023-10-27T17:40:41Z,2023-10-27T23:02:02Z,2,1,1,6,2,2,2,4.0,2.0,2.0,1.0,2.0,,,,,,,,1.0,1.0,,,,,,,,1.0,1.0,3.0,3.0,1.0,5.0,3.0,4.0,4.0,,,3.0,4.0,4.0,1.0,5.0,5.0,,,5.0,1.0,,,,1.0,3.0,3.0,2.0,3.0,3.0,2.0,1.0,2.0,2.0,1.0,1.0,2.0,1.0,3.0,4.0,5.0,3.0,1.0,3.0,1.0,4.0,1.0,4.0,5.0,,2.0,1.0,,0,,0,,0,,,,,,,,,,,,,,,,,,,,,,,,,,,,,,,,,,,,,,,,,,,,,,,,,,,,,,,,,,,,,,,,,,,,,,,,,,,,,1.0,4.0,9.0,1,1,1,1,5,2,,3,3,5,4,6,10,,3,4,2,,2,4,1,7,4,1.0,1,2,0.5632305832690153,
202301000893,2023-10-29T11:09:57Z,2023-10-29T11:16:55Z,2,1,1,6,2,2,2,4.0,2.0,2.0,1.0,2.0,,,,,,,,1.0,1.0,,,,,,,,1.0,2.0,4.0,3.0,5.0,5.0,3.0,5.0,5.0,,,4.0,5.0,2.0,3.0,5.0,4.0,,,5.0,1.0,,,,2.0,2.0,5.0,2.0,5.0,4.0,1.0,1.0,1.0,1.0,2.0,1.0,1.0,1.0,3.0,3.0,3.0,4.0,3.0,2.0,1.0,2.0,3.0,5.0,3.0,,2.0,1.0,,0,,0,,0,,,,,,,,,,,,,,,,,,,,,,,,,,,,,,,,,,,,,,,,,,,,,,,,,,,,,,,,,,,,,,,,,,,,,,,,,,,,,1.0,3.0,7.0,2,1,3,1,5,2,,1,3,5,1,6,12,,3,6,2,,2,4,1,7,4,1.0,1,2,0.209562913285552,
202301000916,2023-10-27T18:44:12Z,2023-10-27T18:49:01Z,1,1,1,6,2,2,2,4.0,2.0,2.0,2.0,1.0,,,,,,,,1.0,1.0,,,,,,,,1.0,1.0,2.0,4.0,3.0,4.0,4.0,4.0,5.0,,,4.0,5.0,3.0,4.0,4.0,6.0,,,4.0,1.0,,,,1.0,1.0,3.0,1.0,3.0,1.0,,2.0,,,,,,2.0,2.0,1.0,4.0,3.0,3.0,3.0,1.0,1.0,1.0,4.0,3.0,,1.0,1.0,,0,,0,,0,,,,,,,,,,,,,,,,,,,,,,,,,,,,,,,,,,,,,,,,,,,,,,,,,,,,,,,,,,,,,,,,,,,,,,,,,,,,,1.0,4.0,9.0,2,1,1,1,5,2,,3,3,5,4,6,10,,3,6,2,,2,4,1,6,4,1.0,2,2,1.043415252231222,
202301000938,2023-10-29T12:24:15Z,2023-10-29T12:32:28Z,1,1,1,6,2,2,2,3.0,4.0,4.0,2.0,1.0,2.0,1.0,,,,,,1.0,1.0,1.0,1.0,,,,,,1.0,1.0,1.0,3.0,3.0,3.0,4.0,3.0,5.0,,,3.0,3.0,4.0,5.0,4.0,6.0,,,1.0,3.0,1.0,1.0,2.0,1.0,3.0,5.0,3.0,5.0,2.0,1.0,1.0,2.0,2.0,2.0,1.0,1.0,2.0,1.0,1.0,5.0,3.0,2.0,2.0,4.0,,,,,,,,,0,,0,,0,,,,,,,,,,,,,,,,,,,,,,,,,,,,,,,,,,,,,,,,,,,,,,,,,,,,,,,,,,,,,,,,,,,,,,,,,,,,,1.0,3.0,7.0,1,2,1,1,5,2,,1,3,5,1,6,12,,3,5,3,2.0,2,4,1,1,4,1.0,2,1,0.1650583244148618,
202301000941,2023-10-31T05:06:58Z,2023-10-31T05:12:05Z,1,1,1,6,2,2,2,3.0,1.0,1.0,2.0,,,,,,,,,1.0,,,,,,,,,99.0,2.0,1.0,2.0,2.0,5.0,4.0,5.0,4.0,,,3.0,5.0,2.0,3.0,2.0,4.0,,,4.0,2.0,2.0,2.0,3.0,2.0,1.0,3.0,3.0,2.0,4.0,2.0,1.0,2.0,2.0,1.0,2.0,1.0,1.0,4.0,4.0,5.0,4.0,3.0,3.0,3.0,4.0,4.0,3.0,4.0,,2.0,1.0,,0,,0,,0,,,,,,,,,,,,,,,,,,,,,,,,,,,,,,,,,,,,,,,,,,,,,,,,,,,,,,,,,,,,,,,,,,,,,,,,,,,,,1.0,4.0,9.0,2,1,2,2,3,2,,1,3,5,1,6,9,,3,4,2,,2,4,1,5,5,1.0,1,2,0.1788407463243111,
202301000943,2023-11-01T20:05:19Z,2023-11-01T20:09:14Z,1,1,1,6,2,2,2,3.0,2.0,2.0,1.0,1.0,,,,,,,,1.0,1.0,,,,,,,,1.0,1.0,1.0,3.0,2.0,2.0,2.0,2.0,2.0,,,4.0,5.0,4.0,4.0,5.0,4.0,,,2.0,3.0,2.0,2.0,5.0,1.0,1.0,3.0,3.0,3.0,2.0,1.0,1.0,1.0,2.0,2.0,2.0,2.0,2.0,1.0,1.0,3.0,2.0,3.0,3.0,4.0,,,,,,,,,0,,0,,0,,,,,,,,,,,,,,,,,,,,,,,,,,,,,,,,,,,,,,,,,,,,,,,,,,,,,,,,,,,,,,,,,,,,,,,,,,,,,1.0,1.0,2.0,1,1,2,1,5,2,,2,3,5,4,6,9,,3,4,4,2.0,2,3,3,1,3,1.0,1,1,0.5832655157495825,
202301000962,2023-10-27T18:22:38Z,2023-10-27T18:26:54Z,2,1,1,6,2,2,2,4.0,2.0,2.0,1.0,2.0,,,,,,,,1.0,1.0,,,,,,,,1.0,2.0,1.0,1.0,1.0,1.0,1.0,3.0,5.0,,,5.0,5.0,4.0,5.0,5.0,5.0,,,1.0,3.0,2.0,2.0,5.0,1.0,1.0,5.0,1.0,5.0,1.0,,2.0,,,,,,2.0,1.0,2.0,1.0,2.0,3.0,3.0,4.0,,,,,,,,,0,,0,,0,,,,,,,,,,,,,,,,,,,,,,,,,,,,,,,,,,,,,,,,,,,,,,,,,,,,,,,,,,,,,,,,,,,,,,,,,,,,,1.0,2.0,3.0,2,1,2,1,6,2,,2,3,5,4,6,2,2.0,2,4,2,,2,3,3,9,3,1.0,2,3,1.5583298950918507,
202301000979,2023-10-29T12:34:23Z,2023-10-29T12:39:50Z,1,1,1,6,2,2,2,4.0,2.0,2.0,2.0,1.0,,,,,,,,1.0,1.0,,,,,,,,1.0,2.0,2.0,2.0,2.0,5.0,3.0,4.0,5.0,,,4.0,3.0,4.0,4.0,2.0,1.0,,,3.0,1.0,,,,1.0,1.0,1.0,1.0,4.0,2.0,1.0,2.0,,,,,,1.0,3.0,3.0,1.0,2.0,1.0,3.0,3.0,1.0,1.0,4.0,4.0,,1.0,1.0,,0,,0,,0,,,,,,,,,,,,,,,,,,,,,,,,,,,,,,,,,,,,,,,,,,,,,,,,,,,,,,,,,,,,,,,,,,,,,,,,,,,,,1.0,1.0,2.0,1,1,2,1,6,2,,3,3,5,4,6,6,,4,4,2,,2,4,2,9,5,1.0,1,2,0.672023393994142,
202301000981,2023-10-27T21:28:42Z,2023-10-28T00:06:09Z,2,1,1,1,1,2,1,4.0,1.0,1.0,1.0,,,,,,,,,1.0,,,,,,,,,99.0,1.0,4.0,5.0,4.0,5.0,3.0,5.0,,5.0,5.0,5.0,5.0,4.0,5.0,5.0,,5.0,3.0,4.0,3.0,2.0,3.0,5.0,2.0,,,,,2.0,1.0,2.0,,,,,,2.0,3.0,2.0,3.0,3.0,3.0,3.0,4.0,,,,,,,,,0,,0,,0,,,,,,,,,,,,,,,,,,,,,,,,,,,,,,,,,,,,,,,,,,,,,,,,,,,,,,,,,,,,,,,,,,,,,,,,,,,,,1.0,4.0,8.0,1,1,2,2,3,2,,1,3,5,1,1,2,2.0,2,4,3,2.0,2,4,1,2,4,2.0,1,1,0.5769982413156048,
202301000997,2023-10-28T10:30:23Z,2023-10-28T10:36:41Z,2,1,1,1,2,2,1,4.0,2.0,2.0,1.0,2.0,,,,,,,,1.0,1.0,,,,,,,,1.0,1.0,2.0,3.0,4.0,3.0,2.0,2.0,,3.0,,3.0,4.0,4.0,3.0,3.0,,3.0,,4.0,3.0,4.0,4.0,3.0,1.0,,,1.0,5.0,1.0,,2.0,,,,,,2.0,2.0,2.0,4.0,3.0,3.0,2.0,4.0,,,,,,,,,0,,0,,0,,,,,,,,,,,,,,,,,,,,,,,,,,,,,,,,,,,,,,,,,,,,,,,,,,,,,,,,,,,,,,,,,,,,,,,,,,,,,1.0,4.0,9.0,2,2,1,2,4,2,,3,3,5,4,1,1,1.0,1,2,1,,1,1,2,1,1,2.0,2,1,2.889676037123415,
202301001014,2023-10-28T12:09:17Z,2023-10-28T12:17:24Z,1,1,1,6,2,2,2,3.0,2.0,2.0,2.0,1.0,,,,,,,,1.0,1.0,,,,,,,,1.0,2.0,4.0,4.0,4.0,5.0,5.0,5.0,5.0,,,4.0,5.0,4.0,5.0,3.0,3.0,,,5.0,1.0,,,,3.0,1.0,4.0,3.0,4.0,4.0,2.0,1.0,1.0,2.0,2.0,1.0,2.0,2.0,3.0,3.0,4.0,4.0,1.0,3.0,1.0,4.0,1.0,4.0,4.0,,1.0,1.0,,0,,0,,0,,,,,,,,,,,,,,,,,,,,,,,,,,,,,,,,,,,,,,,,,,,,,,,,,,,,,,,,,,,,,,,,,,,,,,,,,,,,,1.0,1.0,1.0,1,1,2,2,3,2,,3,3,5,4,6,11,,4,6,2,,2,4,1,3,4,1.0,2,1,2.4101868257939927,
202301001016,2023-10-27T18:30:20Z,2023-10-27T18:36:21Z,2,1,1,6,2,2,2,4.0,2.0,2.0,2.0,1.0,,,,,,,,1.0,1.0,,,,,,,,1.0,2.0,1.0,4.0,4.0,4.0,4.0,4.0,4.0,,,4.0,3.0,3.0,4.0,3.0,4.0,,,3.0,3.0,2.0,1.0,1.0,1.0,3.0,3.0,1.0,4.0,1.0,,2.0,,,,,,1.0,2.0,2.0,2.0,3.0,1.0,3.0,4.0,,,,,,,,,0,,0,,0,,,,,,,,,,,,,,,,,,,,,,,,,,,,,,,,,,,,,,,,,,,,,,,,,,,,,,,,,,,,,,,,,,,,,,,,,,,,,1.0,1.0,2.0,1,2,2,1,6,2,,4,3,5,4,6,6,,4,2,3,2.0,2,3,3,5,3,1.0,2,2,0.6955289050146588,
202301001018,2023-10-27T17:18:14Z,2023-10-27T17:22:48Z,1,1,1,6,2,2,2,4.0,2.0,2.0,1.0,2.0,,,,,,,,1.0,1.0,,,,,,,,1.0,2.0,4.0,2.0,4.0,5.0,2.0,4.0,5.0,,,3.0,5.0,3.0,2.0,4.0,6.0,,,5.0,1.0,,,,3.0,2.0,4.0,2.0,4.0,5.0,3.0,1.0,2.0,1.0,2.0,1.0,1.0,1.0,5.0,4.0,5.0,3.0,3.0,1.0,1.0,4.0,1.0,99.0,3.0,,1.0,1.0,,0,,0,,0,,,,,,,,,,,,,,,,,,,,,,,,,,,,,,,,,,,,,,,,,,,,,,,,,,,,,,,,,,,,,,,,,,,,,,,,,,,,,1.0,3.0,7.0,2,1,2,2,4,2,,1,3,5,1,6,10,,3,5,2,,2,4,1,99,5,1.0,1,99,0.2249660596513949,
202301001031,2023-10-29T11:15:22Z,2023-10-29T11:21:31Z,2,1,1,6,2,2,2,4.0,2.0,2.0,2.0,1.0,,,,,,,,1.0,1.0,,,,,,,,1.0,2.0,3.0,5.0,5.0,5.0,5.0,5.0,5.0,,,4.0,5.0,2.0,3.0,4.0,4.0,,,5.0,1.0,,,,1.0,3.0,2.0,3.0,2.0,2.0,1.0,2.0,,,,,,1.0,3.0,4.0,3.0,4.0,3.0,3.0,1.0,4.0,1.0,4.0,3.0,,1.0,1.0,,0,,0,,0,,,,,,,,,,,,,,,,,,,,,,,,,,,,,,,,,,,,,,,,,,,,,,,,,,,,,,,,,,,,,,,,,,,,,,,,,,,,,1.0,4.0,9.0,2,2,1,2,4,2,,1,3,5,1,6,9,,3,6,2,,2,3,1,9,3,1.0,2,2,0.3619182068455547,
202301001061,2023-10-27T21:22:49Z,2023-10-27T21:27:39Z,2,1,1,2,1,2,2,4.0,2.0,2.0,2.0,1.0,,,,,,,,1.0,1.0,,,,,,,,1.0,1.0,2.0,5.0,3.0,5.0,3.0,4.0,,5.0,3.0,3.0,4.0,5.0,3.0,5.0,,3.0,3.0,4.0,3.0,3.0,3.0,3.0,3.0,3.0,4.0,,,2.0,1.0,1.0,2.0,2.0,2.0,2.0,2.0,2.0,3.0,1.0,5.0,3.0,2.0,2.0,4.0,,,,,,,,,0,,0,,0,,,,,,,,,,,,,,,,,,,,,,,,,,,,,,,,,,,,,,,,,,,,,,,,,,,,,,,,,,,,,,,,,,,,,,,,,,,,,1.0,2.0,3.0,2,1,2,2,3,2,,4,4,4,4,2,1,2.0,1,5,4,1.0,1,2,1,4,3,1.0,2,1,1.3731382982045293,
202301001073,2023-10-27T21:14:41Z,2023-10-27T21:18:48Z,2,1,1,1,1,2,1,4.0,2.0,2.0,2.0,1.0,,,,,,,,1.0,1.0,,,,,,,,1.0,1.0,1.0,3.0,3.0,4.0,4.0,4.0,,4.0,4.0,4.0,4.0,4.0,4.0,4.0,,4.0,4.0,3.0,1.0,,,,1.0,,,,,1.0,,2.0,,,,,,2.0,2.0,2.0,4.0,3.0,3.0,3.0,1.0,2.0,2.0,2.0,2.0,2.0,1.0,1.0,,0,,0,,0,,,,,,,,,,,,,,,,,,,,,,,,,,,,,,,,,,,,,,,,,,,,,,,,,,,,,,,,,,,,,,,,,,,,,,,,,,,,,1.0,1.0,2.0,1,2,2,1,6,2,,4,3,5,4,1,12,,3,5,2,,2,4,1,9,4,1.0,1,3,0.1662253597856236,
202301001093,2023-10-27T18:08:56Z,2023-10-27T18:13:53Z,2,1,1,1,2,2,1,4.0,2.0,2.0,1.0,2.0,,,,,,,,1.0,1.0,,,,,,,,1.0,1.0,1.0,2.0,2.0,2.0,2.0,3.0,,3.0,,4.0,4.0,4.0,3.0,4.0,,5.0,,2.0,3.0,2.0,2.0,5.0,1.0,,,1.0,4.0,1.0,,2.0,,,,,,2.0,1.0,1.0,3.0,2.0,3.0,3.0,4.0,,,,,,,,,0,,0,,0,,,,,,,,,,,,,,,,,,,,,,,,,,,,,,,,,,,,,,,,,,,,,,,,,,,,,,,,,,,,,,,,,,,,,,,,,,,,,1.0,4.0,8.0,1,2,1,1,6,2,,1,4,4,1,1,12,,3,4,2,,2,3,1,9,3,1.0,2,3,0.3794916932331401,
202301001104,2023-10-27T17:38:17Z,2023-10-27T17:45:42Z,2,1,1,6,2,2,2,4.0,2.0,2.0,2.0,1.0,,,,,,,,1.0,1.0,,,,,,,,1.0,2.0,3.0,3.0,5.0,5.0,4.0,5.0,5.0,,,4.0,4.0,5.0,5.0,5.0,5.0,,,5.0,3.0,5.0,5.0,5.0,1.0,1.0,2.0,1.0,1.0,2.0,1.0,2.0,,,,,,1.0,5.0,5.0,3.0,5.0,3.0,3.0,4.0,,,,,,,,,0,,0,,0,,,,,,,,,,,,,,,,,,,,,,,,,,,,,,,,,,,,,,,,,,,,,,,,,,,,,,,,,,,,,,,,,,,,,,,,,,,,,1.0,3.0,7.0,2,1,1,1,5,2,,1,3,5,1,6,2,1.0,2,4,1,,1,1,2,7,2,1.0,2,2,2.0204086933605763,
202301001105,2023-10-28T12:13:56Z,2023-10-28T17:05:01Z,2,1,1,6,2,2,2,3.0,2.0,2.0,1.0,2.0,,,,,,,,1.0,1.0,,,,,,,,1.0,1.0,1.0,2.0,1.0,3.0,3.0,4.0,4.0,,,3.0,5.0,3.0,6.0,4.0,4.0,,,4.0,3.0,2.0,1.0,4.0,3.0,1.0,4.0,1.0,4.0,5.0,1.0,1.0,1.0,1.0,1.0,1.0,2.0,2.0,1.0,2.0,4.0,2.0,3.0,3.0,4.0,,,,,,,,,0,,0,,0,,,,,,,,,,,,,,,,,,,,,,,,,,,,,,,,,,,,,,,,,,,,,,,,,,,,,,,,,,,,,,,,,,,,,,,,,,,,,1.0,3.0,5.0,2,1,1,2,3,2,,1,4,4,1,6,7,,4,5,4,2.0,2,3,1,9,3,1.0,1,2,5.2310390772015865,
202301001115,2023-10-29T11:11:23Z,2023-10-29T11:16:29Z,1,1,1,6,1,2,2,4.0,2.0,2.0,2.0,1.0,,,,,,,,1.0,1.0,,,,,,,,1.0,1.0,3.0,3.0,5.0,5.0,5.0,5.0,5.0,,5.0,5.0,5.0,5.0,6.0,5.0,6.0,,5.0,5.0,1.0,,,,2.0,1.0,5.0,,,4.0,2.0,1.0,1.0,2.0,2.0,1.0,1.0,1.0,4.0,3.0,5.0,3.0,2.0,2.0,1.0,3.0,3.0,3.0,3.0,,1.0,1.0,,0,,0,,0,,,,,,,,,,,,,,,,,,,,,,,,,,,,,,,,,,,,,,,,,,,,,,,,,,,,,,,,,,,,,,,,,,,,,,,,,,,,,1.0,1.0,2.0,2,1,1,3,2,2,,1,3,5,1,6,8,,4,4,2,,2,4,2,4,4,1.0,2,1,5.067496664065993,
202301001119,2023-10-29T11:20:24Z,2023-10-29T11:24:01Z,1,1,1,6,2,2,2,4.0,2.0,2.0,1.0,2.0,,,,,,,,1.0,1.0,,,,,,,,1.0,2.0,4.0,5.0,5.0,5.0,5.0,5.0,5.0,,,4.0,5.0,5.0,4.0,4.0,5.0,,,5.0,3.0,4.0,5.0,5.0,1.0,3.0,4.0,3.0,4.0,1.0,,2.0,,,,,,1.0,3.0,3.0,4.0,3.0,3.0,3.0,4.0,,,,,,,,,0,,0,,0,,,,,,,,,,,,,,,,,,,,,,,,,,,,,,,,,,,,,,,,,,,,,,,,,,,,,,,,,,,,,,,,,,,,,,,,,,,,,1.0,3.0,7.0,1,1,1,1,5,2,,1,3,5,1,6,10,,3,5,2,,2,3,3,7,3,1.0,2,3,1.0547565311998666,
202301001134,2023-10-28T14:29:20Z,2023-10-28T14:32:10Z,2,1,1,6,2,2,2,3.0,2.0,2.0,1.0,2.0,,,,,,,,1.0,1.0,,,,,,,,1.0,2.0,2.0,2.0,2.0,1.0,1.0,2.0,3.0,,,4.0,4.0,4.0,4.0,3.0,4.0,,,2.0,1.0,,,,3.0,1.0,4.0,2.0,5.0,4.0,2.0,1.0,1.0,1.0,1.0,1.0,1.0,2.0,1.0,2.0,2.0,3.0,3.0,3.0,1.0,1.0,2.0,2.0,1.0,,2.0,2.0,,0,,0,,0,,,,,,,,,,,,,,,,,,,,,,,,,,,,,,,,,,,,,,,,,,,,,,,,,,,,,,,,,,,,,,,,,,,,,,,,,,,,,1.0,1.0,1.0,2,1,1,2,3,2,,1,3,5,1,6,6,,4,4,2,,2,4,2,9,4,1.0,1,3,6.27149339613728,
202301001140,2023-10-30T13:48:27Z,2023-10-30T14:47:24Z,2,1,1,1,2,2,1,4.0,2.0,2.0,1.0,2.0,,,,,,,,1.0,1.0,,,,,,,,1.0,2.0,3.0,1.0,1.0,1.0,1.0,1.0,,1.0,,1.0,1.0,1.0,1.0,1.0,,1.0,,3.0,3.0,3.0,3.0,5.0,1.0,,,3.0,1.0,5.0,1.0,2.0,,,,,,1.0,1.0,1.0,1.0,1.0,1.0,1.0,4.0,,,,,,,,,0,,0,,0,,,,,,,,,,,,,,,,,,,,,,,,,,,,,,,,,,,,,,,,,,,,,,,,,,,,,,,,,,,,,,,,,,,,,,,,,,,,,1.0,4.0,9.0,2,1,2,1,6,2,,99,3,5,4,1,7,,4,5,2,,2,3,3,1,3,1.0,2,99,1.495786374301021,
202301001142,2023-10-29T11:11:38Z,2023-10-29T11:41:38Z,2,1,1,6,2,2,2,3.0,2.0,2.0,1.0,2.0,,,,,,,,1.0,1.0,,,,,,,,1.0,1.0,2.0,5.0,4.0,5.0,5.0,5.0,5.0,,,3.0,5.0,3.0,5.0,1.0,5.0,,,4.0,1.0,,,,2.0,1.0,2.0,3.0,2.0,3.0,1.0,2.0,,,,,,1.0,3.0,3.0,3.0,3.0,3.0,3.0,1.0,2.0,1.0,4.0,4.0,,2.0,1.0,,0,,0,,0,,,,,,,,,,,,,,,,,,,,,,,,,,,,,,,,,,,,,,,,,,,,,,,,,,,,,,,,,,,,,,,,,,,,,,,,,,,,,1.0,3.0,5.0,2,1,1,2,4,2,,1,4,4,1,6,2,2.0,2,2,1,,1,1,1,9,2,2.0,1,2,2.304322822089835,
202301001156,2023-10-29T11:13:53Z,2023-10-29T11:17:32Z,2,1,1,1,1,2,1,4.0,2.0,2.0,2.0,1.0,,,,,,,,1.0,1.0,,,,,,,,1.0,2.0,1.0,1.0,1.0,1.0,1.0,1.0,,1.0,1.0,3.0,5.0,3.0,3.0,3.0,,5.0,5.0,1.0,3.0,1.0,6.0,6.0,3.0,,,,,2.0,1.0,2.0,,,,,,2.0,1.0,1.0,1.0,1.0,3.0,3.0,4.0,,,,,,,,,0,,0,,0,,,,,,,,,,,,,,,,,,,,,,,,,,,,,,,,,,,,,,,,,,,,,,,,,,,,,,,,,,,,,,,,,,,,,,,,,,,,,1.0,3.0,5.0,1,2,2,1,5,2,,2,3,5,4,1,2,2.0,2,3,2,,2,9,3,2,99,1.0,2,1,0.6664028895415223,
202301001162,2023-10-28T12:38:43Z,2023-10-28T12:44:04Z,2,1,1,1,2,2,1,4.0,2.0,2.0,1.0,2.0,,,,,,,,1.0,1.0,,,,,,,,1.0,1.0,2.0,3.0,4.0,3.0,3.0,5.0,,5.0,,4.0,2.0,3.0,3.0,4.0,,5.0,,3.0,3.0,2.0,4.0,3.0,1.0,,,1.0,5.0,1.0,,2.0,,,,,,2.0,2.0,2.0,3.0,3.0,3.0,2.0,4.0,,,,,,,,,0,,0,,0,,,,,,,,,,,,,,,,,,,,,,,,,,,,,,,,,,,,,,,,,,,,,,,,,,,,,,,,,,,,,,,,,,,,,,,,,,,,,1.0,3.0,5.0,1,2,2,1,5,2,,3,3,5,4,1,2,2.0,2,2,1,,1,2,1,9,3,1.0,2,2,0.4345658547751159,
202301001165,2023-10-27T19:01:19Z,2023-10-27T19:07:14Z,2,1,1,6,2,2,2,3.0,2.0,2.0,2.0,1.0,,,,,,,,1.0,1.0,,,,,,,,1.0,2.0,1.0,3.0,4.0,3.0,3.0,3.0,4.0,,,4.0,5.0,3.0,3.0,4.0,5.0,,,3.0,1.0,,,,2.0,1.0,5.0,1.0,5.0,4.0,1.0,1.0,1.0,1.0,2.0,1.0,1.0,2.0,1.0,2.0,5.0,2.0,3.0,3.0,1.0,1.0,2.0,1.0,3.0,,2.0,2.0,,0,,0,,0,,,,,,,,,,,,,,,,,,,,,,,,,,,,,,,,,,,,,,,,,,,,,,,,,,,,,,,,,,,,,,,,,,,,,,,,,,,,,1.0,1.0,2.0,1,1,1,3,2,2,,1,4,4,1,6,5,,4,5,2,,2,4,1,9,4,2.0,1,2,6.3191626703856185,
202301001166,2023-10-30T13:31:45Z,2023-10-30T13:34:20Z,1,1,1,6,2,2,2,4.0,2.0,2.0,1.0,2.0,,,,,,,,1.0,1.0,,,,,,,,1.0,2.0,1.0,1.0,1.0,3.0,3.0,3.0,4.0,,,3.0,2.0,5.0,3.0,5.0,3.0,,,3.0,3.0,1.0,2.0,4.0,1.0,3.0,3.0,2.0,4.0,2.0,1.0,1.0,1.0,1.0,2.0,1.0,1.0,2.0,1.0,2.0,2.0,2.0,3.0,1.0,4.0,,,,,,,,,0,,0,,0,,,,,,,,,,,,,,,,,,,,,,,,,,,,,,,,,,,,,,,,,,,,,,,,,,,,,,,,,,,,,,,,,,,,,,,,,,,,,1.0,1.0,2.0,2,1,2,1,6,2,,4,3,5,4,6,6,,4,4,3,2.0,2,3,1,9,3,1.0,1,3,0.5794943203037685,
202301001171,2023-11-01T13:32:08Z,2023-11-01T13:38:20Z,2,1,1,6,2,2,2,3.0,2.0,2.0,1.0,2.0,,,,,,,,1.0,1.0,,,,,,,,1.0,1.0,1.0,5.0,4.0,5.0,4.0,5.0,5.0,,,5.0,4.0,4.0,4.0,4.0,4.0,,,4.0,1.0,,,,2.0,3.0,3.0,3.0,3.0,4.0,3.0,1.0,2.0,1.0,2.0,1.0,2.0,2.0,3.0,2.0,4.0,3.0,2.0,2.0,1.0,2.0,2.0,2.0,2.0,,2.0,1.0,,0,,0,,0,,,,,,,,,,,,,,,,,,,,,,,,,,,,,,,,,,,,,,,,,,,,,,,,,,,,,,,,,,,,,,,,,,,,,,,,,,,,,1.0,4.0,8.0,1,1,1,2,3,2,,3,3,5,4,6,12,,3,4,3,2.0,2,3,1,2,3,1.0,1,1,1.4593478718624344,
202301001181,2023-10-27T17:57:15Z,2023-10-27T18:00:58Z,2,1,1,6,2,2,2,3.0,2.0,2.0,1.0,2.0,,,,,,,,1.0,1.0,,,,,,,,1.0,2.0,1.0,2.0,1.0,4.0,3.0,3.0,4.0,,,3.0,5.0,5.0,1.0,4.0,4.0,,,4.0,3.0,2.0,1.0,5.0,3.0,1.0,4.0,3.0,4.0,5.0,1.0,1.0,1.0,1.0,1.0,1.0,1.0,2.0,1.0,2.0,4.0,3.0,3.0,3.0,4.0,,,,,,,,,0,,0,,0,,,,,,,,,,,,,,,,,,,,,,,,,,,,,,,,,,,,,,,,,,,,,,,,,,,,,,,,,,,,,,,,,,,,,,,,,,,,,1.0,3.0,7.0,1,1,3,2,3,2,,1,4,4,1,6,9,,3,5,2,,2,4,1,99,5,2.0,1,99,2.549179221379287,
202301001184,2023-10-27T18:40:43Z,2023-10-27T18:48:20Z,2,1,1,1,1,2,1,4.0,2.0,2.0,2.0,1.0,,,,,,,,1.0,2.0,,,,,,,,1.0,2.0,2.0,3.0,3.0,3.0,4.0,3.0,,3.0,3.0,4.0,4.0,4.0,3.0,4.0,,3.0,5.0,2.0,3.0,3.0,2.0,5.0,2.0,,,,,1.0,,2.0,,,,,,2.0,2.0,2.0,4.0,2.0,3.0,2.0,4.0,,,,,,,,,0,,0,,0,,,,,,,,,,,,,,,,,,,,,,,,,,,,,,,,,,,,,,,,,,,,,,,,,,,,,,,,,,,,,,,,,,,,,,,,,,,,,1.0,1.0,1.0,2,2,2,1,5,2,,2,3,5,4,1,1,1.0,1,2,3,2.0,2,3,3,6,3,1.0,1,2,0.2894032741346751,
202301001187,2023-10-29T12:02:44Z,2023-10-29T12:11:01Z,2,1,1,6,2,2,2,3.0,2.0,2.0,1.0,2.0,,,,,,,,1.0,1.0,,,,,,,,1.0,1.0,4.0,5.0,5.0,5.0,5.0,5.0,5.0,,,4.0,5.0,5.0,5.0,5.0,5.0,,,3.0,3.0,3.0,3.0,5.0,3.0,1.0,5.0,1.0,5.0,5.0,3.0,1.0,1.0,1.0,1.0,1.0,1.0,2.0,1.0,3.0,5.0,2.0,2.0,2.0,4.0,,,,,,,,,0,,0,,0,,,,,,,,,,,,,,,,,,,,,,,,,,,,,,,,,,,,,,,,,,,,,,,,,,,,,,,,,,,,,,,,,,,,,,,,,,,,,1.0,3.0,6.0,1,1,1,2,3,2,,1,3,5,1,6,1,2.0,1,4,3,1.0,1,1,2,9,2,1.0,1,3,0.7954108285458888,
202301001191,2023-10-27T21:35:35Z,2023-10-27T21:39:37Z,2,1,1,6,2,2,2,4.0,2.0,2.0,1.0,2.0,,,,,,,,1.0,1.0,,,,,,,,1.0,1.0,1.0,5.0,5.0,5.0,5.0,5.0,5.0,,,5.0,1.0,5.0,5.0,4.0,4.0,,,5.0,3.0,5.0,5.0,5.0,1.0,3.0,1.0,3.0,3.0,1.0,,2.0,,,,,,2.0,3.0,4.0,5.0,4.0,3.0,3.0,4.0,,,,,,,,,0,,0,,0,,,,,,,,,,,,,,,,,,,,,,,,,,,,,,,,,,,,,,,,,,,,,,,,,,,,,,,,,,,,,,,,,,,,,,,,,,,,,1.0,1.0,2.0,2,2,1,1,5,2,,1,3,5,1,6,10,,3,6,3,1.0,1,2,1,9,3,1.0,1,3,0.1421666762343225,
